2026-07-22 23:20:32,324 | GET http://localhost:8000/health | UA: curl/8.7.1 | IP: 127.0.0.1
2026-07-22 23:20:41,663 | POST http://127.0.0.1:8000/shorten | UA: PostmanRuntime/7.54.0 | IP: 127.0.0.1
2026-07-22 23:20:49,952 | POST http://127.0.0.1:8000/shorten | UA: PostmanRuntime/7.54.0 | IP: 127.0.0.1
2026-07-23 00:18:56,120 | POST http://testserver/shorten | UA: testclient | IP: testclient
2026-07-23 00:18:56,120 | POST http://testserver/shorten | UA: testclient | IP: testclient
2026-07-23 00:18:56,124 | GET http://testserver/redirect?code=Puz6Mv | UA: testclient | IP: testclient
2026-07-23 00:18:56,124 | GET http://testserver/redirect?code=Puz6Mv | UA: testclient | IP: testclient
2026-07-23 00:18:56,130 | POST http://testserver/shorten | UA: testclient | IP: testclient
2026-07-23 00:18:56,130 | POST http://testserver/shorten | UA: testclient | IP: testclient
2026-07-23 00:18:56,134 | DELETE http://testserver/urls/3cyTcN | UA: testclient | IP: testclient
2026-07-23 00:18:56,134 | DELETE http://testserver/urls/3cyTcN | UA: testclient | IP: testclient
2026-07-23 00:18:56,135 | GET http://testserver/redirect?code=3cyTcN | UA: testclient | IP: testclient
2026-07-23 00:18:56,135 | GET http://testserver/redirect?code=3cyTcN | UA: testclient | IP: testclient
2026-07-23 00:18:56,138 | DELETE http://testserver/urls/nonexistent123 | UA: testclient | IP: testclient
2026-07-23 00:18:56,138 | DELETE http://testserver/urls/nonexistent123 | UA: testclient | IP: testclient
2026-07-23 00:18:56,141 | GET http://testserver/redirect?code=nonexistent123 | UA: testclient | IP: testclient
2026-07-23 00:18:56,141 | GET http://testserver/redirect?code=nonexistent123 | UA: testclient | IP: testclient
2026-07-23 00:18:56,145 | POST http://testserver/shorten | UA: testclient | IP: testclient
2026-07-23 00:18:56,145 | POST http://testserver/shorten | UA: testclient | IP: testclient
2026-07-23 00:18:56,148 | GET http://testserver/redirect?code=NW5KKr | UA: testclient | IP: testclient
2026-07-23 00:18:56,148 | GET http://testserver/redirect?code=NW5KKr | UA: testclient | IP: testclient
2026-07-23 00:18:56,150 | GET http://testserver/redirect?code=NW5KKr | UA: testclient | IP: testclient
2026-07-23 00:18:56,150 | GET http://testserver/redirect?code=NW5KKr | UA: testclient | IP: testclient
2026-07-23 00:18:56,154 | POST http://testserver/shorten | UA: testclient | IP: testclient
2026-07-23 00:18:56,154 | POST http://testserver/shorten | UA: testclient | IP: testclient
2026-07-23 00:18:56,156 | GET http://testserver/redirect?code=KSuJXi | UA: testclient | IP: testclient
2026-07-23 00:18:56,156 | GET http://testserver/redirect?code=KSuJXi | UA: testclient | IP: testclient
2026-07-23 00:18:56,160 | POST http://testserver/shorten | UA: testclient | IP: testclient
2026-07-23 00:18:56,160 | POST http://testserver/shorten | UA: testclient | IP: testclient
2026-07-23 00:18:56,163 | POST http://testserver/shorten | UA: testclient | IP: testclient
2026-07-23 00:18:56,163 | POST http://testserver/shorten | UA: testclient | IP: testclient
2026-07-23 00:18:56,166 | GET http://testserver/redirect?code=8ZNwcG | UA: testclient | IP: testclient
2026-07-23 00:18:56,166 | GET http://testserver/redirect?code=8ZNwcG | UA: testclient | IP: testclient
2026-07-23 00:18:56,170 | GET http://testserver/redirect?code=ZRSpmI | UA: testclient | IP: testclient
2026-07-23 00:18:56,170 | GET http://testserver/redirect?code=ZRSpmI | UA: testclient | IP: testclient
2026-07-23 00:18:56,173 | GET http://testserver/redirect?code=8ZNwcG | UA: testclient | IP: testclient
2026-07-23 00:18:56,173 | GET http://testserver/redirect?code=8ZNwcG | UA: testclient | IP: testclient
2026-07-23 00:18:56,177 | POST http://testserver/shorten | UA: testclient | IP: testclient
2026-07-23 00:18:56,177 | POST http://testserver/shorten | UA: testclient | IP: testclient
2026-07-23 00:18:56,180 | POST http://testserver/shorten | UA: testclient | IP: testclient
2026-07-23 00:18:56,180 | POST http://testserver/shorten | UA: testclient | IP: testclient
2026-07-23 00:18:56,184 | POST http://testserver/shorten | UA: testclient | IP: testclient
2026-07-23 00:18:56,184 | POST http://testserver/shorten | UA: testclient | IP: testclient
2026-07-23 00:18:56,186 | DELETE http://testserver/urls/IBPbXQ | UA: testclient | IP: testclient
2026-07-23 00:18:56,186 | DELETE http://testserver/urls/IBPbXQ | UA: testclient | IP: testclient
2026-07-23 00:18:56,188 | GET http://testserver/redirect?code=IBPbXQ | UA: testclient | IP: testclient
2026-07-23 00:18:56,188 | GET http://testserver/redirect?code=IBPbXQ | UA: testclient | IP: testclient
2026-07-23 00:18:56,192 | POST http://testserver/shorten | UA: testclient | IP: testclient
2026-07-23 00:18:56,192 | POST http://testserver/shorten | UA: testclient | IP: testclient
2026-07-23 00:18:56,196 | POST http://testserver/shorten | UA: testclient | IP: testclient
2026-07-23 00:18:56,196 | POST http://testserver/shorten | UA: testclient | IP: testclient
2026-07-23 00:18:56,198 | POST http://testserver/shorten | UA: testclient | IP: testclient
2026-07-23 00:18:56,198 | POST http://testserver/shorten | UA: testclient | IP: testclient
2026-07-23 00:18:56,202 | POST http://testserver/shorten | UA: testclient | IP: testclient
2026-07-23 00:18:56,202 | POST http://testserver/shorten | UA: testclient | IP: testclient
2026-07-23 00:18:56,204 | DELETE http://testserver/urls/zEbzlF | UA: testclient | IP: testclient
2026-07-23 00:18:56,204 | DELETE http://testserver/urls/zEbzlF | UA: testclient | IP: testclient
2026-07-23 00:18:56,206 | GET http://testserver/redirect?code=zEbzlF | UA: testclient | IP: testclient
2026-07-23 00:18:56,206 | GET http://testserver/redirect?code=zEbzlF | UA: testclient | IP: testclient
2026-07-23 00:18:56,210 | POST http://testserver/shorten | UA: testclient | IP: testclient
2026-07-23 00:18:56,210 | POST http://testserver/shorten | UA: testclient | IP: testclient
2026-07-23 00:18:56,212 | DELETE http://testserver/urls/FMY7wH | UA: testclient | IP: testclient
2026-07-23 00:18:56,212 | DELETE http://testserver/urls/FMY7wH | UA: testclient | IP: testclient
2026-07-23 00:18:56,214 | GET http://testserver/redirect?code=FMY7wH | UA: testclient | IP: testclient
2026-07-23 00:18:56,214 | GET http://testserver/redirect?code=FMY7wH | UA: testclient | IP: testclient
2026-07-23 00:18:56,217 | POST http://testserver/shorten | UA: testclient | IP: testclient
2026-07-23 00:18:56,217 | POST http://testserver/shorten | UA: testclient | IP: testclient
2026-07-23 00:18:56,219 | DELETE http://testserver/urls/DIroeJ | UA: testclient | IP: testclient
2026-07-23 00:18:56,219 | DELETE http://testserver/urls/DIroeJ | UA: testclient | IP: testclient
2026-07-23 00:18:56,222 | POST http://testserver/shorten | UA: testclient | IP: testclient
2026-07-23 00:18:56,222 | POST http://testserver/shorten | UA: testclient | IP: testclient
2026-07-23 00:18:56,224 | DELETE http://testserver/urls/74ydze | UA: testclient | IP: testclient
2026-07-23 00:18:56,224 | DELETE http://testserver/urls/74ydze | UA: testclient | IP: testclient
2026-07-23 00:18:56,228 | POST http://testserver/shorten | UA: testclient | IP: testclient
2026-07-23 00:18:56,228 | POST http://testserver/shorten | UA: testclient | IP: testclient
2026-07-23 00:18:56,231 | GET http://testserver/redirect?code=qZ3Utj | UA: testclient | IP: testclient
2026-07-23 00:18:56,231 | GET http://testserver/redirect?code=qZ3Utj | UA: testclient | IP: testclient
2026-07-23 00:18:56,235 | POST http://testserver/shorten | UA: testclient | IP: testclient
2026-07-23 00:18:56,235 | POST http://testserver/shorten | UA: testclient | IP: testclient
2026-07-23 00:18:56,237 | GET http://testserver/redirect?code=yLrM1F | UA: testclient | IP: testclient
2026-07-23 00:18:56,237 | GET http://testserver/redirect?code=yLrM1F | UA: testclient | IP: testclient
2026-07-23 00:18:56,241 | POST http://testserver/shorten | UA: testclient | IP: testclient
2026-07-23 00:18:56,241 | POST http://testserver/shorten | UA: testclient | IP: testclient
2026-07-23 00:18:56,243 | GET http://testserver/redirect?code=hzeDYf | UA: testclient | IP: testclient
2026-07-23 00:18:56,243 | GET http://testserver/redirect?code=hzeDYf | UA: testclient | IP: testclient
2026-07-23 00:18:56,246 | POST http://testserver/shorten | UA: testclient | IP: testclient
2026-07-23 00:18:56,246 | POST http://testserver/shorten | UA: testclient | IP: testclient
2026-07-23 00:18:56,250 | POST http://testserver/shorten | UA: testclient | IP: testclient
2026-07-23 00:18:56,250 | POST http://testserver/shorten | UA: testclient | IP: testclient
2026-07-23 00:18:56,253 | GET http://testserver/redirect?code=wCWY1V | UA: testclient | IP: testclient
2026-07-23 00:18:56,253 | GET http://testserver/redirect?code=wCWY1V | UA: testclient | IP: testclient
2026-07-23 00:18:56,256 | POST http://testserver/shorten | UA: testclient | IP: testclient
2026-07-23 00:18:56,256 | POST http://testserver/shorten | UA: testclient | IP: testclient
2026-07-23 00:18:56,259 | GET http://testserver/redirect?code=my-article-6173e2ed | UA: testclient | IP: testclient
2026-07-23 00:18:56,259 | GET http://testserver/redirect?code=my-article-6173e2ed | UA: testclient | IP: testclient
2026-07-23 00:18:56,263 | POST http://testserver/shorten | UA: testclient | IP: testclient
2026-07-23 00:18:56,263 | POST http://testserver/shorten | UA: testclient | IP: testclient
2026-07-23 00:18:56,265 | POST http://testserver/shorten | UA: testclient | IP: testclient
2026-07-23 00:18:56,265 | POST http://testserver/shorten | UA: testclient | IP: testclient
2026-07-23 00:18:56,269 | POST http://testserver/shorten | UA: testclient | IP: testclient
2026-07-23 00:18:56,269 | POST http://testserver/shorten | UA: testclient | IP: testclient
2026-07-23 00:18:56,271 | DELETE http://testserver/urls/dead-f76b9659 | UA: testclient | IP: testclient
2026-07-23 00:18:56,271 | DELETE http://testserver/urls/dead-f76b9659 | UA: testclient | IP: testclient
2026-07-23 00:18:56,273 | POST http://testserver/shorten | UA: testclient | IP: testclient
2026-07-23 00:18:56,273 | POST http://testserver/shorten | UA: testclient | IP: testclient
2026-07-23 00:18:56,277 | POST http://testserver/shorten | UA: testclient | IP: testclient
2026-07-23 00:18:56,277 | POST http://testserver/shorten | UA: testclient | IP: testclient
2026-07-23 00:18:56,283 | POST http://testserver/shorten/batch | UA: testclient | IP: testclient
2026-07-23 00:18:56,283 | POST http://testserver/shorten/batch | UA: testclient | IP: testclient
2026-07-23 00:18:56,286 | GET http://testserver/redirect?code=r81bfx | UA: testclient | IP: testclient
2026-07-23 00:18:56,286 | GET http://testserver/redirect?code=r81bfx | UA: testclient | IP: testclient
2026-07-23 00:18:56,288 | GET http://testserver/redirect?code=2YfBgn | UA: testclient | IP: testclient
2026-07-23 00:18:56,288 | GET http://testserver/redirect?code=2YfBgn | UA: testclient | IP: testclient
2026-07-23 00:18:56,290 | GET http://testserver/redirect?code=XkFmqi | UA: testclient | IP: testclient
2026-07-23 00:18:56,290 | GET http://testserver/redirect?code=XkFmqi | UA: testclient | IP: testclient
2026-07-23 00:18:56,294 | POST http://testserver/shorten | UA: testclient | IP: testclient
2026-07-23 00:18:56,294 | POST http://testserver/shorten | UA: testclient | IP: testclient
2026-07-23 00:18:56,299 | POST http://testserver/shorten/batch | UA: testclient | IP: testclient
2026-07-23 00:18:56,299 | POST http://testserver/shorten/batch | UA: testclient | IP: testclient
2026-07-23 00:18:56,301 | POST http://testserver/shorten/batch | UA: testclient | IP: testclient
2026-07-23 00:18:56,301 | POST http://testserver/shorten/batch | UA: testclient | IP: testclient
2026-07-23 00:18:56,303 | POST http://testserver/shorten/batch | UA: testclient | IP: testclient
2026-07-23 00:18:56,303 | POST http://testserver/shorten/batch | UA: testclient | IP: testclient
2026-07-23 00:18:56,306 | POST http://testserver/shorten/batch | UA: testclient | IP: testclient
2026-07-23 00:18:56,306 | POST http://testserver/shorten/batch | UA: testclient | IP: testclient
2026-07-23 00:18:56,310 | POST http://testserver/shorten/batch | UA: testclient | IP: testclient
2026-07-23 00:18:56,310 | POST http://testserver/shorten/batch | UA: testclient | IP: testclient
2026-07-23 00:18:56,313 | POST http://testserver/shorten/batch | UA: testclient | IP: testclient
2026-07-23 00:18:56,313 | POST http://testserver/shorten/batch | UA: testclient | IP: testclient
2026-07-23 00:18:56,315 | POST http://testserver/shorten/batch | UA: testclient | IP: testclient
2026-07-23 00:18:56,315 | POST http://testserver/shorten/batch | UA: testclient | IP: testclient
2026-07-23 00:18:56,318 | POST http://testserver/shorten/batch | UA: testclient | IP: testclient
2026-07-23 00:18:56,318 | POST http://testserver/shorten/batch | UA: testclient | IP: testclient
2026-07-23 00:18:56,324 | POST http://testserver/shorten/batch | UA: testclient | IP: testclient
2026-07-23 00:18:56,324 | POST http://testserver/shorten/batch | UA: testclient | IP: testclient
2026-07-23 00:18:56,329 | POST http://testserver/shorten | UA: testclient | IP: testclient
2026-07-23 00:18:56,329 | POST http://testserver/shorten | UA: testclient | IP: testclient
2026-07-23 00:18:56,332 | PUT http://testserver/urls/MEUFb6 | UA: testclient | IP: testclient
2026-07-23 00:18:56,332 | PUT http://testserver/urls/MEUFb6 | UA: testclient | IP: testclient
2026-07-23 00:18:56,335 | GET http://testserver/redirect?code=MEUFb6 | UA: testclient | IP: testclient
2026-07-23 00:18:56,335 | GET http://testserver/redirect?code=MEUFb6 | UA: testclient | IP: testclient
2026-07-23 00:18:56,339 | POST http://testserver/shorten | UA: testclient | IP: testclient
2026-07-23 00:18:56,339 | POST http://testserver/shorten | UA: testclient | IP: testclient
2026-07-23 00:18:56,342 | PUT http://testserver/urls/EBEa9p | UA: testclient | IP: testclient
2026-07-23 00:18:56,342 | PUT http://testserver/urls/EBEa9p | UA: testclient | IP: testclient
2026-07-23 00:18:56,346 | POST http://testserver/shorten | UA: testclient | IP: testclient
2026-07-23 00:18:56,346 | POST http://testserver/shorten | UA: testclient | IP: testclient
2026-07-23 00:18:56,348 | PUT http://testserver/urls/CRJIoT | UA: testclient | IP: testclient
2026-07-23 00:18:56,348 | PUT http://testserver/urls/CRJIoT | UA: testclient | IP: testclient
2026-07-23 00:18:56,350 | GET http://testserver/redirect?code=CRJIoT | UA: testclient | IP: testclient
2026-07-23 00:18:56,350 | GET http://testserver/redirect?code=CRJIoT | UA: testclient | IP: testclient
2026-07-23 00:18:56,353 | POST http://testserver/shorten | UA: testclient | IP: testclient
2026-07-23 00:18:56,353 | POST http://testserver/shorten | UA: testclient | IP: testclient
2026-07-23 00:18:56,355 | GET http://testserver/redirect?code=k0Uvse | UA: testclient | IP: testclient
2026-07-23 00:18:56,355 | GET http://testserver/redirect?code=k0Uvse | UA: testclient | IP: testclient
2026-07-23 00:18:56,357 | PUT http://testserver/urls/k0Uvse | UA: testclient | IP: testclient
2026-07-23 00:18:56,357 | PUT http://testserver/urls/k0Uvse | UA: testclient | IP: testclient
2026-07-23 00:18:56,359 | GET http://testserver/redirect?code=k0Uvse | UA: testclient | IP: testclient
2026-07-23 00:18:56,359 | GET http://testserver/redirect?code=k0Uvse | UA: testclient | IP: testclient
2026-07-23 00:18:56,363 | POST http://testserver/shorten | UA: testclient | IP: testclient
2026-07-23 00:18:56,363 | POST http://testserver/shorten | UA: testclient | IP: testclient
2026-07-23 00:18:56,367 | PUT http://testserver/urls/0WaeNe | UA: testclient | IP: testclient
2026-07-23 00:18:56,367 | PUT http://testserver/urls/0WaeNe | UA: testclient | IP: testclient
2026-07-23 00:18:56,369 | GET http://testserver/redirect?code=0WaeNe | UA: testclient | IP: testclient
2026-07-23 00:18:56,369 | GET http://testserver/redirect?code=0WaeNe | UA: testclient | IP: testclient
2026-07-23 00:18:56,372 | POST http://testserver/shorten | UA: testclient | IP: testclient
2026-07-23 00:18:56,372 | POST http://testserver/shorten | UA: testclient | IP: testclient
2026-07-23 00:18:56,374 | PUT http://testserver/urls/8CwSFq | UA: testclient | IP: testclient
2026-07-23 00:18:56,374 | PUT http://testserver/urls/8CwSFq | UA: testclient | IP: testclient
2026-07-23 00:18:56,377 | POST http://testserver/shorten | UA: testclient | IP: testclient
2026-07-23 00:18:56,377 | POST http://testserver/shorten | UA: testclient | IP: testclient
2026-07-23 00:18:56,379 | PUT http://testserver/urls/JayQaP | UA: testclient | IP: testclient
2026-07-23 00:18:56,379 | PUT http://testserver/urls/JayQaP | UA: testclient | IP: testclient
2026-07-23 00:18:56,382 | PUT http://testserver/urls/nonexistent123 | UA: testclient | IP: testclient
2026-07-23 00:18:56,382 | PUT http://testserver/urls/nonexistent123 | UA: testclient | IP: testclient
2026-07-23 00:18:56,385 | POST http://testserver/shorten | UA: testclient | IP: testclient
2026-07-23 00:18:56,385 | POST http://testserver/shorten | UA: testclient | IP: testclient
2026-07-23 00:18:56,388 | DELETE http://testserver/urls/pGLu3L | UA: testclient | IP: testclient
2026-07-23 00:18:56,388 | DELETE http://testserver/urls/pGLu3L | UA: testclient | IP: testclient
2026-07-23 00:18:56,390 | PUT http://testserver/urls/pGLu3L | UA: testclient | IP: testclient
2026-07-23 00:18:56,390 | PUT http://testserver/urls/pGLu3L | UA: testclient | IP: testclient
2026-07-23 00:18:56,393 | POST http://testserver/shorten | UA: testclient | IP: testclient
2026-07-23 00:18:56,393 | POST http://testserver/shorten | UA: testclient | IP: testclient
2026-07-23 00:18:56,395 | PUT http://testserver/urls/JnhKPY | UA: testclient | IP: testclient
2026-07-23 00:18:56,395 | PUT http://testserver/urls/JnhKPY | UA: testclient | IP: testclient
2026-07-23 00:18:56,399 | POST http://testserver/shorten | UA: testclient | IP: testclient
2026-07-23 00:18:56,399 | POST http://testserver/shorten | UA: testclient | IP: testclient
2026-07-23 00:18:56,401 | GET http://testserver/redirect?code=k7P78D | UA: testclient | IP: testclient
2026-07-23 00:18:56,401 | GET http://testserver/redirect?code=k7P78D | UA: testclient | IP: testclient
2026-07-23 00:18:56,403 | POST http://testserver/shorten | UA: testclient | IP: testclient
2026-07-23 00:18:56,403 | POST http://testserver/shorten | UA: testclient | IP: testclient
2026-07-23 00:18:56,406 | POST http://testserver/shorten | UA: testclient | IP: testclient
2026-07-23 00:18:56,406 | POST http://testserver/shorten | UA: testclient | IP: testclient
2026-07-23 00:18:56,407 | PUT http://testserver/urls/bZFbh8 | UA: testclient | IP: testclient
2026-07-23 00:18:56,407 | PUT http://testserver/urls/bZFbh8 | UA: testclient | IP: testclient
2026-07-23 00:18:56,411 | POST http://testserver/shorten | UA: testclient | IP: testclient
2026-07-23 00:18:56,411 | POST http://testserver/shorten | UA: testclient | IP: testclient
2026-07-23 00:18:56,599 | PUT http://testserver/urls/ZGDM0w | UA: testclient | IP: testclient
2026-07-23 00:18:56,599 | PUT http://testserver/urls/ZGDM0w | UA: testclient | IP: testclient
2026-07-23 00:18:56,601 | GET http://testserver/redirect?code=ZGDM0w | UA: testclient | IP: testclient
2026-07-23 00:18:56,601 | GET http://testserver/redirect?code=ZGDM0w | UA: testclient | IP: testclient
2026-07-23 00:18:56,805 | POST http://testserver/shorten | UA: testclient | IP: testclient
2026-07-23 00:18:56,805 | POST http://testserver/shorten | UA: testclient | IP: testclient
2026-07-23 00:18:56,977 | GET http://testserver/redirect?code=8pfgwU&password=secret1 | UA: testclient | IP: testclient
2026-07-23 00:18:56,977 | GET http://testserver/redirect?code=8pfgwU&password=secret1 | UA: testclient | IP: testclient
2026-07-23 00:18:57,152 | POST http://testserver/shorten | UA: testclient | IP: testclient
2026-07-23 00:18:57,152 | POST http://testserver/shorten | UA: testclient | IP: testclient
2026-07-23 00:18:57,321 | GET http://testserver/redirect?code=PzeOyV&password=wrongpass | UA: testclient | IP: testclient
2026-07-23 00:18:57,321 | GET http://testserver/redirect?code=PzeOyV&password=wrongpass | UA: testclient | IP: testclient
2026-07-23 00:18:57,493 | POST http://testserver/shorten | UA: testclient | IP: testclient
2026-07-23 00:18:57,493 | POST http://testserver/shorten | UA: testclient | IP: testclient
2026-07-23 00:18:57,495 | DELETE http://testserver/urls/jmPFYB | UA: testclient | IP: testclient
2026-07-23 00:18:57,495 | DELETE http://testserver/urls/jmPFYB | UA: testclient | IP: testclient
2026-07-23 00:18:57,496 | GET http://testserver/redirect?code=jmPFYB | UA: testclient | IP: testclient
2026-07-23 00:18:57,496 | GET http://testserver/redirect?code=jmPFYB | UA: testclient | IP: testclient
2026-07-23 00:18:57,667 | POST http://testserver/shorten | UA: testclient | IP: testclient
2026-07-23 00:18:57,667 | POST http://testserver/shorten | UA: testclient | IP: testclient
2026-07-23 00:18:57,669 | GET http://testserver/redirect?code=no425a | UA: testclient | IP: testclient
2026-07-23 00:18:57,669 | GET http://testserver/redirect?code=no425a | UA: testclient | IP: testclient
2026-07-23 00:18:57,672 | POST http://testserver/shorten | UA: testclient | IP: testclient
2026-07-23 00:18:57,672 | POST http://testserver/shorten | UA: testclient | IP: testclient
2026-07-23 00:18:57,674 | GET http://testserver/redirect?code=hEN64g | UA: testclient | IP: testclient
2026-07-23 00:18:57,674 | GET http://testserver/redirect?code=hEN64g | UA: testclient | IP: testclient
2026-07-23 00:18:57,847 | PUT http://testserver/urls/hEN64g | UA: testclient | IP: testclient
2026-07-23 00:18:57,847 | PUT http://testserver/urls/hEN64g | UA: testclient | IP: testclient
2026-07-23 00:18:57,848 | GET http://testserver/redirect?code=hEN64g | UA: testclient | IP: testclient
2026-07-23 00:18:57,848 | GET http://testserver/redirect?code=hEN64g | UA: testclient | IP: testclient
2026-07-23 00:18:58,025 | POST http://testserver/shorten | UA: testclient | IP: testclient
2026-07-23 00:18:58,025 | POST http://testserver/shorten | UA: testclient | IP: testclient
2026-07-23 00:18:58,026 | GET http://testserver/redirect?code=J6x93K | UA: testclient | IP: testclient
2026-07-23 00:18:58,026 | GET http://testserver/redirect?code=J6x93K | UA: testclient | IP: testclient
2026-07-23 00:18:58,029 | PUT http://testserver/urls/J6x93K | UA: testclient | IP: testclient
2026-07-23 00:18:58,029 | PUT http://testserver/urls/J6x93K | UA: testclient | IP: testclient
2026-07-23 00:18:58,031 | GET http://testserver/redirect?code=J6x93K | UA: testclient | IP: testclient
2026-07-23 00:18:58,031 | GET http://testserver/redirect?code=J6x93K | UA: testclient | IP: testclient
2026-07-23 00:18:58,033 | POST http://testserver/shorten | UA: testclient | IP: testclient
2026-07-23 00:18:58,033 | POST http://testserver/shorten | UA: testclient | IP: testclient
2026-07-23 00:18:58,035 | POST http://testserver/shorten | UA: testclient | IP: testclient
2026-07-23 00:18:58,035 | POST http://testserver/shorten | UA: testclient | IP: testclient
2026-07-23 00:18:58,037 | POST http://testserver/shorten | UA: testclient | IP: testclient
2026-07-23 00:18:58,037 | POST http://testserver/shorten | UA: testclient | IP: testclient
2026-07-23 00:18:58,039 | GET http://testserver/redirect | UA: testclient | IP: testclient
2026-07-23 00:18:58,039 | GET http://testserver/redirect | UA: testclient | IP: testclient
2026-07-23 00:18:58,041 | GET http://testserver/redirect?code= | UA: testclient | IP: testclient
2026-07-23 00:18:58,041 | GET http://testserver/redirect?code= | UA: testclient | IP: testclient
2026-07-23 00:18:58,044 | POST http://testserver/shorten | UA: testclient | IP: testclient
2026-07-23 00:18:58,044 | POST http://testserver/shorten | UA: testclient | IP: testclient
2026-07-23 00:18:58,047 | POST http://testserver/shorten | UA: testclient | IP: testclient
2026-07-23 00:18:58,047 | POST http://testserver/shorten | UA: testclient | IP: testclient
2026-07-23 00:18:58,049 | GET http://testserver/redirect?code=Xw5mCM | UA: testclient | IP: testclient
2026-07-23 00:18:58,049 | GET http://testserver/redirect?code=Xw5mCM | UA: testclient | IP: testclient
2026-07-23 00:18:58,050 | GET http://testserver/urls | UA: testclient | IP: testclient
2026-07-23 00:18:58,050 | GET http://testserver/urls | UA: testclient | IP: testclient
2026-07-23 00:18:58,054 | POST http://testserver/shorten | UA: testclient | IP: testclient
2026-07-23 00:18:58,054 | POST http://testserver/shorten | UA: testclient | IP: testclient
2026-07-23 00:18:58,056 | POST http://testserver/shorten | UA: testclient | IP: testclient
2026-07-23 00:18:58,056 | POST http://testserver/shorten | UA: testclient | IP: testclient
2026-07-23 00:18:58,059 | GET http://testserver/urls | UA: testclient | IP: testclient
2026-07-23 00:18:58,059 | GET http://testserver/urls | UA: testclient | IP: testclient
2026-07-23 00:18:58,252 | POST http://testserver/shorten | UA: testclient | IP: testclient
2026-07-23 00:18:58,252 | POST http://testserver/shorten | UA: testclient | IP: testclient
2026-07-23 00:18:58,255 | GET http://testserver/urls | UA: testclient | IP: testclient
2026-07-23 00:18:58,255 | GET http://testserver/urls | UA: testclient | IP: testclient
2026-07-23 00:18:58,258 | POST http://testserver/shorten | UA: testclient | IP: testclient
2026-07-23 00:18:58,258 | POST http://testserver/shorten | UA: testclient | IP: testclient
2026-07-23 00:18:58,260 | POST http://testserver/shorten | UA: testclient | IP: testclient
2026-07-23 00:18:58,260 | POST http://testserver/shorten | UA: testclient | IP: testclient
2026-07-23 00:18:58,263 | POST http://testserver/shorten | UA: testclient | IP: testclient
2026-07-23 00:18:58,263 | POST http://testserver/shorten | UA: testclient | IP: testclient
2026-07-23 00:18:58,265 | POST http://testserver/shorten | UA: testclient | IP: testclient
2026-07-23 00:18:58,265 | POST http://testserver/shorten | UA: testclient | IP: testclient
2026-07-23 00:18:58,267 | POST http://testserver/shorten | UA: testclient | IP: testclient
2026-07-23 00:18:58,267 | POST http://testserver/shorten | UA: testclient | IP: testclient
2026-07-23 00:18:58,270 | GET http://testserver/urls?page=1&size=2 | UA: testclient | IP: testclient
2026-07-23 00:18:58,270 | GET http://testserver/urls?page=1&size=2 | UA: testclient | IP: testclient
2026-07-23 00:18:58,273 | POST http://testserver/shorten | UA: testclient | IP: testclient
2026-07-23 00:18:58,273 | POST http://testserver/shorten | UA: testclient | IP: testclient
2026-07-23 00:18:58,276 | POST http://testserver/shorten | UA: testclient | IP: testclient
2026-07-23 00:18:58,276 | POST http://testserver/shorten | UA: testclient | IP: testclient
2026-07-23 00:18:58,278 | POST http://testserver/shorten | UA: testclient | IP: testclient
2026-07-23 00:18:58,278 | POST http://testserver/shorten | UA: testclient | IP: testclient
2026-07-23 00:18:58,280 | POST http://testserver/shorten | UA: testclient | IP: testclient
2026-07-23 00:18:58,280 | POST http://testserver/shorten | UA: testclient | IP: testclient
2026-07-23 00:18:58,283 | POST http://testserver/shorten | UA: testclient | IP: testclient
2026-07-23 00:18:58,283 | POST http://testserver/shorten | UA: testclient | IP: testclient
2026-07-23 00:18:58,285 | GET http://testserver/urls?page=1&size=2 | UA: testclient | IP: testclient
2026-07-23 00:18:58,285 | GET http://testserver/urls?page=1&size=2 | UA: testclient | IP: testclient
2026-07-23 00:18:58,287 | GET http://testserver/urls?page=2&size=2 | UA: testclient | IP: testclient
2026-07-23 00:18:58,287 | GET http://testserver/urls?page=2&size=2 | UA: testclient | IP: testclient
2026-07-23 00:18:58,290 | POST http://testserver/shorten | UA: testclient | IP: testclient
2026-07-23 00:18:58,290 | POST http://testserver/shorten | UA: testclient | IP: testclient
2026-07-23 00:18:58,293 | POST http://testserver/shorten | UA: testclient | IP: testclient
2026-07-23 00:18:58,293 | POST http://testserver/shorten | UA: testclient | IP: testclient
2026-07-23 00:18:58,295 | POST http://testserver/shorten | UA: testclient | IP: testclient
2026-07-23 00:18:58,295 | POST http://testserver/shorten | UA: testclient | IP: testclient
2026-07-23 00:18:58,297 | GET http://testserver/urls?page=1&size=1 | UA: testclient | IP: testclient
2026-07-23 00:18:58,297 | GET http://testserver/urls?page=1&size=1 | UA: testclient | IP: testclient
2026-07-23 00:18:58,300 | GET http://testserver/urls | UA: testclient | IP: testclient
2026-07-23 00:18:58,300 | GET http://testserver/urls | UA: testclient | IP: testclient
2026-07-23 00:18:58,301 | GET http://testserver/health | UA: testclient | IP: testclient
2026-07-23 00:18:58,301 | GET http://testserver/health | UA: testclient | IP: testclient
2026-07-23 00:18:58,303 | GET http://testserver/health | UA: testclient | IP: testclient
2026-07-23 00:18:58,303 | GET http://testserver/health | UA: testclient | IP: testclient
2026-07-23 00:18:58,305 | GET http://testserver/health | UA: testclient | IP: testclient
2026-07-23 00:18:58,305 | GET http://testserver/health | UA: testclient | IP: testclient
2026-07-23 00:18:58,306 | GET http://testserver/health | UA: testclient | IP: testclient
2026-07-23 00:18:58,306 | GET http://testserver/health | UA: testclient | IP: testclient
2026-07-23 00:18:58,308 | GET http://testserver/health | UA: testclient | IP: testclient
2026-07-23 00:18:58,308 | GET http://testserver/health | UA: testclient | IP: testclient
2026-07-23 00:18:58,311 | POST http://testserver/shorten | UA: testclient | IP: testclient
2026-07-23 00:18:58,311 | POST http://testserver/shorten | UA: testclient | IP: testclient
2026-07-23 00:18:58,313 | GET http://testserver/redirect?code=jj5QcV | UA: testclient | IP: testclient
2026-07-23 00:18:58,313 | GET http://testserver/redirect?code=jj5QcV | UA: testclient | IP: testclient
2026-07-23 00:18:58,316 | POST http://testserver/shorten | UA: testclient | IP: testclient
2026-07-23 00:18:58,316 | POST http://testserver/shorten | UA: testclient | IP: testclient
2026-07-23 00:18:58,318 | POST http://testserver/shorten | UA: testclient | IP: testclient
2026-07-23 00:18:58,318 | POST http://testserver/shorten | UA: testclient | IP: testclient
2026-07-23 00:18:58,320 | GET http://testserver/urls | UA: testclient | IP: testclient
2026-07-23 00:18:58,320 | GET http://testserver/urls | UA: testclient | IP: testclient
2026-07-23 00:18:58,322 | GET http://testserver/urls | UA: testclient | IP: testclient
2026-07-23 00:18:58,322 | GET http://testserver/urls | UA: testclient | IP: testclient
2026-07-23 00:18:58,325 | GET http://testserver/urls | UA: testclient | IP: testclient
2026-07-23 00:18:58,325 | GET http://testserver/urls | UA: testclient | IP: testclient
2026-07-23 00:18:58,327 | DELETE http://testserver/urls/this-code-does-not-exist-at-all | UA: testclient | IP: testclient
2026-07-23 00:18:58,327 | DELETE http://testserver/urls/this-code-does-not-exist-at-all | UA: testclient | IP: testclient
2026-07-23 00:20:54,899 | POST http://testserver/shorten | UA: testclient | IP: testclient
2026-07-23 00:20:54,899 | POST http://testserver/shorten | UA: testclient | IP: testclient
2026-07-23 00:20:54,902 | GET http://testserver/redirect?code=HmjvuT | UA: testclient | IP: testclient
2026-07-23 00:20:54,902 | GET http://testserver/redirect?code=HmjvuT | UA: testclient | IP: testclient
2026-07-23 00:20:54,907 | POST http://testserver/shorten | UA: testclient | IP: testclient
2026-07-23 00:20:54,907 | POST http://testserver/shorten | UA: testclient | IP: testclient
2026-07-23 00:20:55,076 | GET http://testserver/redirect?code=nonexistent123 | UA: testclient | IP: testclient
2026-07-23 00:20:55,076 | GET http://testserver/redirect?code=nonexistent123 | UA: testclient | IP: testclient
2026-07-23 00:20:55,080 | POST http://testserver/shorten | UA: testclient | IP: testclient
2026-07-23 00:20:55,080 | POST http://testserver/shorten | UA: testclient | IP: testclient
2026-07-23 00:20:55,082 | GET http://testserver/redirect?code=cejUSl | UA: testclient | IP: testclient
2026-07-23 00:20:55,082 | GET http://testserver/redirect?code=cejUSl | UA: testclient | IP: testclient
2026-07-23 00:20:55,084 | GET http://testserver/redirect?code=cejUSl | UA: testclient | IP: testclient
2026-07-23 00:20:55,084 | GET http://testserver/redirect?code=cejUSl | UA: testclient | IP: testclient
2026-07-23 00:20:55,088 | POST http://testserver/shorten | UA: testclient | IP: testclient
2026-07-23 00:20:55,088 | POST http://testserver/shorten | UA: testclient | IP: testclient
2026-07-23 00:20:55,090 | GET http://testserver/redirect?code=Damkov | UA: testclient | IP: testclient
2026-07-23 00:20:55,090 | GET http://testserver/redirect?code=Damkov | UA: testclient | IP: testclient
2026-07-23 00:20:55,094 | POST http://testserver/shorten | UA: testclient | IP: testclient
2026-07-23 00:20:55,094 | POST http://testserver/shorten | UA: testclient | IP: testclient
2026-07-23 00:20:55,096 | POST http://testserver/shorten | UA: testclient | IP: testclient
2026-07-23 00:20:55,096 | POST http://testserver/shorten | UA: testclient | IP: testclient
2026-07-23 00:20:55,098 | GET http://testserver/redirect?code=B3cwrS | UA: testclient | IP: testclient
2026-07-23 00:20:55,098 | GET http://testserver/redirect?code=B3cwrS | UA: testclient | IP: testclient
2026-07-23 00:20:55,100 | GET http://testserver/redirect?code=Jh1x52 | UA: testclient | IP: testclient
2026-07-23 00:20:55,100 | GET http://testserver/redirect?code=Jh1x52 | UA: testclient | IP: testclient
2026-07-23 00:20:55,102 | GET http://testserver/redirect?code=B3cwrS | UA: testclient | IP: testclient
2026-07-23 00:20:55,102 | GET http://testserver/redirect?code=B3cwrS | UA: testclient | IP: testclient
2026-07-23 00:20:55,105 | POST http://testserver/shorten | UA: testclient | IP: testclient
2026-07-23 00:20:55,105 | POST http://testserver/shorten | UA: testclient | IP: testclient
2026-07-23 00:20:55,108 | POST http://testserver/shorten | UA: testclient | IP: testclient
2026-07-23 00:20:55,108 | POST http://testserver/shorten | UA: testclient | IP: testclient
2026-07-23 00:20:55,111 | POST http://testserver/shorten | UA: testclient | IP: testclient
2026-07-23 00:20:55,111 | POST http://testserver/shorten | UA: testclient | IP: testclient
2026-07-23 00:20:55,189 | POST http://testserver/shorten | UA: testclient | IP: testclient
2026-07-23 00:20:55,189 | POST http://testserver/shorten | UA: testclient | IP: testclient
2026-07-23 00:20:55,193 | POST http://testserver/shorten | UA: testclient | IP: testclient
2026-07-23 00:20:55,193 | POST http://testserver/shorten | UA: testclient | IP: testclient
2026-07-23 00:20:55,195 | POST http://testserver/shorten | UA: testclient | IP: testclient
2026-07-23 00:20:55,195 | POST http://testserver/shorten | UA: testclient | IP: testclient
2026-07-23 00:20:55,198 | POST http://testserver/shorten | UA: testclient | IP: testclient
2026-07-23 00:20:55,198 | POST http://testserver/shorten | UA: testclient | IP: testclient
2026-07-23 00:20:55,277 | POST http://testserver/shorten | UA: testclient | IP: testclient
2026-07-23 00:20:55,277 | POST http://testserver/shorten | UA: testclient | IP: testclient
2026-07-23 00:20:55,362 | POST http://testserver/shorten | UA: testclient | IP: testclient
2026-07-23 00:20:55,362 | POST http://testserver/shorten | UA: testclient | IP: testclient
2026-07-23 00:20:55,432 | POST http://testserver/shorten | UA: testclient | IP: testclient
2026-07-23 00:20:55,432 | POST http://testserver/shorten | UA: testclient | IP: testclient
2026-07-23 00:20:55,509 | POST http://testserver/shorten | UA: testclient | IP: testclient
2026-07-23 00:20:55,509 | POST http://testserver/shorten | UA: testclient | IP: testclient
2026-07-23 00:20:55,511 | GET http://testserver/redirect?code=sG2bKA | UA: testclient | IP: testclient
2026-07-23 00:20:55,511 | GET http://testserver/redirect?code=sG2bKA | UA: testclient | IP: testclient
2026-07-23 00:20:55,515 | POST http://testserver/shorten | UA: testclient | IP: testclient
2026-07-23 00:20:55,515 | POST http://testserver/shorten | UA: testclient | IP: testclient
2026-07-23 00:20:55,517 | GET http://testserver/redirect?code=pe6xjP | UA: testclient | IP: testclient
2026-07-23 00:20:55,517 | GET http://testserver/redirect?code=pe6xjP | UA: testclient | IP: testclient
2026-07-23 00:20:55,521 | POST http://testserver/shorten | UA: testclient | IP: testclient
2026-07-23 00:20:55,521 | POST http://testserver/shorten | UA: testclient | IP: testclient
2026-07-23 00:20:55,523 | GET http://testserver/redirect?code=4qw4oq | UA: testclient | IP: testclient
2026-07-23 00:20:55,523 | GET http://testserver/redirect?code=4qw4oq | UA: testclient | IP: testclient
2026-07-23 00:20:55,525 | POST http://testserver/shorten | UA: testclient | IP: testclient
2026-07-23 00:20:55,525 | POST http://testserver/shorten | UA: testclient | IP: testclient
2026-07-23 00:20:55,528 | POST http://testserver/shorten | UA: testclient | IP: testclient
2026-07-23 00:20:55,528 | POST http://testserver/shorten | UA: testclient | IP: testclient
2026-07-23 00:20:55,530 | GET http://testserver/redirect?code=D3sAxd | UA: testclient | IP: testclient
2026-07-23 00:20:55,530 | GET http://testserver/redirect?code=D3sAxd | UA: testclient | IP: testclient
2026-07-23 00:20:55,533 | POST http://testserver/shorten | UA: testclient | IP: testclient
2026-07-23 00:20:55,533 | POST http://testserver/shorten | UA: testclient | IP: testclient
2026-07-23 00:20:55,535 | GET http://testserver/redirect?code=my-article-1302d229 | UA: testclient | IP: testclient
2026-07-23 00:20:55,535 | GET http://testserver/redirect?code=my-article-1302d229 | UA: testclient | IP: testclient
2026-07-23 00:20:55,538 | POST http://testserver/shorten | UA: testclient | IP: testclient
2026-07-23 00:20:55,538 | POST http://testserver/shorten | UA: testclient | IP: testclient
2026-07-23 00:20:55,540 | POST http://testserver/shorten | UA: testclient | IP: testclient
2026-07-23 00:20:55,540 | POST http://testserver/shorten | UA: testclient | IP: testclient
2026-07-23 00:20:55,543 | POST http://testserver/shorten | UA: testclient | IP: testclient
2026-07-23 00:20:55,543 | POST http://testserver/shorten | UA: testclient | IP: testclient
2026-07-23 00:20:55,620 | POST http://testserver/shorten | UA: testclient | IP: testclient
2026-07-23 00:20:55,620 | POST http://testserver/shorten | UA: testclient | IP: testclient
2026-07-23 00:20:55,697 | POST http://testserver/shorten | UA: testclient | IP: testclient
2026-07-23 00:20:55,697 | POST http://testserver/shorten | UA: testclient | IP: testclient
2026-07-23 00:20:56,278 | POST http://testserver/shorten | UA: testclient | IP: testclient
2026-07-23 00:20:56,278 | POST http://testserver/shorten | UA: testclient | IP: testclient
2026-07-23 00:20:56,366 | POST http://testserver/shorten | UA: testclient | IP: testclient
2026-07-23 00:20:56,366 | POST http://testserver/shorten | UA: testclient | IP: testclient
2026-07-23 00:20:56,447 | POST http://testserver/shorten | UA: testclient | IP: testclient
2026-07-23 00:20:56,447 | POST http://testserver/shorten | UA: testclient | IP: testclient
2026-07-23 00:20:56,526 | POST http://testserver/shorten | UA: testclient | IP: testclient
2026-07-23 00:20:56,526 | POST http://testserver/shorten | UA: testclient | IP: testclient
2026-07-23 00:20:56,528 | GET http://testserver/redirect?code=TARG8x | UA: testclient | IP: testclient
2026-07-23 00:20:56,528 | GET http://testserver/redirect?code=TARG8x | UA: testclient | IP: testclient
2026-07-23 00:20:56,606 | POST http://testserver/shorten | UA: testclient | IP: testclient
2026-07-23 00:20:56,606 | POST http://testserver/shorten | UA: testclient | IP: testclient
2026-07-23 00:20:56,686 | POST http://testserver/shorten | UA: testclient | IP: testclient
2026-07-23 00:20:56,686 | POST http://testserver/shorten | UA: testclient | IP: testclient
2026-07-23 00:20:56,765 | POST http://testserver/shorten | UA: testclient | IP: testclient
2026-07-23 00:20:56,765 | POST http://testserver/shorten | UA: testclient | IP: testclient
2026-07-23 00:20:56,910 | POST http://testserver/shorten | UA: testclient | IP: testclient
2026-07-23 00:20:56,910 | POST http://testserver/shorten | UA: testclient | IP: testclient
2026-07-23 00:20:56,998 | POST http://testserver/shorten | UA: testclient | IP: testclient
2026-07-23 00:20:56,998 | POST http://testserver/shorten | UA: testclient | IP: testclient
2026-07-23 00:20:57,076 | POST http://testserver/shorten | UA: testclient | IP: testclient
2026-07-23 00:20:57,076 | POST http://testserver/shorten | UA: testclient | IP: testclient
2026-07-23 00:20:57,079 | GET http://testserver/redirect?code=qR1hL3 | UA: testclient | IP: testclient
2026-07-23 00:20:57,079 | GET http://testserver/redirect?code=qR1hL3 | UA: testclient | IP: testclient
2026-07-23 00:20:57,080 | POST http://testserver/shorten | UA: testclient | IP: testclient
2026-07-23 00:20:57,080 | POST http://testserver/shorten | UA: testclient | IP: testclient
2026-07-23 00:20:57,084 | POST http://testserver/shorten | UA: testclient | IP: testclient
2026-07-23 00:20:57,084 | POST http://testserver/shorten | UA: testclient | IP: testclient
2026-07-23 00:20:57,161 | POST http://testserver/shorten | UA: testclient | IP: testclient
2026-07-23 00:20:57,161 | POST http://testserver/shorten | UA: testclient | IP: testclient
2026-07-23 00:20:57,407 | POST http://testserver/shorten | UA: testclient | IP: testclient
2026-07-23 00:20:57,407 | POST http://testserver/shorten | UA: testclient | IP: testclient
2026-07-23 00:20:57,577 | GET http://testserver/redirect?code=MONpTG&password=secret1 | UA: testclient | IP: testclient
2026-07-23 00:20:57,577 | GET http://testserver/redirect?code=MONpTG&password=secret1 | UA: testclient | IP: testclient
2026-07-23 00:20:57,748 | POST http://testserver/shorten | UA: testclient | IP: testclient
2026-07-23 00:20:57,748 | POST http://testserver/shorten | UA: testclient | IP: testclient
2026-07-23 00:20:57,916 | GET http://testserver/redirect?code=DKbEXn&password=wrongpass | UA: testclient | IP: testclient
2026-07-23 00:20:57,916 | GET http://testserver/redirect?code=DKbEXn&password=wrongpass | UA: testclient | IP: testclient
2026-07-23 00:20:58,087 | POST http://testserver/shorten | UA: testclient | IP: testclient
2026-07-23 00:20:58,087 | POST http://testserver/shorten | UA: testclient | IP: testclient
2026-07-23 00:20:58,333 | POST http://testserver/shorten | UA: testclient | IP: testclient
2026-07-23 00:20:58,333 | POST http://testserver/shorten | UA: testclient | IP: testclient
2026-07-23 00:20:58,335 | GET http://testserver/redirect?code=LeHlME | UA: testclient | IP: testclient
2026-07-23 00:20:58,335 | GET http://testserver/redirect?code=LeHlME | UA: testclient | IP: testclient
2026-07-23 00:20:58,338 | POST http://testserver/shorten | UA: testclient | IP: testclient
2026-07-23 00:20:58,338 | POST http://testserver/shorten | UA: testclient | IP: testclient
2026-07-23 00:20:58,340 | GET http://testserver/redirect?code=WGtVoF | UA: testclient | IP: testclient
2026-07-23 00:20:58,340 | GET http://testserver/redirect?code=WGtVoF | UA: testclient | IP: testclient
2026-07-23 00:20:58,585 | POST http://testserver/shorten | UA: testclient | IP: testclient
2026-07-23 00:20:58,585 | POST http://testserver/shorten | UA: testclient | IP: testclient
2026-07-23 00:20:58,587 | GET http://testserver/redirect?code=ymVHQF | UA: testclient | IP: testclient
2026-07-23 00:20:58,587 | GET http://testserver/redirect?code=ymVHQF | UA: testclient | IP: testclient
2026-07-23 00:20:58,663 | POST http://testserver/shorten | UA: testclient | IP: testclient
2026-07-23 00:20:58,663 | POST http://testserver/shorten | UA: testclient | IP: testclient
2026-07-23 00:20:58,665 | POST http://testserver/shorten | UA: testclient | IP: testclient
2026-07-23 00:20:58,665 | POST http://testserver/shorten | UA: testclient | IP: testclient
2026-07-23 00:20:58,667 | POST http://testserver/shorten | UA: testclient | IP: testclient
2026-07-23 00:20:58,667 | POST http://testserver/shorten | UA: testclient | IP: testclient
2026-07-23 00:20:58,669 | GET http://testserver/redirect | UA: testclient | IP: testclient
2026-07-23 00:20:58,669 | GET http://testserver/redirect | UA: testclient | IP: testclient
2026-07-23 00:20:58,671 | GET http://testserver/redirect?code= | UA: testclient | IP: testclient
2026-07-23 00:20:58,671 | GET http://testserver/redirect?code= | UA: testclient | IP: testclient
2026-07-23 00:20:58,676 | POST http://testserver/shorten | UA: testclient | IP: testclient
2026-07-23 00:20:58,676 | POST http://testserver/shorten | UA: testclient | IP: testclient
2026-07-23 00:20:58,678 | POST http://testserver/shorten | UA: testclient | IP: testclient
2026-07-23 00:20:58,678 | POST http://testserver/shorten | UA: testclient | IP: testclient
2026-07-23 00:20:58,680 | GET http://testserver/redirect?code=bVateh | UA: testclient | IP: testclient
2026-07-23 00:20:58,680 | GET http://testserver/redirect?code=bVateh | UA: testclient | IP: testclient
2026-07-23 00:20:58,752 | POST http://testserver/shorten | UA: testclient | IP: testclient
2026-07-23 00:20:58,752 | POST http://testserver/shorten | UA: testclient | IP: testclient
2026-07-23 00:20:58,755 | POST http://testserver/shorten | UA: testclient | IP: testclient
2026-07-23 00:20:58,755 | POST http://testserver/shorten | UA: testclient | IP: testclient
2026-07-23 00:20:59,009 | POST http://testserver/shorten | UA: testclient | IP: testclient
2026-07-23 00:20:59,009 | POST http://testserver/shorten | UA: testclient | IP: testclient
2026-07-23 00:20:59,088 | POST http://testserver/shorten | UA: testclient | IP: testclient
2026-07-23 00:20:59,088 | POST http://testserver/shorten | UA: testclient | IP: testclient
2026-07-23 00:20:59,090 | POST http://testserver/shorten | UA: testclient | IP: testclient
2026-07-23 00:20:59,090 | POST http://testserver/shorten | UA: testclient | IP: testclient
2026-07-23 00:20:59,093 | POST http://testserver/shorten | UA: testclient | IP: testclient
2026-07-23 00:20:59,093 | POST http://testserver/shorten | UA: testclient | IP: testclient
2026-07-23 00:20:59,095 | POST http://testserver/shorten | UA: testclient | IP: testclient
2026-07-23 00:20:59,095 | POST http://testserver/shorten | UA: testclient | IP: testclient
2026-07-23 00:20:59,097 | POST http://testserver/shorten | UA: testclient | IP: testclient
2026-07-23 00:20:59,097 | POST http://testserver/shorten | UA: testclient | IP: testclient
2026-07-23 00:20:59,176 | POST http://testserver/shorten | UA: testclient | IP: testclient
2026-07-23 00:20:59,176 | POST http://testserver/shorten | UA: testclient | IP: testclient
2026-07-23 00:20:59,178 | POST http://testserver/shorten | UA: testclient | IP: testclient
2026-07-23 00:20:59,178 | POST http://testserver/shorten | UA: testclient | IP: testclient
2026-07-23 00:20:59,180 | POST http://testserver/shorten | UA: testclient | IP: testclient
2026-07-23 00:20:59,180 | POST http://testserver/shorten | UA: testclient | IP: testclient
2026-07-23 00:20:59,183 | POST http://testserver/shorten | UA: testclient | IP: testclient
2026-07-23 00:20:59,183 | POST http://testserver/shorten | UA: testclient | IP: testclient
2026-07-23 00:20:59,185 | POST http://testserver/shorten | UA: testclient | IP: testclient
2026-07-23 00:20:59,185 | POST http://testserver/shorten | UA: testclient | IP: testclient
2026-07-23 00:20:59,264 | POST http://testserver/shorten | UA: testclient | IP: testclient
2026-07-23 00:20:59,264 | POST http://testserver/shorten | UA: testclient | IP: testclient
2026-07-23 00:20:59,266 | POST http://testserver/shorten | UA: testclient | IP: testclient
2026-07-23 00:20:59,266 | POST http://testserver/shorten | UA: testclient | IP: testclient
2026-07-23 00:20:59,269 | POST http://testserver/shorten | UA: testclient | IP: testclient
2026-07-23 00:20:59,269 | POST http://testserver/shorten | UA: testclient | IP: testclient
2026-07-23 00:20:59,418 | GET http://testserver/health | UA: testclient | IP: testclient
2026-07-23 00:20:59,418 | GET http://testserver/health | UA: testclient | IP: testclient
2026-07-23 00:20:59,420 | GET http://testserver/health | UA: testclient | IP: testclient
2026-07-23 00:20:59,420 | GET http://testserver/health | UA: testclient | IP: testclient
2026-07-23 00:20:59,422 | GET http://testserver/health | UA: testclient | IP: testclient
2026-07-23 00:20:59,422 | GET http://testserver/health | UA: testclient | IP: testclient
2026-07-23 00:20:59,424 | GET http://testserver/health | UA: testclient | IP: testclient
2026-07-23 00:20:59,424 | GET http://testserver/health | UA: testclient | IP: testclient
2026-07-23 00:20:59,426 | GET http://testserver/health | UA: testclient | IP: testclient
2026-07-23 00:20:59,426 | GET http://testserver/health | UA: testclient | IP: testclient
2026-07-23 00:20:59,429 | POST http://testserver/shorten | UA: testclient | IP: testclient
2026-07-23 00:20:59,429 | POST http://testserver/shorten | UA: testclient | IP: testclient
2026-07-23 00:20:59,431 | GET http://testserver/redirect?code=JqGwfk | UA: testclient | IP: testclient
2026-07-23 00:20:59,431 | GET http://testserver/redirect?code=JqGwfk | UA: testclient | IP: testclient
2026-07-23 00:20:59,434 | POST http://testserver/shorten | UA: testclient | IP: testclient
2026-07-23 00:20:59,434 | POST http://testserver/shorten | UA: testclient | IP: testclient
2026-07-23 00:20:59,436 | POST http://testserver/shorten | UA: testclient | IP: testclient
2026-07-23 00:20:59,436 | POST http://testserver/shorten | UA: testclient | IP: testclient
2026-07-23 00:21:40,493 | GET http://testserver/health | UA: testclient | IP: testclient
2026-07-23 00:21:40,493 | GET http://testserver/health | UA: testclient | IP: testclient
2026-07-23 00:21:40,500 | POST http://testserver/shorten | UA: testclient | IP: testclient
2026-07-23 00:21:40,500 | POST http://testserver/shorten | UA: testclient | IP: testclient
2026-07-23 00:21:40,503 | GET http://testserver/redirect?code=22pOpU | UA: testclient | IP: testclient
2026-07-23 00:21:40,503 | GET http://testserver/redirect?code=22pOpU | UA: testclient | IP: testclient
2026-07-23 00:21:40,507 | POST http://testserver/shorten | UA: testclient | IP: testclient
2026-07-23 00:21:40,507 | POST http://testserver/shorten | UA: testclient | IP: testclient
2026-07-23 00:21:40,510 | POST http://testserver/shorten | UA: testclient | IP: testclient
2026-07-23 00:21:40,510 | POST http://testserver/shorten | UA: testclient | IP: testclient
2026-07-23 00:23:24,120 | POST http://testserver/shorten | UA: testclient | IP: testclient
2026-07-23 00:23:24,120 | POST http://testserver/shorten | UA: testclient | IP: testclient
2026-07-23 00:23:24,124 | GET http://testserver/redirect?code=3ggFij | UA: testclient | IP: testclient
2026-07-23 00:23:24,124 | GET http://testserver/redirect?code=3ggFij | UA: testclient | IP: testclient
2026-07-23 00:23:24,132 | POST http://testserver/shorten | UA: testclient | IP: testclient
2026-07-23 00:23:24,132 | POST http://testserver/shorten | UA: testclient | IP: testclient
2026-07-23 00:23:24,135 | DELETE http://testserver/urls/XBl4Ah | UA: testclient | IP: testclient
2026-07-23 00:23:24,135 | DELETE http://testserver/urls/XBl4Ah | UA: testclient | IP: testclient
2026-07-23 00:23:24,137 | GET http://testserver/redirect?code=XBl4Ah | UA: testclient | IP: testclient
2026-07-23 00:23:24,137 | GET http://testserver/redirect?code=XBl4Ah | UA: testclient | IP: testclient
2026-07-23 00:23:24,140 | DELETE http://testserver/urls/nonexistent123 | UA: testclient | IP: testclient
2026-07-23 00:23:24,140 | DELETE http://testserver/urls/nonexistent123 | UA: testclient | IP: testclient
2026-07-23 00:23:24,143 | GET http://testserver/redirect?code=nonexistent123 | UA: testclient | IP: testclient
2026-07-23 00:23:24,143 | GET http://testserver/redirect?code=nonexistent123 | UA: testclient | IP: testclient
2026-07-23 00:23:24,146 | POST http://testserver/shorten | UA: testclient | IP: testclient
2026-07-23 00:23:24,146 | POST http://testserver/shorten | UA: testclient | IP: testclient
2026-07-23 00:23:24,149 | GET http://testserver/redirect?code=r6rTI5 | UA: testclient | IP: testclient
2026-07-23 00:23:24,149 | GET http://testserver/redirect?code=r6rTI5 | UA: testclient | IP: testclient
2026-07-23 00:23:24,151 | GET http://testserver/redirect?code=r6rTI5 | UA: testclient | IP: testclient
2026-07-23 00:23:24,151 | GET http://testserver/redirect?code=r6rTI5 | UA: testclient | IP: testclient
2026-07-23 00:23:24,153 | POST http://testserver/shorten | UA: testclient | IP: testclient
2026-07-23 00:23:24,153 | POST http://testserver/shorten | UA: testclient | IP: testclient
2026-07-23 00:23:24,156 | GET http://testserver/redirect?code=Y5JswX | UA: testclient | IP: testclient
2026-07-23 00:23:24,156 | GET http://testserver/redirect?code=Y5JswX | UA: testclient | IP: testclient
2026-07-23 00:23:24,159 | POST http://testserver/shorten | UA: testclient | IP: testclient
2026-07-23 00:23:24,159 | POST http://testserver/shorten | UA: testclient | IP: testclient
2026-07-23 00:23:24,161 | POST http://testserver/shorten | UA: testclient | IP: testclient
2026-07-23 00:23:24,161 | POST http://testserver/shorten | UA: testclient | IP: testclient
2026-07-23 00:23:24,163 | GET http://testserver/redirect?code=qfNV2Z | UA: testclient | IP: testclient
2026-07-23 00:23:24,163 | GET http://testserver/redirect?code=qfNV2Z | UA: testclient | IP: testclient
2026-07-23 00:23:24,165 | GET http://testserver/redirect?code=6GcSIp | UA: testclient | IP: testclient
2026-07-23 00:23:24,165 | GET http://testserver/redirect?code=6GcSIp | UA: testclient | IP: testclient
2026-07-23 00:23:24,167 | GET http://testserver/redirect?code=qfNV2Z | UA: testclient | IP: testclient
2026-07-23 00:23:24,167 | GET http://testserver/redirect?code=qfNV2Z | UA: testclient | IP: testclient
2026-07-23 00:23:24,171 | POST http://testserver/shorten | UA: testclient | IP: testclient
2026-07-23 00:23:24,171 | POST http://testserver/shorten | UA: testclient | IP: testclient
2026-07-23 00:23:24,173 | POST http://testserver/shorten | UA: testclient | IP: testclient
2026-07-23 00:23:24,173 | POST http://testserver/shorten | UA: testclient | IP: testclient
2026-07-23 00:23:24,176 | POST http://testserver/shorten | UA: testclient | IP: testclient
2026-07-23 00:23:24,176 | POST http://testserver/shorten | UA: testclient | IP: testclient
2026-07-23 00:23:24,179 | DELETE http://testserver/urls/PIYt3P | UA: testclient | IP: testclient
2026-07-23 00:23:24,179 | DELETE http://testserver/urls/PIYt3P | UA: testclient | IP: testclient
2026-07-23 00:23:24,180 | GET http://testserver/redirect?code=PIYt3P | UA: testclient | IP: testclient
2026-07-23 00:23:24,180 | GET http://testserver/redirect?code=PIYt3P | UA: testclient | IP: testclient
2026-07-23 00:23:24,184 | POST http://testserver/shorten | UA: testclient | IP: testclient
2026-07-23 00:23:24,184 | POST http://testserver/shorten | UA: testclient | IP: testclient
2026-07-23 00:23:24,187 | POST http://testserver/shorten | UA: testclient | IP: testclient
2026-07-23 00:23:24,187 | POST http://testserver/shorten | UA: testclient | IP: testclient
2026-07-23 00:23:24,189 | POST http://testserver/shorten | UA: testclient | IP: testclient
2026-07-23 00:23:24,189 | POST http://testserver/shorten | UA: testclient | IP: testclient
2026-07-23 00:23:24,192 | POST http://testserver/shorten | UA: testclient | IP: testclient
2026-07-23 00:23:24,192 | POST http://testserver/shorten | UA: testclient | IP: testclient
2026-07-23 00:23:24,194 | DELETE http://testserver/urls/3oaOIv | UA: testclient | IP: testclient
2026-07-23 00:23:24,194 | DELETE http://testserver/urls/3oaOIv | UA: testclient | IP: testclient
2026-07-23 00:23:24,196 | GET http://testserver/redirect?code=3oaOIv | UA: testclient | IP: testclient
2026-07-23 00:23:24,196 | GET http://testserver/redirect?code=3oaOIv | UA: testclient | IP: testclient
2026-07-23 00:23:24,200 | POST http://testserver/shorten | UA: testclient | IP: testclient
2026-07-23 00:23:24,200 | POST http://testserver/shorten | UA: testclient | IP: testclient
2026-07-23 00:23:24,201 | DELETE http://testserver/urls/0x5wcp | UA: testclient | IP: testclient
2026-07-23 00:23:24,201 | DELETE http://testserver/urls/0x5wcp | UA: testclient | IP: testclient
2026-07-23 00:23:24,203 | GET http://testserver/redirect?code=0x5wcp | UA: testclient | IP: testclient
2026-07-23 00:23:24,203 | GET http://testserver/redirect?code=0x5wcp | UA: testclient | IP: testclient
2026-07-23 00:23:24,207 | POST http://testserver/shorten | UA: testclient | IP: testclient
2026-07-23 00:23:24,207 | POST http://testserver/shorten | UA: testclient | IP: testclient
2026-07-23 00:23:24,211 | POST http://testserver/shorten | UA: testclient | IP: testclient
2026-07-23 00:23:24,211 | POST http://testserver/shorten | UA: testclient | IP: testclient
2026-07-23 00:23:24,213 | DELETE http://testserver/urls/Cm2IEN | UA: testclient | IP: testclient
2026-07-23 00:23:24,213 | DELETE http://testserver/urls/Cm2IEN | UA: testclient | IP: testclient
2026-07-23 00:23:24,217 | POST http://testserver/shorten | UA: testclient | IP: testclient
2026-07-23 00:23:24,217 | POST http://testserver/shorten | UA: testclient | IP: testclient
2026-07-23 00:23:24,219 | GET http://testserver/redirect?code=zUKfl1 | UA: testclient | IP: testclient
2026-07-23 00:23:24,219 | GET http://testserver/redirect?code=zUKfl1 | UA: testclient | IP: testclient
2026-07-23 00:23:24,223 | POST http://testserver/shorten | UA: testclient | IP: testclient
2026-07-23 00:23:24,223 | POST http://testserver/shorten | UA: testclient | IP: testclient
2026-07-23 00:23:24,226 | GET http://testserver/redirect?code=mi4X7x | UA: testclient | IP: testclient
2026-07-23 00:23:24,226 | GET http://testserver/redirect?code=mi4X7x | UA: testclient | IP: testclient
2026-07-23 00:23:24,229 | POST http://testserver/shorten | UA: testclient | IP: testclient
2026-07-23 00:23:24,229 | POST http://testserver/shorten | UA: testclient | IP: testclient
2026-07-23 00:23:24,231 | GET http://testserver/redirect?code=y0f5qT | UA: testclient | IP: testclient
2026-07-23 00:23:24,231 | GET http://testserver/redirect?code=y0f5qT | UA: testclient | IP: testclient
2026-07-23 00:23:24,233 | POST http://testserver/shorten | UA: testclient | IP: testclient
2026-07-23 00:23:24,233 | POST http://testserver/shorten | UA: testclient | IP: testclient
2026-07-23 00:23:24,236 | POST http://testserver/shorten | UA: testclient | IP: testclient
2026-07-23 00:23:24,236 | POST http://testserver/shorten | UA: testclient | IP: testclient
2026-07-23 00:23:24,238 | GET http://testserver/redirect?code=zBcnY0 | UA: testclient | IP: testclient
2026-07-23 00:23:24,238 | GET http://testserver/redirect?code=zBcnY0 | UA: testclient | IP: testclient
2026-07-23 00:23:24,242 | POST http://testserver/shorten | UA: testclient | IP: testclient
2026-07-23 00:23:24,242 | POST http://testserver/shorten | UA: testclient | IP: testclient
2026-07-23 00:23:24,244 | GET http://testserver/redirect?code=my-article-1ff3dc7e | UA: testclient | IP: testclient
2026-07-23 00:23:24,244 | GET http://testserver/redirect?code=my-article-1ff3dc7e | UA: testclient | IP: testclient
2026-07-23 00:23:24,247 | POST http://testserver/shorten | UA: testclient | IP: testclient
2026-07-23 00:23:24,247 | POST http://testserver/shorten | UA: testclient | IP: testclient
2026-07-23 00:23:24,249 | POST http://testserver/shorten | UA: testclient | IP: testclient
2026-07-23 00:23:24,249 | POST http://testserver/shorten | UA: testclient | IP: testclient
2026-07-23 00:23:24,252 | POST http://testserver/shorten | UA: testclient | IP: testclient
2026-07-23 00:23:24,252 | POST http://testserver/shorten | UA: testclient | IP: testclient
2026-07-23 00:23:24,255 | DELETE http://testserver/urls/dead-326515d9 | UA: testclient | IP: testclient
2026-07-23 00:23:24,255 | DELETE http://testserver/urls/dead-326515d9 | UA: testclient | IP: testclient
2026-07-23 00:23:24,256 | POST http://testserver/shorten | UA: testclient | IP: testclient
2026-07-23 00:23:24,256 | POST http://testserver/shorten | UA: testclient | IP: testclient
2026-07-23 00:23:24,259 | POST http://testserver/shorten | UA: testclient | IP: testclient
2026-07-23 00:23:24,259 | POST http://testserver/shorten | UA: testclient | IP: testclient
2026-07-23 00:23:24,264 | POST http://testserver/shorten/batch | UA: testclient | IP: testclient
2026-07-23 00:23:24,264 | POST http://testserver/shorten/batch | UA: testclient | IP: testclient
2026-07-23 00:23:24,266 | GET http://testserver/redirect?code=drK5TX | UA: testclient | IP: testclient
2026-07-23 00:23:24,266 | GET http://testserver/redirect?code=drK5TX | UA: testclient | IP: testclient
2026-07-23 00:23:24,268 | GET http://testserver/redirect?code=UTZ7Wt | UA: testclient | IP: testclient
2026-07-23 00:23:24,268 | GET http://testserver/redirect?code=UTZ7Wt | UA: testclient | IP: testclient
2026-07-23 00:23:24,270 | GET http://testserver/redirect?code=KhKwhx | UA: testclient | IP: testclient
2026-07-23 00:23:24,270 | GET http://testserver/redirect?code=KhKwhx | UA: testclient | IP: testclient
2026-07-23 00:23:24,273 | POST http://testserver/shorten | UA: testclient | IP: testclient
2026-07-23 00:23:24,273 | POST http://testserver/shorten | UA: testclient | IP: testclient
2026-07-23 00:23:24,277 | POST http://testserver/shorten/batch | UA: testclient | IP: testclient
2026-07-23 00:23:24,277 | POST http://testserver/shorten/batch | UA: testclient | IP: testclient
2026-07-23 00:23:24,320 | POST http://testserver/shorten/batch | UA: testclient | IP: testclient
2026-07-23 00:23:24,320 | POST http://testserver/shorten/batch | UA: testclient | IP: testclient
2026-07-23 00:23:24,322 | POST http://testserver/shorten/batch | UA: testclient | IP: testclient
2026-07-23 00:23:24,322 | POST http://testserver/shorten/batch | UA: testclient | IP: testclient
2026-07-23 00:23:24,333 | POST http://testserver/shorten/batch | UA: testclient | IP: testclient
2026-07-23 00:23:24,333 | POST http://testserver/shorten/batch | UA: testclient | IP: testclient
2026-07-23 00:23:24,337 | POST http://testserver/shorten/batch | UA: testclient | IP: testclient
2026-07-23 00:23:24,337 | POST http://testserver/shorten/batch | UA: testclient | IP: testclient
2026-07-23 00:23:24,340 | POST http://testserver/shorten | UA: testclient | IP: testclient
2026-07-23 00:23:24,340 | POST http://testserver/shorten | UA: testclient | IP: testclient
2026-07-23 00:23:24,343 | PUT http://testserver/urls/PAFzFK | UA: testclient | IP: testclient
2026-07-23 00:23:24,343 | PUT http://testserver/urls/PAFzFK | UA: testclient | IP: testclient
2026-07-23 00:23:24,345 | GET http://testserver/redirect?code=PAFzFK | UA: testclient | IP: testclient
2026-07-23 00:23:24,345 | GET http://testserver/redirect?code=PAFzFK | UA: testclient | IP: testclient
2026-07-23 00:23:24,349 | POST http://testserver/shorten | UA: testclient | IP: testclient
2026-07-23 00:23:24,349 | POST http://testserver/shorten | UA: testclient | IP: testclient
2026-07-23 00:23:24,352 | PUT http://testserver/urls/bVamcg | UA: testclient | IP: testclient
2026-07-23 00:23:24,352 | PUT http://testserver/urls/bVamcg | UA: testclient | IP: testclient
2026-07-23 00:23:24,356 | POST http://testserver/shorten | UA: testclient | IP: testclient
2026-07-23 00:23:24,356 | POST http://testserver/shorten | UA: testclient | IP: testclient
2026-07-23 00:23:24,359 | PUT http://testserver/urls/CUXf3f | UA: testclient | IP: testclient
2026-07-23 00:23:24,359 | PUT http://testserver/urls/CUXf3f | UA: testclient | IP: testclient
2026-07-23 00:23:24,360 | GET http://testserver/redirect?code=CUXf3f | UA: testclient | IP: testclient
2026-07-23 00:23:24,360 | GET http://testserver/redirect?code=CUXf3f | UA: testclient | IP: testclient
2026-07-23 00:23:24,364 | POST http://testserver/shorten | UA: testclient | IP: testclient
2026-07-23 00:23:24,364 | POST http://testserver/shorten | UA: testclient | IP: testclient
2026-07-23 00:23:24,366 | GET http://testserver/redirect?code=3r1nmG | UA: testclient | IP: testclient
2026-07-23 00:23:24,366 | GET http://testserver/redirect?code=3r1nmG | UA: testclient | IP: testclient
2026-07-23 00:23:24,369 | PUT http://testserver/urls/3r1nmG | UA: testclient | IP: testclient
2026-07-23 00:23:24,369 | PUT http://testserver/urls/3r1nmG | UA: testclient | IP: testclient
2026-07-23 00:23:24,371 | GET http://testserver/redirect?code=3r1nmG | UA: testclient | IP: testclient
2026-07-23 00:23:24,371 | GET http://testserver/redirect?code=3r1nmG | UA: testclient | IP: testclient
2026-07-23 00:23:24,375 | POST http://testserver/shorten | UA: testclient | IP: testclient
2026-07-23 00:23:24,375 | POST http://testserver/shorten | UA: testclient | IP: testclient
2026-07-23 00:23:24,379 | PUT http://testserver/urls/PiYcEs | UA: testclient | IP: testclient
2026-07-23 00:23:24,379 | PUT http://testserver/urls/PiYcEs | UA: testclient | IP: testclient
2026-07-23 00:23:24,381 | GET http://testserver/redirect?code=PiYcEs | UA: testclient | IP: testclient
2026-07-23 00:23:24,381 | GET http://testserver/redirect?code=PiYcEs | UA: testclient | IP: testclient
2026-07-23 00:23:24,385 | POST http://testserver/shorten | UA: testclient | IP: testclient
2026-07-23 00:23:24,385 | POST http://testserver/shorten | UA: testclient | IP: testclient
2026-07-23 00:23:24,387 | PUT http://testserver/urls/ZptFF2 | UA: testclient | IP: testclient
2026-07-23 00:23:24,387 | PUT http://testserver/urls/ZptFF2 | UA: testclient | IP: testclient
2026-07-23 00:23:24,391 | POST http://testserver/shorten | UA: testclient | IP: testclient
2026-07-23 00:23:24,391 | POST http://testserver/shorten | UA: testclient | IP: testclient
2026-07-23 00:23:24,394 | PUT http://testserver/urls/nonexistent123 | UA: testclient | IP: testclient
2026-07-23 00:23:24,394 | PUT http://testserver/urls/nonexistent123 | UA: testclient | IP: testclient
2026-07-23 00:23:24,398 | POST http://testserver/shorten | UA: testclient | IP: testclient
2026-07-23 00:23:24,398 | POST http://testserver/shorten | UA: testclient | IP: testclient
2026-07-23 00:23:24,401 | DELETE http://testserver/urls/58sLnC | UA: testclient | IP: testclient
2026-07-23 00:23:24,401 | DELETE http://testserver/urls/58sLnC | UA: testclient | IP: testclient
2026-07-23 00:23:24,403 | PUT http://testserver/urls/58sLnC | UA: testclient | IP: testclient
2026-07-23 00:23:24,403 | PUT http://testserver/urls/58sLnC | UA: testclient | IP: testclient
2026-07-23 00:23:24,406 | POST http://testserver/shorten | UA: testclient | IP: testclient
2026-07-23 00:23:24,406 | POST http://testserver/shorten | UA: testclient | IP: testclient
2026-07-23 00:23:24,408 | PUT http://testserver/urls/EB1kX7 | UA: testclient | IP: testclient
2026-07-23 00:23:24,408 | PUT http://testserver/urls/EB1kX7 | UA: testclient | IP: testclient
2026-07-23 00:23:24,411 | POST http://testserver/shorten | UA: testclient | IP: testclient
2026-07-23 00:23:24,411 | POST http://testserver/shorten | UA: testclient | IP: testclient
2026-07-23 00:23:24,413 | GET http://testserver/redirect?code=M7cYS7 | UA: testclient | IP: testclient
2026-07-23 00:23:24,413 | GET http://testserver/redirect?code=M7cYS7 | UA: testclient | IP: testclient
2026-07-23 00:23:24,415 | POST http://testserver/shorten | UA: testclient | IP: testclient
2026-07-23 00:23:24,415 | POST http://testserver/shorten | UA: testclient | IP: testclient
2026-07-23 00:23:24,419 | POST http://testserver/shorten | UA: testclient | IP: testclient
2026-07-23 00:23:24,419 | POST http://testserver/shorten | UA: testclient | IP: testclient
2026-07-23 00:23:24,420 | PUT http://testserver/urls/8mDG5j | UA: testclient | IP: testclient
2026-07-23 00:23:24,420 | PUT http://testserver/urls/8mDG5j | UA: testclient | IP: testclient
2026-07-23 00:23:24,423 | POST http://testserver/shorten | UA: testclient | IP: testclient
2026-07-23 00:23:24,423 | POST http://testserver/shorten | UA: testclient | IP: testclient
2026-07-23 00:23:24,599 | PUT http://testserver/urls/CJGAgf | UA: testclient | IP: testclient
2026-07-23 00:23:24,599 | PUT http://testserver/urls/CJGAgf | UA: testclient | IP: testclient
2026-07-23 00:23:24,601 | GET http://testserver/redirect?code=CJGAgf | UA: testclient | IP: testclient
2026-07-23 00:23:24,601 | GET http://testserver/redirect?code=CJGAgf | UA: testclient | IP: testclient
2026-07-23 00:23:24,789 | POST http://testserver/shorten | UA: testclient | IP: testclient
2026-07-23 00:23:24,789 | POST http://testserver/shorten | UA: testclient | IP: testclient
2026-07-23 00:23:24,963 | GET http://testserver/redirect?code=YjIL6D&password=secret1 | UA: testclient | IP: testclient
2026-07-23 00:23:24,963 | GET http://testserver/redirect?code=YjIL6D&password=secret1 | UA: testclient | IP: testclient
2026-07-23 00:23:25,136 | POST http://testserver/shorten | UA: testclient | IP: testclient
2026-07-23 00:23:25,136 | POST http://testserver/shorten | UA: testclient | IP: testclient
2026-07-23 00:23:25,305 | GET http://testserver/redirect?code=te9vYj&password=wrongpass | UA: testclient | IP: testclient
2026-07-23 00:23:25,305 | GET http://testserver/redirect?code=te9vYj&password=wrongpass | UA: testclient | IP: testclient
2026-07-23 00:23:25,478 | POST http://testserver/shorten | UA: testclient | IP: testclient
2026-07-23 00:23:25,478 | POST http://testserver/shorten | UA: testclient | IP: testclient
2026-07-23 00:23:25,480 | DELETE http://testserver/urls/kuTMyC | UA: testclient | IP: testclient
2026-07-23 00:23:25,480 | DELETE http://testserver/urls/kuTMyC | UA: testclient | IP: testclient
2026-07-23 00:23:25,482 | GET http://testserver/redirect?code=kuTMyC | UA: testclient | IP: testclient
2026-07-23 00:23:25,482 | GET http://testserver/redirect?code=kuTMyC | UA: testclient | IP: testclient
2026-07-23 00:23:25,654 | POST http://testserver/shorten | UA: testclient | IP: testclient
2026-07-23 00:23:25,654 | POST http://testserver/shorten | UA: testclient | IP: testclient
2026-07-23 00:23:25,656 | GET http://testserver/redirect?code=tEleI8 | UA: testclient | IP: testclient
2026-07-23 00:23:25,656 | GET http://testserver/redirect?code=tEleI8 | UA: testclient | IP: testclient
2026-07-23 00:23:25,660 | POST http://testserver/shorten | UA: testclient | IP: testclient
2026-07-23 00:23:25,660 | POST http://testserver/shorten | UA: testclient | IP: testclient
2026-07-23 00:23:25,662 | GET http://testserver/redirect?code=yreYaJ | UA: testclient | IP: testclient
2026-07-23 00:23:25,662 | GET http://testserver/redirect?code=yreYaJ | UA: testclient | IP: testclient
2026-07-23 00:23:25,832 | PUT http://testserver/urls/yreYaJ | UA: testclient | IP: testclient
2026-07-23 00:23:25,832 | PUT http://testserver/urls/yreYaJ | UA: testclient | IP: testclient
2026-07-23 00:23:25,834 | GET http://testserver/redirect?code=yreYaJ | UA: testclient | IP: testclient
2026-07-23 00:23:25,834 | GET http://testserver/redirect?code=yreYaJ | UA: testclient | IP: testclient
2026-07-23 00:23:26,008 | POST http://testserver/shorten | UA: testclient | IP: testclient
2026-07-23 00:23:26,008 | POST http://testserver/shorten | UA: testclient | IP: testclient
2026-07-23 00:23:26,009 | GET http://testserver/redirect?code=s4AYe1 | UA: testclient | IP: testclient
2026-07-23 00:23:26,009 | GET http://testserver/redirect?code=s4AYe1 | UA: testclient | IP: testclient
2026-07-23 00:23:26,012 | PUT http://testserver/urls/s4AYe1 | UA: testclient | IP: testclient
2026-07-23 00:23:26,012 | PUT http://testserver/urls/s4AYe1 | UA: testclient | IP: testclient
2026-07-23 00:23:26,014 | GET http://testserver/redirect?code=s4AYe1 | UA: testclient | IP: testclient
2026-07-23 00:23:26,014 | GET http://testserver/redirect?code=s4AYe1 | UA: testclient | IP: testclient
2026-07-23 00:23:26,016 | POST http://testserver/shorten | UA: testclient | IP: testclient
2026-07-23 00:23:26,016 | POST http://testserver/shorten | UA: testclient | IP: testclient
2026-07-23 00:23:26,018 | POST http://testserver/shorten | UA: testclient | IP: testclient
2026-07-23 00:23:26,018 | POST http://testserver/shorten | UA: testclient | IP: testclient
2026-07-23 00:23:26,020 | POST http://testserver/shorten | UA: testclient | IP: testclient
2026-07-23 00:23:26,020 | POST http://testserver/shorten | UA: testclient | IP: testclient
2026-07-23 00:23:26,021 | GET http://testserver/redirect | UA: testclient | IP: testclient
2026-07-23 00:23:26,021 | GET http://testserver/redirect | UA: testclient | IP: testclient
2026-07-23 00:23:26,024 | GET http://testserver/redirect?code= | UA: testclient | IP: testclient
2026-07-23 00:23:26,024 | GET http://testserver/redirect?code= | UA: testclient | IP: testclient
2026-07-23 00:23:26,027 | POST http://testserver/shorten | UA: testclient | IP: testclient
2026-07-23 00:23:26,027 | POST http://testserver/shorten | UA: testclient | IP: testclient
2026-07-23 00:23:26,030 | POST http://testserver/shorten | UA: testclient | IP: testclient
2026-07-23 00:23:26,030 | POST http://testserver/shorten | UA: testclient | IP: testclient
2026-07-23 00:23:26,031 | GET http://testserver/redirect?code=0VVUX0 | UA: testclient | IP: testclient
2026-07-23 00:23:26,031 | GET http://testserver/redirect?code=0VVUX0 | UA: testclient | IP: testclient
2026-07-23 00:23:26,036 | POST http://testserver/shorten | UA: testclient | IP: testclient
2026-07-23 00:23:26,036 | POST http://testserver/shorten | UA: testclient | IP: testclient
2026-07-23 00:23:26,038 | POST http://testserver/shorten | UA: testclient | IP: testclient
2026-07-23 00:23:26,038 | POST http://testserver/shorten | UA: testclient | IP: testclient
2026-07-23 00:23:26,046 | GET http://testserver/urls | UA: testclient | IP: testclient
2026-07-23 00:23:26,046 | GET http://testserver/urls | UA: testclient | IP: testclient
2026-07-23 00:23:26,226 | POST http://testserver/shorten | UA: testclient | IP: testclient
2026-07-23 00:23:26,226 | POST http://testserver/shorten | UA: testclient | IP: testclient
2026-07-23 00:23:26,229 | GET http://testserver/urls | UA: testclient | IP: testclient
2026-07-23 00:23:26,229 | GET http://testserver/urls | UA: testclient | IP: testclient
2026-07-23 00:23:26,232 | POST http://testserver/shorten | UA: testclient | IP: testclient
2026-07-23 00:23:26,232 | POST http://testserver/shorten | UA: testclient | IP: testclient
2026-07-23 00:23:26,235 | POST http://testserver/shorten | UA: testclient | IP: testclient
2026-07-23 00:23:26,235 | POST http://testserver/shorten | UA: testclient | IP: testclient
2026-07-23 00:23:26,237 | POST http://testserver/shorten | UA: testclient | IP: testclient
2026-07-23 00:23:26,237 | POST http://testserver/shorten | UA: testclient | IP: testclient
2026-07-23 00:23:26,239 | POST http://testserver/shorten | UA: testclient | IP: testclient
2026-07-23 00:23:26,239 | POST http://testserver/shorten | UA: testclient | IP: testclient
2026-07-23 00:23:26,242 | POST http://testserver/shorten | UA: testclient | IP: testclient
2026-07-23 00:23:26,242 | POST http://testserver/shorten | UA: testclient | IP: testclient
2026-07-23 00:23:26,244 | GET http://testserver/urls?page=1&size=2 | UA: testclient | IP: testclient
2026-07-23 00:23:26,244 | GET http://testserver/urls?page=1&size=2 | UA: testclient | IP: testclient
2026-07-23 00:23:26,248 | POST http://testserver/shorten | UA: testclient | IP: testclient
2026-07-23 00:23:26,248 | POST http://testserver/shorten | UA: testclient | IP: testclient
2026-07-23 00:23:26,250 | POST http://testserver/shorten | UA: testclient | IP: testclient
2026-07-23 00:23:26,250 | POST http://testserver/shorten | UA: testclient | IP: testclient
2026-07-23 00:23:26,252 | POST http://testserver/shorten | UA: testclient | IP: testclient
2026-07-23 00:23:26,252 | POST http://testserver/shorten | UA: testclient | IP: testclient
2026-07-23 00:23:26,254 | POST http://testserver/shorten | UA: testclient | IP: testclient
2026-07-23 00:23:26,254 | POST http://testserver/shorten | UA: testclient | IP: testclient
2026-07-23 00:23:26,257 | POST http://testserver/shorten | UA: testclient | IP: testclient
2026-07-23 00:23:26,257 | POST http://testserver/shorten | UA: testclient | IP: testclient
2026-07-23 00:23:26,259 | GET http://testserver/urls?page=1&size=2 | UA: testclient | IP: testclient
2026-07-23 00:23:26,259 | GET http://testserver/urls?page=1&size=2 | UA: testclient | IP: testclient
2026-07-23 00:23:26,262 | GET http://testserver/urls?page=2&size=2 | UA: testclient | IP: testclient
2026-07-23 00:23:26,262 | GET http://testserver/urls?page=2&size=2 | UA: testclient | IP: testclient
2026-07-23 00:23:26,265 | POST http://testserver/shorten | UA: testclient | IP: testclient
2026-07-23 00:23:26,265 | POST http://testserver/shorten | UA: testclient | IP: testclient
2026-07-23 00:23:26,267 | POST http://testserver/shorten | UA: testclient | IP: testclient
2026-07-23 00:23:26,267 | POST http://testserver/shorten | UA: testclient | IP: testclient
2026-07-23 00:23:26,269 | POST http://testserver/shorten | UA: testclient | IP: testclient
2026-07-23 00:23:26,269 | POST http://testserver/shorten | UA: testclient | IP: testclient
2026-07-23 00:23:26,272 | GET http://testserver/urls?page=1&size=1 | UA: testclient | IP: testclient
2026-07-23 00:23:26,272 | GET http://testserver/urls?page=1&size=1 | UA: testclient | IP: testclient
2026-07-23 00:23:26,275 | GET http://testserver/urls | UA: testclient | IP: testclient
2026-07-23 00:23:26,275 | GET http://testserver/urls | UA: testclient | IP: testclient
2026-07-23 00:23:26,277 | GET http://testserver/health | UA: testclient | IP: testclient
2026-07-23 00:23:26,277 | GET http://testserver/health | UA: testclient | IP: testclient
2026-07-23 00:23:26,278 | GET http://testserver/health | UA: testclient | IP: testclient
2026-07-23 00:23:26,278 | GET http://testserver/health | UA: testclient | IP: testclient
2026-07-23 00:23:26,280 | GET http://testserver/health | UA: testclient | IP: testclient
2026-07-23 00:23:26,280 | GET http://testserver/health | UA: testclient | IP: testclient
2026-07-23 00:23:26,282 | GET http://testserver/health | UA: testclient | IP: testclient
2026-07-23 00:23:26,282 | GET http://testserver/health | UA: testclient | IP: testclient
2026-07-23 00:23:26,283 | GET http://testserver/health | UA: testclient | IP: testclient
2026-07-23 00:23:26,283 | GET http://testserver/health | UA: testclient | IP: testclient
2026-07-23 00:23:26,287 | POST http://testserver/shorten | UA: testclient | IP: testclient
2026-07-23 00:23:26,287 | POST http://testserver/shorten | UA: testclient | IP: testclient
2026-07-23 00:23:26,289 | GET http://testserver/redirect?code=mgD4Lg | UA: testclient | IP: testclient
2026-07-23 00:23:26,289 | GET http://testserver/redirect?code=mgD4Lg | UA: testclient | IP: testclient
2026-07-23 00:23:26,291 | POST http://testserver/shorten | UA: testclient | IP: testclient
2026-07-23 00:23:26,291 | POST http://testserver/shorten | UA: testclient | IP: testclient
2026-07-23 00:23:26,293 | POST http://testserver/shorten | UA: testclient | IP: testclient
2026-07-23 00:23:26,293 | POST http://testserver/shorten | UA: testclient | IP: testclient
2026-07-23 00:23:26,298 | GET http://testserver/urls | UA: testclient | IP: testclient
2026-07-23 00:23:26,298 | GET http://testserver/urls | UA: testclient | IP: testclient
2026-07-23 00:23:43,185 | GET http://testserver/health | UA: testclient | IP: testclient
2026-07-23 00:23:43,185 | GET http://testserver/health | UA: testclient | IP: testclient
2026-07-23 00:23:43,191 | POST http://testserver/shorten | UA: testclient | IP: testclient
2026-07-23 00:23:43,191 | POST http://testserver/shorten | UA: testclient | IP: testclient
2026-07-23 00:23:43,194 | GET http://testserver/redirect?code=4CaHS5 | UA: testclient | IP: testclient
2026-07-23 00:23:43,194 | GET http://testserver/redirect?code=4CaHS5 | UA: testclient | IP: testclient
2026-07-23 00:23:43,198 | POST http://testserver/shorten | UA: testclient | IP: testclient
2026-07-23 00:23:43,198 | POST http://testserver/shorten | UA: testclient | IP: testclient
2026-07-23 00:23:43,200 | POST http://testserver/shorten | UA: testclient | IP: testclient
2026-07-23 00:23:43,200 | POST http://testserver/shorten | UA: testclient | IP: testclient
2026-07-23 00:23:43,212 | GET http://testserver/urls | UA: testclient | IP: testclient
2026-07-23 00:23:43,212 | GET http://testserver/urls | UA: testclient | IP: testclient
2026-07-23 00:23:51,176 | POST http://testserver/shorten | UA: testclient | IP: testclient
2026-07-23 00:23:51,176 | POST http://testserver/shorten | UA: testclient | IP: testclient
2026-07-23 00:23:51,179 | GET http://testserver/redirect?code=nCPzQ4 | UA: testclient | IP: testclient
2026-07-23 00:23:51,179 | GET http://testserver/redirect?code=nCPzQ4 | UA: testclient | IP: testclient
2026-07-23 00:23:51,184 | POST http://testserver/shorten | UA: testclient | IP: testclient
2026-07-23 00:23:51,184 | POST http://testserver/shorten | UA: testclient | IP: testclient
2026-07-23 00:23:51,187 | DELETE http://testserver/urls/LEBF4M | UA: testclient | IP: testclient
2026-07-23 00:23:51,187 | DELETE http://testserver/urls/LEBF4M | UA: testclient | IP: testclient
2026-07-23 00:23:51,188 | GET http://testserver/redirect?code=LEBF4M | UA: testclient | IP: testclient
2026-07-23 00:23:51,188 | GET http://testserver/redirect?code=LEBF4M | UA: testclient | IP: testclient
2026-07-23 00:23:51,191 | DELETE http://testserver/urls/nonexistent123 | UA: testclient | IP: testclient
2026-07-23 00:23:51,191 | DELETE http://testserver/urls/nonexistent123 | UA: testclient | IP: testclient
2026-07-23 00:23:51,193 | GET http://testserver/redirect?code=nonexistent123 | UA: testclient | IP: testclient
2026-07-23 00:23:51,193 | GET http://testserver/redirect?code=nonexistent123 | UA: testclient | IP: testclient
2026-07-23 00:23:51,196 | POST http://testserver/shorten | UA: testclient | IP: testclient
2026-07-23 00:23:51,196 | POST http://testserver/shorten | UA: testclient | IP: testclient
2026-07-23 00:23:51,199 | GET http://testserver/redirect?code=vPrcXj | UA: testclient | IP: testclient
2026-07-23 00:23:51,199 | GET http://testserver/redirect?code=vPrcXj | UA: testclient | IP: testclient
2026-07-23 00:23:51,201 | GET http://testserver/redirect?code=vPrcXj | UA: testclient | IP: testclient
2026-07-23 00:23:51,201 | GET http://testserver/redirect?code=vPrcXj | UA: testclient | IP: testclient
2026-07-23 00:23:51,204 | POST http://testserver/shorten | UA: testclient | IP: testclient
2026-07-23 00:23:51,204 | POST http://testserver/shorten | UA: testclient | IP: testclient
2026-07-23 00:23:51,206 | GET http://testserver/redirect?code=huaAWi | UA: testclient | IP: testclient
2026-07-23 00:23:51,206 | GET http://testserver/redirect?code=huaAWi | UA: testclient | IP: testclient
2026-07-23 00:23:51,209 | POST http://testserver/shorten | UA: testclient | IP: testclient
2026-07-23 00:23:51,209 | POST http://testserver/shorten | UA: testclient | IP: testclient
2026-07-23 00:23:51,212 | POST http://testserver/shorten | UA: testclient | IP: testclient
2026-07-23 00:23:51,212 | POST http://testserver/shorten | UA: testclient | IP: testclient
2026-07-23 00:23:51,213 | GET http://testserver/redirect?code=7bbrBM | UA: testclient | IP: testclient
2026-07-23 00:23:51,213 | GET http://testserver/redirect?code=7bbrBM | UA: testclient | IP: testclient
2026-07-23 00:23:51,216 | GET http://testserver/redirect?code=uKrsmY | UA: testclient | IP: testclient
2026-07-23 00:23:51,216 | GET http://testserver/redirect?code=uKrsmY | UA: testclient | IP: testclient
2026-07-23 00:23:51,218 | GET http://testserver/redirect?code=7bbrBM | UA: testclient | IP: testclient
2026-07-23 00:23:51,218 | GET http://testserver/redirect?code=7bbrBM | UA: testclient | IP: testclient
2026-07-23 00:23:51,221 | POST http://testserver/shorten | UA: testclient | IP: testclient
2026-07-23 00:23:51,221 | POST http://testserver/shorten | UA: testclient | IP: testclient
2026-07-23 00:23:51,224 | POST http://testserver/shorten | UA: testclient | IP: testclient
2026-07-23 00:23:51,224 | POST http://testserver/shorten | UA: testclient | IP: testclient
2026-07-23 00:23:51,227 | POST http://testserver/shorten | UA: testclient | IP: testclient
2026-07-23 00:23:51,227 | POST http://testserver/shorten | UA: testclient | IP: testclient
2026-07-23 00:23:51,230 | DELETE http://testserver/urls/9DqfR0 | UA: testclient | IP: testclient
2026-07-23 00:23:51,230 | DELETE http://testserver/urls/9DqfR0 | UA: testclient | IP: testclient
2026-07-23 00:23:51,231 | GET http://testserver/redirect?code=9DqfR0 | UA: testclient | IP: testclient
2026-07-23 00:23:51,231 | GET http://testserver/redirect?code=9DqfR0 | UA: testclient | IP: testclient
2026-07-23 00:23:51,235 | POST http://testserver/shorten | UA: testclient | IP: testclient
2026-07-23 00:23:51,235 | POST http://testserver/shorten | UA: testclient | IP: testclient
2026-07-23 00:23:51,238 | POST http://testserver/shorten | UA: testclient | IP: testclient
2026-07-23 00:23:51,238 | POST http://testserver/shorten | UA: testclient | IP: testclient
2026-07-23 00:23:51,240 | POST http://testserver/shorten | UA: testclient | IP: testclient
2026-07-23 00:23:51,240 | POST http://testserver/shorten | UA: testclient | IP: testclient
2026-07-23 00:23:51,244 | POST http://testserver/shorten | UA: testclient | IP: testclient
2026-07-23 00:23:51,244 | POST http://testserver/shorten | UA: testclient | IP: testclient
2026-07-23 00:23:51,248 | DELETE http://testserver/urls/xZNh0o | UA: testclient | IP: testclient
2026-07-23 00:23:51,248 | DELETE http://testserver/urls/xZNh0o | UA: testclient | IP: testclient
2026-07-23 00:23:51,249 | GET http://testserver/redirect?code=xZNh0o | UA: testclient | IP: testclient
2026-07-23 00:23:51,249 | GET http://testserver/redirect?code=xZNh0o | UA: testclient | IP: testclient
2026-07-23 00:23:51,253 | POST http://testserver/shorten | UA: testclient | IP: testclient
2026-07-23 00:23:51,253 | POST http://testserver/shorten | UA: testclient | IP: testclient
2026-07-23 00:23:51,255 | DELETE http://testserver/urls/l3q3Wt | UA: testclient | IP: testclient
2026-07-23 00:23:51,255 | DELETE http://testserver/urls/l3q3Wt | UA: testclient | IP: testclient
2026-07-23 00:23:51,257 | GET http://testserver/redirect?code=l3q3Wt | UA: testclient | IP: testclient
2026-07-23 00:23:51,257 | GET http://testserver/redirect?code=l3q3Wt | UA: testclient | IP: testclient
2026-07-23 00:23:51,260 | POST http://testserver/shorten | UA: testclient | IP: testclient
2026-07-23 00:23:51,260 | POST http://testserver/shorten | UA: testclient | IP: testclient
2026-07-23 00:23:51,264 | POST http://testserver/shorten | UA: testclient | IP: testclient
2026-07-23 00:23:51,264 | POST http://testserver/shorten | UA: testclient | IP: testclient
2026-07-23 00:23:51,266 | DELETE http://testserver/urls/7ReU4Q | UA: testclient | IP: testclient
2026-07-23 00:23:51,266 | DELETE http://testserver/urls/7ReU4Q | UA: testclient | IP: testclient
2026-07-23 00:23:51,269 | POST http://testserver/shorten | UA: testclient | IP: testclient
2026-07-23 00:23:51,269 | POST http://testserver/shorten | UA: testclient | IP: testclient
2026-07-23 00:23:51,272 | GET http://testserver/redirect?code=34iFYS | UA: testclient | IP: testclient
2026-07-23 00:23:51,272 | GET http://testserver/redirect?code=34iFYS | UA: testclient | IP: testclient
2026-07-23 00:23:51,276 | POST http://testserver/shorten | UA: testclient | IP: testclient
2026-07-23 00:23:51,276 | POST http://testserver/shorten | UA: testclient | IP: testclient
2026-07-23 00:23:51,278 | GET http://testserver/redirect?code=L8aLXB | UA: testclient | IP: testclient
2026-07-23 00:23:51,278 | GET http://testserver/redirect?code=L8aLXB | UA: testclient | IP: testclient
2026-07-23 00:23:51,281 | POST http://testserver/shorten | UA: testclient | IP: testclient
2026-07-23 00:23:51,281 | POST http://testserver/shorten | UA: testclient | IP: testclient
2026-07-23 00:23:51,283 | GET http://testserver/redirect?code=quPxoL | UA: testclient | IP: testclient
2026-07-23 00:23:51,283 | GET http://testserver/redirect?code=quPxoL | UA: testclient | IP: testclient
2026-07-23 00:23:51,285 | POST http://testserver/shorten | UA: testclient | IP: testclient
2026-07-23 00:23:51,285 | POST http://testserver/shorten | UA: testclient | IP: testclient
2026-07-23 00:23:51,289 | POST http://testserver/shorten | UA: testclient | IP: testclient
2026-07-23 00:23:51,289 | POST http://testserver/shorten | UA: testclient | IP: testclient
2026-07-23 00:23:51,291 | GET http://testserver/redirect?code=pPSOHL | UA: testclient | IP: testclient
2026-07-23 00:23:51,291 | GET http://testserver/redirect?code=pPSOHL | UA: testclient | IP: testclient
2026-07-23 00:23:51,294 | POST http://testserver/shorten | UA: testclient | IP: testclient
2026-07-23 00:23:51,294 | POST http://testserver/shorten | UA: testclient | IP: testclient
2026-07-23 00:23:51,296 | GET http://testserver/redirect?code=my-article-8b9dbf26 | UA: testclient | IP: testclient
2026-07-23 00:23:51,296 | GET http://testserver/redirect?code=my-article-8b9dbf26 | UA: testclient | IP: testclient
2026-07-23 00:23:51,298 | POST http://testserver/shorten | UA: testclient | IP: testclient
2026-07-23 00:23:51,298 | POST http://testserver/shorten | UA: testclient | IP: testclient
2026-07-23 00:23:51,300 | POST http://testserver/shorten | UA: testclient | IP: testclient
2026-07-23 00:23:51,300 | POST http://testserver/shorten | UA: testclient | IP: testclient
2026-07-23 00:23:51,303 | POST http://testserver/shorten | UA: testclient | IP: testclient
2026-07-23 00:23:51,303 | POST http://testserver/shorten | UA: testclient | IP: testclient
2026-07-23 00:23:51,305 | DELETE http://testserver/urls/dead-a8459947 | UA: testclient | IP: testclient
2026-07-23 00:23:51,305 | DELETE http://testserver/urls/dead-a8459947 | UA: testclient | IP: testclient
2026-07-23 00:23:51,307 | POST http://testserver/shorten | UA: testclient | IP: testclient
2026-07-23 00:23:51,307 | POST http://testserver/shorten | UA: testclient | IP: testclient
2026-07-23 00:23:51,309 | POST http://testserver/shorten | UA: testclient | IP: testclient
2026-07-23 00:23:51,309 | POST http://testserver/shorten | UA: testclient | IP: testclient
2026-07-23 00:23:51,314 | POST http://testserver/shorten/batch | UA: testclient | IP: testclient
2026-07-23 00:23:51,314 | POST http://testserver/shorten/batch | UA: testclient | IP: testclient
2026-07-23 00:23:51,316 | GET http://testserver/redirect?code=XdBlQs | UA: testclient | IP: testclient
2026-07-23 00:23:51,316 | GET http://testserver/redirect?code=XdBlQs | UA: testclient | IP: testclient
2026-07-23 00:23:51,318 | GET http://testserver/redirect?code=OziZq0 | UA: testclient | IP: testclient
2026-07-23 00:23:51,318 | GET http://testserver/redirect?code=OziZq0 | UA: testclient | IP: testclient
2026-07-23 00:23:51,320 | GET http://testserver/redirect?code=j2QuLJ | UA: testclient | IP: testclient
2026-07-23 00:23:51,320 | GET http://testserver/redirect?code=j2QuLJ | UA: testclient | IP: testclient
2026-07-23 00:23:51,323 | POST http://testserver/shorten | UA: testclient | IP: testclient
2026-07-23 00:23:51,323 | POST http://testserver/shorten | UA: testclient | IP: testclient
2026-07-23 00:23:51,326 | POST http://testserver/shorten/batch | UA: testclient | IP: testclient
2026-07-23 00:23:51,326 | POST http://testserver/shorten/batch | UA: testclient | IP: testclient
2026-07-23 00:23:51,365 | POST http://testserver/shorten/batch | UA: testclient | IP: testclient
2026-07-23 00:23:51,365 | POST http://testserver/shorten/batch | UA: testclient | IP: testclient
2026-07-23 00:23:51,368 | POST http://testserver/shorten/batch | UA: testclient | IP: testclient
2026-07-23 00:23:51,368 | POST http://testserver/shorten/batch | UA: testclient | IP: testclient
2026-07-23 00:23:51,380 | POST http://testserver/shorten/batch | UA: testclient | IP: testclient
2026-07-23 00:23:51,380 | POST http://testserver/shorten/batch | UA: testclient | IP: testclient
2026-07-23 00:23:51,383 | POST http://testserver/shorten/batch | UA: testclient | IP: testclient
2026-07-23 00:23:51,383 | POST http://testserver/shorten/batch | UA: testclient | IP: testclient
2026-07-23 00:23:51,387 | POST http://testserver/shorten | UA: testclient | IP: testclient
2026-07-23 00:23:51,387 | POST http://testserver/shorten | UA: testclient | IP: testclient
2026-07-23 00:23:51,390 | PUT http://testserver/urls/fcTB0W | UA: testclient | IP: testclient
2026-07-23 00:23:51,390 | PUT http://testserver/urls/fcTB0W | UA: testclient | IP: testclient
2026-07-23 00:23:51,392 | GET http://testserver/redirect?code=fcTB0W | UA: testclient | IP: testclient
2026-07-23 00:23:51,392 | GET http://testserver/redirect?code=fcTB0W | UA: testclient | IP: testclient
2026-07-23 00:23:51,395 | POST http://testserver/shorten | UA: testclient | IP: testclient
2026-07-23 00:23:51,395 | POST http://testserver/shorten | UA: testclient | IP: testclient
2026-07-23 00:23:51,397 | PUT http://testserver/urls/pbOm7z | UA: testclient | IP: testclient
2026-07-23 00:23:51,397 | PUT http://testserver/urls/pbOm7z | UA: testclient | IP: testclient
2026-07-23 00:23:51,401 | POST http://testserver/shorten | UA: testclient | IP: testclient
2026-07-23 00:23:51,401 | POST http://testserver/shorten | UA: testclient | IP: testclient
2026-07-23 00:23:51,403 | PUT http://testserver/urls/T1Xx2O | UA: testclient | IP: testclient
2026-07-23 00:23:51,403 | PUT http://testserver/urls/T1Xx2O | UA: testclient | IP: testclient
2026-07-23 00:23:51,404 | GET http://testserver/redirect?code=T1Xx2O | UA: testclient | IP: testclient
2026-07-23 00:23:51,404 | GET http://testserver/redirect?code=T1Xx2O | UA: testclient | IP: testclient
2026-07-23 00:23:51,408 | POST http://testserver/shorten | UA: testclient | IP: testclient
2026-07-23 00:23:51,408 | POST http://testserver/shorten | UA: testclient | IP: testclient
2026-07-23 00:23:51,409 | GET http://testserver/redirect?code=qKsFTz | UA: testclient | IP: testclient
2026-07-23 00:23:51,409 | GET http://testserver/redirect?code=qKsFTz | UA: testclient | IP: testclient
2026-07-23 00:23:51,412 | PUT http://testserver/urls/qKsFTz | UA: testclient | IP: testclient
2026-07-23 00:23:51,412 | PUT http://testserver/urls/qKsFTz | UA: testclient | IP: testclient
2026-07-23 00:23:51,413 | GET http://testserver/redirect?code=qKsFTz | UA: testclient | IP: testclient
2026-07-23 00:23:51,413 | GET http://testserver/redirect?code=qKsFTz | UA: testclient | IP: testclient
2026-07-23 00:23:51,416 | POST http://testserver/shorten | UA: testclient | IP: testclient
2026-07-23 00:23:51,416 | POST http://testserver/shorten | UA: testclient | IP: testclient
2026-07-23 00:23:51,419 | PUT http://testserver/urls/Cn1i5o | UA: testclient | IP: testclient
2026-07-23 00:23:51,419 | PUT http://testserver/urls/Cn1i5o | UA: testclient | IP: testclient
2026-07-23 00:23:51,421 | GET http://testserver/redirect?code=Cn1i5o | UA: testclient | IP: testclient
2026-07-23 00:23:51,421 | GET http://testserver/redirect?code=Cn1i5o | UA: testclient | IP: testclient
2026-07-23 00:23:51,425 | POST http://testserver/shorten | UA: testclient | IP: testclient
2026-07-23 00:23:51,425 | POST http://testserver/shorten | UA: testclient | IP: testclient
2026-07-23 00:23:51,426 | PUT http://testserver/urls/iLU3Vb | UA: testclient | IP: testclient
2026-07-23 00:23:51,426 | PUT http://testserver/urls/iLU3Vb | UA: testclient | IP: testclient
2026-07-23 00:23:51,429 | POST http://testserver/shorten | UA: testclient | IP: testclient
2026-07-23 00:23:51,429 | POST http://testserver/shorten | UA: testclient | IP: testclient
2026-07-23 00:23:51,433 | PUT http://testserver/urls/nonexistent123 | UA: testclient | IP: testclient
2026-07-23 00:23:51,433 | PUT http://testserver/urls/nonexistent123 | UA: testclient | IP: testclient
2026-07-23 00:23:51,436 | POST http://testserver/shorten | UA: testclient | IP: testclient
2026-07-23 00:23:51,436 | POST http://testserver/shorten | UA: testclient | IP: testclient
2026-07-23 00:23:51,438 | DELETE http://testserver/urls/EpTUUR | UA: testclient | IP: testclient
2026-07-23 00:23:51,438 | DELETE http://testserver/urls/EpTUUR | UA: testclient | IP: testclient
2026-07-23 00:23:51,440 | PUT http://testserver/urls/EpTUUR | UA: testclient | IP: testclient
2026-07-23 00:23:51,440 | PUT http://testserver/urls/EpTUUR | UA: testclient | IP: testclient
2026-07-23 00:23:51,443 | POST http://testserver/shorten | UA: testclient | IP: testclient
2026-07-23 00:23:51,443 | POST http://testserver/shorten | UA: testclient | IP: testclient
2026-07-23 00:23:51,445 | PUT http://testserver/urls/Fh8fNe | UA: testclient | IP: testclient
2026-07-23 00:23:51,445 | PUT http://testserver/urls/Fh8fNe | UA: testclient | IP: testclient
2026-07-23 00:23:51,447 | POST http://testserver/shorten | UA: testclient | IP: testclient
2026-07-23 00:23:51,447 | POST http://testserver/shorten | UA: testclient | IP: testclient
2026-07-23 00:23:51,449 | GET http://testserver/redirect?code=oj5RXa | UA: testclient | IP: testclient
2026-07-23 00:23:51,449 | GET http://testserver/redirect?code=oj5RXa | UA: testclient | IP: testclient
2026-07-23 00:23:51,451 | POST http://testserver/shorten | UA: testclient | IP: testclient
2026-07-23 00:23:51,451 | POST http://testserver/shorten | UA: testclient | IP: testclient
2026-07-23 00:23:51,454 | POST http://testserver/shorten | UA: testclient | IP: testclient
2026-07-23 00:23:51,454 | POST http://testserver/shorten | UA: testclient | IP: testclient
2026-07-23 00:23:51,456 | PUT http://testserver/urls/aVglgQ | UA: testclient | IP: testclient
2026-07-23 00:23:51,456 | PUT http://testserver/urls/aVglgQ | UA: testclient | IP: testclient
2026-07-23 00:23:51,459 | POST http://testserver/shorten | UA: testclient | IP: testclient
2026-07-23 00:23:51,459 | POST http://testserver/shorten | UA: testclient | IP: testclient
2026-07-23 00:23:51,631 | PUT http://testserver/urls/dpqvTi | UA: testclient | IP: testclient
2026-07-23 00:23:51,631 | PUT http://testserver/urls/dpqvTi | UA: testclient | IP: testclient
2026-07-23 00:23:51,632 | GET http://testserver/redirect?code=dpqvTi | UA: testclient | IP: testclient
2026-07-23 00:23:51,632 | GET http://testserver/redirect?code=dpqvTi | UA: testclient | IP: testclient
2026-07-23 00:23:51,805 | POST http://testserver/shorten | UA: testclient | IP: testclient
2026-07-23 00:23:51,805 | POST http://testserver/shorten | UA: testclient | IP: testclient
2026-07-23 00:23:51,975 | GET http://testserver/redirect?code=5uKLz3&password=secret1 | UA: testclient | IP: testclient
2026-07-23 00:23:51,975 | GET http://testserver/redirect?code=5uKLz3&password=secret1 | UA: testclient | IP: testclient
2026-07-23 00:23:52,147 | POST http://testserver/shorten | UA: testclient | IP: testclient
2026-07-23 00:23:52,147 | POST http://testserver/shorten | UA: testclient | IP: testclient
2026-07-23 00:23:52,315 | GET http://testserver/redirect?code=EDAsQe&password=wrongpass | UA: testclient | IP: testclient
2026-07-23 00:23:52,315 | GET http://testserver/redirect?code=EDAsQe&password=wrongpass | UA: testclient | IP: testclient
2026-07-23 00:23:52,488 | POST http://testserver/shorten | UA: testclient | IP: testclient
2026-07-23 00:23:52,488 | POST http://testserver/shorten | UA: testclient | IP: testclient
2026-07-23 00:23:52,491 | DELETE http://testserver/urls/g7CVxk | UA: testclient | IP: testclient
2026-07-23 00:23:52,491 | DELETE http://testserver/urls/g7CVxk | UA: testclient | IP: testclient
2026-07-23 00:23:52,492 | GET http://testserver/redirect?code=g7CVxk | UA: testclient | IP: testclient
2026-07-23 00:23:52,492 | GET http://testserver/redirect?code=g7CVxk | UA: testclient | IP: testclient
2026-07-23 00:23:52,663 | POST http://testserver/shorten | UA: testclient | IP: testclient
2026-07-23 00:23:52,663 | POST http://testserver/shorten | UA: testclient | IP: testclient
2026-07-23 00:23:52,666 | GET http://testserver/redirect?code=ijC8zt | UA: testclient | IP: testclient
2026-07-23 00:23:52,666 | GET http://testserver/redirect?code=ijC8zt | UA: testclient | IP: testclient
2026-07-23 00:23:52,669 | POST http://testserver/shorten | UA: testclient | IP: testclient
2026-07-23 00:23:52,669 | POST http://testserver/shorten | UA: testclient | IP: testclient
2026-07-23 00:23:52,672 | GET http://testserver/redirect?code=599xSE | UA: testclient | IP: testclient
2026-07-23 00:23:52,672 | GET http://testserver/redirect?code=599xSE | UA: testclient | IP: testclient
2026-07-23 00:23:52,843 | PUT http://testserver/urls/599xSE | UA: testclient | IP: testclient
2026-07-23 00:23:52,843 | PUT http://testserver/urls/599xSE | UA: testclient | IP: testclient
2026-07-23 00:23:52,844 | GET http://testserver/redirect?code=599xSE | UA: testclient | IP: testclient
2026-07-23 00:23:52,844 | GET http://testserver/redirect?code=599xSE | UA: testclient | IP: testclient
2026-07-23 00:23:53,016 | POST http://testserver/shorten | UA: testclient | IP: testclient
2026-07-23 00:23:53,016 | POST http://testserver/shorten | UA: testclient | IP: testclient
2026-07-23 00:23:53,018 | GET http://testserver/redirect?code=sMt8Tz | UA: testclient | IP: testclient
2026-07-23 00:23:53,018 | GET http://testserver/redirect?code=sMt8Tz | UA: testclient | IP: testclient
2026-07-23 00:23:53,020 | PUT http://testserver/urls/sMt8Tz | UA: testclient | IP: testclient
2026-07-23 00:23:53,020 | PUT http://testserver/urls/sMt8Tz | UA: testclient | IP: testclient
2026-07-23 00:23:53,022 | GET http://testserver/redirect?code=sMt8Tz | UA: testclient | IP: testclient
2026-07-23 00:23:53,022 | GET http://testserver/redirect?code=sMt8Tz | UA: testclient | IP: testclient
2026-07-23 00:23:53,025 | POST http://testserver/shorten | UA: testclient | IP: testclient
2026-07-23 00:23:53,025 | POST http://testserver/shorten | UA: testclient | IP: testclient
2026-07-23 00:23:53,027 | POST http://testserver/shorten | UA: testclient | IP: testclient
2026-07-23 00:23:53,027 | POST http://testserver/shorten | UA: testclient | IP: testclient
2026-07-23 00:23:53,029 | POST http://testserver/shorten | UA: testclient | IP: testclient
2026-07-23 00:23:53,029 | POST http://testserver/shorten | UA: testclient | IP: testclient
2026-07-23 00:23:53,030 | GET http://testserver/redirect | UA: testclient | IP: testclient
2026-07-23 00:23:53,030 | GET http://testserver/redirect | UA: testclient | IP: testclient
2026-07-23 00:23:53,033 | GET http://testserver/redirect?code= | UA: testclient | IP: testclient
2026-07-23 00:23:53,033 | GET http://testserver/redirect?code= | UA: testclient | IP: testclient
2026-07-23 00:23:53,036 | POST http://testserver/shorten | UA: testclient | IP: testclient
2026-07-23 00:23:53,036 | POST http://testserver/shorten | UA: testclient | IP: testclient
2026-07-23 00:23:53,039 | POST http://testserver/shorten | UA: testclient | IP: testclient
2026-07-23 00:23:53,039 | POST http://testserver/shorten | UA: testclient | IP: testclient
2026-07-23 00:23:53,040 | GET http://testserver/redirect?code=CON5z4 | UA: testclient | IP: testclient
2026-07-23 00:23:53,040 | GET http://testserver/redirect?code=CON5z4 | UA: testclient | IP: testclient
2026-07-23 00:23:53,045 | POST http://testserver/shorten | UA: testclient | IP: testclient
2026-07-23 00:23:53,045 | POST http://testserver/shorten | UA: testclient | IP: testclient
2026-07-23 00:23:53,047 | POST http://testserver/shorten | UA: testclient | IP: testclient
2026-07-23 00:23:53,047 | POST http://testserver/shorten | UA: testclient | IP: testclient
2026-07-23 00:23:53,052 | GET http://testserver/urls | UA: testclient | IP: testclient
2026-07-23 00:23:53,052 | GET http://testserver/urls | UA: testclient | IP: testclient
2026-07-23 00:23:53,231 | POST http://testserver/shorten | UA: testclient | IP: testclient
2026-07-23 00:23:53,231 | POST http://testserver/shorten | UA: testclient | IP: testclient
2026-07-23 00:23:53,233 | GET http://testserver/urls | UA: testclient | IP: testclient
2026-07-23 00:23:53,233 | GET http://testserver/urls | UA: testclient | IP: testclient
2026-07-23 00:23:53,237 | POST http://testserver/shorten | UA: testclient | IP: testclient
2026-07-23 00:23:53,237 | POST http://testserver/shorten | UA: testclient | IP: testclient
2026-07-23 00:23:53,239 | POST http://testserver/shorten | UA: testclient | IP: testclient
2026-07-23 00:23:53,239 | POST http://testserver/shorten | UA: testclient | IP: testclient
2026-07-23 00:23:53,242 | POST http://testserver/shorten | UA: testclient | IP: testclient
2026-07-23 00:23:53,242 | POST http://testserver/shorten | UA: testclient | IP: testclient
2026-07-23 00:23:53,244 | POST http://testserver/shorten | UA: testclient | IP: testclient
2026-07-23 00:23:53,244 | POST http://testserver/shorten | UA: testclient | IP: testclient
2026-07-23 00:23:53,246 | POST http://testserver/shorten | UA: testclient | IP: testclient
2026-07-23 00:23:53,246 | POST http://testserver/shorten | UA: testclient | IP: testclient
2026-07-23 00:23:53,249 | GET http://testserver/urls?page=1&size=2 | UA: testclient | IP: testclient
2026-07-23 00:23:53,249 | GET http://testserver/urls?page=1&size=2 | UA: testclient | IP: testclient
2026-07-23 00:23:53,252 | POST http://testserver/shorten | UA: testclient | IP: testclient
2026-07-23 00:23:53,252 | POST http://testserver/shorten | UA: testclient | IP: testclient
2026-07-23 00:23:53,254 | POST http://testserver/shorten | UA: testclient | IP: testclient
2026-07-23 00:23:53,254 | POST http://testserver/shorten | UA: testclient | IP: testclient
2026-07-23 00:23:53,256 | POST http://testserver/shorten | UA: testclient | IP: testclient
2026-07-23 00:23:53,256 | POST http://testserver/shorten | UA: testclient | IP: testclient
2026-07-23 00:23:53,258 | POST http://testserver/shorten | UA: testclient | IP: testclient
2026-07-23 00:23:53,258 | POST http://testserver/shorten | UA: testclient | IP: testclient
2026-07-23 00:23:53,260 | POST http://testserver/shorten | UA: testclient | IP: testclient
2026-07-23 00:23:53,260 | POST http://testserver/shorten | UA: testclient | IP: testclient
2026-07-23 00:23:53,263 | GET http://testserver/urls?page=1&size=2 | UA: testclient | IP: testclient
2026-07-23 00:23:53,263 | GET http://testserver/urls?page=1&size=2 | UA: testclient | IP: testclient
2026-07-23 00:23:53,265 | GET http://testserver/urls?page=2&size=2 | UA: testclient | IP: testclient
2026-07-23 00:23:53,265 | GET http://testserver/urls?page=2&size=2 | UA: testclient | IP: testclient
2026-07-23 00:23:53,268 | POST http://testserver/shorten | UA: testclient | IP: testclient
2026-07-23 00:23:53,268 | POST http://testserver/shorten | UA: testclient | IP: testclient
2026-07-23 00:23:53,270 | POST http://testserver/shorten | UA: testclient | IP: testclient
2026-07-23 00:23:53,270 | POST http://testserver/shorten | UA: testclient | IP: testclient
2026-07-23 00:23:53,272 | POST http://testserver/shorten | UA: testclient | IP: testclient
2026-07-23 00:23:53,272 | POST http://testserver/shorten | UA: testclient | IP: testclient
2026-07-23 00:23:53,275 | GET http://testserver/urls?page=1&size=1 | UA: testclient | IP: testclient
2026-07-23 00:23:53,275 | GET http://testserver/urls?page=1&size=1 | UA: testclient | IP: testclient
2026-07-23 00:23:53,278 | GET http://testserver/urls | UA: testclient | IP: testclient
2026-07-23 00:23:53,278 | GET http://testserver/urls | UA: testclient | IP: testclient
2026-07-23 00:23:53,280 | GET http://testserver/health | UA: testclient | IP: testclient
2026-07-23 00:23:53,280 | GET http://testserver/health | UA: testclient | IP: testclient
2026-07-23 00:23:53,281 | GET http://testserver/health | UA: testclient | IP: testclient
2026-07-23 00:23:53,281 | GET http://testserver/health | UA: testclient | IP: testclient
2026-07-23 00:23:53,283 | GET http://testserver/health | UA: testclient | IP: testclient
2026-07-23 00:23:53,283 | GET http://testserver/health | UA: testclient | IP: testclient
2026-07-23 00:23:53,285 | GET http://testserver/health | UA: testclient | IP: testclient
2026-07-23 00:23:53,285 | GET http://testserver/health | UA: testclient | IP: testclient
2026-07-23 00:23:53,286 | GET http://testserver/health | UA: testclient | IP: testclient
2026-07-23 00:23:53,286 | GET http://testserver/health | UA: testclient | IP: testclient
2026-07-23 00:23:53,289 | POST http://testserver/shorten | UA: testclient | IP: testclient
2026-07-23 00:23:53,289 | POST http://testserver/shorten | UA: testclient | IP: testclient
2026-07-23 00:23:53,292 | GET http://testserver/redirect?code=WkJRuf | UA: testclient | IP: testclient
2026-07-23 00:23:53,292 | GET http://testserver/redirect?code=WkJRuf | UA: testclient | IP: testclient
2026-07-23 00:23:53,295 | POST http://testserver/shorten | UA: testclient | IP: testclient
2026-07-23 00:23:53,295 | POST http://testserver/shorten | UA: testclient | IP: testclient
2026-07-23 00:23:53,296 | POST http://testserver/shorten | UA: testclient | IP: testclient
2026-07-23 00:23:53,296 | POST http://testserver/shorten | UA: testclient | IP: testclient
2026-07-23 00:23:53,301 | GET http://testserver/urls | UA: testclient | IP: testclient
2026-07-23 00:23:53,301 | GET http://testserver/urls | UA: testclient | IP: testclient
2026-07-23 00:24:08,560 | POST http://testserver/shorten | UA: testclient | IP: testclient
2026-07-23 00:24:08,560 | POST http://testserver/shorten | UA: testclient | IP: testclient
2026-07-23 00:24:08,563 | POST http://testserver/shorten | UA: testclient | IP: testclient
2026-07-23 00:24:08,563 | POST http://testserver/shorten | UA: testclient | IP: testclient
2026-07-23 00:24:08,571 | GET http://testserver/urls | UA: testclient | IP: testclient
2026-07-23 00:24:08,571 | GET http://testserver/urls | UA: testclient | IP: testclient
2026-07-23 00:28:59,033 | POST http://testserver/shorten | UA: testclient | IP: testclient
2026-07-23 00:28:59,033 | POST http://testserver/shorten | UA: testclient | IP: testclient
2026-07-23 00:28:59,037 | GET http://testserver/redirect?code=tj24Ge | UA: testclient | IP: testclient
2026-07-23 00:28:59,037 | GET http://testserver/redirect?code=tj24Ge | UA: testclient | IP: testclient
2026-07-23 00:28:59,047 | POST http://testserver/shorten | UA: testclient | IP: testclient
2026-07-23 00:28:59,047 | POST http://testserver/shorten | UA: testclient | IP: testclient
2026-07-23 00:28:59,052 | DELETE http://testserver/urls/N30LRW | UA: testclient | IP: testclient
2026-07-23 00:28:59,052 | DELETE http://testserver/urls/N30LRW | UA: testclient | IP: testclient
2026-07-23 00:28:59,053 | GET http://testserver/redirect?code=N30LRW | UA: testclient | IP: testclient
2026-07-23 00:28:59,053 | GET http://testserver/redirect?code=N30LRW | UA: testclient | IP: testclient
2026-07-23 00:28:59,056 | DELETE http://testserver/urls/nonexistent123 | UA: testclient | IP: testclient
2026-07-23 00:28:59,056 | DELETE http://testserver/urls/nonexistent123 | UA: testclient | IP: testclient
2026-07-23 00:28:59,058 | GET http://testserver/redirect?code=nonexistent123 | UA: testclient | IP: testclient
2026-07-23 00:28:59,058 | GET http://testserver/redirect?code=nonexistent123 | UA: testclient | IP: testclient
2026-07-23 00:28:59,062 | POST http://testserver/shorten | UA: testclient | IP: testclient
2026-07-23 00:28:59,062 | POST http://testserver/shorten | UA: testclient | IP: testclient
2026-07-23 00:28:59,064 | GET http://testserver/redirect?code=jH0KP6 | UA: testclient | IP: testclient
2026-07-23 00:28:59,064 | GET http://testserver/redirect?code=jH0KP6 | UA: testclient | IP: testclient
2026-07-23 00:28:59,066 | GET http://testserver/redirect?code=jH0KP6 | UA: testclient | IP: testclient
2026-07-23 00:28:59,066 | GET http://testserver/redirect?code=jH0KP6 | UA: testclient | IP: testclient
2026-07-23 00:28:59,069 | POST http://testserver/shorten | UA: testclient | IP: testclient
2026-07-23 00:28:59,069 | POST http://testserver/shorten | UA: testclient | IP: testclient
2026-07-23 00:28:59,071 | GET http://testserver/redirect?code=j08KA1 | UA: testclient | IP: testclient
2026-07-23 00:28:59,071 | GET http://testserver/redirect?code=j08KA1 | UA: testclient | IP: testclient
2026-07-23 00:28:59,074 | POST http://testserver/shorten | UA: testclient | IP: testclient
2026-07-23 00:28:59,074 | POST http://testserver/shorten | UA: testclient | IP: testclient
2026-07-23 00:28:59,077 | POST http://testserver/shorten | UA: testclient | IP: testclient
2026-07-23 00:28:59,077 | POST http://testserver/shorten | UA: testclient | IP: testclient
2026-07-23 00:28:59,079 | GET http://testserver/redirect?code=dDmCGi | UA: testclient | IP: testclient
2026-07-23 00:28:59,079 | GET http://testserver/redirect?code=dDmCGi | UA: testclient | IP: testclient
2026-07-23 00:28:59,081 | GET http://testserver/redirect?code=2bjZQp | UA: testclient | IP: testclient
2026-07-23 00:28:59,081 | GET http://testserver/redirect?code=2bjZQp | UA: testclient | IP: testclient
2026-07-23 00:28:59,083 | GET http://testserver/redirect?code=dDmCGi | UA: testclient | IP: testclient
2026-07-23 00:28:59,083 | GET http://testserver/redirect?code=dDmCGi | UA: testclient | IP: testclient
2026-07-23 00:28:59,086 | POST http://testserver/shorten | UA: testclient | IP: testclient
2026-07-23 00:28:59,086 | POST http://testserver/shorten | UA: testclient | IP: testclient
2026-07-23 00:28:59,089 | POST http://testserver/shorten | UA: testclient | IP: testclient
2026-07-23 00:28:59,089 | POST http://testserver/shorten | UA: testclient | IP: testclient
2026-07-23 00:28:59,092 | POST http://testserver/shorten | UA: testclient | IP: testclient
2026-07-23 00:28:59,092 | POST http://testserver/shorten | UA: testclient | IP: testclient
2026-07-23 00:28:59,094 | DELETE http://testserver/urls/ZqPKVc | UA: testclient | IP: testclient
2026-07-23 00:28:59,094 | DELETE http://testserver/urls/ZqPKVc | UA: testclient | IP: testclient
2026-07-23 00:28:59,096 | GET http://testserver/redirect?code=ZqPKVc | UA: testclient | IP: testclient
2026-07-23 00:28:59,096 | GET http://testserver/redirect?code=ZqPKVc | UA: testclient | IP: testclient
2026-07-23 00:28:59,099 | POST http://testserver/shorten | UA: testclient | IP: testclient
2026-07-23 00:28:59,099 | POST http://testserver/shorten | UA: testclient | IP: testclient
2026-07-23 00:28:59,102 | POST http://testserver/shorten | UA: testclient | IP: testclient
2026-07-23 00:28:59,102 | POST http://testserver/shorten | UA: testclient | IP: testclient
2026-07-23 00:28:59,104 | POST http://testserver/shorten | UA: testclient | IP: testclient
2026-07-23 00:28:59,104 | POST http://testserver/shorten | UA: testclient | IP: testclient
2026-07-23 00:28:59,107 | POST http://testserver/shorten | UA: testclient | IP: testclient
2026-07-23 00:28:59,107 | POST http://testserver/shorten | UA: testclient | IP: testclient
2026-07-23 00:28:59,109 | DELETE http://testserver/urls/g6v7v5 | UA: testclient | IP: testclient
2026-07-23 00:28:59,109 | DELETE http://testserver/urls/g6v7v5 | UA: testclient | IP: testclient
2026-07-23 00:28:59,111 | GET http://testserver/redirect?code=g6v7v5 | UA: testclient | IP: testclient
2026-07-23 00:28:59,111 | GET http://testserver/redirect?code=g6v7v5 | UA: testclient | IP: testclient
2026-07-23 00:28:59,114 | POST http://testserver/shorten | UA: testclient | IP: testclient
2026-07-23 00:28:59,114 | POST http://testserver/shorten | UA: testclient | IP: testclient
2026-07-23 00:28:59,116 | DELETE http://testserver/urls/jAUg1P | UA: testclient | IP: testclient
2026-07-23 00:28:59,116 | DELETE http://testserver/urls/jAUg1P | UA: testclient | IP: testclient
2026-07-23 00:28:59,118 | GET http://testserver/redirect?code=jAUg1P | UA: testclient | IP: testclient
2026-07-23 00:28:59,118 | GET http://testserver/redirect?code=jAUg1P | UA: testclient | IP: testclient
2026-07-23 00:28:59,121 | POST http://testserver/shorten | UA: testclient | IP: testclient
2026-07-23 00:28:59,121 | POST http://testserver/shorten | UA: testclient | IP: testclient
2026-07-23 00:28:59,125 | POST http://testserver/shorten | UA: testclient | IP: testclient
2026-07-23 00:28:59,125 | POST http://testserver/shorten | UA: testclient | IP: testclient
2026-07-23 00:28:59,127 | DELETE http://testserver/urls/ZVK6UV | UA: testclient | IP: testclient
2026-07-23 00:28:59,127 | DELETE http://testserver/urls/ZVK6UV | UA: testclient | IP: testclient
2026-07-23 00:28:59,130 | POST http://testserver/shorten | UA: testclient | IP: testclient
2026-07-23 00:28:59,130 | POST http://testserver/shorten | UA: testclient | IP: testclient
2026-07-23 00:28:59,133 | GET http://testserver/redirect?code=yVS2aC | UA: testclient | IP: testclient
2026-07-23 00:28:59,133 | GET http://testserver/redirect?code=yVS2aC | UA: testclient | IP: testclient
2026-07-23 00:28:59,136 | POST http://testserver/shorten | UA: testclient | IP: testclient
2026-07-23 00:28:59,136 | POST http://testserver/shorten | UA: testclient | IP: testclient
2026-07-23 00:28:59,139 | GET http://testserver/redirect?code=UrNmvB | UA: testclient | IP: testclient
2026-07-23 00:28:59,139 | GET http://testserver/redirect?code=UrNmvB | UA: testclient | IP: testclient
2026-07-23 00:28:59,141 | POST http://testserver/shorten | UA: testclient | IP: testclient
2026-07-23 00:28:59,141 | POST http://testserver/shorten | UA: testclient | IP: testclient
2026-07-23 00:28:59,143 | GET http://testserver/redirect?code=Yh7Pza | UA: testclient | IP: testclient
2026-07-23 00:28:59,143 | GET http://testserver/redirect?code=Yh7Pza | UA: testclient | IP: testclient
2026-07-23 00:28:59,145 | POST http://testserver/shorten | UA: testclient | IP: testclient
2026-07-23 00:28:59,145 | POST http://testserver/shorten | UA: testclient | IP: testclient
2026-07-23 00:28:59,148 | POST http://testserver/shorten | UA: testclient | IP: testclient
2026-07-23 00:28:59,148 | POST http://testserver/shorten | UA: testclient | IP: testclient
2026-07-23 00:28:59,151 | GET http://testserver/redirect?code=enpMtW | UA: testclient | IP: testclient
2026-07-23 00:28:59,151 | GET http://testserver/redirect?code=enpMtW | UA: testclient | IP: testclient
2026-07-23 00:28:59,153 | POST http://testserver/shorten | UA: testclient | IP: testclient
2026-07-23 00:28:59,153 | POST http://testserver/shorten | UA: testclient | IP: testclient
2026-07-23 00:28:59,156 | GET http://testserver/redirect?code=my-article-ac5598b5 | UA: testclient | IP: testclient
2026-07-23 00:28:59,156 | GET http://testserver/redirect?code=my-article-ac5598b5 | UA: testclient | IP: testclient
2026-07-23 00:28:59,158 | POST http://testserver/shorten | UA: testclient | IP: testclient
2026-07-23 00:28:59,158 | POST http://testserver/shorten | UA: testclient | IP: testclient
2026-07-23 00:28:59,160 | POST http://testserver/shorten | UA: testclient | IP: testclient
2026-07-23 00:28:59,160 | POST http://testserver/shorten | UA: testclient | IP: testclient
2026-07-23 00:28:59,163 | POST http://testserver/shorten | UA: testclient | IP: testclient
2026-07-23 00:28:59,163 | POST http://testserver/shorten | UA: testclient | IP: testclient
2026-07-23 00:28:59,166 | DELETE http://testserver/urls/dead-839c0966 | UA: testclient | IP: testclient
2026-07-23 00:28:59,166 | DELETE http://testserver/urls/dead-839c0966 | UA: testclient | IP: testclient
2026-07-23 00:28:59,167 | POST http://testserver/shorten | UA: testclient | IP: testclient
2026-07-23 00:28:59,167 | POST http://testserver/shorten | UA: testclient | IP: testclient
2026-07-23 00:28:59,170 | POST http://testserver/shorten | UA: testclient | IP: testclient
2026-07-23 00:28:59,170 | POST http://testserver/shorten | UA: testclient | IP: testclient
2026-07-23 00:28:59,175 | POST http://testserver/shorten/batch | UA: testclient | IP: testclient
2026-07-23 00:28:59,175 | POST http://testserver/shorten/batch | UA: testclient | IP: testclient
2026-07-23 00:28:59,181 | GET http://testserver/redirect?code=c7Gqdn | UA: testclient | IP: testclient
2026-07-23 00:28:59,181 | GET http://testserver/redirect?code=c7Gqdn | UA: testclient | IP: testclient
2026-07-23 00:28:59,183 | GET http://testserver/redirect?code=ZjciiM | UA: testclient | IP: testclient
2026-07-23 00:28:59,183 | GET http://testserver/redirect?code=ZjciiM | UA: testclient | IP: testclient
2026-07-23 00:28:59,185 | GET http://testserver/redirect?code=WDyCjq | UA: testclient | IP: testclient
2026-07-23 00:28:59,185 | GET http://testserver/redirect?code=WDyCjq | UA: testclient | IP: testclient
2026-07-23 00:28:59,197 | POST http://testserver/shorten | UA: testclient | IP: testclient
2026-07-23 00:28:59,197 | POST http://testserver/shorten | UA: testclient | IP: testclient
2026-07-23 00:28:59,207 | POST http://testserver/shorten/batch | UA: testclient | IP: testclient
2026-07-23 00:28:59,207 | POST http://testserver/shorten/batch | UA: testclient | IP: testclient
2026-07-23 00:28:59,247 | POST http://testserver/shorten/batch | UA: testclient | IP: testclient
2026-07-23 00:28:59,247 | POST http://testserver/shorten/batch | UA: testclient | IP: testclient
2026-07-23 00:28:59,257 | POST http://testserver/shorten/batch | UA: testclient | IP: testclient
2026-07-23 00:28:59,257 | POST http://testserver/shorten/batch | UA: testclient | IP: testclient
2026-07-23 00:28:59,263 | POST http://testserver/shorten/batch | UA: testclient | IP: testclient
2026-07-23 00:28:59,263 | POST http://testserver/shorten/batch | UA: testclient | IP: testclient
2026-07-23 00:28:59,271 | POST http://testserver/shorten/batch | UA: testclient | IP: testclient
2026-07-23 00:28:59,271 | POST http://testserver/shorten/batch | UA: testclient | IP: testclient
2026-07-23 00:28:59,279 | POST http://testserver/shorten/batch | UA: testclient | IP: testclient
2026-07-23 00:28:59,279 | POST http://testserver/shorten/batch | UA: testclient | IP: testclient
2026-07-23 00:28:59,283 | POST http://testserver/shorten/batch | UA: testclient | IP: testclient
2026-07-23 00:28:59,283 | POST http://testserver/shorten/batch | UA: testclient | IP: testclient
2026-07-23 00:28:59,287 | POST http://testserver/shorten | UA: testclient | IP: testclient
2026-07-23 00:28:59,287 | POST http://testserver/shorten | UA: testclient | IP: testclient
2026-07-23 00:28:59,290 | PUT http://testserver/urls/0rJD3v | UA: testclient | IP: testclient
2026-07-23 00:28:59,290 | PUT http://testserver/urls/0rJD3v | UA: testclient | IP: testclient
2026-07-23 00:28:59,292 | GET http://testserver/redirect?code=0rJD3v | UA: testclient | IP: testclient
2026-07-23 00:28:59,292 | GET http://testserver/redirect?code=0rJD3v | UA: testclient | IP: testclient
2026-07-23 00:28:59,297 | POST http://testserver/shorten | UA: testclient | IP: testclient
2026-07-23 00:28:59,297 | POST http://testserver/shorten | UA: testclient | IP: testclient
2026-07-23 00:28:59,300 | PUT http://testserver/urls/zH9txf | UA: testclient | IP: testclient
2026-07-23 00:28:59,300 | PUT http://testserver/urls/zH9txf | UA: testclient | IP: testclient
2026-07-23 00:28:59,304 | POST http://testserver/shorten | UA: testclient | IP: testclient
2026-07-23 00:28:59,304 | POST http://testserver/shorten | UA: testclient | IP: testclient
2026-07-23 00:28:59,307 | PUT http://testserver/urls/IgHSmj | UA: testclient | IP: testclient
2026-07-23 00:28:59,307 | PUT http://testserver/urls/IgHSmj | UA: testclient | IP: testclient
2026-07-23 00:28:59,308 | GET http://testserver/redirect?code=IgHSmj | UA: testclient | IP: testclient
2026-07-23 00:28:59,308 | GET http://testserver/redirect?code=IgHSmj | UA: testclient | IP: testclient
2026-07-23 00:28:59,312 | POST http://testserver/shorten | UA: testclient | IP: testclient
2026-07-23 00:28:59,312 | POST http://testserver/shorten | UA: testclient | IP: testclient
2026-07-23 00:28:59,314 | GET http://testserver/redirect?code=dwbLyW | UA: testclient | IP: testclient
2026-07-23 00:28:59,314 | GET http://testserver/redirect?code=dwbLyW | UA: testclient | IP: testclient
2026-07-23 00:28:59,317 | PUT http://testserver/urls/dwbLyW | UA: testclient | IP: testclient
2026-07-23 00:28:59,317 | PUT http://testserver/urls/dwbLyW | UA: testclient | IP: testclient
2026-07-23 00:28:59,319 | GET http://testserver/redirect?code=dwbLyW | UA: testclient | IP: testclient
2026-07-23 00:28:59,319 | GET http://testserver/redirect?code=dwbLyW | UA: testclient | IP: testclient
2026-07-23 00:28:59,322 | POST http://testserver/shorten | UA: testclient | IP: testclient
2026-07-23 00:28:59,322 | POST http://testserver/shorten | UA: testclient | IP: testclient
2026-07-23 00:28:59,325 | PUT http://testserver/urls/JAU23N | UA: testclient | IP: testclient
2026-07-23 00:28:59,325 | PUT http://testserver/urls/JAU23N | UA: testclient | IP: testclient
2026-07-23 00:28:59,328 | GET http://testserver/redirect?code=JAU23N | UA: testclient | IP: testclient
2026-07-23 00:28:59,328 | GET http://testserver/redirect?code=JAU23N | UA: testclient | IP: testclient
2026-07-23 00:28:59,332 | POST http://testserver/shorten | UA: testclient | IP: testclient
2026-07-23 00:28:59,332 | POST http://testserver/shorten | UA: testclient | IP: testclient
2026-07-23 00:28:59,334 | PUT http://testserver/urls/Lfolw5 | UA: testclient | IP: testclient
2026-07-23 00:28:59,334 | PUT http://testserver/urls/Lfolw5 | UA: testclient | IP: testclient
2026-07-23 00:28:59,337 | POST http://testserver/shorten | UA: testclient | IP: testclient
2026-07-23 00:28:59,337 | POST http://testserver/shorten | UA: testclient | IP: testclient
2026-07-23 00:28:59,341 | PUT http://testserver/urls/nonexistent123 | UA: testclient | IP: testclient
2026-07-23 00:28:59,341 | PUT http://testserver/urls/nonexistent123 | UA: testclient | IP: testclient
2026-07-23 00:28:59,344 | POST http://testserver/shorten | UA: testclient | IP: testclient
2026-07-23 00:28:59,344 | POST http://testserver/shorten | UA: testclient | IP: testclient
2026-07-23 00:28:59,347 | DELETE http://testserver/urls/JcSveq | UA: testclient | IP: testclient
2026-07-23 00:28:59,347 | DELETE http://testserver/urls/JcSveq | UA: testclient | IP: testclient
2026-07-23 00:28:59,350 | PUT http://testserver/urls/JcSveq | UA: testclient | IP: testclient
2026-07-23 00:28:59,350 | PUT http://testserver/urls/JcSveq | UA: testclient | IP: testclient
2026-07-23 00:28:59,353 | POST http://testserver/shorten | UA: testclient | IP: testclient
2026-07-23 00:28:59,353 | POST http://testserver/shorten | UA: testclient | IP: testclient
2026-07-23 00:28:59,355 | PUT http://testserver/urls/QEqTj5 | UA: testclient | IP: testclient
2026-07-23 00:28:59,355 | PUT http://testserver/urls/QEqTj5 | UA: testclient | IP: testclient
2026-07-23 00:28:59,358 | POST http://testserver/shorten | UA: testclient | IP: testclient
2026-07-23 00:28:59,358 | POST http://testserver/shorten | UA: testclient | IP: testclient
2026-07-23 00:28:59,360 | GET http://testserver/redirect?code=McpXmn | UA: testclient | IP: testclient
2026-07-23 00:28:59,360 | GET http://testserver/redirect?code=McpXmn | UA: testclient | IP: testclient
2026-07-23 00:28:59,362 | POST http://testserver/shorten | UA: testclient | IP: testclient
2026-07-23 00:28:59,362 | POST http://testserver/shorten | UA: testclient | IP: testclient
2026-07-23 00:28:59,365 | POST http://testserver/shorten | UA: testclient | IP: testclient
2026-07-23 00:28:59,365 | POST http://testserver/shorten | UA: testclient | IP: testclient
2026-07-23 00:28:59,367 | PUT http://testserver/urls/ykc1ga | UA: testclient | IP: testclient
2026-07-23 00:28:59,367 | PUT http://testserver/urls/ykc1ga | UA: testclient | IP: testclient
2026-07-23 00:28:59,370 | POST http://testserver/shorten | UA: testclient | IP: testclient
2026-07-23 00:28:59,370 | POST http://testserver/shorten | UA: testclient | IP: testclient
2026-07-23 00:28:59,542 | PUT http://testserver/urls/t3UGfp | UA: testclient | IP: testclient
2026-07-23 00:28:59,542 | PUT http://testserver/urls/t3UGfp | UA: testclient | IP: testclient
2026-07-23 00:28:59,543 | GET http://testserver/redirect?code=t3UGfp | UA: testclient | IP: testclient
2026-07-23 00:28:59,543 | GET http://testserver/redirect?code=t3UGfp | UA: testclient | IP: testclient
2026-07-23 00:28:59,714 | POST http://testserver/shorten | UA: testclient | IP: testclient
2026-07-23 00:28:59,714 | POST http://testserver/shorten | UA: testclient | IP: testclient
2026-07-23 00:28:59,885 | GET http://testserver/redirect?code=6TGEjo&password=secret1 | UA: testclient | IP: testclient
2026-07-23 00:28:59,885 | GET http://testserver/redirect?code=6TGEjo&password=secret1 | UA: testclient | IP: testclient
2026-07-23 00:29:00,057 | POST http://testserver/shorten | UA: testclient | IP: testclient
2026-07-23 00:29:00,057 | POST http://testserver/shorten | UA: testclient | IP: testclient
2026-07-23 00:29:00,226 | GET http://testserver/redirect?code=1KHDnT&password=wrongpass | UA: testclient | IP: testclient
2026-07-23 00:29:00,226 | GET http://testserver/redirect?code=1KHDnT&password=wrongpass | UA: testclient | IP: testclient
2026-07-23 00:29:00,398 | POST http://testserver/shorten | UA: testclient | IP: testclient
2026-07-23 00:29:00,398 | POST http://testserver/shorten | UA: testclient | IP: testclient
2026-07-23 00:29:00,401 | DELETE http://testserver/urls/Z8Uiil | UA: testclient | IP: testclient
2026-07-23 00:29:00,401 | DELETE http://testserver/urls/Z8Uiil | UA: testclient | IP: testclient
2026-07-23 00:29:00,402 | GET http://testserver/redirect?code=Z8Uiil | UA: testclient | IP: testclient
2026-07-23 00:29:00,402 | GET http://testserver/redirect?code=Z8Uiil | UA: testclient | IP: testclient
2026-07-23 00:29:00,574 | POST http://testserver/shorten | UA: testclient | IP: testclient
2026-07-23 00:29:00,574 | POST http://testserver/shorten | UA: testclient | IP: testclient
2026-07-23 00:29:00,576 | GET http://testserver/redirect?code=Z9mFmu | UA: testclient | IP: testclient
2026-07-23 00:29:00,576 | GET http://testserver/redirect?code=Z9mFmu | UA: testclient | IP: testclient
2026-07-23 00:29:00,587 | POST http://testserver/shorten | UA: testclient | IP: testclient
2026-07-23 00:29:00,587 | POST http://testserver/shorten | UA: testclient | IP: testclient
2026-07-23 00:29:00,589 | GET http://testserver/redirect?code=uDDUfT | UA: testclient | IP: testclient
2026-07-23 00:29:00,589 | GET http://testserver/redirect?code=uDDUfT | UA: testclient | IP: testclient
2026-07-23 00:29:00,762 | PUT http://testserver/urls/uDDUfT | UA: testclient | IP: testclient
2026-07-23 00:29:00,762 | PUT http://testserver/urls/uDDUfT | UA: testclient | IP: testclient
2026-07-23 00:29:00,764 | GET http://testserver/redirect?code=uDDUfT | UA: testclient | IP: testclient
2026-07-23 00:29:00,764 | GET http://testserver/redirect?code=uDDUfT | UA: testclient | IP: testclient
2026-07-23 00:29:00,945 | POST http://testserver/shorten | UA: testclient | IP: testclient
2026-07-23 00:29:00,945 | POST http://testserver/shorten | UA: testclient | IP: testclient
2026-07-23 00:29:00,946 | GET http://testserver/redirect?code=ClFcqm | UA: testclient | IP: testclient
2026-07-23 00:29:00,946 | GET http://testserver/redirect?code=ClFcqm | UA: testclient | IP: testclient
2026-07-23 00:29:00,950 | PUT http://testserver/urls/ClFcqm | UA: testclient | IP: testclient
2026-07-23 00:29:00,950 | PUT http://testserver/urls/ClFcqm | UA: testclient | IP: testclient
2026-07-23 00:29:00,953 | GET http://testserver/redirect?code=ClFcqm | UA: testclient | IP: testclient
2026-07-23 00:29:00,953 | GET http://testserver/redirect?code=ClFcqm | UA: testclient | IP: testclient
2026-07-23 00:29:00,955 | POST http://testserver/shorten | UA: testclient | IP: testclient
2026-07-23 00:29:00,955 | POST http://testserver/shorten | UA: testclient | IP: testclient
2026-07-23 00:29:00,957 | POST http://testserver/shorten | UA: testclient | IP: testclient
2026-07-23 00:29:00,957 | POST http://testserver/shorten | UA: testclient | IP: testclient
2026-07-23 00:29:00,959 | POST http://testserver/shorten | UA: testclient | IP: testclient
2026-07-23 00:29:00,959 | POST http://testserver/shorten | UA: testclient | IP: testclient
2026-07-23 00:29:00,960 | GET http://testserver/redirect | UA: testclient | IP: testclient
2026-07-23 00:29:00,960 | GET http://testserver/redirect | UA: testclient | IP: testclient
2026-07-23 00:29:00,963 | GET http://testserver/redirect?code= | UA: testclient | IP: testclient
2026-07-23 00:29:00,963 | GET http://testserver/redirect?code= | UA: testclient | IP: testclient
2026-07-23 00:29:00,967 | POST http://testserver/shorten | UA: testclient | IP: testclient
2026-07-23 00:29:00,967 | POST http://testserver/shorten | UA: testclient | IP: testclient
2026-07-23 00:29:00,970 | POST http://testserver/shorten | UA: testclient | IP: testclient
2026-07-23 00:29:00,970 | POST http://testserver/shorten | UA: testclient | IP: testclient
2026-07-23 00:29:00,972 | GET http://testserver/redirect?code=o5miPn | UA: testclient | IP: testclient
2026-07-23 00:29:00,972 | GET http://testserver/redirect?code=o5miPn | UA: testclient | IP: testclient
2026-07-23 00:29:00,976 | POST http://testserver/shorten | UA: testclient | IP: testclient
2026-07-23 00:29:00,976 | POST http://testserver/shorten | UA: testclient | IP: testclient
2026-07-23 00:29:00,979 | POST http://testserver/shorten | UA: testclient | IP: testclient
2026-07-23 00:29:00,979 | POST http://testserver/shorten | UA: testclient | IP: testclient
2026-07-23 00:29:00,992 | GET http://testserver/urls?size=1000 | UA: testclient | IP: testclient
2026-07-23 00:29:00,992 | GET http://testserver/urls?size=1000 | UA: testclient | IP: testclient
2026-07-23 00:29:01,083 | POST http://testserver/shorten | UA: testclient | IP: testclient
2026-07-23 00:29:01,083 | POST http://testserver/shorten | UA: testclient | IP: testclient
2026-07-23 00:29:01,087 | GET http://testserver/redirect?code=1ryB2a | UA: testclient | IP: testclient
2026-07-23 00:29:01,087 | GET http://testserver/redirect?code=1ryB2a | UA: testclient | IP: testclient
2026-07-23 00:29:01,091 | POST http://testserver/shorten | UA: testclient | IP: testclient
2026-07-23 00:29:01,091 | POST http://testserver/shorten | UA: testclient | IP: testclient
2026-07-23 00:29:01,095 | DELETE http://testserver/urls/KoUr9r | UA: testclient | IP: testclient
2026-07-23 00:29:01,095 | DELETE http://testserver/urls/KoUr9r | UA: testclient | IP: testclient
2026-07-23 00:29:01,096 | GET http://testserver/redirect?code=KoUr9r | UA: testclient | IP: testclient
2026-07-23 00:29:01,096 | GET http://testserver/redirect?code=KoUr9r | UA: testclient | IP: testclient
2026-07-23 00:29:01,099 | DELETE http://testserver/urls/nonexistent123 | UA: testclient | IP: testclient
2026-07-23 00:29:01,099 | DELETE http://testserver/urls/nonexistent123 | UA: testclient | IP: testclient
2026-07-23 00:29:01,102 | GET http://testserver/redirect?code=nonexistent123 | UA: testclient | IP: testclient
2026-07-23 00:29:01,102 | GET http://testserver/redirect?code=nonexistent123 | UA: testclient | IP: testclient
2026-07-23 00:29:01,105 | POST http://testserver/shorten | UA: testclient | IP: testclient
2026-07-23 00:29:01,105 | POST http://testserver/shorten | UA: testclient | IP: testclient
2026-07-23 00:29:01,107 | GET http://testserver/redirect?code=Xyp3J2 | UA: testclient | IP: testclient
2026-07-23 00:29:01,107 | GET http://testserver/redirect?code=Xyp3J2 | UA: testclient | IP: testclient
2026-07-23 00:29:01,109 | GET http://testserver/redirect?code=Xyp3J2 | UA: testclient | IP: testclient
2026-07-23 00:29:01,109 | GET http://testserver/redirect?code=Xyp3J2 | UA: testclient | IP: testclient
2026-07-23 00:29:01,113 | POST http://testserver/shorten | UA: testclient | IP: testclient
2026-07-23 00:29:01,113 | POST http://testserver/shorten | UA: testclient | IP: testclient
2026-07-23 00:29:01,115 | GET http://testserver/redirect?code=Cyr6Sg | UA: testclient | IP: testclient
2026-07-23 00:29:01,115 | GET http://testserver/redirect?code=Cyr6Sg | UA: testclient | IP: testclient
2026-07-23 00:29:01,119 | POST http://testserver/shorten | UA: testclient | IP: testclient
2026-07-23 00:29:01,119 | POST http://testserver/shorten | UA: testclient | IP: testclient
2026-07-23 00:29:01,121 | POST http://testserver/shorten | UA: testclient | IP: testclient
2026-07-23 00:29:01,121 | POST http://testserver/shorten | UA: testclient | IP: testclient
2026-07-23 00:29:01,123 | GET http://testserver/redirect?code=1E94YO | UA: testclient | IP: testclient
2026-07-23 00:29:01,123 | GET http://testserver/redirect?code=1E94YO | UA: testclient | IP: testclient
2026-07-23 00:29:01,125 | GET http://testserver/redirect?code=93nusS | UA: testclient | IP: testclient
2026-07-23 00:29:01,125 | GET http://testserver/redirect?code=93nusS | UA: testclient | IP: testclient
2026-07-23 00:29:01,127 | GET http://testserver/redirect?code=1E94YO | UA: testclient | IP: testclient
2026-07-23 00:29:01,127 | GET http://testserver/redirect?code=1E94YO | UA: testclient | IP: testclient
2026-07-23 00:29:01,131 | POST http://testserver/shorten | UA: testclient | IP: testclient
2026-07-23 00:29:01,131 | POST http://testserver/shorten | UA: testclient | IP: testclient
2026-07-23 00:29:01,133 | POST http://testserver/shorten | UA: testclient | IP: testclient
2026-07-23 00:29:01,133 | POST http://testserver/shorten | UA: testclient | IP: testclient
2026-07-23 00:29:01,137 | POST http://testserver/shorten | UA: testclient | IP: testclient
2026-07-23 00:29:01,137 | POST http://testserver/shorten | UA: testclient | IP: testclient
2026-07-23 00:29:01,139 | DELETE http://testserver/urls/bsF4Le | UA: testclient | IP: testclient
2026-07-23 00:29:01,139 | DELETE http://testserver/urls/bsF4Le | UA: testclient | IP: testclient
2026-07-23 00:29:01,140 | GET http://testserver/redirect?code=bsF4Le | UA: testclient | IP: testclient
2026-07-23 00:29:01,140 | GET http://testserver/redirect?code=bsF4Le | UA: testclient | IP: testclient
2026-07-23 00:29:01,144 | POST http://testserver/shorten | UA: testclient | IP: testclient
2026-07-23 00:29:01,144 | POST http://testserver/shorten | UA: testclient | IP: testclient
2026-07-23 00:29:01,148 | POST http://testserver/shorten | UA: testclient | IP: testclient
2026-07-23 00:29:01,148 | POST http://testserver/shorten | UA: testclient | IP: testclient
2026-07-23 00:29:01,150 | POST http://testserver/shorten | UA: testclient | IP: testclient
2026-07-23 00:29:01,150 | POST http://testserver/shorten | UA: testclient | IP: testclient
2026-07-23 00:29:01,154 | POST http://testserver/shorten | UA: testclient | IP: testclient
2026-07-23 00:29:01,154 | POST http://testserver/shorten | UA: testclient | IP: testclient
2026-07-23 00:29:01,157 | DELETE http://testserver/urls/htpQaT | UA: testclient | IP: testclient
2026-07-23 00:29:01,157 | DELETE http://testserver/urls/htpQaT | UA: testclient | IP: testclient
2026-07-23 00:29:01,158 | GET http://testserver/redirect?code=htpQaT | UA: testclient | IP: testclient
2026-07-23 00:29:01,158 | GET http://testserver/redirect?code=htpQaT | UA: testclient | IP: testclient
2026-07-23 00:29:01,162 | POST http://testserver/shorten | UA: testclient | IP: testclient
2026-07-23 00:29:01,162 | POST http://testserver/shorten | UA: testclient | IP: testclient
2026-07-23 00:29:01,164 | DELETE http://testserver/urls/zQYzFw | UA: testclient | IP: testclient
2026-07-23 00:29:01,164 | DELETE http://testserver/urls/zQYzFw | UA: testclient | IP: testclient
2026-07-23 00:29:01,166 | GET http://testserver/redirect?code=zQYzFw | UA: testclient | IP: testclient
2026-07-23 00:29:01,166 | GET http://testserver/redirect?code=zQYzFw | UA: testclient | IP: testclient
2026-07-23 00:29:01,169 | POST http://testserver/shorten | UA: testclient | IP: testclient
2026-07-23 00:29:01,169 | POST http://testserver/shorten | UA: testclient | IP: testclient
2026-07-23 00:29:01,173 | POST http://testserver/shorten | UA: testclient | IP: testclient
2026-07-23 00:29:01,173 | POST http://testserver/shorten | UA: testclient | IP: testclient
2026-07-23 00:29:01,176 | DELETE http://testserver/urls/CUcBLD | UA: testclient | IP: testclient
2026-07-23 00:29:01,176 | DELETE http://testserver/urls/CUcBLD | UA: testclient | IP: testclient
2026-07-23 00:29:01,179 | POST http://testserver/shorten | UA: testclient | IP: testclient
2026-07-23 00:29:01,179 | POST http://testserver/shorten | UA: testclient | IP: testclient
2026-07-23 00:29:01,180 | POST http://testserver/shorten | UA: testclient | IP: testclient
2026-07-23 00:29:01,180 | POST http://testserver/shorten | UA: testclient | IP: testclient
2026-07-23 00:29:01,182 | GET http://testserver/redirect?code=GhUwYl | UA: testclient | IP: testclient
2026-07-23 00:29:01,182 | GET http://testserver/redirect?code=GhUwYl | UA: testclient | IP: testclient
2026-07-23 00:29:01,185 | GET http://testserver/urls | UA: testclient | IP: testclient
2026-07-23 00:29:01,185 | GET http://testserver/urls | UA: testclient | IP: testclient
2026-07-23 00:29:01,185 | POST http://testserver/shorten | UA: testclient | IP: testclient
2026-07-23 00:29:01,185 | POST http://testserver/shorten | UA: testclient | IP: testclient
2026-07-23 00:29:01,188 | GET http://testserver/redirect?code=5TnK8x | UA: testclient | IP: testclient
2026-07-23 00:29:01,188 | GET http://testserver/redirect?code=5TnK8x | UA: testclient | IP: testclient
2026-07-23 00:29:01,189 | POST http://testserver/shorten | UA: testclient | IP: testclient
2026-07-23 00:29:01,189 | POST http://testserver/shorten | UA: testclient | IP: testclient
2026-07-23 00:29:01,191 | POST http://testserver/shorten | UA: testclient | IP: testclient
2026-07-23 00:29:01,191 | POST http://testserver/shorten | UA: testclient | IP: testclient
2026-07-23 00:29:01,192 | POST http://testserver/shorten | UA: testclient | IP: testclient
2026-07-23 00:29:01,192 | POST http://testserver/shorten | UA: testclient | IP: testclient
2026-07-23 00:29:01,195 | GET http://testserver/redirect?code=7TXtNe | UA: testclient | IP: testclient
2026-07-23 00:29:01,195 | GET http://testserver/redirect?code=7TXtNe | UA: testclient | IP: testclient
2026-07-23 00:29:01,196 | POST http://testserver/shorten | UA: testclient | IP: testclient
2026-07-23 00:29:01,196 | POST http://testserver/shorten | UA: testclient | IP: testclient
2026-07-23 00:29:01,198 | POST http://testserver/shorten | UA: testclient | IP: testclient
2026-07-23 00:29:01,198 | POST http://testserver/shorten | UA: testclient | IP: testclient
2026-07-23 00:29:01,199 | POST http://testserver/shorten | UA: testclient | IP: testclient
2026-07-23 00:29:01,199 | POST http://testserver/shorten | UA: testclient | IP: testclient
2026-07-23 00:29:01,201 | POST http://testserver/shorten | UA: testclient | IP: testclient
2026-07-23 00:29:01,201 | POST http://testserver/shorten | UA: testclient | IP: testclient
2026-07-23 00:29:01,204 | POST http://testserver/shorten | UA: testclient | IP: testclient
2026-07-23 00:29:01,204 | POST http://testserver/shorten | UA: testclient | IP: testclient
2026-07-23 00:29:01,205 | GET http://testserver/redirect?code=bjqdKQ | UA: testclient | IP: testclient
2026-07-23 00:29:01,205 | GET http://testserver/redirect?code=bjqdKQ | UA: testclient | IP: testclient
2026-07-23 00:29:01,208 | GET http://testserver/urls?page=1&size=2 | UA: testclient | IP: testclient
2026-07-23 00:29:01,208 | GET http://testserver/urls?page=1&size=2 | UA: testclient | IP: testclient
2026-07-23 00:29:01,209 | POST http://testserver/shorten | UA: testclient | IP: testclient
2026-07-23 00:29:01,209 | POST http://testserver/shorten | UA: testclient | IP: testclient
2026-07-23 00:29:01,211 | GET http://testserver/redirect?code=my-article-c3674bf3 | UA: testclient | IP: testclient
2026-07-23 00:29:01,211 | GET http://testserver/redirect?code=my-article-c3674bf3 | UA: testclient | IP: testclient
2026-07-23 00:29:01,212 | POST http://testserver/shorten | UA: testclient | IP: testclient
2026-07-23 00:29:01,212 | POST http://testserver/shorten | UA: testclient | IP: testclient
2026-07-23 00:29:01,216 | POST http://testserver/shorten | UA: testclient | IP: testclient
2026-07-23 00:29:01,216 | POST http://testserver/shorten | UA: testclient | IP: testclient
2026-07-23 00:29:01,217 | POST http://testserver/shorten | UA: testclient | IP: testclient
2026-07-23 00:29:01,217 | POST http://testserver/shorten | UA: testclient | IP: testclient
2026-07-23 00:29:01,219 | POST http://testserver/shorten | UA: testclient | IP: testclient
2026-07-23 00:29:01,219 | POST http://testserver/shorten | UA: testclient | IP: testclient
2026-07-23 00:29:01,222 | POST http://testserver/shorten | UA: testclient | IP: testclient
2026-07-23 00:29:01,222 | POST http://testserver/shorten | UA: testclient | IP: testclient
2026-07-23 00:29:01,223 | POST http://testserver/shorten | UA: testclient | IP: testclient
2026-07-23 00:29:01,223 | POST http://testserver/shorten | UA: testclient | IP: testclient
2026-07-23 00:29:01,225 | POST http://testserver/shorten | UA: testclient | IP: testclient
2026-07-23 00:29:01,225 | POST http://testserver/shorten | UA: testclient | IP: testclient
2026-07-23 00:29:01,227 | POST http://testserver/shorten | UA: testclient | IP: testclient
2026-07-23 00:29:01,227 | POST http://testserver/shorten | UA: testclient | IP: testclient
2026-07-23 00:29:01,229 | DELETE http://testserver/urls/dead-8e88712b | UA: testclient | IP: testclient
2026-07-23 00:29:01,229 | DELETE http://testserver/urls/dead-8e88712b | UA: testclient | IP: testclient
2026-07-23 00:29:01,231 | GET http://testserver/urls?page=1&size=2 | UA: testclient | IP: testclient
2026-07-23 00:29:01,231 | GET http://testserver/urls?page=1&size=2 | UA: testclient | IP: testclient
2026-07-23 00:29:01,231 | POST http://testserver/shorten | UA: testclient | IP: testclient
2026-07-23 00:29:01,231 | POST http://testserver/shorten | UA: testclient | IP: testclient
2026-07-23 00:29:01,234 | GET http://testserver/urls?page=2&size=2 | UA: testclient | IP: testclient
2026-07-23 00:29:01,234 | GET http://testserver/urls?page=2&size=2 | UA: testclient | IP: testclient
2026-07-23 00:29:01,234 | POST http://testserver/shorten | UA: testclient | IP: testclient
2026-07-23 00:29:01,234 | POST http://testserver/shorten | UA: testclient | IP: testclient
2026-07-23 00:29:01,237 | POST http://testserver/shorten | UA: testclient | IP: testclient
2026-07-23 00:29:01,237 | POST http://testserver/shorten | UA: testclient | IP: testclient
2026-07-23 00:29:01,241 | POST http://testserver/shorten/batch | UA: testclient | IP: testclient
2026-07-23 00:29:01,241 | POST http://testserver/shorten/batch | UA: testclient | IP: testclient
2026-07-23 00:29:01,243 | POST http://testserver/shorten | UA: testclient | IP: testclient
2026-07-23 00:29:01,243 | POST http://testserver/shorten | UA: testclient | IP: testclient
2026-07-23 00:29:01,245 | GET http://testserver/redirect?code=atLyRV | UA: testclient | IP: testclient
2026-07-23 00:29:01,245 | GET http://testserver/redirect?code=atLyRV | UA: testclient | IP: testclient
2026-07-23 00:29:01,247 | POST http://testserver/shorten | UA: testclient | IP: testclient
2026-07-23 00:29:01,247 | POST http://testserver/shorten | UA: testclient | IP: testclient
2026-07-23 00:29:01,249 | GET http://testserver/redirect?code=gpKG9d | UA: testclient | IP: testclient
2026-07-23 00:29:01,249 | GET http://testserver/redirect?code=gpKG9d | UA: testclient | IP: testclient
2026-07-23 00:29:01,251 | GET http://testserver/urls?page=1&size=1 | UA: testclient | IP: testclient
2026-07-23 00:29:01,251 | GET http://testserver/urls?page=1&size=1 | UA: testclient | IP: testclient
2026-07-23 00:29:01,252 | GET http://testserver/redirect?code=D2kCV2 | UA: testclient | IP: testclient
2026-07-23 00:29:01,252 | GET http://testserver/redirect?code=D2kCV2 | UA: testclient | IP: testclient
2026-07-23 00:29:01,255 | GET http://testserver/urls | UA: testclient | IP: testclient
2026-07-23 00:29:01,255 | GET http://testserver/urls | UA: testclient | IP: testclient
2026-07-23 00:29:01,256 | POST http://testserver/shorten | UA: testclient | IP: testclient
2026-07-23 00:29:01,256 | POST http://testserver/shorten | UA: testclient | IP: testclient
2026-07-23 00:29:01,257 | GET http://testserver/health | UA: testclient | IP: testclient
2026-07-23 00:29:01,257 | GET http://testserver/health | UA: testclient | IP: testclient
2026-07-23 00:29:01,259 | GET http://testserver/health | UA: testclient | IP: testclient
2026-07-23 00:29:01,259 | GET http://testserver/health | UA: testclient | IP: testclient
2026-07-23 00:29:01,260 | POST http://testserver/shorten/batch | UA: testclient | IP: testclient
2026-07-23 00:29:01,260 | POST http://testserver/shorten/batch | UA: testclient | IP: testclient
2026-07-23 00:29:01,260 | GET http://testserver/health | UA: testclient | IP: testclient
2026-07-23 00:29:01,260 | GET http://testserver/health | UA: testclient | IP: testclient
2026-07-23 00:29:01,263 | GET http://testserver/health | UA: testclient | IP: testclient
2026-07-23 00:29:01,263 | GET http://testserver/health | UA: testclient | IP: testclient
2026-07-23 00:29:01,265 | GET http://testserver/health | UA: testclient | IP: testclient
2026-07-23 00:29:01,265 | GET http://testserver/health | UA: testclient | IP: testclient
2026-07-23 00:29:01,268 | POST http://testserver/shorten | UA: testclient | IP: testclient
2026-07-23 00:29:01,268 | POST http://testserver/shorten | UA: testclient | IP: testclient
2026-07-23 00:29:01,270 | GET http://testserver/redirect?code=JLbPf0 | UA: testclient | IP: testclient
2026-07-23 00:29:01,270 | GET http://testserver/redirect?code=JLbPf0 | UA: testclient | IP: testclient
2026-07-23 00:29:01,273 | POST http://testserver/shorten | UA: testclient | IP: testclient
2026-07-23 00:29:01,273 | POST http://testserver/shorten | UA: testclient | IP: testclient
2026-07-23 00:29:01,275 | POST http://testserver/shorten | UA: testclient | IP: testclient
2026-07-23 00:29:01,275 | POST http://testserver/shorten | UA: testclient | IP: testclient
2026-07-23 00:29:01,281 | GET http://testserver/urls | UA: testclient | IP: testclient
2026-07-23 00:29:01,281 | GET http://testserver/urls | UA: testclient | IP: testclient
2026-07-23 00:29:01,286 | POST http://testserver/shorten/batch | UA: testclient | IP: testclient
2026-07-23 00:29:01,286 | POST http://testserver/shorten/batch | UA: testclient | IP: testclient
2026-07-23 00:29:01,289 | POST http://testserver/shorten/batch | UA: testclient | IP: testclient
2026-07-23 00:29:01,289 | POST http://testserver/shorten/batch | UA: testclient | IP: testclient
2026-07-23 00:29:01,293 | POST http://testserver/shorten/batch | UA: testclient | IP: testclient
2026-07-23 00:29:01,293 | POST http://testserver/shorten/batch | UA: testclient | IP: testclient
2026-07-23 00:29:01,297 | POST http://testserver/shorten/batch | UA: testclient | IP: testclient
2026-07-23 00:29:01,297 | POST http://testserver/shorten/batch | UA: testclient | IP: testclient
2026-07-23 00:29:01,304 | POST http://testserver/shorten/batch | UA: testclient | IP: testclient
2026-07-23 00:29:01,304 | POST http://testserver/shorten/batch | UA: testclient | IP: testclient
2026-07-23 00:29:01,308 | POST http://testserver/shorten/batch | UA: testclient | IP: testclient
2026-07-23 00:29:01,308 | POST http://testserver/shorten/batch | UA: testclient | IP: testclient
2026-07-23 00:29:01,312 | POST http://testserver/shorten | UA: testclient | IP: testclient
2026-07-23 00:29:01,312 | POST http://testserver/shorten | UA: testclient | IP: testclient
2026-07-23 00:29:01,315 | PUT http://testserver/urls/zfPyzH | UA: testclient | IP: testclient
2026-07-23 00:29:01,315 | PUT http://testserver/urls/zfPyzH | UA: testclient | IP: testclient
2026-07-23 00:29:01,317 | GET http://testserver/redirect?code=zfPyzH | UA: testclient | IP: testclient
2026-07-23 00:29:01,317 | GET http://testserver/redirect?code=zfPyzH | UA: testclient | IP: testclient
2026-07-23 00:29:01,322 | POST http://testserver/shorten | UA: testclient | IP: testclient
2026-07-23 00:29:01,322 | POST http://testserver/shorten | UA: testclient | IP: testclient
2026-07-23 00:29:01,325 | PUT http://testserver/urls/qCirqY | UA: testclient | IP: testclient
2026-07-23 00:29:01,325 | PUT http://testserver/urls/qCirqY | UA: testclient | IP: testclient
2026-07-23 00:29:01,330 | POST http://testserver/shorten | UA: testclient | IP: testclient
2026-07-23 00:29:01,330 | POST http://testserver/shorten | UA: testclient | IP: testclient
2026-07-23 00:29:01,333 | PUT http://testserver/urls/u43qzx | UA: testclient | IP: testclient
2026-07-23 00:29:01,333 | PUT http://testserver/urls/u43qzx | UA: testclient | IP: testclient
2026-07-23 00:29:01,334 | GET http://testserver/redirect?code=u43qzx | UA: testclient | IP: testclient
2026-07-23 00:29:01,334 | GET http://testserver/redirect?code=u43qzx | UA: testclient | IP: testclient
2026-07-23 00:29:01,338 | POST http://testserver/shorten | UA: testclient | IP: testclient
2026-07-23 00:29:01,338 | POST http://testserver/shorten | UA: testclient | IP: testclient
2026-07-23 00:29:01,341 | GET http://testserver/redirect?code=q5QhXC | UA: testclient | IP: testclient
2026-07-23 00:29:01,341 | GET http://testserver/redirect?code=q5QhXC | UA: testclient | IP: testclient
2026-07-23 00:29:01,343 | PUT http://testserver/urls/q5QhXC | UA: testclient | IP: testclient
2026-07-23 00:29:01,343 | PUT http://testserver/urls/q5QhXC | UA: testclient | IP: testclient
2026-07-23 00:29:01,347 | GET http://testserver/redirect?code=q5QhXC | UA: testclient | IP: testclient
2026-07-23 00:29:01,347 | GET http://testserver/redirect?code=q5QhXC | UA: testclient | IP: testclient
2026-07-23 00:29:01,351 | POST http://testserver/shorten | UA: testclient | IP: testclient
2026-07-23 00:29:01,351 | POST http://testserver/shorten | UA: testclient | IP: testclient
2026-07-23 00:29:01,355 | PUT http://testserver/urls/6jX2zc | UA: testclient | IP: testclient
2026-07-23 00:29:01,355 | PUT http://testserver/urls/6jX2zc | UA: testclient | IP: testclient
2026-07-23 00:29:01,358 | GET http://testserver/redirect?code=6jX2zc | UA: testclient | IP: testclient
2026-07-23 00:29:01,358 | GET http://testserver/redirect?code=6jX2zc | UA: testclient | IP: testclient
2026-07-23 00:29:01,363 | POST http://testserver/shorten | UA: testclient | IP: testclient
2026-07-23 00:29:01,363 | POST http://testserver/shorten | UA: testclient | IP: testclient
2026-07-23 00:29:01,365 | PUT http://testserver/urls/e0AhzI | UA: testclient | IP: testclient
2026-07-23 00:29:01,365 | PUT http://testserver/urls/e0AhzI | UA: testclient | IP: testclient
2026-07-23 00:29:01,369 | POST http://testserver/shorten | UA: testclient | IP: testclient
2026-07-23 00:29:01,369 | POST http://testserver/shorten | UA: testclient | IP: testclient
2026-07-23 00:29:01,373 | PUT http://testserver/urls/nonexistent123 | UA: testclient | IP: testclient
2026-07-23 00:29:01,373 | PUT http://testserver/urls/nonexistent123 | UA: testclient | IP: testclient
2026-07-23 00:29:01,377 | POST http://testserver/shorten | UA: testclient | IP: testclient
2026-07-23 00:29:01,377 | POST http://testserver/shorten | UA: testclient | IP: testclient
2026-07-23 00:29:01,380 | DELETE http://testserver/urls/CAN5Ey | UA: testclient | IP: testclient
2026-07-23 00:29:01,380 | DELETE http://testserver/urls/CAN5Ey | UA: testclient | IP: testclient
2026-07-23 00:29:01,382 | PUT http://testserver/urls/CAN5Ey | UA: testclient | IP: testclient
2026-07-23 00:29:01,382 | PUT http://testserver/urls/CAN5Ey | UA: testclient | IP: testclient
2026-07-23 00:29:01,386 | POST http://testserver/shorten | UA: testclient | IP: testclient
2026-07-23 00:29:01,386 | POST http://testserver/shorten | UA: testclient | IP: testclient
2026-07-23 00:29:01,388 | PUT http://testserver/urls/3rTJET | UA: testclient | IP: testclient
2026-07-23 00:29:01,388 | PUT http://testserver/urls/3rTJET | UA: testclient | IP: testclient
2026-07-23 00:29:01,392 | POST http://testserver/shorten | UA: testclient | IP: testclient
2026-07-23 00:29:01,392 | POST http://testserver/shorten | UA: testclient | IP: testclient
2026-07-23 00:29:01,394 | GET http://testserver/redirect?code=ZtLdjE | UA: testclient | IP: testclient
2026-07-23 00:29:01,394 | GET http://testserver/redirect?code=ZtLdjE | UA: testclient | IP: testclient
2026-07-23 00:29:01,397 | POST http://testserver/shorten | UA: testclient | IP: testclient
2026-07-23 00:29:01,397 | POST http://testserver/shorten | UA: testclient | IP: testclient
2026-07-23 00:29:01,401 | POST http://testserver/shorten | UA: testclient | IP: testclient
2026-07-23 00:29:01,401 | POST http://testserver/shorten | UA: testclient | IP: testclient
2026-07-23 00:29:01,403 | PUT http://testserver/urls/BDRi3W | UA: testclient | IP: testclient
2026-07-23 00:29:01,403 | PUT http://testserver/urls/BDRi3W | UA: testclient | IP: testclient
2026-07-23 00:29:01,407 | POST http://testserver/shorten | UA: testclient | IP: testclient
2026-07-23 00:29:01,407 | POST http://testserver/shorten | UA: testclient | IP: testclient
2026-07-23 00:29:01,581 | PUT http://testserver/urls/N9WJQz | UA: testclient | IP: testclient
2026-07-23 00:29:01,581 | PUT http://testserver/urls/N9WJQz | UA: testclient | IP: testclient
2026-07-23 00:29:01,583 | GET http://testserver/redirect?code=N9WJQz | UA: testclient | IP: testclient
2026-07-23 00:29:01,583 | GET http://testserver/redirect?code=N9WJQz | UA: testclient | IP: testclient
2026-07-23 00:29:01,755 | POST http://testserver/shorten | UA: testclient | IP: testclient
2026-07-23 00:29:01,755 | POST http://testserver/shorten | UA: testclient | IP: testclient
2026-07-23 00:29:01,987 | GET http://testserver/redirect?code=b1zpg0&password=secret1 | UA: testclient | IP: testclient
2026-07-23 00:29:01,987 | GET http://testserver/redirect?code=b1zpg0&password=secret1 | UA: testclient | IP: testclient
2026-07-23 00:29:02,213 | POST http://testserver/shorten | UA: testclient | IP: testclient
2026-07-23 00:29:02,213 | POST http://testserver/shorten | UA: testclient | IP: testclient
2026-07-23 00:29:02,423 | GET http://testserver/redirect?code=Njg3BK&password=wrongpass | UA: testclient | IP: testclient
2026-07-23 00:29:02,423 | GET http://testserver/redirect?code=Njg3BK&password=wrongpass | UA: testclient | IP: testclient
2026-07-23 00:29:02,597 | POST http://testserver/shorten | UA: testclient | IP: testclient
2026-07-23 00:29:02,597 | POST http://testserver/shorten | UA: testclient | IP: testclient
2026-07-23 00:29:02,599 | DELETE http://testserver/urls/91FBr5 | UA: testclient | IP: testclient
2026-07-23 00:29:02,599 | DELETE http://testserver/urls/91FBr5 | UA: testclient | IP: testclient
2026-07-23 00:29:02,601 | GET http://testserver/redirect?code=91FBr5 | UA: testclient | IP: testclient
2026-07-23 00:29:02,601 | GET http://testserver/redirect?code=91FBr5 | UA: testclient | IP: testclient
2026-07-23 00:29:02,773 | POST http://testserver/shorten | UA: testclient | IP: testclient
2026-07-23 00:29:02,773 | POST http://testserver/shorten | UA: testclient | IP: testclient
2026-07-23 00:29:02,777 | GET http://testserver/redirect?code=3M2wa8 | UA: testclient | IP: testclient
2026-07-23 00:29:02,777 | GET http://testserver/redirect?code=3M2wa8 | UA: testclient | IP: testclient
2026-07-23 00:29:02,781 | POST http://testserver/shorten | UA: testclient | IP: testclient
2026-07-23 00:29:02,781 | POST http://testserver/shorten | UA: testclient | IP: testclient
2026-07-23 00:29:02,783 | GET http://testserver/redirect?code=8Z5VsO | UA: testclient | IP: testclient
2026-07-23 00:29:02,783 | GET http://testserver/redirect?code=8Z5VsO | UA: testclient | IP: testclient
2026-07-23 00:29:02,954 | PUT http://testserver/urls/8Z5VsO | UA: testclient | IP: testclient
2026-07-23 00:29:02,954 | PUT http://testserver/urls/8Z5VsO | UA: testclient | IP: testclient
2026-07-23 00:29:02,956 | GET http://testserver/redirect?code=8Z5VsO | UA: testclient | IP: testclient
2026-07-23 00:29:02,956 | GET http://testserver/redirect?code=8Z5VsO | UA: testclient | IP: testclient
2026-07-23 00:29:03,147 | POST http://testserver/shorten | UA: testclient | IP: testclient
2026-07-23 00:29:03,147 | POST http://testserver/shorten | UA: testclient | IP: testclient
2026-07-23 00:29:03,149 | GET http://testserver/redirect?code=qzAQxM | UA: testclient | IP: testclient
2026-07-23 00:29:03,149 | GET http://testserver/redirect?code=qzAQxM | UA: testclient | IP: testclient
2026-07-23 00:29:03,152 | PUT http://testserver/urls/qzAQxM | UA: testclient | IP: testclient
2026-07-23 00:29:03,152 | PUT http://testserver/urls/qzAQxM | UA: testclient | IP: testclient
2026-07-23 00:29:03,154 | GET http://testserver/redirect?code=qzAQxM | UA: testclient | IP: testclient
2026-07-23 00:29:03,154 | GET http://testserver/redirect?code=qzAQxM | UA: testclient | IP: testclient
2026-07-23 00:29:03,156 | POST http://testserver/shorten | UA: testclient | IP: testclient
2026-07-23 00:29:03,156 | POST http://testserver/shorten | UA: testclient | IP: testclient
2026-07-23 00:29:03,159 | POST http://testserver/shorten | UA: testclient | IP: testclient
2026-07-23 00:29:03,159 | POST http://testserver/shorten | UA: testclient | IP: testclient
2026-07-23 00:29:03,161 | POST http://testserver/shorten | UA: testclient | IP: testclient
2026-07-23 00:29:03,161 | POST http://testserver/shorten | UA: testclient | IP: testclient
2026-07-23 00:29:03,163 | GET http://testserver/redirect | UA: testclient | IP: testclient
2026-07-23 00:29:03,163 | GET http://testserver/redirect | UA: testclient | IP: testclient
2026-07-23 00:29:03,165 | GET http://testserver/redirect?code= | UA: testclient | IP: testclient
2026-07-23 00:29:03,165 | GET http://testserver/redirect?code= | UA: testclient | IP: testclient
2026-07-23 00:29:03,170 | POST http://testserver/shorten | UA: testclient | IP: testclient
2026-07-23 00:29:03,170 | POST http://testserver/shorten | UA: testclient | IP: testclient
2026-07-23 00:29:03,173 | POST http://testserver/shorten | UA: testclient | IP: testclient
2026-07-23 00:29:03,173 | POST http://testserver/shorten | UA: testclient | IP: testclient
2026-07-23 00:29:03,174 | GET http://testserver/redirect?code=iIbOtu | UA: testclient | IP: testclient
2026-07-23 00:29:03,174 | GET http://testserver/redirect?code=iIbOtu | UA: testclient | IP: testclient
2026-07-23 00:29:03,179 | POST http://testserver/shorten | UA: testclient | IP: testclient
2026-07-23 00:29:03,179 | POST http://testserver/shorten | UA: testclient | IP: testclient
2026-07-23 00:29:03,182 | POST http://testserver/shorten | UA: testclient | IP: testclient
2026-07-23 00:29:03,182 | POST http://testserver/shorten | UA: testclient | IP: testclient
2026-07-23 00:29:03,185 | GET http://testserver/urls?size=1000 | UA: testclient | IP: testclient
2026-07-23 00:29:03,185 | GET http://testserver/urls?size=1000 | UA: testclient | IP: testclient
2026-07-23 00:29:03,365 | POST http://testserver/shorten | UA: testclient | IP: testclient
2026-07-23 00:29:03,365 | POST http://testserver/shorten | UA: testclient | IP: testclient
2026-07-23 00:29:03,368 | GET http://testserver/urls | UA: testclient | IP: testclient
2026-07-23 00:29:03,368 | GET http://testserver/urls | UA: testclient | IP: testclient
2026-07-23 00:29:03,372 | POST http://testserver/shorten | UA: testclient | IP: testclient
2026-07-23 00:29:03,372 | POST http://testserver/shorten | UA: testclient | IP: testclient
2026-07-23 00:29:03,375 | POST http://testserver/shorten | UA: testclient | IP: testclient
2026-07-23 00:29:03,375 | POST http://testserver/shorten | UA: testclient | IP: testclient
2026-07-23 00:29:03,377 | POST http://testserver/shorten | UA: testclient | IP: testclient
2026-07-23 00:29:03,377 | POST http://testserver/shorten | UA: testclient | IP: testclient
2026-07-23 00:29:03,380 | POST http://testserver/shorten | UA: testclient | IP: testclient
2026-07-23 00:29:03,380 | POST http://testserver/shorten | UA: testclient | IP: testclient
2026-07-23 00:29:03,383 | POST http://testserver/shorten | UA: testclient | IP: testclient
2026-07-23 00:29:03,383 | POST http://testserver/shorten | UA: testclient | IP: testclient
2026-07-23 00:29:03,386 | GET http://testserver/urls?page=1&size=2 | UA: testclient | IP: testclient
2026-07-23 00:29:03,386 | GET http://testserver/urls?page=1&size=2 | UA: testclient | IP: testclient
2026-07-23 00:29:03,391 | POST http://testserver/shorten | UA: testclient | IP: testclient
2026-07-23 00:29:03,391 | POST http://testserver/shorten | UA: testclient | IP: testclient
2026-07-23 00:29:03,394 | POST http://testserver/shorten | UA: testclient | IP: testclient
2026-07-23 00:29:03,394 | POST http://testserver/shorten | UA: testclient | IP: testclient
2026-07-23 00:29:03,397 | POST http://testserver/shorten | UA: testclient | IP: testclient
2026-07-23 00:29:03,397 | POST http://testserver/shorten | UA: testclient | IP: testclient
2026-07-23 00:29:03,400 | POST http://testserver/shorten | UA: testclient | IP: testclient
2026-07-23 00:29:03,400 | POST http://testserver/shorten | UA: testclient | IP: testclient
2026-07-23 00:29:03,402 | POST http://testserver/shorten | UA: testclient | IP: testclient
2026-07-23 00:29:03,402 | POST http://testserver/shorten | UA: testclient | IP: testclient
2026-07-23 00:29:03,405 | GET http://testserver/urls?page=1&size=2 | UA: testclient | IP: testclient
2026-07-23 00:29:03,405 | GET http://testserver/urls?page=1&size=2 | UA: testclient | IP: testclient
2026-07-23 00:29:03,408 | GET http://testserver/urls?page=2&size=2 | UA: testclient | IP: testclient
2026-07-23 00:29:03,408 | GET http://testserver/urls?page=2&size=2 | UA: testclient | IP: testclient
2026-07-23 00:29:03,411 | POST http://testserver/shorten | UA: testclient | IP: testclient
2026-07-23 00:29:03,411 | POST http://testserver/shorten | UA: testclient | IP: testclient
2026-07-23 00:29:03,414 | POST http://testserver/shorten | UA: testclient | IP: testclient
2026-07-23 00:29:03,414 | POST http://testserver/shorten | UA: testclient | IP: testclient
2026-07-23 00:29:03,418 | POST http://testserver/shorten | UA: testclient | IP: testclient
2026-07-23 00:29:03,418 | POST http://testserver/shorten | UA: testclient | IP: testclient
2026-07-23 00:29:03,421 | GET http://testserver/urls?page=1&size=1 | UA: testclient | IP: testclient
2026-07-23 00:29:03,421 | GET http://testserver/urls?page=1&size=1 | UA: testclient | IP: testclient
2026-07-23 00:29:03,430 | GET http://testserver/urls | UA: testclient | IP: testclient
2026-07-23 00:29:03,430 | GET http://testserver/urls | UA: testclient | IP: testclient
2026-07-23 00:29:03,438 | GET http://testserver/health | UA: testclient | IP: testclient
2026-07-23 00:29:03,438 | GET http://testserver/health | UA: testclient | IP: testclient
2026-07-23 00:29:03,443 | GET http://testserver/health | UA: testclient | IP: testclient
2026-07-23 00:29:03,443 | GET http://testserver/health | UA: testclient | IP: testclient
2026-07-23 00:29:03,446 | GET http://testserver/health | UA: testclient | IP: testclient
2026-07-23 00:29:03,446 | GET http://testserver/health | UA: testclient | IP: testclient
2026-07-23 00:29:03,448 | GET http://testserver/health | UA: testclient | IP: testclient
2026-07-23 00:29:03,448 | GET http://testserver/health | UA: testclient | IP: testclient
2026-07-23 00:29:03,450 | GET http://testserver/health | UA: testclient | IP: testclient
2026-07-23 00:29:03,450 | GET http://testserver/health | UA: testclient | IP: testclient
2026-07-23 00:29:03,453 | POST http://testserver/shorten | UA: testclient | IP: testclient
2026-07-23 00:29:03,453 | POST http://testserver/shorten | UA: testclient | IP: testclient
2026-07-23 00:29:03,455 | GET http://testserver/redirect?code=fAogYH | UA: testclient | IP: testclient
2026-07-23 00:29:03,455 | GET http://testserver/redirect?code=fAogYH | UA: testclient | IP: testclient
2026-07-23 00:29:03,459 | POST http://testserver/shorten | UA: testclient | IP: testclient
2026-07-23 00:29:03,459 | POST http://testserver/shorten | UA: testclient | IP: testclient
2026-07-23 00:29:03,461 | POST http://testserver/shorten | UA: testclient | IP: testclient
2026-07-23 00:29:03,461 | POST http://testserver/shorten | UA: testclient | IP: testclient
2026-07-23 00:29:03,466 | GET http://testserver/urls | UA: testclient | IP: testclient
2026-07-23 00:29:03,466 | GET http://testserver/urls | UA: testclient | IP: testclient
2026-07-23 00:29:29,156 | POST http://testserver/shorten | UA: testclient | IP: testclient
2026-07-23 00:29:29,156 | POST http://testserver/shorten | UA: testclient | IP: testclient
2026-07-23 00:29:29,161 | GET http://testserver/redirect?code=W3hdOM | UA: testclient | IP: testclient
2026-07-23 00:29:29,161 | GET http://testserver/redirect?code=W3hdOM | UA: testclient | IP: testclient
2026-07-23 00:29:29,165 | POST http://testserver/shorten | UA: testclient | IP: testclient
2026-07-23 00:29:29,165 | POST http://testserver/shorten | UA: testclient | IP: testclient
2026-07-23 00:29:29,168 | DELETE http://testserver/urls/qpLFM9 | UA: testclient | IP: testclient
2026-07-23 00:29:29,168 | DELETE http://testserver/urls/qpLFM9 | UA: testclient | IP: testclient
2026-07-23 00:29:29,170 | GET http://testserver/redirect?code=qpLFM9 | UA: testclient | IP: testclient
2026-07-23 00:29:29,170 | GET http://testserver/redirect?code=qpLFM9 | UA: testclient | IP: testclient
2026-07-23 00:29:29,173 | DELETE http://testserver/urls/nonexistent123 | UA: testclient | IP: testclient
2026-07-23 00:29:29,173 | DELETE http://testserver/urls/nonexistent123 | UA: testclient | IP: testclient
2026-07-23 00:29:29,175 | GET http://testserver/redirect?code=nonexistent123 | UA: testclient | IP: testclient
2026-07-23 00:29:29,175 | GET http://testserver/redirect?code=nonexistent123 | UA: testclient | IP: testclient
2026-07-23 00:29:29,178 | POST http://testserver/shorten | UA: testclient | IP: testclient
2026-07-23 00:29:29,178 | POST http://testserver/shorten | UA: testclient | IP: testclient
2026-07-23 00:29:29,180 | GET http://testserver/redirect?code=SPZKL2 | UA: testclient | IP: testclient
2026-07-23 00:29:29,180 | GET http://testserver/redirect?code=SPZKL2 | UA: testclient | IP: testclient
2026-07-23 00:29:29,182 | GET http://testserver/redirect?code=SPZKL2 | UA: testclient | IP: testclient
2026-07-23 00:29:29,182 | GET http://testserver/redirect?code=SPZKL2 | UA: testclient | IP: testclient
2026-07-23 00:29:29,186 | POST http://testserver/shorten | UA: testclient | IP: testclient
2026-07-23 00:29:29,186 | POST http://testserver/shorten | UA: testclient | IP: testclient
2026-07-23 00:29:29,188 | GET http://testserver/redirect?code=iWNdlk | UA: testclient | IP: testclient
2026-07-23 00:29:29,188 | GET http://testserver/redirect?code=iWNdlk | UA: testclient | IP: testclient
2026-07-23 00:29:29,191 | POST http://testserver/shorten | UA: testclient | IP: testclient
2026-07-23 00:29:29,191 | POST http://testserver/shorten | UA: testclient | IP: testclient
2026-07-23 00:29:29,193 | POST http://testserver/shorten | UA: testclient | IP: testclient
2026-07-23 00:29:29,193 | POST http://testserver/shorten | UA: testclient | IP: testclient
2026-07-23 00:29:29,195 | GET http://testserver/redirect?code=FaIY02 | UA: testclient | IP: testclient
2026-07-23 00:29:29,195 | GET http://testserver/redirect?code=FaIY02 | UA: testclient | IP: testclient
2026-07-23 00:29:29,197 | GET http://testserver/redirect?code=nLaXjU | UA: testclient | IP: testclient
2026-07-23 00:29:29,197 | GET http://testserver/redirect?code=nLaXjU | UA: testclient | IP: testclient
2026-07-23 00:29:29,199 | GET http://testserver/redirect?code=FaIY02 | UA: testclient | IP: testclient
2026-07-23 00:29:29,199 | GET http://testserver/redirect?code=FaIY02 | UA: testclient | IP: testclient
2026-07-23 00:29:29,203 | POST http://testserver/shorten | UA: testclient | IP: testclient
2026-07-23 00:29:29,203 | POST http://testserver/shorten | UA: testclient | IP: testclient
2026-07-23 00:29:29,205 | POST http://testserver/shorten | UA: testclient | IP: testclient
2026-07-23 00:29:29,205 | POST http://testserver/shorten | UA: testclient | IP: testclient
2026-07-23 00:29:29,209 | POST http://testserver/shorten | UA: testclient | IP: testclient
2026-07-23 00:29:29,209 | POST http://testserver/shorten | UA: testclient | IP: testclient
2026-07-23 00:29:29,211 | DELETE http://testserver/urls/gNV1n8 | UA: testclient | IP: testclient
2026-07-23 00:29:29,211 | DELETE http://testserver/urls/gNV1n8 | UA: testclient | IP: testclient
2026-07-23 00:29:29,212 | GET http://testserver/redirect?code=gNV1n8 | UA: testclient | IP: testclient
2026-07-23 00:29:29,212 | GET http://testserver/redirect?code=gNV1n8 | UA: testclient | IP: testclient
2026-07-23 00:29:29,216 | POST http://testserver/shorten | UA: testclient | IP: testclient
2026-07-23 00:29:29,216 | POST http://testserver/shorten | UA: testclient | IP: testclient
2026-07-23 00:29:29,219 | POST http://testserver/shorten | UA: testclient | IP: testclient
2026-07-23 00:29:29,219 | POST http://testserver/shorten | UA: testclient | IP: testclient
2026-07-23 00:29:29,221 | POST http://testserver/shorten | UA: testclient | IP: testclient
2026-07-23 00:29:29,221 | POST http://testserver/shorten | UA: testclient | IP: testclient
2026-07-23 00:29:29,224 | POST http://testserver/shorten | UA: testclient | IP: testclient
2026-07-23 00:29:29,224 | POST http://testserver/shorten | UA: testclient | IP: testclient
2026-07-23 00:29:29,227 | DELETE http://testserver/urls/qyVMfz | UA: testclient | IP: testclient
2026-07-23 00:29:29,227 | DELETE http://testserver/urls/qyVMfz | UA: testclient | IP: testclient
2026-07-23 00:29:29,228 | GET http://testserver/redirect?code=qyVMfz | UA: testclient | IP: testclient
2026-07-23 00:29:29,228 | GET http://testserver/redirect?code=qyVMfz | UA: testclient | IP: testclient
2026-07-23 00:29:29,231 | POST http://testserver/shorten | UA: testclient | IP: testclient
2026-07-23 00:29:29,231 | POST http://testserver/shorten | UA: testclient | IP: testclient
2026-07-23 00:29:29,233 | DELETE http://testserver/urls/sRNRIl | UA: testclient | IP: testclient
2026-07-23 00:29:29,233 | DELETE http://testserver/urls/sRNRIl | UA: testclient | IP: testclient
2026-07-23 00:29:29,235 | GET http://testserver/redirect?code=sRNRIl | UA: testclient | IP: testclient
2026-07-23 00:29:29,235 | GET http://testserver/redirect?code=sRNRIl | UA: testclient | IP: testclient
2026-07-23 00:29:29,238 | POST http://testserver/shorten | UA: testclient | IP: testclient
2026-07-23 00:29:29,238 | POST http://testserver/shorten | UA: testclient | IP: testclient
2026-07-23 00:29:29,242 | POST http://testserver/shorten | UA: testclient | IP: testclient
2026-07-23 00:29:29,242 | POST http://testserver/shorten | UA: testclient | IP: testclient
2026-07-23 00:29:29,244 | DELETE http://testserver/urls/iDu9OX | UA: testclient | IP: testclient
2026-07-23 00:29:29,244 | DELETE http://testserver/urls/iDu9OX | UA: testclient | IP: testclient
2026-07-23 00:29:29,247 | POST http://testserver/shorten | UA: testclient | IP: testclient
2026-07-23 00:29:29,247 | POST http://testserver/shorten | UA: testclient | IP: testclient
2026-07-23 00:29:29,250 | GET http://testserver/redirect?code=6Lu4Jw | UA: testclient | IP: testclient
2026-07-23 00:29:29,250 | GET http://testserver/redirect?code=6Lu4Jw | UA: testclient | IP: testclient
2026-07-23 00:29:29,253 | POST http://testserver/shorten | UA: testclient | IP: testclient
2026-07-23 00:29:29,253 | POST http://testserver/shorten | UA: testclient | IP: testclient
2026-07-23 00:29:29,255 | GET http://testserver/redirect?code=VHqOXJ | UA: testclient | IP: testclient
2026-07-23 00:29:29,255 | GET http://testserver/redirect?code=VHqOXJ | UA: testclient | IP: testclient
2026-07-23 00:29:29,259 | POST http://testserver/shorten | UA: testclient | IP: testclient
2026-07-23 00:29:29,259 | POST http://testserver/shorten | UA: testclient | IP: testclient
2026-07-23 00:29:29,260 | GET http://testserver/redirect?code=QQyP3I | UA: testclient | IP: testclient
2026-07-23 00:29:29,260 | GET http://testserver/redirect?code=QQyP3I | UA: testclient | IP: testclient
2026-07-23 00:29:29,263 | POST http://testserver/shorten | UA: testclient | IP: testclient
2026-07-23 00:29:29,263 | POST http://testserver/shorten | UA: testclient | IP: testclient
2026-07-23 00:29:29,265 | POST http://testserver/shorten | UA: testclient | IP: testclient
2026-07-23 00:29:29,265 | POST http://testserver/shorten | UA: testclient | IP: testclient
2026-07-23 00:29:29,267 | GET http://testserver/redirect?code=8PBIOq | UA: testclient | IP: testclient
2026-07-23 00:29:29,267 | GET http://testserver/redirect?code=8PBIOq | UA: testclient | IP: testclient
2026-07-23 00:29:29,270 | POST http://testserver/shorten | UA: testclient | IP: testclient
2026-07-23 00:29:29,270 | POST http://testserver/shorten | UA: testclient | IP: testclient
2026-07-23 00:29:29,272 | GET http://testserver/redirect?code=my-article-55294a98 | UA: testclient | IP: testclient
2026-07-23 00:29:29,272 | GET http://testserver/redirect?code=my-article-55294a98 | UA: testclient | IP: testclient
2026-07-23 00:29:29,275 | POST http://testserver/shorten | UA: testclient | IP: testclient
2026-07-23 00:29:29,275 | POST http://testserver/shorten | UA: testclient | IP: testclient
2026-07-23 00:29:29,277 | POST http://testserver/shorten | UA: testclient | IP: testclient
2026-07-23 00:29:29,277 | POST http://testserver/shorten | UA: testclient | IP: testclient
2026-07-23 00:29:29,279 | POST http://testserver/shorten | UA: testclient | IP: testclient
2026-07-23 00:29:29,279 | POST http://testserver/shorten | UA: testclient | IP: testclient
2026-07-23 00:29:29,282 | DELETE http://testserver/urls/dead-2dee5e75 | UA: testclient | IP: testclient
2026-07-23 00:29:29,282 | DELETE http://testserver/urls/dead-2dee5e75 | UA: testclient | IP: testclient
2026-07-23 00:29:29,283 | POST http://testserver/shorten | UA: testclient | IP: testclient
2026-07-23 00:29:29,283 | POST http://testserver/shorten | UA: testclient | IP: testclient
2026-07-23 00:29:29,286 | POST http://testserver/shorten | UA: testclient | IP: testclient
2026-07-23 00:29:29,286 | POST http://testserver/shorten | UA: testclient | IP: testclient
2026-07-23 00:29:29,291 | POST http://testserver/shorten/batch | UA: testclient | IP: testclient
2026-07-23 00:29:29,291 | POST http://testserver/shorten/batch | UA: testclient | IP: testclient
2026-07-23 00:29:29,293 | GET http://testserver/redirect?code=ixtA9A | UA: testclient | IP: testclient
2026-07-23 00:29:29,293 | GET http://testserver/redirect?code=ixtA9A | UA: testclient | IP: testclient
2026-07-23 00:29:29,295 | GET http://testserver/redirect?code=dgiSQX | UA: testclient | IP: testclient
2026-07-23 00:29:29,295 | GET http://testserver/redirect?code=dgiSQX | UA: testclient | IP: testclient
2026-07-23 00:29:29,296 | GET http://testserver/redirect?code=yY5SoT | UA: testclient | IP: testclient
2026-07-23 00:29:29,296 | GET http://testserver/redirect?code=yY5SoT | UA: testclient | IP: testclient
2026-07-23 00:29:29,299 | POST http://testserver/shorten | UA: testclient | IP: testclient
2026-07-23 00:29:29,299 | POST http://testserver/shorten | UA: testclient | IP: testclient
2026-07-23 00:29:29,303 | POST http://testserver/shorten/batch | UA: testclient | IP: testclient
2026-07-23 00:29:29,303 | POST http://testserver/shorten/batch | UA: testclient | IP: testclient
2026-07-23 00:29:29,305 | POST http://testserver/shorten/batch | UA: testclient | IP: testclient
2026-07-23 00:29:29,305 | POST http://testserver/shorten/batch | UA: testclient | IP: testclient
2026-07-23 00:29:29,307 | POST http://testserver/shorten/batch | UA: testclient | IP: testclient
2026-07-23 00:29:29,307 | POST http://testserver/shorten/batch | UA: testclient | IP: testclient
2026-07-23 00:29:29,310 | POST http://testserver/shorten/batch | UA: testclient | IP: testclient
2026-07-23 00:29:29,310 | POST http://testserver/shorten/batch | UA: testclient | IP: testclient
2026-07-23 00:29:29,313 | POST http://testserver/shorten/batch | UA: testclient | IP: testclient
2026-07-23 00:29:29,313 | POST http://testserver/shorten/batch | UA: testclient | IP: testclient
2026-07-23 00:29:29,315 | POST http://testserver/shorten/batch | UA: testclient | IP: testclient
2026-07-23 00:29:29,315 | POST http://testserver/shorten/batch | UA: testclient | IP: testclient
2026-07-23 00:29:29,321 | POST http://testserver/shorten/batch | UA: testclient | IP: testclient
2026-07-23 00:29:29,321 | POST http://testserver/shorten/batch | UA: testclient | IP: testclient
2026-07-23 00:29:29,324 | POST http://testserver/shorten/batch | UA: testclient | IP: testclient
2026-07-23 00:29:29,324 | POST http://testserver/shorten/batch | UA: testclient | IP: testclient
2026-07-23 00:29:29,327 | POST http://testserver/shorten | UA: testclient | IP: testclient
2026-07-23 00:29:29,327 | POST http://testserver/shorten | UA: testclient | IP: testclient
2026-07-23 00:29:29,330 | PUT http://testserver/urls/16HNn6 | UA: testclient | IP: testclient
2026-07-23 00:29:29,330 | PUT http://testserver/urls/16HNn6 | UA: testclient | IP: testclient
2026-07-23 00:29:29,332 | GET http://testserver/redirect?code=16HNn6 | UA: testclient | IP: testclient
2026-07-23 00:29:29,332 | GET http://testserver/redirect?code=16HNn6 | UA: testclient | IP: testclient
2026-07-23 00:29:29,335 | POST http://testserver/shorten | UA: testclient | IP: testclient
2026-07-23 00:29:29,335 | POST http://testserver/shorten | UA: testclient | IP: testclient
2026-07-23 00:29:29,338 | PUT http://testserver/urls/x671a1 | UA: testclient | IP: testclient
2026-07-23 00:29:29,338 | PUT http://testserver/urls/x671a1 | UA: testclient | IP: testclient
2026-07-23 00:29:29,341 | POST http://testserver/shorten | UA: testclient | IP: testclient
2026-07-23 00:29:29,341 | POST http://testserver/shorten | UA: testclient | IP: testclient
2026-07-23 00:29:29,344 | PUT http://testserver/urls/cei1f0 | UA: testclient | IP: testclient
2026-07-23 00:29:29,344 | PUT http://testserver/urls/cei1f0 | UA: testclient | IP: testclient
2026-07-23 00:29:29,345 | GET http://testserver/redirect?code=cei1f0 | UA: testclient | IP: testclient
2026-07-23 00:29:29,345 | GET http://testserver/redirect?code=cei1f0 | UA: testclient | IP: testclient
2026-07-23 00:29:29,348 | POST http://testserver/shorten | UA: testclient | IP: testclient
2026-07-23 00:29:29,348 | POST http://testserver/shorten | UA: testclient | IP: testclient
2026-07-23 00:29:29,350 | GET http://testserver/redirect?code=jlCndy | UA: testclient | IP: testclient
2026-07-23 00:29:29,350 | GET http://testserver/redirect?code=jlCndy | UA: testclient | IP: testclient
2026-07-23 00:29:29,352 | PUT http://testserver/urls/jlCndy | UA: testclient | IP: testclient
2026-07-23 00:29:29,352 | PUT http://testserver/urls/jlCndy | UA: testclient | IP: testclient
2026-07-23 00:29:29,355 | GET http://testserver/redirect?code=jlCndy | UA: testclient | IP: testclient
2026-07-23 00:29:29,355 | GET http://testserver/redirect?code=jlCndy | UA: testclient | IP: testclient
2026-07-23 00:29:29,358 | POST http://testserver/shorten | UA: testclient | IP: testclient
2026-07-23 00:29:29,358 | POST http://testserver/shorten | UA: testclient | IP: testclient
2026-07-23 00:29:29,361 | PUT http://testserver/urls/LXZbAs | UA: testclient | IP: testclient
2026-07-23 00:29:29,361 | PUT http://testserver/urls/LXZbAs | UA: testclient | IP: testclient
2026-07-23 00:29:29,362 | GET http://testserver/redirect?code=LXZbAs | UA: testclient | IP: testclient
2026-07-23 00:29:29,362 | GET http://testserver/redirect?code=LXZbAs | UA: testclient | IP: testclient
2026-07-23 00:29:29,366 | POST http://testserver/shorten | UA: testclient | IP: testclient
2026-07-23 00:29:29,366 | POST http://testserver/shorten | UA: testclient | IP: testclient
2026-07-23 00:29:29,367 | PUT http://testserver/urls/0196nR | UA: testclient | IP: testclient
2026-07-23 00:29:29,367 | PUT http://testserver/urls/0196nR | UA: testclient | IP: testclient
2026-07-23 00:29:29,371 | POST http://testserver/shorten | UA: testclient | IP: testclient
2026-07-23 00:29:29,371 | POST http://testserver/shorten | UA: testclient | IP: testclient
2026-07-23 00:29:29,374 | PUT http://testserver/urls/nonexistent123 | UA: testclient | IP: testclient
2026-07-23 00:29:29,374 | PUT http://testserver/urls/nonexistent123 | UA: testclient | IP: testclient
2026-07-23 00:29:29,377 | POST http://testserver/shorten | UA: testclient | IP: testclient
2026-07-23 00:29:29,377 | POST http://testserver/shorten | UA: testclient | IP: testclient
2026-07-23 00:29:29,379 | DELETE http://testserver/urls/pDVg6O | UA: testclient | IP: testclient
2026-07-23 00:29:29,379 | DELETE http://testserver/urls/pDVg6O | UA: testclient | IP: testclient
2026-07-23 00:29:29,381 | PUT http://testserver/urls/pDVg6O | UA: testclient | IP: testclient
2026-07-23 00:29:29,381 | PUT http://testserver/urls/pDVg6O | UA: testclient | IP: testclient
2026-07-23 00:29:29,384 | POST http://testserver/shorten | UA: testclient | IP: testclient
2026-07-23 00:29:29,384 | POST http://testserver/shorten | UA: testclient | IP: testclient
2026-07-23 00:29:29,385 | PUT http://testserver/urls/Vyjdfj | UA: testclient | IP: testclient
2026-07-23 00:29:29,385 | PUT http://testserver/urls/Vyjdfj | UA: testclient | IP: testclient
2026-07-23 00:29:29,388 | POST http://testserver/shorten | UA: testclient | IP: testclient
2026-07-23 00:29:29,388 | POST http://testserver/shorten | UA: testclient | IP: testclient
2026-07-23 00:29:29,390 | GET http://testserver/redirect?code=3TFqe6 | UA: testclient | IP: testclient
2026-07-23 00:29:29,390 | GET http://testserver/redirect?code=3TFqe6 | UA: testclient | IP: testclient
2026-07-23 00:29:29,392 | POST http://testserver/shorten | UA: testclient | IP: testclient
2026-07-23 00:29:29,392 | POST http://testserver/shorten | UA: testclient | IP: testclient
2026-07-23 00:29:29,395 | POST http://testserver/shorten | UA: testclient | IP: testclient
2026-07-23 00:29:29,395 | POST http://testserver/shorten | UA: testclient | IP: testclient
2026-07-23 00:29:29,397 | PUT http://testserver/urls/FBRsB6 | UA: testclient | IP: testclient
2026-07-23 00:29:29,397 | PUT http://testserver/urls/FBRsB6 | UA: testclient | IP: testclient
2026-07-23 00:29:29,400 | POST http://testserver/shorten | UA: testclient | IP: testclient
2026-07-23 00:29:29,400 | POST http://testserver/shorten | UA: testclient | IP: testclient
2026-07-23 00:29:29,572 | PUT http://testserver/urls/ZHcfhX | UA: testclient | IP: testclient
2026-07-23 00:29:29,572 | PUT http://testserver/urls/ZHcfhX | UA: testclient | IP: testclient
2026-07-23 00:29:29,573 | GET http://testserver/redirect?code=ZHcfhX | UA: testclient | IP: testclient
2026-07-23 00:29:29,573 | GET http://testserver/redirect?code=ZHcfhX | UA: testclient | IP: testclient
2026-07-23 00:29:29,755 | POST http://testserver/shorten | UA: testclient | IP: testclient
2026-07-23 00:29:29,755 | POST http://testserver/shorten | UA: testclient | IP: testclient
2026-07-23 00:29:29,925 | GET http://testserver/redirect?code=dsj0ZX&password=secret1 | UA: testclient | IP: testclient
2026-07-23 00:29:29,925 | GET http://testserver/redirect?code=dsj0ZX&password=secret1 | UA: testclient | IP: testclient
2026-07-23 00:29:30,098 | POST http://testserver/shorten | UA: testclient | IP: testclient
2026-07-23 00:29:30,098 | POST http://testserver/shorten | UA: testclient | IP: testclient
2026-07-23 00:29:30,267 | GET http://testserver/redirect?code=zFdNbj&password=wrongpass | UA: testclient | IP: testclient
2026-07-23 00:29:30,267 | GET http://testserver/redirect?code=zFdNbj&password=wrongpass | UA: testclient | IP: testclient
2026-07-23 00:29:30,439 | POST http://testserver/shorten | UA: testclient | IP: testclient
2026-07-23 00:29:30,439 | POST http://testserver/shorten | UA: testclient | IP: testclient
2026-07-23 00:29:30,441 | DELETE http://testserver/urls/qZobRi | UA: testclient | IP: testclient
2026-07-23 00:29:30,441 | DELETE http://testserver/urls/qZobRi | UA: testclient | IP: testclient
2026-07-23 00:29:30,443 | GET http://testserver/redirect?code=qZobRi | UA: testclient | IP: testclient
2026-07-23 00:29:30,443 | GET http://testserver/redirect?code=qZobRi | UA: testclient | IP: testclient
2026-07-23 00:29:30,614 | POST http://testserver/shorten | UA: testclient | IP: testclient
2026-07-23 00:29:30,614 | POST http://testserver/shorten | UA: testclient | IP: testclient
2026-07-23 00:29:30,616 | GET http://testserver/redirect?code=iSF2ZR | UA: testclient | IP: testclient
2026-07-23 00:29:30,616 | GET http://testserver/redirect?code=iSF2ZR | UA: testclient | IP: testclient
2026-07-23 00:29:30,627 | POST http://testserver/shorten | UA: testclient | IP: testclient
2026-07-23 00:29:30,627 | POST http://testserver/shorten | UA: testclient | IP: testclient
2026-07-23 00:29:30,629 | GET http://testserver/redirect?code=ijapA4 | UA: testclient | IP: testclient
2026-07-23 00:29:30,629 | GET http://testserver/redirect?code=ijapA4 | UA: testclient | IP: testclient
2026-07-23 00:29:30,800 | PUT http://testserver/urls/ijapA4 | UA: testclient | IP: testclient
2026-07-23 00:29:30,800 | PUT http://testserver/urls/ijapA4 | UA: testclient | IP: testclient
2026-07-23 00:29:30,803 | GET http://testserver/redirect?code=ijapA4 | UA: testclient | IP: testclient
2026-07-23 00:29:30,803 | GET http://testserver/redirect?code=ijapA4 | UA: testclient | IP: testclient
2026-07-23 00:29:30,976 | POST http://testserver/shorten | UA: testclient | IP: testclient
2026-07-23 00:29:30,976 | POST http://testserver/shorten | UA: testclient | IP: testclient
2026-07-23 00:29:30,978 | GET http://testserver/redirect?code=QT3hIS | UA: testclient | IP: testclient
2026-07-23 00:29:30,978 | GET http://testserver/redirect?code=QT3hIS | UA: testclient | IP: testclient
2026-07-23 00:29:30,981 | PUT http://testserver/urls/QT3hIS | UA: testclient | IP: testclient
2026-07-23 00:29:30,981 | PUT http://testserver/urls/QT3hIS | UA: testclient | IP: testclient
2026-07-23 00:29:30,983 | GET http://testserver/redirect?code=QT3hIS | UA: testclient | IP: testclient
2026-07-23 00:29:30,983 | GET http://testserver/redirect?code=QT3hIS | UA: testclient | IP: testclient
2026-07-23 00:29:30,985 | POST http://testserver/shorten | UA: testclient | IP: testclient
2026-07-23 00:29:30,985 | POST http://testserver/shorten | UA: testclient | IP: testclient
2026-07-23 00:29:30,987 | POST http://testserver/shorten | UA: testclient | IP: testclient
2026-07-23 00:29:30,987 | POST http://testserver/shorten | UA: testclient | IP: testclient
2026-07-23 00:29:30,989 | POST http://testserver/shorten | UA: testclient | IP: testclient
2026-07-23 00:29:30,989 | POST http://testserver/shorten | UA: testclient | IP: testclient
2026-07-23 00:29:30,990 | GET http://testserver/redirect | UA: testclient | IP: testclient
2026-07-23 00:29:30,990 | GET http://testserver/redirect | UA: testclient | IP: testclient
2026-07-23 00:29:30,992 | GET http://testserver/redirect?code= | UA: testclient | IP: testclient
2026-07-23 00:29:30,992 | GET http://testserver/redirect?code= | UA: testclient | IP: testclient
2026-07-23 00:29:30,996 | POST http://testserver/shorten | UA: testclient | IP: testclient
2026-07-23 00:29:30,996 | POST http://testserver/shorten | UA: testclient | IP: testclient
2026-07-23 00:29:30,999 | POST http://testserver/shorten | UA: testclient | IP: testclient
2026-07-23 00:29:30,999 | POST http://testserver/shorten | UA: testclient | IP: testclient
2026-07-23 00:29:31,000 | GET http://testserver/redirect?code=YK0dSj | UA: testclient | IP: testclient
2026-07-23 00:29:31,000 | GET http://testserver/redirect?code=YK0dSj | UA: testclient | IP: testclient
2026-07-23 00:29:31,005 | POST http://testserver/shorten | UA: testclient | IP: testclient
2026-07-23 00:29:31,005 | POST http://testserver/shorten | UA: testclient | IP: testclient
2026-07-23 00:29:31,007 | POST http://testserver/shorten | UA: testclient | IP: testclient
2026-07-23 00:29:31,007 | POST http://testserver/shorten | UA: testclient | IP: testclient
2026-07-23 00:29:31,014 | GET http://testserver/urls?size=1000 | UA: testclient | IP: testclient
2026-07-23 00:29:31,014 | GET http://testserver/urls?size=1000 | UA: testclient | IP: testclient
2026-07-23 00:29:31,188 | POST http://testserver/shorten | UA: testclient | IP: testclient
2026-07-23 00:29:31,188 | POST http://testserver/shorten | UA: testclient | IP: testclient
2026-07-23 00:29:31,191 | GET http://testserver/urls | UA: testclient | IP: testclient
2026-07-23 00:29:31,191 | GET http://testserver/urls | UA: testclient | IP: testclient
2026-07-23 00:29:31,194 | POST http://testserver/shorten | UA: testclient | IP: testclient
2026-07-23 00:29:31,194 | POST http://testserver/shorten | UA: testclient | IP: testclient
2026-07-23 00:29:31,197 | POST http://testserver/shorten | UA: testclient | IP: testclient
2026-07-23 00:29:31,197 | POST http://testserver/shorten | UA: testclient | IP: testclient
2026-07-23 00:29:31,199 | POST http://testserver/shorten | UA: testclient | IP: testclient
2026-07-23 00:29:31,199 | POST http://testserver/shorten | UA: testclient | IP: testclient
2026-07-23 00:29:31,201 | POST http://testserver/shorten | UA: testclient | IP: testclient
2026-07-23 00:29:31,201 | POST http://testserver/shorten | UA: testclient | IP: testclient
2026-07-23 00:29:31,204 | POST http://testserver/shorten | UA: testclient | IP: testclient
2026-07-23 00:29:31,204 | POST http://testserver/shorten | UA: testclient | IP: testclient
2026-07-23 00:29:31,207 | GET http://testserver/urls?page=1&size=2 | UA: testclient | IP: testclient
2026-07-23 00:29:31,207 | GET http://testserver/urls?page=1&size=2 | UA: testclient | IP: testclient
2026-07-23 00:29:31,210 | POST http://testserver/shorten | UA: testclient | IP: testclient
2026-07-23 00:29:31,210 | POST http://testserver/shorten | UA: testclient | IP: testclient
2026-07-23 00:29:31,213 | POST http://testserver/shorten | UA: testclient | IP: testclient
2026-07-23 00:29:31,213 | POST http://testserver/shorten | UA: testclient | IP: testclient
2026-07-23 00:29:31,215 | POST http://testserver/shorten | UA: testclient | IP: testclient
2026-07-23 00:29:31,215 | POST http://testserver/shorten | UA: testclient | IP: testclient
2026-07-23 00:29:31,217 | POST http://testserver/shorten | UA: testclient | IP: testclient
2026-07-23 00:29:31,217 | POST http://testserver/shorten | UA: testclient | IP: testclient
2026-07-23 00:29:31,220 | POST http://testserver/shorten | UA: testclient | IP: testclient
2026-07-23 00:29:31,220 | POST http://testserver/shorten | UA: testclient | IP: testclient
2026-07-23 00:29:31,223 | GET http://testserver/urls?page=1&size=2 | UA: testclient | IP: testclient
2026-07-23 00:29:31,223 | GET http://testserver/urls?page=1&size=2 | UA: testclient | IP: testclient
2026-07-23 00:29:31,225 | GET http://testserver/urls?page=2&size=2 | UA: testclient | IP: testclient
2026-07-23 00:29:31,225 | GET http://testserver/urls?page=2&size=2 | UA: testclient | IP: testclient
2026-07-23 00:29:31,228 | POST http://testserver/shorten | UA: testclient | IP: testclient
2026-07-23 00:29:31,228 | POST http://testserver/shorten | UA: testclient | IP: testclient
2026-07-23 00:29:31,231 | POST http://testserver/shorten | UA: testclient | IP: testclient
2026-07-23 00:29:31,231 | POST http://testserver/shorten | UA: testclient | IP: testclient
2026-07-23 00:29:31,233 | POST http://testserver/shorten | UA: testclient | IP: testclient
2026-07-23 00:29:31,233 | POST http://testserver/shorten | UA: testclient | IP: testclient
2026-07-23 00:29:31,235 | GET http://testserver/urls?page=1&size=1 | UA: testclient | IP: testclient
2026-07-23 00:29:31,235 | GET http://testserver/urls?page=1&size=1 | UA: testclient | IP: testclient
2026-07-23 00:29:31,238 | GET http://testserver/urls | UA: testclient | IP: testclient
2026-07-23 00:29:31,238 | GET http://testserver/urls | UA: testclient | IP: testclient
2026-07-23 00:29:31,240 | GET http://testserver/health | UA: testclient | IP: testclient
2026-07-23 00:29:31,240 | GET http://testserver/health | UA: testclient | IP: testclient
2026-07-23 00:29:31,242 | GET http://testserver/health | UA: testclient | IP: testclient
2026-07-23 00:29:31,242 | GET http://testserver/health | UA: testclient | IP: testclient
2026-07-23 00:29:31,244 | GET http://testserver/health | UA: testclient | IP: testclient
2026-07-23 00:29:31,244 | GET http://testserver/health | UA: testclient | IP: testclient
2026-07-23 00:29:31,245 | GET http://testserver/health | UA: testclient | IP: testclient
2026-07-23 00:29:31,245 | GET http://testserver/health | UA: testclient | IP: testclient
2026-07-23 00:29:31,247 | GET http://testserver/health | UA: testclient | IP: testclient
2026-07-23 00:29:31,247 | GET http://testserver/health | UA: testclient | IP: testclient
2026-07-23 00:29:31,250 | POST http://testserver/shorten | UA: testclient | IP: testclient
2026-07-23 00:29:31,250 | POST http://testserver/shorten | UA: testclient | IP: testclient
2026-07-23 00:29:31,252 | GET http://testserver/redirect?code=jVGIpW | UA: testclient | IP: testclient
2026-07-23 00:29:31,252 | GET http://testserver/redirect?code=jVGIpW | UA: testclient | IP: testclient
2026-07-23 00:29:31,256 | POST http://testserver/shorten | UA: testclient | IP: testclient
2026-07-23 00:29:31,256 | POST http://testserver/shorten | UA: testclient | IP: testclient
2026-07-23 00:29:31,258 | POST http://testserver/shorten | UA: testclient | IP: testclient
2026-07-23 00:29:31,258 | POST http://testserver/shorten | UA: testclient | IP: testclient
2026-07-23 00:29:31,263 | GET http://testserver/urls | UA: testclient | IP: testclient
2026-07-23 00:29:31,263 | GET http://testserver/urls | UA: testclient | IP: testclient
2026-07-23 01:15:34,177 | POST http://testserver/shorten | UA: testclient | IP: testclient
2026-07-23 01:15:34,177 | POST http://testserver/shorten | UA: testclient | IP: testclient
2026-07-23 01:15:34,181 | GET http://testserver/redirect?code=i1ZF2R | UA: testclient | IP: testclient
2026-07-23 01:15:34,181 | GET http://testserver/redirect?code=i1ZF2R | UA: testclient | IP: testclient
2026-07-23 01:15:34,186 | POST http://testserver/shorten | UA: testclient | IP: testclient
2026-07-23 01:15:34,186 | POST http://testserver/shorten | UA: testclient | IP: testclient
2026-07-23 01:15:34,189 | DELETE http://testserver/urls/SEUQhJ | UA: testclient | IP: testclient
2026-07-23 01:15:34,189 | DELETE http://testserver/urls/SEUQhJ | UA: testclient | IP: testclient
2026-07-23 01:15:34,190 | GET http://testserver/redirect?code=SEUQhJ | UA: testclient | IP: testclient
2026-07-23 01:15:34,190 | GET http://testserver/redirect?code=SEUQhJ | UA: testclient | IP: testclient
2026-07-23 01:15:34,194 | DELETE http://testserver/urls/nonexistent123 | UA: testclient | IP: testclient
2026-07-23 01:15:34,194 | DELETE http://testserver/urls/nonexistent123 | UA: testclient | IP: testclient
2026-07-23 01:15:34,196 | GET http://testserver/redirect?code=nonexistent123 | UA: testclient | IP: testclient
2026-07-23 01:15:34,196 | GET http://testserver/redirect?code=nonexistent123 | UA: testclient | IP: testclient
2026-07-23 01:15:34,200 | POST http://testserver/shorten | UA: testclient | IP: testclient
2026-07-23 01:15:34,200 | POST http://testserver/shorten | UA: testclient | IP: testclient
2026-07-23 01:15:34,202 | GET http://testserver/redirect?code=YGg2EY | UA: testclient | IP: testclient
2026-07-23 01:15:34,202 | GET http://testserver/redirect?code=YGg2EY | UA: testclient | IP: testclient
2026-07-23 01:15:34,204 | GET http://testserver/redirect?code=YGg2EY | UA: testclient | IP: testclient
2026-07-23 01:15:34,204 | GET http://testserver/redirect?code=YGg2EY | UA: testclient | IP: testclient
2026-07-23 01:15:34,208 | POST http://testserver/shorten | UA: testclient | IP: testclient
2026-07-23 01:15:34,208 | POST http://testserver/shorten | UA: testclient | IP: testclient
2026-07-23 01:15:34,210 | GET http://testserver/redirect?code=DIXhJW | UA: testclient | IP: testclient
2026-07-23 01:15:34,210 | GET http://testserver/redirect?code=DIXhJW | UA: testclient | IP: testclient
2026-07-23 01:15:34,213 | POST http://testserver/shorten | UA: testclient | IP: testclient
2026-07-23 01:15:34,213 | POST http://testserver/shorten | UA: testclient | IP: testclient
2026-07-23 01:15:34,216 | POST http://testserver/shorten | UA: testclient | IP: testclient
2026-07-23 01:15:34,216 | POST http://testserver/shorten | UA: testclient | IP: testclient
2026-07-23 01:15:34,218 | GET http://testserver/redirect?code=OkUFVK | UA: testclient | IP: testclient
2026-07-23 01:15:34,218 | GET http://testserver/redirect?code=OkUFVK | UA: testclient | IP: testclient
2026-07-23 01:15:34,220 | GET http://testserver/redirect?code=BcvKn1 | UA: testclient | IP: testclient
2026-07-23 01:15:34,220 | GET http://testserver/redirect?code=BcvKn1 | UA: testclient | IP: testclient
2026-07-23 01:15:34,222 | GET http://testserver/redirect?code=OkUFVK | UA: testclient | IP: testclient
2026-07-23 01:15:34,222 | GET http://testserver/redirect?code=OkUFVK | UA: testclient | IP: testclient
2026-07-23 01:15:34,225 | POST http://testserver/shorten | UA: testclient | IP: testclient
2026-07-23 01:15:34,225 | POST http://testserver/shorten | UA: testclient | IP: testclient
2026-07-23 01:15:34,228 | POST http://testserver/shorten | UA: testclient | IP: testclient
2026-07-23 01:15:34,228 | POST http://testserver/shorten | UA: testclient | IP: testclient
2026-07-23 01:15:34,231 | POST http://testserver/shorten | UA: testclient | IP: testclient
2026-07-23 01:15:34,231 | POST http://testserver/shorten | UA: testclient | IP: testclient
2026-07-23 01:15:34,233 | DELETE http://testserver/urls/07F2Hq | UA: testclient | IP: testclient
2026-07-23 01:15:34,233 | DELETE http://testserver/urls/07F2Hq | UA: testclient | IP: testclient
2026-07-23 01:15:34,235 | GET http://testserver/redirect?code=07F2Hq | UA: testclient | IP: testclient
2026-07-23 01:15:34,235 | GET http://testserver/redirect?code=07F2Hq | UA: testclient | IP: testclient
2026-07-23 01:15:34,239 | POST http://testserver/shorten | UA: testclient | IP: testclient
2026-07-23 01:15:34,239 | POST http://testserver/shorten | UA: testclient | IP: testclient
2026-07-23 01:15:34,242 | POST http://testserver/shorten | UA: testclient | IP: testclient
2026-07-23 01:15:34,242 | POST http://testserver/shorten | UA: testclient | IP: testclient
2026-07-23 01:15:34,244 | POST http://testserver/shorten | UA: testclient | IP: testclient
2026-07-23 01:15:34,244 | POST http://testserver/shorten | UA: testclient | IP: testclient
2026-07-23 01:15:34,247 | POST http://testserver/shorten | UA: testclient | IP: testclient
2026-07-23 01:15:34,247 | POST http://testserver/shorten | UA: testclient | IP: testclient
2026-07-23 01:15:34,249 | DELETE http://testserver/urls/m3YIHr | UA: testclient | IP: testclient
2026-07-23 01:15:34,249 | DELETE http://testserver/urls/m3YIHr | UA: testclient | IP: testclient
2026-07-23 01:15:34,250 | GET http://testserver/redirect?code=m3YIHr | UA: testclient | IP: testclient
2026-07-23 01:15:34,250 | GET http://testserver/redirect?code=m3YIHr | UA: testclient | IP: testclient
2026-07-23 01:15:34,254 | POST http://testserver/shorten | UA: testclient | IP: testclient
2026-07-23 01:15:34,254 | POST http://testserver/shorten | UA: testclient | IP: testclient
2026-07-23 01:15:34,256 | DELETE http://testserver/urls/TGjxsm | UA: testclient | IP: testclient
2026-07-23 01:15:34,256 | DELETE http://testserver/urls/TGjxsm | UA: testclient | IP: testclient
2026-07-23 01:15:34,258 | GET http://testserver/redirect?code=TGjxsm | UA: testclient | IP: testclient
2026-07-23 01:15:34,258 | GET http://testserver/redirect?code=TGjxsm | UA: testclient | IP: testclient
2026-07-23 01:15:34,261 | POST http://testserver/shorten | UA: testclient | IP: testclient
2026-07-23 01:15:34,261 | POST http://testserver/shorten | UA: testclient | IP: testclient
2026-07-23 01:15:34,265 | POST http://testserver/shorten | UA: testclient | IP: testclient
2026-07-23 01:15:34,265 | POST http://testserver/shorten | UA: testclient | IP: testclient
2026-07-23 01:15:34,267 | DELETE http://testserver/urls/apRwHk | UA: testclient | IP: testclient
2026-07-23 01:15:34,267 | DELETE http://testserver/urls/apRwHk | UA: testclient | IP: testclient
2026-07-23 01:15:34,271 | POST http://testserver/shorten | UA: testclient | IP: testclient
2026-07-23 01:15:34,271 | POST http://testserver/shorten | UA: testclient | IP: testclient
2026-07-23 01:15:34,273 | GET http://testserver/redirect?code=7xzDU5 | UA: testclient | IP: testclient
2026-07-23 01:15:34,273 | GET http://testserver/redirect?code=7xzDU5 | UA: testclient | IP: testclient
2026-07-23 01:15:34,277 | POST http://testserver/shorten | UA: testclient | IP: testclient
2026-07-23 01:15:34,277 | POST http://testserver/shorten | UA: testclient | IP: testclient
2026-07-23 01:15:34,280 | GET http://testserver/redirect?code=61Slhb | UA: testclient | IP: testclient
2026-07-23 01:15:34,280 | GET http://testserver/redirect?code=61Slhb | UA: testclient | IP: testclient
2026-07-23 01:15:34,283 | POST http://testserver/shorten | UA: testclient | IP: testclient
2026-07-23 01:15:34,283 | POST http://testserver/shorten | UA: testclient | IP: testclient
2026-07-23 01:15:34,285 | GET http://testserver/redirect?code=goVmsH | UA: testclient | IP: testclient
2026-07-23 01:15:34,285 | GET http://testserver/redirect?code=goVmsH | UA: testclient | IP: testclient
2026-07-23 01:15:34,287 | POST http://testserver/shorten | UA: testclient | IP: testclient
2026-07-23 01:15:34,287 | POST http://testserver/shorten | UA: testclient | IP: testclient
2026-07-23 01:15:34,290 | POST http://testserver/shorten | UA: testclient | IP: testclient
2026-07-23 01:15:34,290 | POST http://testserver/shorten | UA: testclient | IP: testclient
2026-07-23 01:15:34,292 | GET http://testserver/redirect?code=Po8Ivi | UA: testclient | IP: testclient
2026-07-23 01:15:34,292 | GET http://testserver/redirect?code=Po8Ivi | UA: testclient | IP: testclient
2026-07-23 01:15:34,295 | POST http://testserver/shorten | UA: testclient | IP: testclient
2026-07-23 01:15:34,295 | POST http://testserver/shorten | UA: testclient | IP: testclient
2026-07-23 01:15:34,297 | GET http://testserver/redirect?code=my-article-89e63b21 | UA: testclient | IP: testclient
2026-07-23 01:15:34,297 | GET http://testserver/redirect?code=my-article-89e63b21 | UA: testclient | IP: testclient
2026-07-23 01:15:34,301 | POST http://testserver/shorten | UA: testclient | IP: testclient
2026-07-23 01:15:34,301 | POST http://testserver/shorten | UA: testclient | IP: testclient
2026-07-23 01:15:34,302 | POST http://testserver/shorten | UA: testclient | IP: testclient
2026-07-23 01:15:34,302 | POST http://testserver/shorten | UA: testclient | IP: testclient
2026-07-23 01:15:34,305 | POST http://testserver/shorten | UA: testclient | IP: testclient
2026-07-23 01:15:34,305 | POST http://testserver/shorten | UA: testclient | IP: testclient
2026-07-23 01:15:34,308 | DELETE http://testserver/urls/dead-50440503 | UA: testclient | IP: testclient
2026-07-23 01:15:34,308 | DELETE http://testserver/urls/dead-50440503 | UA: testclient | IP: testclient
2026-07-23 01:15:34,309 | POST http://testserver/shorten | UA: testclient | IP: testclient
2026-07-23 01:15:34,309 | POST http://testserver/shorten | UA: testclient | IP: testclient
2026-07-23 01:15:34,312 | POST http://testserver/shorten | UA: testclient | IP: testclient
2026-07-23 01:15:34,312 | POST http://testserver/shorten | UA: testclient | IP: testclient
2026-07-23 01:15:34,317 | POST http://testserver/shorten/batch | UA: testclient | IP: testclient
2026-07-23 01:15:34,317 | POST http://testserver/shorten/batch | UA: testclient | IP: testclient
2026-07-23 01:15:34,319 | GET http://testserver/redirect?code=xDBF2L | UA: testclient | IP: testclient
2026-07-23 01:15:34,319 | GET http://testserver/redirect?code=xDBF2L | UA: testclient | IP: testclient
2026-07-23 01:15:34,321 | GET http://testserver/redirect?code=tfOAdE | UA: testclient | IP: testclient
2026-07-23 01:15:34,321 | GET http://testserver/redirect?code=tfOAdE | UA: testclient | IP: testclient
2026-07-23 01:15:34,323 | GET http://testserver/redirect?code=uA65pD | UA: testclient | IP: testclient
2026-07-23 01:15:34,323 | GET http://testserver/redirect?code=uA65pD | UA: testclient | IP: testclient
2026-07-23 01:15:34,326 | POST http://testserver/shorten | UA: testclient | IP: testclient
2026-07-23 01:15:34,326 | POST http://testserver/shorten | UA: testclient | IP: testclient
2026-07-23 01:15:34,330 | POST http://testserver/shorten/batch | UA: testclient | IP: testclient
2026-07-23 01:15:34,330 | POST http://testserver/shorten/batch | UA: testclient | IP: testclient
2026-07-23 01:15:34,332 | POST http://testserver/shorten/batch | UA: testclient | IP: testclient
2026-07-23 01:15:34,332 | POST http://testserver/shorten/batch | UA: testclient | IP: testclient
2026-07-23 01:15:34,334 | POST http://testserver/shorten/batch | UA: testclient | IP: testclient
2026-07-23 01:15:34,334 | POST http://testserver/shorten/batch | UA: testclient | IP: testclient
2026-07-23 01:15:34,337 | POST http://testserver/shorten/batch | UA: testclient | IP: testclient
2026-07-23 01:15:34,337 | POST http://testserver/shorten/batch | UA: testclient | IP: testclient
2026-07-23 01:15:34,340 | POST http://testserver/shorten/batch | UA: testclient | IP: testclient
2026-07-23 01:15:34,340 | POST http://testserver/shorten/batch | UA: testclient | IP: testclient
2026-07-23 01:15:34,342 | POST http://testserver/shorten/batch | UA: testclient | IP: testclient
2026-07-23 01:15:34,342 | POST http://testserver/shorten/batch | UA: testclient | IP: testclient
2026-07-23 01:15:34,348 | POST http://testserver/shorten/batch | UA: testclient | IP: testclient
2026-07-23 01:15:34,348 | POST http://testserver/shorten/batch | UA: testclient | IP: testclient
2026-07-23 01:15:34,351 | POST http://testserver/shorten/batch | UA: testclient | IP: testclient
2026-07-23 01:15:34,351 | POST http://testserver/shorten/batch | UA: testclient | IP: testclient
2026-07-23 01:15:34,354 | POST http://testserver/shorten | UA: testclient | IP: testclient
2026-07-23 01:15:34,354 | POST http://testserver/shorten | UA: testclient | IP: testclient
2026-07-23 01:15:34,357 | PUT http://testserver/urls/gpQ863 | UA: testclient | IP: testclient
2026-07-23 01:15:34,357 | PUT http://testserver/urls/gpQ863 | UA: testclient | IP: testclient
2026-07-23 01:15:34,359 | GET http://testserver/redirect?code=gpQ863 | UA: testclient | IP: testclient
2026-07-23 01:15:34,359 | GET http://testserver/redirect?code=gpQ863 | UA: testclient | IP: testclient
2026-07-23 01:15:34,362 | POST http://testserver/shorten | UA: testclient | IP: testclient
2026-07-23 01:15:34,362 | POST http://testserver/shorten | UA: testclient | IP: testclient
2026-07-23 01:15:34,365 | PUT http://testserver/urls/LefbhI | UA: testclient | IP: testclient
2026-07-23 01:15:34,365 | PUT http://testserver/urls/LefbhI | UA: testclient | IP: testclient
2026-07-23 01:15:34,368 | POST http://testserver/shorten | UA: testclient | IP: testclient
2026-07-23 01:15:34,368 | POST http://testserver/shorten | UA: testclient | IP: testclient
2026-07-23 01:15:34,371 | PUT http://testserver/urls/Mfr2Iq | UA: testclient | IP: testclient
2026-07-23 01:15:34,371 | PUT http://testserver/urls/Mfr2Iq | UA: testclient | IP: testclient
2026-07-23 01:15:34,372 | GET http://testserver/redirect?code=Mfr2Iq | UA: testclient | IP: testclient
2026-07-23 01:15:34,372 | GET http://testserver/redirect?code=Mfr2Iq | UA: testclient | IP: testclient
2026-07-23 01:15:34,375 | POST http://testserver/shorten | UA: testclient | IP: testclient
2026-07-23 01:15:34,375 | POST http://testserver/shorten | UA: testclient | IP: testclient
2026-07-23 01:15:34,377 | GET http://testserver/redirect?code=ehHQId | UA: testclient | IP: testclient
2026-07-23 01:15:34,377 | GET http://testserver/redirect?code=ehHQId | UA: testclient | IP: testclient
2026-07-23 01:15:34,380 | PUT http://testserver/urls/ehHQId | UA: testclient | IP: testclient
2026-07-23 01:15:34,380 | PUT http://testserver/urls/ehHQId | UA: testclient | IP: testclient
2026-07-23 01:15:34,382 | GET http://testserver/redirect?code=ehHQId | UA: testclient | IP: testclient
2026-07-23 01:15:34,382 | GET http://testserver/redirect?code=ehHQId | UA: testclient | IP: testclient
2026-07-23 01:15:34,385 | POST http://testserver/shorten | UA: testclient | IP: testclient
2026-07-23 01:15:34,385 | POST http://testserver/shorten | UA: testclient | IP: testclient
2026-07-23 01:15:34,389 | PUT http://testserver/urls/HwH6WD | UA: testclient | IP: testclient
2026-07-23 01:15:34,389 | PUT http://testserver/urls/HwH6WD | UA: testclient | IP: testclient
2026-07-23 01:15:34,390 | GET http://testserver/redirect?code=HwH6WD | UA: testclient | IP: testclient
2026-07-23 01:15:34,390 | GET http://testserver/redirect?code=HwH6WD | UA: testclient | IP: testclient
2026-07-23 01:15:34,394 | POST http://testserver/shorten | UA: testclient | IP: testclient
2026-07-23 01:15:34,394 | POST http://testserver/shorten | UA: testclient | IP: testclient
2026-07-23 01:15:34,395 | PUT http://testserver/urls/NNph9l | UA: testclient | IP: testclient
2026-07-23 01:15:34,395 | PUT http://testserver/urls/NNph9l | UA: testclient | IP: testclient
2026-07-23 01:15:34,398 | POST http://testserver/shorten | UA: testclient | IP: testclient
2026-07-23 01:15:34,398 | POST http://testserver/shorten | UA: testclient | IP: testclient
2026-07-23 01:15:34,402 | PUT http://testserver/urls/nonexistent123 | UA: testclient | IP: testclient
2026-07-23 01:15:34,402 | PUT http://testserver/urls/nonexistent123 | UA: testclient | IP: testclient
2026-07-23 01:15:34,405 | POST http://testserver/shorten | UA: testclient | IP: testclient
2026-07-23 01:15:34,405 | POST http://testserver/shorten | UA: testclient | IP: testclient
2026-07-23 01:15:34,407 | DELETE http://testserver/urls/KaW3e0 | UA: testclient | IP: testclient
2026-07-23 01:15:34,407 | DELETE http://testserver/urls/KaW3e0 | UA: testclient | IP: testclient
2026-07-23 01:15:34,409 | PUT http://testserver/urls/KaW3e0 | UA: testclient | IP: testclient
2026-07-23 01:15:34,409 | PUT http://testserver/urls/KaW3e0 | UA: testclient | IP: testclient
2026-07-23 01:15:34,412 | POST http://testserver/shorten | UA: testclient | IP: testclient
2026-07-23 01:15:34,412 | POST http://testserver/shorten | UA: testclient | IP: testclient
2026-07-23 01:15:34,414 | PUT http://testserver/urls/w0L7y5 | UA: testclient | IP: testclient
2026-07-23 01:15:34,414 | PUT http://testserver/urls/w0L7y5 | UA: testclient | IP: testclient
2026-07-23 01:15:34,417 | POST http://testserver/shorten | UA: testclient | IP: testclient
2026-07-23 01:15:34,417 | POST http://testserver/shorten | UA: testclient | IP: testclient
2026-07-23 01:15:34,419 | GET http://testserver/redirect?code=HehQrk | UA: testclient | IP: testclient
2026-07-23 01:15:34,419 | GET http://testserver/redirect?code=HehQrk | UA: testclient | IP: testclient
2026-07-23 01:15:34,421 | POST http://testserver/shorten | UA: testclient | IP: testclient
2026-07-23 01:15:34,421 | POST http://testserver/shorten | UA: testclient | IP: testclient
2026-07-23 01:15:34,424 | POST http://testserver/shorten | UA: testclient | IP: testclient
2026-07-23 01:15:34,424 | POST http://testserver/shorten | UA: testclient | IP: testclient
2026-07-23 01:15:34,425 | PUT http://testserver/urls/mDpTpQ | UA: testclient | IP: testclient
2026-07-23 01:15:34,425 | PUT http://testserver/urls/mDpTpQ | UA: testclient | IP: testclient
2026-07-23 01:15:34,428 | POST http://testserver/shorten | UA: testclient | IP: testclient
2026-07-23 01:15:34,428 | POST http://testserver/shorten | UA: testclient | IP: testclient
2026-07-23 01:15:34,598 | PUT http://testserver/urls/cyQsZE | UA: testclient | IP: testclient
2026-07-23 01:15:34,598 | PUT http://testserver/urls/cyQsZE | UA: testclient | IP: testclient
2026-07-23 01:15:34,600 | GET http://testserver/redirect?code=cyQsZE | UA: testclient | IP: testclient
2026-07-23 01:15:34,600 | GET http://testserver/redirect?code=cyQsZE | UA: testclient | IP: testclient
2026-07-23 01:15:34,771 | POST http://testserver/shorten | UA: testclient | IP: testclient
2026-07-23 01:15:34,771 | POST http://testserver/shorten | UA: testclient | IP: testclient
2026-07-23 01:15:34,940 | GET http://testserver/redirect?code=8ZGlsQ&password=secret1 | UA: testclient | IP: testclient
2026-07-23 01:15:34,940 | GET http://testserver/redirect?code=8ZGlsQ&password=secret1 | UA: testclient | IP: testclient
2026-07-23 01:15:35,111 | POST http://testserver/shorten | UA: testclient | IP: testclient
2026-07-23 01:15:35,111 | POST http://testserver/shorten | UA: testclient | IP: testclient
2026-07-23 01:15:35,278 | GET http://testserver/redirect?code=8nGS7R&password=wrongpass | UA: testclient | IP: testclient
2026-07-23 01:15:35,278 | GET http://testserver/redirect?code=8nGS7R&password=wrongpass | UA: testclient | IP: testclient
2026-07-23 01:15:35,449 | POST http://testserver/shorten | UA: testclient | IP: testclient
2026-07-23 01:15:35,449 | POST http://testserver/shorten | UA: testclient | IP: testclient
2026-07-23 01:15:35,452 | DELETE http://testserver/urls/sMa3Th | UA: testclient | IP: testclient
2026-07-23 01:15:35,452 | DELETE http://testserver/urls/sMa3Th | UA: testclient | IP: testclient
2026-07-23 01:15:35,453 | GET http://testserver/redirect?code=sMa3Th | UA: testclient | IP: testclient
2026-07-23 01:15:35,453 | GET http://testserver/redirect?code=sMa3Th | UA: testclient | IP: testclient
2026-07-23 01:15:35,623 | POST http://testserver/shorten | UA: testclient | IP: testclient
2026-07-23 01:15:35,623 | POST http://testserver/shorten | UA: testclient | IP: testclient
2026-07-23 01:15:35,625 | GET http://testserver/redirect?code=k9DYyO | UA: testclient | IP: testclient
2026-07-23 01:15:35,625 | GET http://testserver/redirect?code=k9DYyO | UA: testclient | IP: testclient
2026-07-23 01:15:35,629 | POST http://testserver/shorten | UA: testclient | IP: testclient
2026-07-23 01:15:35,629 | POST http://testserver/shorten | UA: testclient | IP: testclient
2026-07-23 01:15:35,631 | GET http://testserver/redirect?code=mwx9Ba | UA: testclient | IP: testclient
2026-07-23 01:15:35,631 | GET http://testserver/redirect?code=mwx9Ba | UA: testclient | IP: testclient
2026-07-23 01:15:35,800 | PUT http://testserver/urls/mwx9Ba | UA: testclient | IP: testclient
2026-07-23 01:15:35,800 | PUT http://testserver/urls/mwx9Ba | UA: testclient | IP: testclient
2026-07-23 01:15:35,801 | GET http://testserver/redirect?code=mwx9Ba | UA: testclient | IP: testclient
2026-07-23 01:15:35,801 | GET http://testserver/redirect?code=mwx9Ba | UA: testclient | IP: testclient
2026-07-23 01:15:35,972 | POST http://testserver/shorten | UA: testclient | IP: testclient
2026-07-23 01:15:35,972 | POST http://testserver/shorten | UA: testclient | IP: testclient
2026-07-23 01:15:35,973 | GET http://testserver/redirect?code=pfLg7k | UA: testclient | IP: testclient
2026-07-23 01:15:35,973 | GET http://testserver/redirect?code=pfLg7k | UA: testclient | IP: testclient
2026-07-23 01:15:35,976 | PUT http://testserver/urls/pfLg7k | UA: testclient | IP: testclient
2026-07-23 01:15:35,976 | PUT http://testserver/urls/pfLg7k | UA: testclient | IP: testclient
2026-07-23 01:15:35,978 | GET http://testserver/redirect?code=pfLg7k | UA: testclient | IP: testclient
2026-07-23 01:15:35,978 | GET http://testserver/redirect?code=pfLg7k | UA: testclient | IP: testclient
2026-07-23 01:15:35,980 | POST http://testserver/shorten | UA: testclient | IP: testclient
2026-07-23 01:15:35,980 | POST http://testserver/shorten | UA: testclient | IP: testclient
2026-07-23 01:15:35,981 | POST http://testserver/shorten | UA: testclient | IP: testclient
2026-07-23 01:15:35,981 | POST http://testserver/shorten | UA: testclient | IP: testclient
2026-07-23 01:15:35,983 | POST http://testserver/shorten | UA: testclient | IP: testclient
2026-07-23 01:15:35,983 | POST http://testserver/shorten | UA: testclient | IP: testclient
2026-07-23 01:15:35,985 | GET http://testserver/redirect | UA: testclient | IP: testclient
2026-07-23 01:15:35,985 | GET http://testserver/redirect | UA: testclient | IP: testclient
2026-07-23 01:15:35,987 | GET http://testserver/redirect?code= | UA: testclient | IP: testclient
2026-07-23 01:15:35,987 | GET http://testserver/redirect?code= | UA: testclient | IP: testclient
2026-07-23 01:15:35,990 | POST http://testserver/shorten | UA: testclient | IP: testclient
2026-07-23 01:15:35,990 | POST http://testserver/shorten | UA: testclient | IP: testclient
2026-07-23 01:15:35,993 | POST http://testserver/shorten | UA: testclient | IP: testclient
2026-07-23 01:15:35,993 | POST http://testserver/shorten | UA: testclient | IP: testclient
2026-07-23 01:15:35,995 | GET http://testserver/redirect?code=tQoGoG | UA: testclient | IP: testclient
2026-07-23 01:15:35,995 | GET http://testserver/redirect?code=tQoGoG | UA: testclient | IP: testclient
2026-07-23 01:15:35,999 | POST http://testserver/shorten | UA: testclient | IP: testclient
2026-07-23 01:15:35,999 | POST http://testserver/shorten | UA: testclient | IP: testclient
2026-07-23 01:15:36,001 | POST http://testserver/shorten | UA: testclient | IP: testclient
2026-07-23 01:15:36,001 | POST http://testserver/shorten | UA: testclient | IP: testclient
2026-07-23 01:15:36,008 | GET http://testserver/urls?size=1000 | UA: testclient | IP: testclient
2026-07-23 01:15:36,008 | GET http://testserver/urls?size=1000 | UA: testclient | IP: testclient
2026-07-23 01:15:36,178 | POST http://testserver/shorten | UA: testclient | IP: testclient
2026-07-23 01:15:36,178 | POST http://testserver/shorten | UA: testclient | IP: testclient
2026-07-23 01:15:36,181 | GET http://testserver/urls | UA: testclient | IP: testclient
2026-07-23 01:15:36,181 | GET http://testserver/urls | UA: testclient | IP: testclient
2026-07-23 01:15:36,184 | POST http://testserver/shorten | UA: testclient | IP: testclient
2026-07-23 01:15:36,184 | POST http://testserver/shorten | UA: testclient | IP: testclient
2026-07-23 01:15:36,186 | POST http://testserver/shorten | UA: testclient | IP: testclient
2026-07-23 01:15:36,186 | POST http://testserver/shorten | UA: testclient | IP: testclient
2026-07-23 01:15:36,189 | POST http://testserver/shorten | UA: testclient | IP: testclient
2026-07-23 01:15:36,189 | POST http://testserver/shorten | UA: testclient | IP: testclient
2026-07-23 01:15:36,191 | POST http://testserver/shorten | UA: testclient | IP: testclient
2026-07-23 01:15:36,191 | POST http://testserver/shorten | UA: testclient | IP: testclient
2026-07-23 01:15:36,194 | POST http://testserver/shorten | UA: testclient | IP: testclient
2026-07-23 01:15:36,194 | POST http://testserver/shorten | UA: testclient | IP: testclient
2026-07-23 01:15:36,196 | GET http://testserver/urls?page=1&size=2 | UA: testclient | IP: testclient
2026-07-23 01:15:36,196 | GET http://testserver/urls?page=1&size=2 | UA: testclient | IP: testclient
2026-07-23 01:15:36,199 | POST http://testserver/shorten | UA: testclient | IP: testclient
2026-07-23 01:15:36,199 | POST http://testserver/shorten | UA: testclient | IP: testclient
2026-07-23 01:15:36,202 | POST http://testserver/shorten | UA: testclient | IP: testclient
2026-07-23 01:15:36,202 | POST http://testserver/shorten | UA: testclient | IP: testclient
2026-07-23 01:15:36,204 | POST http://testserver/shorten | UA: testclient | IP: testclient
2026-07-23 01:15:36,204 | POST http://testserver/shorten | UA: testclient | IP: testclient
2026-07-23 01:15:36,206 | POST http://testserver/shorten | UA: testclient | IP: testclient
2026-07-23 01:15:36,206 | POST http://testserver/shorten | UA: testclient | IP: testclient
2026-07-23 01:15:36,209 | POST http://testserver/shorten | UA: testclient | IP: testclient
2026-07-23 01:15:36,209 | POST http://testserver/shorten | UA: testclient | IP: testclient
2026-07-23 01:15:36,211 | GET http://testserver/urls?page=1&size=2 | UA: testclient | IP: testclient
2026-07-23 01:15:36,211 | GET http://testserver/urls?page=1&size=2 | UA: testclient | IP: testclient
2026-07-23 01:15:36,213 | GET http://testserver/urls?page=2&size=2 | UA: testclient | IP: testclient
2026-07-23 01:15:36,213 | GET http://testserver/urls?page=2&size=2 | UA: testclient | IP: testclient
2026-07-23 01:15:36,217 | POST http://testserver/shorten | UA: testclient | IP: testclient
2026-07-23 01:15:36,217 | POST http://testserver/shorten | UA: testclient | IP: testclient
2026-07-23 01:15:36,219 | POST http://testserver/shorten | UA: testclient | IP: testclient
2026-07-23 01:15:36,219 | POST http://testserver/shorten | UA: testclient | IP: testclient
2026-07-23 01:15:36,221 | POST http://testserver/shorten | UA: testclient | IP: testclient
2026-07-23 01:15:36,221 | POST http://testserver/shorten | UA: testclient | IP: testclient
2026-07-23 01:15:36,223 | GET http://testserver/urls?page=1&size=1 | UA: testclient | IP: testclient
2026-07-23 01:15:36,223 | GET http://testserver/urls?page=1&size=1 | UA: testclient | IP: testclient
2026-07-23 01:15:36,226 | GET http://testserver/urls | UA: testclient | IP: testclient
2026-07-23 01:15:36,226 | GET http://testserver/urls | UA: testclient | IP: testclient
2026-07-23 01:15:36,228 | GET http://testserver/health | UA: testclient | IP: testclient
2026-07-23 01:15:36,228 | GET http://testserver/health | UA: testclient | IP: testclient
2026-07-23 01:15:36,230 | GET http://testserver/health | UA: testclient | IP: testclient
2026-07-23 01:15:36,230 | GET http://testserver/health | UA: testclient | IP: testclient
2026-07-23 01:15:36,231 | GET http://testserver/health | UA: testclient | IP: testclient
2026-07-23 01:15:36,231 | GET http://testserver/health | UA: testclient | IP: testclient
2026-07-23 01:15:36,233 | GET http://testserver/health | UA: testclient | IP: testclient
2026-07-23 01:15:36,233 | GET http://testserver/health | UA: testclient | IP: testclient
2026-07-23 01:15:36,235 | GET http://testserver/health | UA: testclient | IP: testclient
2026-07-23 01:15:36,235 | GET http://testserver/health | UA: testclient | IP: testclient
2026-07-23 01:15:36,238 | POST http://testserver/shorten | UA: testclient | IP: testclient
2026-07-23 01:15:36,238 | POST http://testserver/shorten | UA: testclient | IP: testclient
2026-07-23 01:15:36,240 | GET http://testserver/redirect?code=kYtCJ9 | UA: testclient | IP: testclient
2026-07-23 01:15:36,240 | GET http://testserver/redirect?code=kYtCJ9 | UA: testclient | IP: testclient
2026-07-23 01:15:36,243 | POST http://testserver/shorten | UA: testclient | IP: testclient
2026-07-23 01:15:36,243 | POST http://testserver/shorten | UA: testclient | IP: testclient
2026-07-23 01:15:36,245 | POST http://testserver/shorten | UA: testclient | IP: testclient
2026-07-23 01:15:36,245 | POST http://testserver/shorten | UA: testclient | IP: testclient
2026-07-23 01:15:36,250 | GET http://testserver/urls | UA: testclient | IP: testclient
2026-07-23 01:15:36,250 | GET http://testserver/urls | UA: testclient | IP: testclient
2026-07-23 01:23:54,896 | POST http://testserver/shorten | UA: testclient | IP: testclient
2026-07-23 01:23:54,896 | POST http://testserver/shorten | UA: testclient | IP: testclient
2026-07-23 01:23:54,903 | GET http://testserver/redirect?code=IueMkV | UA: testclient | IP: testclient
2026-07-23 01:23:54,903 | GET http://testserver/redirect?code=IueMkV | UA: testclient | IP: testclient
2026-07-23 01:23:54,911 | POST http://testserver/shorten | UA: testclient | IP: testclient
2026-07-23 01:23:54,911 | POST http://testserver/shorten | UA: testclient | IP: testclient
2026-07-23 01:23:54,915 | DELETE http://testserver/urls/XdYaqn | UA: testclient | IP: testclient
2026-07-23 01:23:54,915 | DELETE http://testserver/urls/XdYaqn | UA: testclient | IP: testclient
2026-07-23 01:23:54,917 | GET http://testserver/redirect?code=XdYaqn | UA: testclient | IP: testclient
2026-07-23 01:23:54,917 | GET http://testserver/redirect?code=XdYaqn | UA: testclient | IP: testclient
2026-07-23 01:23:54,921 | DELETE http://testserver/urls/nonexistent123 | UA: testclient | IP: testclient
2026-07-23 01:23:54,921 | DELETE http://testserver/urls/nonexistent123 | UA: testclient | IP: testclient
2026-07-23 01:23:54,924 | GET http://testserver/redirect?code=nonexistent123 | UA: testclient | IP: testclient
2026-07-23 01:23:54,924 | GET http://testserver/redirect?code=nonexistent123 | UA: testclient | IP: testclient
2026-07-23 01:23:54,927 | POST http://testserver/shorten | UA: testclient | IP: testclient
2026-07-23 01:23:54,927 | POST http://testserver/shorten | UA: testclient | IP: testclient
2026-07-23 01:23:54,929 | GET http://testserver/redirect?code=J0vq78 | UA: testclient | IP: testclient
2026-07-23 01:23:54,929 | GET http://testserver/redirect?code=J0vq78 | UA: testclient | IP: testclient
2026-07-23 01:23:54,931 | GET http://testserver/redirect?code=J0vq78 | UA: testclient | IP: testclient
2026-07-23 01:23:54,931 | GET http://testserver/redirect?code=J0vq78 | UA: testclient | IP: testclient
2026-07-23 01:23:54,935 | POST http://testserver/shorten | UA: testclient | IP: testclient
2026-07-23 01:23:54,935 | POST http://testserver/shorten | UA: testclient | IP: testclient
2026-07-23 01:23:54,937 | GET http://testserver/redirect?code=Joe28M | UA: testclient | IP: testclient
2026-07-23 01:23:54,937 | GET http://testserver/redirect?code=Joe28M | UA: testclient | IP: testclient
2026-07-23 01:23:54,941 | POST http://testserver/shorten | UA: testclient | IP: testclient
2026-07-23 01:23:54,941 | POST http://testserver/shorten | UA: testclient | IP: testclient
2026-07-23 01:23:54,943 | POST http://testserver/shorten | UA: testclient | IP: testclient
2026-07-23 01:23:54,943 | POST http://testserver/shorten | UA: testclient | IP: testclient
2026-07-23 01:23:54,945 | GET http://testserver/redirect?code=Moluec | UA: testclient | IP: testclient
2026-07-23 01:23:54,945 | GET http://testserver/redirect?code=Moluec | UA: testclient | IP: testclient
2026-07-23 01:23:54,947 | GET http://testserver/redirect?code=DBwbSX | UA: testclient | IP: testclient
2026-07-23 01:23:54,947 | GET http://testserver/redirect?code=DBwbSX | UA: testclient | IP: testclient
2026-07-23 01:23:54,950 | GET http://testserver/redirect?code=Moluec | UA: testclient | IP: testclient
2026-07-23 01:23:54,950 | GET http://testserver/redirect?code=Moluec | UA: testclient | IP: testclient
2026-07-23 01:23:54,955 | POST http://testserver/shorten | UA: testclient | IP: testclient
2026-07-23 01:23:54,955 | POST http://testserver/shorten | UA: testclient | IP: testclient
2026-07-23 01:23:54,958 | POST http://testserver/shorten | UA: testclient | IP: testclient
2026-07-23 01:23:54,958 | POST http://testserver/shorten | UA: testclient | IP: testclient
2026-07-23 01:23:54,963 | POST http://testserver/shorten | UA: testclient | IP: testclient
2026-07-23 01:23:54,963 | POST http://testserver/shorten | UA: testclient | IP: testclient
2026-07-23 01:23:54,965 | DELETE http://testserver/urls/ZN50j1 | UA: testclient | IP: testclient
2026-07-23 01:23:54,965 | DELETE http://testserver/urls/ZN50j1 | UA: testclient | IP: testclient
2026-07-23 01:23:54,967 | GET http://testserver/redirect?code=ZN50j1 | UA: testclient | IP: testclient
2026-07-23 01:23:54,967 | GET http://testserver/redirect?code=ZN50j1 | UA: testclient | IP: testclient
2026-07-23 01:23:54,971 | POST http://testserver/shorten | UA: testclient | IP: testclient
2026-07-23 01:23:54,971 | POST http://testserver/shorten | UA: testclient | IP: testclient
2026-07-23 01:23:54,975 | POST http://testserver/shorten | UA: testclient | IP: testclient
2026-07-23 01:23:54,975 | POST http://testserver/shorten | UA: testclient | IP: testclient
2026-07-23 01:23:54,978 | POST http://testserver/shorten | UA: testclient | IP: testclient
2026-07-23 01:23:54,978 | POST http://testserver/shorten | UA: testclient | IP: testclient
2026-07-23 01:23:54,983 | POST http://testserver/shorten | UA: testclient | IP: testclient
2026-07-23 01:23:54,983 | POST http://testserver/shorten | UA: testclient | IP: testclient
2026-07-23 01:23:54,985 | DELETE http://testserver/urls/2upvm6 | UA: testclient | IP: testclient
2026-07-23 01:23:54,985 | DELETE http://testserver/urls/2upvm6 | UA: testclient | IP: testclient
2026-07-23 01:23:54,987 | GET http://testserver/redirect?code=2upvm6 | UA: testclient | IP: testclient
2026-07-23 01:23:54,987 | GET http://testserver/redirect?code=2upvm6 | UA: testclient | IP: testclient
2026-07-23 01:23:55,001 | POST http://testserver/shorten | UA: testclient | IP: testclient
2026-07-23 01:23:55,001 | POST http://testserver/shorten | UA: testclient | IP: testclient
2026-07-23 01:23:55,007 | DELETE http://testserver/urls/nrCs8k | UA: testclient | IP: testclient
2026-07-23 01:23:55,007 | DELETE http://testserver/urls/nrCs8k | UA: testclient | IP: testclient
2026-07-23 01:23:55,010 | GET http://testserver/redirect?code=nrCs8k | UA: testclient | IP: testclient
2026-07-23 01:23:55,010 | GET http://testserver/redirect?code=nrCs8k | UA: testclient | IP: testclient
2026-07-23 01:23:55,014 | POST http://testserver/shorten | UA: testclient | IP: testclient
2026-07-23 01:23:55,014 | POST http://testserver/shorten | UA: testclient | IP: testclient
2026-07-23 01:23:55,019 | POST http://testserver/shorten | UA: testclient | IP: testclient
2026-07-23 01:23:55,019 | POST http://testserver/shorten | UA: testclient | IP: testclient
2026-07-23 01:23:55,022 | DELETE http://testserver/urls/iOihUV | UA: testclient | IP: testclient
2026-07-23 01:23:55,022 | DELETE http://testserver/urls/iOihUV | UA: testclient | IP: testclient
2026-07-23 01:23:55,026 | POST http://testserver/shorten | UA: testclient | IP: testclient
2026-07-23 01:23:55,026 | POST http://testserver/shorten | UA: testclient | IP: testclient
2026-07-23 01:23:55,029 | GET http://testserver/redirect?code=9RGpz9 | UA: testclient | IP: testclient
2026-07-23 01:23:55,029 | GET http://testserver/redirect?code=9RGpz9 | UA: testclient | IP: testclient
2026-07-23 01:23:55,033 | POST http://testserver/shorten | UA: testclient | IP: testclient
2026-07-23 01:23:55,033 | POST http://testserver/shorten | UA: testclient | IP: testclient
2026-07-23 01:23:55,035 | GET http://testserver/redirect?code=iUacu9 | UA: testclient | IP: testclient
2026-07-23 01:23:55,035 | GET http://testserver/redirect?code=iUacu9 | UA: testclient | IP: testclient
2026-07-23 01:23:55,039 | POST http://testserver/shorten | UA: testclient | IP: testclient
2026-07-23 01:23:55,039 | POST http://testserver/shorten | UA: testclient | IP: testclient
2026-07-23 01:23:55,041 | GET http://testserver/redirect?code=rE4768 | UA: testclient | IP: testclient
2026-07-23 01:23:55,041 | GET http://testserver/redirect?code=rE4768 | UA: testclient | IP: testclient
2026-07-23 01:23:55,044 | POST http://testserver/shorten | UA: testclient | IP: testclient
2026-07-23 01:23:55,044 | POST http://testserver/shorten | UA: testclient | IP: testclient
2026-07-23 01:23:55,047 | POST http://testserver/shorten | UA: testclient | IP: testclient
2026-07-23 01:23:55,047 | POST http://testserver/shorten | UA: testclient | IP: testclient
2026-07-23 01:23:55,049 | GET http://testserver/redirect?code=S3pMN6 | UA: testclient | IP: testclient
2026-07-23 01:23:55,049 | GET http://testserver/redirect?code=S3pMN6 | UA: testclient | IP: testclient
2026-07-23 01:23:55,053 | POST http://testserver/shorten | UA: testclient | IP: testclient
2026-07-23 01:23:55,053 | POST http://testserver/shorten | UA: testclient | IP: testclient
2026-07-23 01:23:55,056 | GET http://testserver/redirect?code=my-article-04871bfb | UA: testclient | IP: testclient
2026-07-23 01:23:55,056 | GET http://testserver/redirect?code=my-article-04871bfb | UA: testclient | IP: testclient
2026-07-23 01:23:55,059 | POST http://testserver/shorten | UA: testclient | IP: testclient
2026-07-23 01:23:55,059 | POST http://testserver/shorten | UA: testclient | IP: testclient
2026-07-23 01:23:55,061 | POST http://testserver/shorten | UA: testclient | IP: testclient
2026-07-23 01:23:55,061 | POST http://testserver/shorten | UA: testclient | IP: testclient
2026-07-23 01:23:55,065 | POST http://testserver/shorten | UA: testclient | IP: testclient
2026-07-23 01:23:55,065 | POST http://testserver/shorten | UA: testclient | IP: testclient
2026-07-23 01:23:55,068 | DELETE http://testserver/urls/dead-0be4fafe | UA: testclient | IP: testclient
2026-07-23 01:23:55,068 | DELETE http://testserver/urls/dead-0be4fafe | UA: testclient | IP: testclient
2026-07-23 01:23:55,069 | POST http://testserver/shorten | UA: testclient | IP: testclient
2026-07-23 01:23:55,069 | POST http://testserver/shorten | UA: testclient | IP: testclient
2026-07-23 01:23:55,073 | POST http://testserver/shorten | UA: testclient | IP: testclient
2026-07-23 01:23:55,073 | POST http://testserver/shorten | UA: testclient | IP: testclient
2026-07-23 01:23:55,080 | POST http://testserver/shorten/batch | UA: testclient | IP: testclient
2026-07-23 01:23:55,080 | POST http://testserver/shorten/batch | UA: testclient | IP: testclient
2026-07-23 01:23:55,082 | GET http://testserver/redirect?code=yswkzy | UA: testclient | IP: testclient
2026-07-23 01:23:55,082 | GET http://testserver/redirect?code=yswkzy | UA: testclient | IP: testclient
2026-07-23 01:23:55,084 | GET http://testserver/redirect?code=fcz0Gc | UA: testclient | IP: testclient
2026-07-23 01:23:55,084 | GET http://testserver/redirect?code=fcz0Gc | UA: testclient | IP: testclient
2026-07-23 01:23:55,086 | GET http://testserver/redirect?code=824vZt | UA: testclient | IP: testclient
2026-07-23 01:23:55,086 | GET http://testserver/redirect?code=824vZt | UA: testclient | IP: testclient
2026-07-23 01:23:55,090 | POST http://testserver/shorten | UA: testclient | IP: testclient
2026-07-23 01:23:55,090 | POST http://testserver/shorten | UA: testclient | IP: testclient
2026-07-23 01:23:55,093 | POST http://testserver/shorten/batch | UA: testclient | IP: testclient
2026-07-23 01:23:55,093 | POST http://testserver/shorten/batch | UA: testclient | IP: testclient
2026-07-23 01:23:55,096 | POST http://testserver/shorten/batch | UA: testclient | IP: testclient
2026-07-23 01:23:55,096 | POST http://testserver/shorten/batch | UA: testclient | IP: testclient
2026-07-23 01:23:55,098 | POST http://testserver/shorten/batch | UA: testclient | IP: testclient
2026-07-23 01:23:55,098 | POST http://testserver/shorten/batch | UA: testclient | IP: testclient
2026-07-23 01:23:55,100 | POST http://testserver/shorten/batch | UA: testclient | IP: testclient
2026-07-23 01:23:55,100 | POST http://testserver/shorten/batch | UA: testclient | IP: testclient
2026-07-23 01:23:55,104 | POST http://testserver/shorten/batch | UA: testclient | IP: testclient
2026-07-23 01:23:55,104 | POST http://testserver/shorten/batch | UA: testclient | IP: testclient
2026-07-23 01:23:55,107 | POST http://testserver/shorten/batch | UA: testclient | IP: testclient
2026-07-23 01:23:55,107 | POST http://testserver/shorten/batch | UA: testclient | IP: testclient
2026-07-23 01:23:55,132 | POST http://testserver/shorten/batch | UA: testclient | IP: testclient
2026-07-23 01:23:55,132 | POST http://testserver/shorten/batch | UA: testclient | IP: testclient
2026-07-23 01:23:55,136 | POST http://testserver/shorten/batch | UA: testclient | IP: testclient
2026-07-23 01:23:55,136 | POST http://testserver/shorten/batch | UA: testclient | IP: testclient
2026-07-23 01:23:55,140 | POST http://testserver/shorten | UA: testclient | IP: testclient
2026-07-23 01:23:55,140 | POST http://testserver/shorten | UA: testclient | IP: testclient
2026-07-23 01:23:55,144 | PUT http://testserver/urls/z0Icnl | UA: testclient | IP: testclient
2026-07-23 01:23:55,144 | PUT http://testserver/urls/z0Icnl | UA: testclient | IP: testclient
2026-07-23 01:23:55,146 | GET http://testserver/redirect?code=z0Icnl | UA: testclient | IP: testclient
2026-07-23 01:23:55,146 | GET http://testserver/redirect?code=z0Icnl | UA: testclient | IP: testclient
2026-07-23 01:23:55,150 | POST http://testserver/shorten | UA: testclient | IP: testclient
2026-07-23 01:23:55,150 | POST http://testserver/shorten | UA: testclient | IP: testclient
2026-07-23 01:23:55,153 | PUT http://testserver/urls/P1gVpE | UA: testclient | IP: testclient
2026-07-23 01:23:55,153 | PUT http://testserver/urls/P1gVpE | UA: testclient | IP: testclient
2026-07-23 01:23:55,157 | POST http://testserver/shorten | UA: testclient | IP: testclient
2026-07-23 01:23:55,157 | POST http://testserver/shorten | UA: testclient | IP: testclient
2026-07-23 01:23:55,160 | PUT http://testserver/urls/2GAim3 | UA: testclient | IP: testclient
2026-07-23 01:23:55,160 | PUT http://testserver/urls/2GAim3 | UA: testclient | IP: testclient
2026-07-23 01:23:55,161 | GET http://testserver/redirect?code=2GAim3 | UA: testclient | IP: testclient
2026-07-23 01:23:55,161 | GET http://testserver/redirect?code=2GAim3 | UA: testclient | IP: testclient
2026-07-23 01:23:55,166 | POST http://testserver/shorten | UA: testclient | IP: testclient
2026-07-23 01:23:55,166 | POST http://testserver/shorten | UA: testclient | IP: testclient
2026-07-23 01:23:55,168 | GET http://testserver/redirect?code=qWZPM7 | UA: testclient | IP: testclient
2026-07-23 01:23:55,168 | GET http://testserver/redirect?code=qWZPM7 | UA: testclient | IP: testclient
2026-07-23 01:23:55,170 | PUT http://testserver/urls/qWZPM7 | UA: testclient | IP: testclient
2026-07-23 01:23:55,170 | PUT http://testserver/urls/qWZPM7 | UA: testclient | IP: testclient
2026-07-23 01:23:55,172 | GET http://testserver/redirect?code=qWZPM7 | UA: testclient | IP: testclient
2026-07-23 01:23:55,172 | GET http://testserver/redirect?code=qWZPM7 | UA: testclient | IP: testclient
2026-07-23 01:23:55,176 | POST http://testserver/shorten | UA: testclient | IP: testclient
2026-07-23 01:23:55,176 | POST http://testserver/shorten | UA: testclient | IP: testclient
2026-07-23 01:23:55,179 | PUT http://testserver/urls/416ukA | UA: testclient | IP: testclient
2026-07-23 01:23:55,179 | PUT http://testserver/urls/416ukA | UA: testclient | IP: testclient
2026-07-23 01:23:55,181 | GET http://testserver/redirect?code=416ukA | UA: testclient | IP: testclient
2026-07-23 01:23:55,181 | GET http://testserver/redirect?code=416ukA | UA: testclient | IP: testclient
2026-07-23 01:23:55,185 | POST http://testserver/shorten | UA: testclient | IP: testclient
2026-07-23 01:23:55,185 | POST http://testserver/shorten | UA: testclient | IP: testclient
2026-07-23 01:23:55,186 | PUT http://testserver/urls/l3L9la | UA: testclient | IP: testclient
2026-07-23 01:23:55,186 | PUT http://testserver/urls/l3L9la | UA: testclient | IP: testclient
2026-07-23 01:23:55,189 | POST http://testserver/shorten | UA: testclient | IP: testclient
2026-07-23 01:23:55,189 | POST http://testserver/shorten | UA: testclient | IP: testclient
2026-07-23 01:23:55,192 | PUT http://testserver/urls/nonexistent123 | UA: testclient | IP: testclient
2026-07-23 01:23:55,192 | PUT http://testserver/urls/nonexistent123 | UA: testclient | IP: testclient
2026-07-23 01:23:55,196 | POST http://testserver/shorten | UA: testclient | IP: testclient
2026-07-23 01:23:55,196 | POST http://testserver/shorten | UA: testclient | IP: testclient
2026-07-23 01:23:55,198 | DELETE http://testserver/urls/J86Sq3 | UA: testclient | IP: testclient
2026-07-23 01:23:55,198 | DELETE http://testserver/urls/J86Sq3 | UA: testclient | IP: testclient
2026-07-23 01:23:55,200 | PUT http://testserver/urls/J86Sq3 | UA: testclient | IP: testclient
2026-07-23 01:23:55,200 | PUT http://testserver/urls/J86Sq3 | UA: testclient | IP: testclient
2026-07-23 01:23:55,204 | POST http://testserver/shorten | UA: testclient | IP: testclient
2026-07-23 01:23:55,204 | POST http://testserver/shorten | UA: testclient | IP: testclient
2026-07-23 01:23:55,206 | PUT http://testserver/urls/1kfI9t | UA: testclient | IP: testclient
2026-07-23 01:23:55,206 | PUT http://testserver/urls/1kfI9t | UA: testclient | IP: testclient
2026-07-23 01:23:55,209 | POST http://testserver/shorten | UA: testclient | IP: testclient
2026-07-23 01:23:55,209 | POST http://testserver/shorten | UA: testclient | IP: testclient
2026-07-23 01:23:55,211 | GET http://testserver/redirect?code=DMFlJs | UA: testclient | IP: testclient
2026-07-23 01:23:55,211 | GET http://testserver/redirect?code=DMFlJs | UA: testclient | IP: testclient
2026-07-23 01:23:55,214 | POST http://testserver/shorten | UA: testclient | IP: testclient
2026-07-23 01:23:55,214 | POST http://testserver/shorten | UA: testclient | IP: testclient
2026-07-23 01:23:55,217 | POST http://testserver/shorten | UA: testclient | IP: testclient
2026-07-23 01:23:55,217 | POST http://testserver/shorten | UA: testclient | IP: testclient
2026-07-23 01:23:55,219 | PUT http://testserver/urls/vCecYP | UA: testclient | IP: testclient
2026-07-23 01:23:55,219 | PUT http://testserver/urls/vCecYP | UA: testclient | IP: testclient
2026-07-23 01:23:55,223 | POST http://testserver/shorten | UA: testclient | IP: testclient
2026-07-23 01:23:55,223 | POST http://testserver/shorten | UA: testclient | IP: testclient
2026-07-23 01:23:55,402 | PUT http://testserver/urls/XzKgSg | UA: testclient | IP: testclient
2026-07-23 01:23:55,402 | PUT http://testserver/urls/XzKgSg | UA: testclient | IP: testclient
2026-07-23 01:23:55,404 | GET http://testserver/redirect?code=XzKgSg | UA: testclient | IP: testclient
2026-07-23 01:23:55,404 | GET http://testserver/redirect?code=XzKgSg | UA: testclient | IP: testclient
2026-07-23 01:23:55,579 | POST http://testserver/shorten | UA: testclient | IP: testclient
2026-07-23 01:23:55,579 | POST http://testserver/shorten | UA: testclient | IP: testclient
2026-07-23 01:23:55,750 | GET http://testserver/redirect?code=ZChbf8&password=secret1 | UA: testclient | IP: testclient
2026-07-23 01:23:55,750 | GET http://testserver/redirect?code=ZChbf8&password=secret1 | UA: testclient | IP: testclient
2026-07-23 01:23:55,921 | POST http://testserver/shorten | UA: testclient | IP: testclient
2026-07-23 01:23:55,921 | POST http://testserver/shorten | UA: testclient | IP: testclient
2026-07-23 01:23:56,092 | GET http://testserver/redirect?code=VwPD7t&password=wrongpass | UA: testclient | IP: testclient
2026-07-23 01:23:56,092 | GET http://testserver/redirect?code=VwPD7t&password=wrongpass | UA: testclient | IP: testclient
2026-07-23 01:23:56,264 | POST http://testserver/shorten | UA: testclient | IP: testclient
2026-07-23 01:23:56,264 | POST http://testserver/shorten | UA: testclient | IP: testclient
2026-07-23 01:23:56,267 | DELETE http://testserver/urls/sWmqVl | UA: testclient | IP: testclient
2026-07-23 01:23:56,267 | DELETE http://testserver/urls/sWmqVl | UA: testclient | IP: testclient
2026-07-23 01:23:56,268 | GET http://testserver/redirect?code=sWmqVl | UA: testclient | IP: testclient
2026-07-23 01:23:56,268 | GET http://testserver/redirect?code=sWmqVl | UA: testclient | IP: testclient
2026-07-23 01:23:56,439 | POST http://testserver/shorten | UA: testclient | IP: testclient
2026-07-23 01:23:56,439 | POST http://testserver/shorten | UA: testclient | IP: testclient
2026-07-23 01:23:56,441 | GET http://testserver/redirect?code=eoCW9n | UA: testclient | IP: testclient
2026-07-23 01:23:56,441 | GET http://testserver/redirect?code=eoCW9n | UA: testclient | IP: testclient
2026-07-23 01:23:56,444 | POST http://testserver/shorten | UA: testclient | IP: testclient
2026-07-23 01:23:56,444 | POST http://testserver/shorten | UA: testclient | IP: testclient
2026-07-23 01:23:56,447 | GET http://testserver/redirect?code=Rmv6QF | UA: testclient | IP: testclient
2026-07-23 01:23:56,447 | GET http://testserver/redirect?code=Rmv6QF | UA: testclient | IP: testclient
2026-07-23 01:23:56,616 | PUT http://testserver/urls/Rmv6QF | UA: testclient | IP: testclient
2026-07-23 01:23:56,616 | PUT http://testserver/urls/Rmv6QF | UA: testclient | IP: testclient
2026-07-23 01:23:56,617 | GET http://testserver/redirect?code=Rmv6QF | UA: testclient | IP: testclient
2026-07-23 01:23:56,617 | GET http://testserver/redirect?code=Rmv6QF | UA: testclient | IP: testclient
2026-07-23 01:23:56,788 | POST http://testserver/shorten | UA: testclient | IP: testclient
2026-07-23 01:23:56,788 | POST http://testserver/shorten | UA: testclient | IP: testclient
2026-07-23 01:23:56,789 | GET http://testserver/redirect?code=zhIBGQ | UA: testclient | IP: testclient
2026-07-23 01:23:56,789 | GET http://testserver/redirect?code=zhIBGQ | UA: testclient | IP: testclient
2026-07-23 01:23:56,792 | PUT http://testserver/urls/zhIBGQ | UA: testclient | IP: testclient
2026-07-23 01:23:56,792 | PUT http://testserver/urls/zhIBGQ | UA: testclient | IP: testclient
2026-07-23 01:23:56,794 | GET http://testserver/redirect?code=zhIBGQ | UA: testclient | IP: testclient
2026-07-23 01:23:56,794 | GET http://testserver/redirect?code=zhIBGQ | UA: testclient | IP: testclient
2026-07-23 01:23:56,796 | POST http://testserver/shorten | UA: testclient | IP: testclient
2026-07-23 01:23:56,796 | POST http://testserver/shorten | UA: testclient | IP: testclient
2026-07-23 01:23:56,798 | POST http://testserver/shorten | UA: testclient | IP: testclient
2026-07-23 01:23:56,798 | POST http://testserver/shorten | UA: testclient | IP: testclient
2026-07-23 01:23:56,800 | POST http://testserver/shorten | UA: testclient | IP: testclient
2026-07-23 01:23:56,800 | POST http://testserver/shorten | UA: testclient | IP: testclient
2026-07-23 01:23:56,802 | GET http://testserver/redirect | UA: testclient | IP: testclient
2026-07-23 01:23:56,802 | GET http://testserver/redirect | UA: testclient | IP: testclient
2026-07-23 01:23:56,804 | GET http://testserver/redirect?code= | UA: testclient | IP: testclient
2026-07-23 01:23:56,804 | GET http://testserver/redirect?code= | UA: testclient | IP: testclient
2026-07-23 01:23:56,807 | POST http://testserver/shorten | UA: testclient | IP: testclient
2026-07-23 01:23:56,807 | POST http://testserver/shorten | UA: testclient | IP: testclient
2026-07-23 01:23:56,810 | POST http://testserver/shorten | UA: testclient | IP: testclient
2026-07-23 01:23:56,810 | POST http://testserver/shorten | UA: testclient | IP: testclient
2026-07-23 01:23:56,812 | GET http://testserver/redirect?code=9NQemg | UA: testclient | IP: testclient
2026-07-23 01:23:56,812 | GET http://testserver/redirect?code=9NQemg | UA: testclient | IP: testclient
2026-07-23 01:23:56,816 | POST http://testserver/shorten | UA: testclient | IP: testclient
2026-07-23 01:23:56,816 | POST http://testserver/shorten | UA: testclient | IP: testclient
2026-07-23 01:23:56,818 | POST http://testserver/shorten | UA: testclient | IP: testclient
2026-07-23 01:23:56,818 | POST http://testserver/shorten | UA: testclient | IP: testclient
2026-07-23 01:23:56,826 | GET http://testserver/urls?size=1000 | UA: testclient | IP: testclient
2026-07-23 01:23:56,826 | GET http://testserver/urls?size=1000 | UA: testclient | IP: testclient
2026-07-23 01:23:56,998 | POST http://testserver/shorten | UA: testclient | IP: testclient
2026-07-23 01:23:56,998 | POST http://testserver/shorten | UA: testclient | IP: testclient
2026-07-23 01:23:57,001 | GET http://testserver/urls | UA: testclient | IP: testclient
2026-07-23 01:23:57,001 | GET http://testserver/urls | UA: testclient | IP: testclient
2026-07-23 01:23:57,004 | POST http://testserver/shorten | UA: testclient | IP: testclient
2026-07-23 01:23:57,004 | POST http://testserver/shorten | UA: testclient | IP: testclient
2026-07-23 01:23:57,006 | POST http://testserver/shorten | UA: testclient | IP: testclient
2026-07-23 01:23:57,006 | POST http://testserver/shorten | UA: testclient | IP: testclient
2026-07-23 01:23:57,008 | POST http://testserver/shorten | UA: testclient | IP: testclient
2026-07-23 01:23:57,008 | POST http://testserver/shorten | UA: testclient | IP: testclient
2026-07-23 01:23:57,011 | POST http://testserver/shorten | UA: testclient | IP: testclient
2026-07-23 01:23:57,011 | POST http://testserver/shorten | UA: testclient | IP: testclient
2026-07-23 01:23:57,013 | POST http://testserver/shorten | UA: testclient | IP: testclient
2026-07-23 01:23:57,013 | POST http://testserver/shorten | UA: testclient | IP: testclient
2026-07-23 01:23:57,016 | GET http://testserver/urls?page=1&size=2 | UA: testclient | IP: testclient
2026-07-23 01:23:57,016 | GET http://testserver/urls?page=1&size=2 | UA: testclient | IP: testclient
2026-07-23 01:23:57,019 | POST http://testserver/shorten | UA: testclient | IP: testclient
2026-07-23 01:23:57,019 | POST http://testserver/shorten | UA: testclient | IP: testclient
2026-07-23 01:23:57,021 | POST http://testserver/shorten | UA: testclient | IP: testclient
2026-07-23 01:23:57,021 | POST http://testserver/shorten | UA: testclient | IP: testclient
2026-07-23 01:23:57,023 | POST http://testserver/shorten | UA: testclient | IP: testclient
2026-07-23 01:23:57,023 | POST http://testserver/shorten | UA: testclient | IP: testclient
2026-07-23 01:23:57,026 | POST http://testserver/shorten | UA: testclient | IP: testclient
2026-07-23 01:23:57,026 | POST http://testserver/shorten | UA: testclient | IP: testclient
2026-07-23 01:23:57,028 | POST http://testserver/shorten | UA: testclient | IP: testclient
2026-07-23 01:23:57,028 | POST http://testserver/shorten | UA: testclient | IP: testclient
2026-07-23 01:23:57,030 | GET http://testserver/urls?page=1&size=2 | UA: testclient | IP: testclient
2026-07-23 01:23:57,030 | GET http://testserver/urls?page=1&size=2 | UA: testclient | IP: testclient
2026-07-23 01:23:57,033 | GET http://testserver/urls?page=2&size=2 | UA: testclient | IP: testclient
2026-07-23 01:23:57,033 | GET http://testserver/urls?page=2&size=2 | UA: testclient | IP: testclient
2026-07-23 01:23:57,036 | POST http://testserver/shorten | UA: testclient | IP: testclient
2026-07-23 01:23:57,036 | POST http://testserver/shorten | UA: testclient | IP: testclient
2026-07-23 01:23:57,038 | POST http://testserver/shorten | UA: testclient | IP: testclient
2026-07-23 01:23:57,038 | POST http://testserver/shorten | UA: testclient | IP: testclient
2026-07-23 01:23:57,040 | POST http://testserver/shorten | UA: testclient | IP: testclient
2026-07-23 01:23:57,040 | POST http://testserver/shorten | UA: testclient | IP: testclient
2026-07-23 01:23:57,043 | GET http://testserver/urls?page=1&size=1 | UA: testclient | IP: testclient
2026-07-23 01:23:57,043 | GET http://testserver/urls?page=1&size=1 | UA: testclient | IP: testclient
2026-07-23 01:23:57,046 | GET http://testserver/urls | UA: testclient | IP: testclient
2026-07-23 01:23:57,046 | GET http://testserver/urls | UA: testclient | IP: testclient
2026-07-23 01:23:57,047 | GET http://testserver/health | UA: testclient | IP: testclient
2026-07-23 01:23:57,047 | GET http://testserver/health | UA: testclient | IP: testclient
2026-07-23 01:23:57,049 | GET http://testserver/health | UA: testclient | IP: testclient
2026-07-23 01:23:57,049 | GET http://testserver/health | UA: testclient | IP: testclient
2026-07-23 01:23:57,051 | GET http://testserver/health | UA: testclient | IP: testclient
2026-07-23 01:23:57,051 | GET http://testserver/health | UA: testclient | IP: testclient
2026-07-23 01:23:57,052 | GET http://testserver/health | UA: testclient | IP: testclient
2026-07-23 01:23:57,052 | GET http://testserver/health | UA: testclient | IP: testclient
2026-07-23 01:23:57,054 | GET http://testserver/health | UA: testclient | IP: testclient
2026-07-23 01:23:57,054 | GET http://testserver/health | UA: testclient | IP: testclient
2026-07-23 01:23:57,057 | POST http://testserver/shorten | UA: testclient | IP: testclient
2026-07-23 01:23:57,057 | POST http://testserver/shorten | UA: testclient | IP: testclient
2026-07-23 01:23:57,059 | GET http://testserver/redirect?code=RKUrCr | UA: testclient | IP: testclient
2026-07-23 01:23:57,059 | GET http://testserver/redirect?code=RKUrCr | UA: testclient | IP: testclient
2026-07-23 01:23:57,062 | POST http://testserver/shorten | UA: testclient | IP: testclient
2026-07-23 01:23:57,062 | POST http://testserver/shorten | UA: testclient | IP: testclient
2026-07-23 01:23:57,064 | POST http://testserver/shorten | UA: testclient | IP: testclient
2026-07-23 01:23:57,064 | POST http://testserver/shorten | UA: testclient | IP: testclient
2026-07-23 01:23:57,069 | GET http://testserver/urls | UA: testclient | IP: testclient
2026-07-23 01:23:57,069 | GET http://testserver/urls | UA: testclient | IP: testclient
2026-07-23 01:28:20,387 | POST http://testserver/shorten | UA: testclient | IP: testclient
2026-07-23 01:28:20,387 | POST http://testserver/shorten | UA: testclient | IP: testclient
2026-07-23 01:28:20,391 | GET http://testserver/redirect?code=s2Gwh8 | UA: testclient | IP: testclient
2026-07-23 01:28:20,391 | GET http://testserver/redirect?code=s2Gwh8 | UA: testclient | IP: testclient
2026-07-23 01:28:20,396 | POST http://testserver/shorten | UA: testclient | IP: testclient
2026-07-23 01:28:20,396 | POST http://testserver/shorten | UA: testclient | IP: testclient
2026-07-23 01:28:20,399 | DELETE http://testserver/urls/hcjnOe | UA: testclient | IP: testclient
2026-07-23 01:28:20,399 | DELETE http://testserver/urls/hcjnOe | UA: testclient | IP: testclient
2026-07-23 01:28:20,401 | GET http://testserver/redirect?code=hcjnOe | UA: testclient | IP: testclient
2026-07-23 01:28:20,401 | GET http://testserver/redirect?code=hcjnOe | UA: testclient | IP: testclient
2026-07-23 01:28:20,404 | DELETE http://testserver/urls/nonexistent123 | UA: testclient | IP: testclient
2026-07-23 01:28:20,404 | DELETE http://testserver/urls/nonexistent123 | UA: testclient | IP: testclient
2026-07-23 01:28:20,406 | GET http://testserver/redirect?code=nonexistent123 | UA: testclient | IP: testclient
2026-07-23 01:28:20,406 | GET http://testserver/redirect?code=nonexistent123 | UA: testclient | IP: testclient
2026-07-23 01:28:20,413 | POST http://testserver/shorten | UA: testclient | IP: testclient
2026-07-23 01:28:20,413 | POST http://testserver/shorten | UA: testclient | IP: testclient
2026-07-23 01:28:20,416 | GET http://testserver/redirect?code=mxkV1O | UA: testclient | IP: testclient
2026-07-23 01:28:20,416 | GET http://testserver/redirect?code=mxkV1O | UA: testclient | IP: testclient
2026-07-23 01:28:20,418 | GET http://testserver/redirect?code=mxkV1O | UA: testclient | IP: testclient
2026-07-23 01:28:20,418 | GET http://testserver/redirect?code=mxkV1O | UA: testclient | IP: testclient
2026-07-23 01:28:20,421 | POST http://testserver/shorten | UA: testclient | IP: testclient
2026-07-23 01:28:20,421 | POST http://testserver/shorten | UA: testclient | IP: testclient
2026-07-23 01:28:20,423 | GET http://testserver/redirect?code=AfjHhI | UA: testclient | IP: testclient
2026-07-23 01:28:20,423 | GET http://testserver/redirect?code=AfjHhI | UA: testclient | IP: testclient
2026-07-23 01:28:20,427 | POST http://testserver/shorten | UA: testclient | IP: testclient
2026-07-23 01:28:20,427 | POST http://testserver/shorten | UA: testclient | IP: testclient
2026-07-23 01:28:20,429 | POST http://testserver/shorten | UA: testclient | IP: testclient
2026-07-23 01:28:20,429 | POST http://testserver/shorten | UA: testclient | IP: testclient
2026-07-23 01:28:20,431 | GET http://testserver/redirect?code=EDCxfm | UA: testclient | IP: testclient
2026-07-23 01:28:20,431 | GET http://testserver/redirect?code=EDCxfm | UA: testclient | IP: testclient
2026-07-23 01:28:20,433 | GET http://testserver/redirect?code=6Ra70z | UA: testclient | IP: testclient
2026-07-23 01:28:20,433 | GET http://testserver/redirect?code=6Ra70z | UA: testclient | IP: testclient
2026-07-23 01:28:20,435 | GET http://testserver/redirect?code=EDCxfm | UA: testclient | IP: testclient
2026-07-23 01:28:20,435 | GET http://testserver/redirect?code=EDCxfm | UA: testclient | IP: testclient
2026-07-23 01:28:20,439 | POST http://testserver/shorten | UA: testclient | IP: testclient
2026-07-23 01:28:20,439 | POST http://testserver/shorten | UA: testclient | IP: testclient
2026-07-23 01:28:20,441 | POST http://testserver/shorten | UA: testclient | IP: testclient
2026-07-23 01:28:20,441 | POST http://testserver/shorten | UA: testclient | IP: testclient
2026-07-23 01:28:20,444 | POST http://testserver/shorten | UA: testclient | IP: testclient
2026-07-23 01:28:20,444 | POST http://testserver/shorten | UA: testclient | IP: testclient
2026-07-23 01:28:20,446 | DELETE http://testserver/urls/V8RDe3 | UA: testclient | IP: testclient
2026-07-23 01:28:20,446 | DELETE http://testserver/urls/V8RDe3 | UA: testclient | IP: testclient
2026-07-23 01:28:20,448 | GET http://testserver/redirect?code=V8RDe3 | UA: testclient | IP: testclient
2026-07-23 01:28:20,448 | GET http://testserver/redirect?code=V8RDe3 | UA: testclient | IP: testclient
2026-07-23 01:28:20,451 | POST http://testserver/shorten | UA: testclient | IP: testclient
2026-07-23 01:28:20,451 | POST http://testserver/shorten | UA: testclient | IP: testclient
2026-07-23 01:28:20,454 | POST http://testserver/shorten | UA: testclient | IP: testclient
2026-07-23 01:28:20,454 | POST http://testserver/shorten | UA: testclient | IP: testclient
2026-07-23 01:28:20,456 | POST http://testserver/shorten | UA: testclient | IP: testclient
2026-07-23 01:28:20,456 | POST http://testserver/shorten | UA: testclient | IP: testclient
2026-07-23 01:28:20,459 | POST http://testserver/shorten | UA: testclient | IP: testclient
2026-07-23 01:28:20,459 | POST http://testserver/shorten | UA: testclient | IP: testclient
2026-07-23 01:28:20,461 | DELETE http://testserver/urls/V9IjKG | UA: testclient | IP: testclient
2026-07-23 01:28:20,461 | DELETE http://testserver/urls/V9IjKG | UA: testclient | IP: testclient
2026-07-23 01:28:20,463 | GET http://testserver/redirect?code=V9IjKG | UA: testclient | IP: testclient
2026-07-23 01:28:20,463 | GET http://testserver/redirect?code=V9IjKG | UA: testclient | IP: testclient
2026-07-23 01:28:20,466 | POST http://testserver/shorten | UA: testclient | IP: testclient
2026-07-23 01:28:20,466 | POST http://testserver/shorten | UA: testclient | IP: testclient
2026-07-23 01:28:20,468 | DELETE http://testserver/urls/TSAV8f | UA: testclient | IP: testclient
2026-07-23 01:28:20,468 | DELETE http://testserver/urls/TSAV8f | UA: testclient | IP: testclient
2026-07-23 01:28:20,470 | GET http://testserver/redirect?code=TSAV8f | UA: testclient | IP: testclient
2026-07-23 01:28:20,470 | GET http://testserver/redirect?code=TSAV8f | UA: testclient | IP: testclient
2026-07-23 01:28:20,473 | POST http://testserver/shorten | UA: testclient | IP: testclient
2026-07-23 01:28:20,473 | POST http://testserver/shorten | UA: testclient | IP: testclient
2026-07-23 01:28:20,476 | POST http://testserver/shorten | UA: testclient | IP: testclient
2026-07-23 01:28:20,476 | POST http://testserver/shorten | UA: testclient | IP: testclient
2026-07-23 01:28:20,479 | DELETE http://testserver/urls/nvAc9d | UA: testclient | IP: testclient
2026-07-23 01:28:20,479 | DELETE http://testserver/urls/nvAc9d | UA: testclient | IP: testclient
2026-07-23 01:28:20,482 | POST http://testserver/shorten | UA: testclient | IP: testclient
2026-07-23 01:28:20,482 | POST http://testserver/shorten | UA: testclient | IP: testclient
2026-07-23 01:28:20,487 | GET http://testserver/redirect?code=AyVQBa | UA: testclient | IP: testclient
2026-07-23 01:28:20,487 | GET http://testserver/redirect?code=AyVQBa | UA: testclient | IP: testclient
2026-07-23 01:28:20,491 | POST http://testserver/shorten | UA: testclient | IP: testclient
2026-07-23 01:28:20,491 | POST http://testserver/shorten | UA: testclient | IP: testclient
2026-07-23 01:28:20,493 | GET http://testserver/redirect?code=NnTnEV | UA: testclient | IP: testclient
2026-07-23 01:28:20,493 | GET http://testserver/redirect?code=NnTnEV | UA: testclient | IP: testclient
2026-07-23 01:28:20,496 | POST http://testserver/shorten | UA: testclient | IP: testclient
2026-07-23 01:28:20,496 | POST http://testserver/shorten | UA: testclient | IP: testclient
2026-07-23 01:28:20,498 | GET http://testserver/redirect?code=z4PYys | UA: testclient | IP: testclient
2026-07-23 01:28:20,498 | GET http://testserver/redirect?code=z4PYys | UA: testclient | IP: testclient
2026-07-23 01:28:20,500 | POST http://testserver/shorten | UA: testclient | IP: testclient
2026-07-23 01:28:20,500 | POST http://testserver/shorten | UA: testclient | IP: testclient
2026-07-23 01:28:20,503 | POST http://testserver/shorten | UA: testclient | IP: testclient
2026-07-23 01:28:20,503 | POST http://testserver/shorten | UA: testclient | IP: testclient
2026-07-23 01:28:20,505 | GET http://testserver/redirect?code=0FD7Xn | UA: testclient | IP: testclient
2026-07-23 01:28:20,505 | GET http://testserver/redirect?code=0FD7Xn | UA: testclient | IP: testclient
2026-07-23 01:28:20,508 | POST http://testserver/shorten | UA: testclient | IP: testclient
2026-07-23 01:28:20,508 | POST http://testserver/shorten | UA: testclient | IP: testclient
2026-07-23 01:28:20,510 | GET http://testserver/redirect?code=my-article-1b379a78 | UA: testclient | IP: testclient
2026-07-23 01:28:20,510 | GET http://testserver/redirect?code=my-article-1b379a78 | UA: testclient | IP: testclient
2026-07-23 01:28:20,513 | POST http://testserver/shorten | UA: testclient | IP: testclient
2026-07-23 01:28:20,513 | POST http://testserver/shorten | UA: testclient | IP: testclient
2026-07-23 01:28:20,514 | POST http://testserver/shorten | UA: testclient | IP: testclient
2026-07-23 01:28:20,514 | POST http://testserver/shorten | UA: testclient | IP: testclient
2026-07-23 01:28:20,517 | POST http://testserver/shorten | UA: testclient | IP: testclient
2026-07-23 01:28:20,517 | POST http://testserver/shorten | UA: testclient | IP: testclient
2026-07-23 01:28:20,520 | DELETE http://testserver/urls/dead-f3f662a5 | UA: testclient | IP: testclient
2026-07-23 01:28:20,520 | DELETE http://testserver/urls/dead-f3f662a5 | UA: testclient | IP: testclient
2026-07-23 01:28:20,521 | POST http://testserver/shorten | UA: testclient | IP: testclient
2026-07-23 01:28:20,521 | POST http://testserver/shorten | UA: testclient | IP: testclient
2026-07-23 01:28:20,524 | POST http://testserver/shorten | UA: testclient | IP: testclient
2026-07-23 01:28:20,524 | POST http://testserver/shorten | UA: testclient | IP: testclient
2026-07-23 01:28:20,529 | POST http://testserver/shorten/batch | UA: testclient | IP: testclient
2026-07-23 01:28:20,529 | POST http://testserver/shorten/batch | UA: testclient | IP: testclient
2026-07-23 01:28:20,531 | GET http://testserver/redirect?code=F0J4XI | UA: testclient | IP: testclient
2026-07-23 01:28:20,531 | GET http://testserver/redirect?code=F0J4XI | UA: testclient | IP: testclient
2026-07-23 01:28:20,540 | GET http://testserver/redirect?code=f3UCtI | UA: testclient | IP: testclient
2026-07-23 01:28:20,540 | GET http://testserver/redirect?code=f3UCtI | UA: testclient | IP: testclient
2026-07-23 01:28:20,542 | GET http://testserver/redirect?code=uF59BZ | UA: testclient | IP: testclient
2026-07-23 01:28:20,542 | GET http://testserver/redirect?code=uF59BZ | UA: testclient | IP: testclient
2026-07-23 01:28:20,545 | POST http://testserver/shorten | UA: testclient | IP: testclient
2026-07-23 01:28:20,545 | POST http://testserver/shorten | UA: testclient | IP: testclient
2026-07-23 01:28:20,549 | POST http://testserver/shorten/batch | UA: testclient | IP: testclient
2026-07-23 01:28:20,549 | POST http://testserver/shorten/batch | UA: testclient | IP: testclient
2026-07-23 01:28:20,551 | POST http://testserver/shorten/batch | UA: testclient | IP: testclient
2026-07-23 01:28:20,551 | POST http://testserver/shorten/batch | UA: testclient | IP: testclient
2026-07-23 01:28:20,553 | POST http://testserver/shorten/batch | UA: testclient | IP: testclient
2026-07-23 01:28:20,553 | POST http://testserver/shorten/batch | UA: testclient | IP: testclient
2026-07-23 01:28:20,555 | POST http://testserver/shorten/batch | UA: testclient | IP: testclient
2026-07-23 01:28:20,555 | POST http://testserver/shorten/batch | UA: testclient | IP: testclient
2026-07-23 01:28:20,558 | POST http://testserver/shorten/batch | UA: testclient | IP: testclient
2026-07-23 01:28:20,558 | POST http://testserver/shorten/batch | UA: testclient | IP: testclient
2026-07-23 01:28:20,561 | POST http://testserver/shorten/batch | UA: testclient | IP: testclient
2026-07-23 01:28:20,561 | POST http://testserver/shorten/batch | UA: testclient | IP: testclient
2026-07-23 01:28:20,585 | POST http://testserver/shorten/batch | UA: testclient | IP: testclient
2026-07-23 01:28:20,585 | POST http://testserver/shorten/batch | UA: testclient | IP: testclient
2026-07-23 01:28:20,589 | POST http://testserver/shorten/batch | UA: testclient | IP: testclient
2026-07-23 01:28:20,589 | POST http://testserver/shorten/batch | UA: testclient | IP: testclient
2026-07-23 01:28:20,592 | POST http://testserver/shorten | UA: testclient | IP: testclient
2026-07-23 01:28:20,592 | POST http://testserver/shorten | UA: testclient | IP: testclient
2026-07-23 01:28:20,595 | PUT http://testserver/urls/58pqL9 | UA: testclient | IP: testclient
2026-07-23 01:28:20,595 | PUT http://testserver/urls/58pqL9 | UA: testclient | IP: testclient
2026-07-23 01:28:20,597 | GET http://testserver/redirect?code=58pqL9 | UA: testclient | IP: testclient
2026-07-23 01:28:20,597 | GET http://testserver/redirect?code=58pqL9 | UA: testclient | IP: testclient
2026-07-23 01:28:20,600 | POST http://testserver/shorten | UA: testclient | IP: testclient
2026-07-23 01:28:20,600 | POST http://testserver/shorten | UA: testclient | IP: testclient
2026-07-23 01:28:20,603 | PUT http://testserver/urls/ZJ86Q6 | UA: testclient | IP: testclient
2026-07-23 01:28:20,603 | PUT http://testserver/urls/ZJ86Q6 | UA: testclient | IP: testclient
2026-07-23 01:28:20,606 | POST http://testserver/shorten | UA: testclient | IP: testclient
2026-07-23 01:28:20,606 | POST http://testserver/shorten | UA: testclient | IP: testclient
2026-07-23 01:28:20,608 | PUT http://testserver/urls/CyZw7G | UA: testclient | IP: testclient
2026-07-23 01:28:20,608 | PUT http://testserver/urls/CyZw7G | UA: testclient | IP: testclient
2026-07-23 01:28:20,610 | GET http://testserver/redirect?code=CyZw7G | UA: testclient | IP: testclient
2026-07-23 01:28:20,610 | GET http://testserver/redirect?code=CyZw7G | UA: testclient | IP: testclient
2026-07-23 01:28:20,613 | POST http://testserver/shorten | UA: testclient | IP: testclient
2026-07-23 01:28:20,613 | POST http://testserver/shorten | UA: testclient | IP: testclient
2026-07-23 01:28:20,615 | GET http://testserver/redirect?code=9EQ87R | UA: testclient | IP: testclient
2026-07-23 01:28:20,615 | GET http://testserver/redirect?code=9EQ87R | UA: testclient | IP: testclient
2026-07-23 01:28:20,617 | PUT http://testserver/urls/9EQ87R | UA: testclient | IP: testclient
2026-07-23 01:28:20,617 | PUT http://testserver/urls/9EQ87R | UA: testclient | IP: testclient
2026-07-23 01:28:20,619 | GET http://testserver/redirect?code=9EQ87R | UA: testclient | IP: testclient
2026-07-23 01:28:20,619 | GET http://testserver/redirect?code=9EQ87R | UA: testclient | IP: testclient
2026-07-23 01:28:20,622 | POST http://testserver/shorten | UA: testclient | IP: testclient
2026-07-23 01:28:20,622 | POST http://testserver/shorten | UA: testclient | IP: testclient
2026-07-23 01:28:20,625 | PUT http://testserver/urls/CQEFhj | UA: testclient | IP: testclient
2026-07-23 01:28:20,625 | PUT http://testserver/urls/CQEFhj | UA: testclient | IP: testclient
2026-07-23 01:28:20,627 | GET http://testserver/redirect?code=CQEFhj | UA: testclient | IP: testclient
2026-07-23 01:28:20,627 | GET http://testserver/redirect?code=CQEFhj | UA: testclient | IP: testclient
2026-07-23 01:28:20,631 | POST http://testserver/shorten | UA: testclient | IP: testclient
2026-07-23 01:28:20,631 | POST http://testserver/shorten | UA: testclient | IP: testclient
2026-07-23 01:28:20,632 | PUT http://testserver/urls/mf1Sfr | UA: testclient | IP: testclient
2026-07-23 01:28:20,632 | PUT http://testserver/urls/mf1Sfr | UA: testclient | IP: testclient
2026-07-23 01:28:20,635 | POST http://testserver/shorten | UA: testclient | IP: testclient
2026-07-23 01:28:20,635 | POST http://testserver/shorten | UA: testclient | IP: testclient
2026-07-23 01:28:20,638 | PUT http://testserver/urls/nonexistent123 | UA: testclient | IP: testclient
2026-07-23 01:28:20,638 | PUT http://testserver/urls/nonexistent123 | UA: testclient | IP: testclient
2026-07-23 01:28:20,641 | POST http://testserver/shorten | UA: testclient | IP: testclient
2026-07-23 01:28:20,641 | POST http://testserver/shorten | UA: testclient | IP: testclient
2026-07-23 01:28:20,644 | DELETE http://testserver/urls/1Mn9MI | UA: testclient | IP: testclient
2026-07-23 01:28:20,644 | DELETE http://testserver/urls/1Mn9MI | UA: testclient | IP: testclient
2026-07-23 01:28:20,646 | PUT http://testserver/urls/1Mn9MI | UA: testclient | IP: testclient
2026-07-23 01:28:20,646 | PUT http://testserver/urls/1Mn9MI | UA: testclient | IP: testclient
2026-07-23 01:28:20,649 | POST http://testserver/shorten | UA: testclient | IP: testclient
2026-07-23 01:28:20,649 | POST http://testserver/shorten | UA: testclient | IP: testclient
2026-07-23 01:28:20,650 | PUT http://testserver/urls/rC1jaU | UA: testclient | IP: testclient
2026-07-23 01:28:20,650 | PUT http://testserver/urls/rC1jaU | UA: testclient | IP: testclient
2026-07-23 01:28:20,653 | POST http://testserver/shorten | UA: testclient | IP: testclient
2026-07-23 01:28:20,653 | POST http://testserver/shorten | UA: testclient | IP: testclient
2026-07-23 01:28:20,655 | GET http://testserver/redirect?code=Vr5ys5 | UA: testclient | IP: testclient
2026-07-23 01:28:20,655 | GET http://testserver/redirect?code=Vr5ys5 | UA: testclient | IP: testclient
2026-07-23 01:28:20,657 | POST http://testserver/shorten | UA: testclient | IP: testclient
2026-07-23 01:28:20,657 | POST http://testserver/shorten | UA: testclient | IP: testclient
2026-07-23 01:28:20,660 | POST http://testserver/shorten | UA: testclient | IP: testclient
2026-07-23 01:28:20,660 | POST http://testserver/shorten | UA: testclient | IP: testclient
2026-07-23 01:28:20,661 | PUT http://testserver/urls/vFNb3I | UA: testclient | IP: testclient
2026-07-23 01:28:20,661 | PUT http://testserver/urls/vFNb3I | UA: testclient | IP: testclient
2026-07-23 01:28:20,664 | POST http://testserver/shorten | UA: testclient | IP: testclient
2026-07-23 01:28:20,664 | POST http://testserver/shorten | UA: testclient | IP: testclient
2026-07-23 01:28:20,835 | PUT http://testserver/urls/eNX1rm | UA: testclient | IP: testclient
2026-07-23 01:28:20,835 | PUT http://testserver/urls/eNX1rm | UA: testclient | IP: testclient
2026-07-23 01:28:20,837 | GET http://testserver/redirect?code=eNX1rm | UA: testclient | IP: testclient
2026-07-23 01:28:20,837 | GET http://testserver/redirect?code=eNX1rm | UA: testclient | IP: testclient
2026-07-23 01:28:21,009 | POST http://testserver/shorten | UA: testclient | IP: testclient
2026-07-23 01:28:21,009 | POST http://testserver/shorten | UA: testclient | IP: testclient
2026-07-23 01:28:21,178 | GET http://testserver/redirect?code=fYUhpa&password=secret1 | UA: testclient | IP: testclient
2026-07-23 01:28:21,178 | GET http://testserver/redirect?code=fYUhpa&password=secret1 | UA: testclient | IP: testclient
2026-07-23 01:28:21,356 | POST http://testserver/shorten | UA: testclient | IP: testclient
2026-07-23 01:28:21,356 | POST http://testserver/shorten | UA: testclient | IP: testclient
2026-07-23 01:28:21,525 | GET http://testserver/redirect?code=QxpfRu&password=wrongpass | UA: testclient | IP: testclient
2026-07-23 01:28:21,525 | GET http://testserver/redirect?code=QxpfRu&password=wrongpass | UA: testclient | IP: testclient
2026-07-23 01:28:21,697 | POST http://testserver/shorten | UA: testclient | IP: testclient
2026-07-23 01:28:21,697 | POST http://testserver/shorten | UA: testclient | IP: testclient
2026-07-23 01:28:21,700 | DELETE http://testserver/urls/0eE7Uz | UA: testclient | IP: testclient
2026-07-23 01:28:21,700 | DELETE http://testserver/urls/0eE7Uz | UA: testclient | IP: testclient
2026-07-23 01:28:21,701 | GET http://testserver/redirect?code=0eE7Uz | UA: testclient | IP: testclient
2026-07-23 01:28:21,701 | GET http://testserver/redirect?code=0eE7Uz | UA: testclient | IP: testclient
2026-07-23 01:28:21,872 | POST http://testserver/shorten | UA: testclient | IP: testclient
2026-07-23 01:28:21,872 | POST http://testserver/shorten | UA: testclient | IP: testclient
2026-07-23 01:28:21,875 | GET http://testserver/redirect?code=jIdhmU | UA: testclient | IP: testclient
2026-07-23 01:28:21,875 | GET http://testserver/redirect?code=jIdhmU | UA: testclient | IP: testclient
2026-07-23 01:28:21,878 | POST http://testserver/shorten | UA: testclient | IP: testclient
2026-07-23 01:28:21,878 | POST http://testserver/shorten | UA: testclient | IP: testclient
2026-07-23 01:28:21,880 | GET http://testserver/redirect?code=sB9MfG | UA: testclient | IP: testclient
2026-07-23 01:28:21,880 | GET http://testserver/redirect?code=sB9MfG | UA: testclient | IP: testclient
2026-07-23 01:28:22,051 | PUT http://testserver/urls/sB9MfG | UA: testclient | IP: testclient
2026-07-23 01:28:22,051 | PUT http://testserver/urls/sB9MfG | UA: testclient | IP: testclient
2026-07-23 01:28:22,053 | GET http://testserver/redirect?code=sB9MfG | UA: testclient | IP: testclient
2026-07-23 01:28:22,053 | GET http://testserver/redirect?code=sB9MfG | UA: testclient | IP: testclient
2026-07-23 01:28:22,224 | POST http://testserver/shorten | UA: testclient | IP: testclient
2026-07-23 01:28:22,224 | POST http://testserver/shorten | UA: testclient | IP: testclient
2026-07-23 01:28:22,226 | GET http://testserver/redirect?code=uiZEaj | UA: testclient | IP: testclient
2026-07-23 01:28:22,226 | GET http://testserver/redirect?code=uiZEaj | UA: testclient | IP: testclient
2026-07-23 01:28:22,229 | PUT http://testserver/urls/uiZEaj | UA: testclient | IP: testclient
2026-07-23 01:28:22,229 | PUT http://testserver/urls/uiZEaj | UA: testclient | IP: testclient
2026-07-23 01:28:22,231 | GET http://testserver/redirect?code=uiZEaj | UA: testclient | IP: testclient
2026-07-23 01:28:22,231 | GET http://testserver/redirect?code=uiZEaj | UA: testclient | IP: testclient
2026-07-23 01:28:22,233 | POST http://testserver/shorten | UA: testclient | IP: testclient
2026-07-23 01:28:22,233 | POST http://testserver/shorten | UA: testclient | IP: testclient
2026-07-23 01:28:22,235 | POST http://testserver/shorten | UA: testclient | IP: testclient
2026-07-23 01:28:22,235 | POST http://testserver/shorten | UA: testclient | IP: testclient
2026-07-23 01:28:22,237 | POST http://testserver/shorten | UA: testclient | IP: testclient
2026-07-23 01:28:22,237 | POST http://testserver/shorten | UA: testclient | IP: testclient
2026-07-23 01:28:22,238 | GET http://testserver/redirect | UA: testclient | IP: testclient
2026-07-23 01:28:22,238 | GET http://testserver/redirect | UA: testclient | IP: testclient
2026-07-23 01:28:22,241 | GET http://testserver/redirect?code= | UA: testclient | IP: testclient
2026-07-23 01:28:22,241 | GET http://testserver/redirect?code= | UA: testclient | IP: testclient
2026-07-23 01:28:22,248 | POST http://testserver/shorten | UA: testclient | IP: testclient
2026-07-23 01:28:22,248 | POST http://testserver/shorten | UA: testclient | IP: testclient
2026-07-23 01:28:22,251 | POST http://testserver/shorten | UA: testclient | IP: testclient
2026-07-23 01:28:22,251 | POST http://testserver/shorten | UA: testclient | IP: testclient
2026-07-23 01:28:22,253 | GET http://testserver/redirect?code=gAK1Na | UA: testclient | IP: testclient
2026-07-23 01:28:22,253 | GET http://testserver/redirect?code=gAK1Na | UA: testclient | IP: testclient
2026-07-23 01:28:22,257 | POST http://testserver/shorten | UA: testclient | IP: testclient
2026-07-23 01:28:22,257 | POST http://testserver/shorten | UA: testclient | IP: testclient
2026-07-23 01:28:22,259 | POST http://testserver/shorten | UA: testclient | IP: testclient
2026-07-23 01:28:22,259 | POST http://testserver/shorten | UA: testclient | IP: testclient
2026-07-23 01:28:22,266 | GET http://testserver/urls?size=1000 | UA: testclient | IP: testclient
2026-07-23 01:28:22,266 | GET http://testserver/urls?size=1000 | UA: testclient | IP: testclient
2026-07-23 01:28:22,437 | POST http://testserver/shorten | UA: testclient | IP: testclient
2026-07-23 01:28:22,437 | POST http://testserver/shorten | UA: testclient | IP: testclient
2026-07-23 01:28:22,440 | GET http://testserver/urls | UA: testclient | IP: testclient
2026-07-23 01:28:22,440 | GET http://testserver/urls | UA: testclient | IP: testclient
2026-07-23 01:28:22,444 | POST http://testserver/shorten | UA: testclient | IP: testclient
2026-07-23 01:28:22,444 | POST http://testserver/shorten | UA: testclient | IP: testclient
2026-07-23 01:28:22,446 | POST http://testserver/shorten | UA: testclient | IP: testclient
2026-07-23 01:28:22,446 | POST http://testserver/shorten | UA: testclient | IP: testclient
2026-07-23 01:28:22,448 | POST http://testserver/shorten | UA: testclient | IP: testclient
2026-07-23 01:28:22,448 | POST http://testserver/shorten | UA: testclient | IP: testclient
2026-07-23 01:28:22,451 | POST http://testserver/shorten | UA: testclient | IP: testclient
2026-07-23 01:28:22,451 | POST http://testserver/shorten | UA: testclient | IP: testclient
2026-07-23 01:28:22,453 | POST http://testserver/shorten | UA: testclient | IP: testclient
2026-07-23 01:28:22,453 | POST http://testserver/shorten | UA: testclient | IP: testclient
2026-07-23 01:28:22,456 | GET http://testserver/urls?page=1&size=2 | UA: testclient | IP: testclient
2026-07-23 01:28:22,456 | GET http://testserver/urls?page=1&size=2 | UA: testclient | IP: testclient
2026-07-23 01:28:22,459 | POST http://testserver/shorten | UA: testclient | IP: testclient
2026-07-23 01:28:22,459 | POST http://testserver/shorten | UA: testclient | IP: testclient
2026-07-23 01:28:22,461 | POST http://testserver/shorten | UA: testclient | IP: testclient
2026-07-23 01:28:22,461 | POST http://testserver/shorten | UA: testclient | IP: testclient
2026-07-23 01:28:22,463 | POST http://testserver/shorten | UA: testclient | IP: testclient
2026-07-23 01:28:22,463 | POST http://testserver/shorten | UA: testclient | IP: testclient
2026-07-23 01:28:22,466 | POST http://testserver/shorten | UA: testclient | IP: testclient
2026-07-23 01:28:22,466 | POST http://testserver/shorten | UA: testclient | IP: testclient
2026-07-23 01:28:22,468 | POST http://testserver/shorten | UA: testclient | IP: testclient
2026-07-23 01:28:22,468 | POST http://testserver/shorten | UA: testclient | IP: testclient
2026-07-23 01:28:22,470 | GET http://testserver/urls?page=1&size=2 | UA: testclient | IP: testclient
2026-07-23 01:28:22,470 | GET http://testserver/urls?page=1&size=2 | UA: testclient | IP: testclient
2026-07-23 01:28:22,473 | GET http://testserver/urls?page=2&size=2 | UA: testclient | IP: testclient
2026-07-23 01:28:22,473 | GET http://testserver/urls?page=2&size=2 | UA: testclient | IP: testclient
2026-07-23 01:28:22,476 | POST http://testserver/shorten | UA: testclient | IP: testclient
2026-07-23 01:28:22,476 | POST http://testserver/shorten | UA: testclient | IP: testclient
2026-07-23 01:28:22,478 | POST http://testserver/shorten | UA: testclient | IP: testclient
2026-07-23 01:28:22,478 | POST http://testserver/shorten | UA: testclient | IP: testclient
2026-07-23 01:28:22,481 | POST http://testserver/shorten | UA: testclient | IP: testclient
2026-07-23 01:28:22,481 | POST http://testserver/shorten | UA: testclient | IP: testclient
2026-07-23 01:28:22,483 | GET http://testserver/urls?page=1&size=1 | UA: testclient | IP: testclient
2026-07-23 01:28:22,483 | GET http://testserver/urls?page=1&size=1 | UA: testclient | IP: testclient
2026-07-23 01:28:22,486 | GET http://testserver/urls | UA: testclient | IP: testclient
2026-07-23 01:28:22,486 | GET http://testserver/urls | UA: testclient | IP: testclient
2026-07-23 01:28:22,488 | GET http://testserver/health | UA: testclient | IP: testclient
2026-07-23 01:28:22,488 | GET http://testserver/health | UA: testclient | IP: testclient
2026-07-23 01:28:22,489 | GET http://testserver/health | UA: testclient | IP: testclient
2026-07-23 01:28:22,489 | GET http://testserver/health | UA: testclient | IP: testclient
2026-07-23 01:28:22,491 | GET http://testserver/health | UA: testclient | IP: testclient
2026-07-23 01:28:22,491 | GET http://testserver/health | UA: testclient | IP: testclient
2026-07-23 01:28:22,493 | GET http://testserver/health | UA: testclient | IP: testclient
2026-07-23 01:28:22,493 | GET http://testserver/health | UA: testclient | IP: testclient
2026-07-23 01:28:22,494 | GET http://testserver/health | UA: testclient | IP: testclient
2026-07-23 01:28:22,494 | GET http://testserver/health | UA: testclient | IP: testclient
2026-07-23 01:28:22,497 | POST http://testserver/shorten | UA: testclient | IP: testclient
2026-07-23 01:28:22,497 | POST http://testserver/shorten | UA: testclient | IP: testclient
2026-07-23 01:28:22,499 | GET http://testserver/redirect?code=s3C2JV | UA: testclient | IP: testclient
2026-07-23 01:28:22,499 | GET http://testserver/redirect?code=s3C2JV | UA: testclient | IP: testclient
2026-07-23 01:28:22,502 | POST http://testserver/shorten | UA: testclient | IP: testclient
2026-07-23 01:28:22,502 | POST http://testserver/shorten | UA: testclient | IP: testclient
2026-07-23 01:28:22,504 | POST http://testserver/shorten | UA: testclient | IP: testclient
2026-07-23 01:28:22,504 | POST http://testserver/shorten | UA: testclient | IP: testclient
2026-07-23 01:28:22,509 | GET http://testserver/urls | UA: testclient | IP: testclient
2026-07-23 01:28:22,509 | GET http://testserver/urls | UA: testclient | IP: testclient
2026-07-23 01:29:01,426 | POST http://testserver/shorten | UA: testclient | IP: testclient
2026-07-23 01:29:01,426 | POST http://testserver/shorten | UA: testclient | IP: testclient
2026-07-23 01:29:01,430 | GET http://testserver/redirect?code=vSSRrH | UA: testclient | IP: testclient
2026-07-23 01:29:01,430 | GET http://testserver/redirect?code=vSSRrH | UA: testclient | IP: testclient
2026-07-23 01:29:01,435 | POST http://testserver/shorten | UA: testclient | IP: testclient
2026-07-23 01:29:01,435 | POST http://testserver/shorten | UA: testclient | IP: testclient
2026-07-23 01:29:01,437 | DELETE http://testserver/urls/a6nVG8 | UA: testclient | IP: testclient
2026-07-23 01:29:01,437 | DELETE http://testserver/urls/a6nVG8 | UA: testclient | IP: testclient
2026-07-23 01:29:01,439 | GET http://testserver/redirect?code=a6nVG8 | UA: testclient | IP: testclient
2026-07-23 01:29:01,439 | GET http://testserver/redirect?code=a6nVG8 | UA: testclient | IP: testclient
2026-07-23 01:29:01,442 | DELETE http://testserver/urls/nonexistent123 | UA: testclient | IP: testclient
2026-07-23 01:29:01,442 | DELETE http://testserver/urls/nonexistent123 | UA: testclient | IP: testclient
2026-07-23 01:29:01,444 | GET http://testserver/redirect?code=nonexistent123 | UA: testclient | IP: testclient
2026-07-23 01:29:01,444 | GET http://testserver/redirect?code=nonexistent123 | UA: testclient | IP: testclient
2026-07-23 01:29:01,449 | POST http://testserver/shorten | UA: testclient | IP: testclient
2026-07-23 01:29:01,449 | POST http://testserver/shorten | UA: testclient | IP: testclient
2026-07-23 01:29:01,451 | GET http://testserver/redirect?code=4u3Jpf | UA: testclient | IP: testclient
2026-07-23 01:29:01,451 | GET http://testserver/redirect?code=4u3Jpf | UA: testclient | IP: testclient
2026-07-23 01:29:01,453 | GET http://testserver/redirect?code=4u3Jpf | UA: testclient | IP: testclient
2026-07-23 01:29:01,453 | GET http://testserver/redirect?code=4u3Jpf | UA: testclient | IP: testclient
2026-07-23 01:29:01,457 | POST http://testserver/shorten | UA: testclient | IP: testclient
2026-07-23 01:29:01,457 | POST http://testserver/shorten | UA: testclient | IP: testclient
2026-07-23 01:29:01,459 | GET http://testserver/redirect?code=fPY4B8 | UA: testclient | IP: testclient
2026-07-23 01:29:01,459 | GET http://testserver/redirect?code=fPY4B8 | UA: testclient | IP: testclient
2026-07-23 01:29:01,462 | POST http://testserver/shorten | UA: testclient | IP: testclient
2026-07-23 01:29:01,462 | POST http://testserver/shorten | UA: testclient | IP: testclient
2026-07-23 01:29:01,465 | POST http://testserver/shorten | UA: testclient | IP: testclient
2026-07-23 01:29:01,465 | POST http://testserver/shorten | UA: testclient | IP: testclient
2026-07-23 01:29:01,467 | GET http://testserver/redirect?code=GcLvmy | UA: testclient | IP: testclient
2026-07-23 01:29:01,467 | GET http://testserver/redirect?code=GcLvmy | UA: testclient | IP: testclient
2026-07-23 01:29:01,469 | GET http://testserver/redirect?code=X1wLtG | UA: testclient | IP: testclient
2026-07-23 01:29:01,469 | GET http://testserver/redirect?code=X1wLtG | UA: testclient | IP: testclient
2026-07-23 01:29:01,471 | GET http://testserver/redirect?code=GcLvmy | UA: testclient | IP: testclient
2026-07-23 01:29:01,471 | GET http://testserver/redirect?code=GcLvmy | UA: testclient | IP: testclient
2026-07-23 01:29:01,477 | POST http://testserver/shorten | UA: testclient | IP: testclient
2026-07-23 01:29:01,477 | POST http://testserver/shorten | UA: testclient | IP: testclient
2026-07-23 01:29:01,480 | POST http://testserver/shorten | UA: testclient | IP: testclient
2026-07-23 01:29:01,480 | POST http://testserver/shorten | UA: testclient | IP: testclient
2026-07-23 01:29:01,483 | POST http://testserver/shorten | UA: testclient | IP: testclient
2026-07-23 01:29:01,483 | POST http://testserver/shorten | UA: testclient | IP: testclient
2026-07-23 01:29:01,485 | DELETE http://testserver/urls/xsiN9Z | UA: testclient | IP: testclient
2026-07-23 01:29:01,485 | DELETE http://testserver/urls/xsiN9Z | UA: testclient | IP: testclient
2026-07-23 01:29:01,487 | GET http://testserver/redirect?code=xsiN9Z | UA: testclient | IP: testclient
2026-07-23 01:29:01,487 | GET http://testserver/redirect?code=xsiN9Z | UA: testclient | IP: testclient
2026-07-23 01:29:01,490 | POST http://testserver/shorten | UA: testclient | IP: testclient
2026-07-23 01:29:01,490 | POST http://testserver/shorten | UA: testclient | IP: testclient
2026-07-23 01:29:01,493 | POST http://testserver/shorten | UA: testclient | IP: testclient
2026-07-23 01:29:01,493 | POST http://testserver/shorten | UA: testclient | IP: testclient
2026-07-23 01:29:01,495 | POST http://testserver/shorten | UA: testclient | IP: testclient
2026-07-23 01:29:01,495 | POST http://testserver/shorten | UA: testclient | IP: testclient
2026-07-23 01:29:01,498 | POST http://testserver/shorten | UA: testclient | IP: testclient
2026-07-23 01:29:01,498 | POST http://testserver/shorten | UA: testclient | IP: testclient
2026-07-23 01:29:01,500 | DELETE http://testserver/urls/IZyFxo | UA: testclient | IP: testclient
2026-07-23 01:29:01,500 | DELETE http://testserver/urls/IZyFxo | UA: testclient | IP: testclient
2026-07-23 01:29:01,501 | GET http://testserver/redirect?code=IZyFxo | UA: testclient | IP: testclient
2026-07-23 01:29:01,501 | GET http://testserver/redirect?code=IZyFxo | UA: testclient | IP: testclient
2026-07-23 01:29:01,504 | POST http://testserver/shorten | UA: testclient | IP: testclient
2026-07-23 01:29:01,504 | POST http://testserver/shorten | UA: testclient | IP: testclient
2026-07-23 01:29:01,506 | DELETE http://testserver/urls/yCvWuv | UA: testclient | IP: testclient
2026-07-23 01:29:01,506 | DELETE http://testserver/urls/yCvWuv | UA: testclient | IP: testclient
2026-07-23 01:29:01,508 | GET http://testserver/redirect?code=yCvWuv | UA: testclient | IP: testclient
2026-07-23 01:29:01,508 | GET http://testserver/redirect?code=yCvWuv | UA: testclient | IP: testclient
2026-07-23 01:29:01,511 | POST http://testserver/shorten | UA: testclient | IP: testclient
2026-07-23 01:29:01,511 | POST http://testserver/shorten | UA: testclient | IP: testclient
2026-07-23 01:29:01,514 | POST http://testserver/shorten | UA: testclient | IP: testclient
2026-07-23 01:29:01,514 | POST http://testserver/shorten | UA: testclient | IP: testclient
2026-07-23 01:29:01,516 | DELETE http://testserver/urls/AVogsU | UA: testclient | IP: testclient
2026-07-23 01:29:01,516 | DELETE http://testserver/urls/AVogsU | UA: testclient | IP: testclient
2026-07-23 01:29:01,519 | POST http://testserver/shorten | UA: testclient | IP: testclient
2026-07-23 01:29:01,519 | POST http://testserver/shorten | UA: testclient | IP: testclient
2026-07-23 01:29:01,522 | GET http://testserver/redirect?code=EpjxHJ | UA: testclient | IP: testclient
2026-07-23 01:29:01,522 | GET http://testserver/redirect?code=EpjxHJ | UA: testclient | IP: testclient
2026-07-23 01:29:01,525 | POST http://testserver/shorten | UA: testclient | IP: testclient
2026-07-23 01:29:01,525 | POST http://testserver/shorten | UA: testclient | IP: testclient
2026-07-23 01:29:01,527 | GET http://testserver/redirect?code=sOmpFr | UA: testclient | IP: testclient
2026-07-23 01:29:01,527 | GET http://testserver/redirect?code=sOmpFr | UA: testclient | IP: testclient
2026-07-23 01:29:01,530 | POST http://testserver/shorten | UA: testclient | IP: testclient
2026-07-23 01:29:01,530 | POST http://testserver/shorten | UA: testclient | IP: testclient
2026-07-23 01:29:01,532 | GET http://testserver/redirect?code=nXvavG | UA: testclient | IP: testclient
2026-07-23 01:29:01,532 | GET http://testserver/redirect?code=nXvavG | UA: testclient | IP: testclient
2026-07-23 01:29:01,534 | POST http://testserver/shorten | UA: testclient | IP: testclient
2026-07-23 01:29:01,534 | POST http://testserver/shorten | UA: testclient | IP: testclient
2026-07-23 01:29:01,537 | POST http://testserver/shorten | UA: testclient | IP: testclient
2026-07-23 01:29:01,537 | POST http://testserver/shorten | UA: testclient | IP: testclient
2026-07-23 01:29:01,539 | GET http://testserver/redirect?code=2pdp3T | UA: testclient | IP: testclient
2026-07-23 01:29:01,539 | GET http://testserver/redirect?code=2pdp3T | UA: testclient | IP: testclient
2026-07-23 01:29:01,542 | POST http://testserver/shorten | UA: testclient | IP: testclient
2026-07-23 01:29:01,542 | POST http://testserver/shorten | UA: testclient | IP: testclient
2026-07-23 01:29:01,543 | GET http://testserver/redirect?code=my-article-4fafa1cc | UA: testclient | IP: testclient
2026-07-23 01:29:01,543 | GET http://testserver/redirect?code=my-article-4fafa1cc | UA: testclient | IP: testclient
2026-07-23 01:29:01,546 | POST http://testserver/shorten | UA: testclient | IP: testclient
2026-07-23 01:29:01,546 | POST http://testserver/shorten | UA: testclient | IP: testclient
2026-07-23 01:29:01,548 | POST http://testserver/shorten | UA: testclient | IP: testclient
2026-07-23 01:29:01,548 | POST http://testserver/shorten | UA: testclient | IP: testclient
2026-07-23 01:29:01,551 | POST http://testserver/shorten | UA: testclient | IP: testclient
2026-07-23 01:29:01,551 | POST http://testserver/shorten | UA: testclient | IP: testclient
2026-07-23 01:29:01,553 | DELETE http://testserver/urls/dead-c751e8a3 | UA: testclient | IP: testclient
2026-07-23 01:29:01,553 | DELETE http://testserver/urls/dead-c751e8a3 | UA: testclient | IP: testclient
2026-07-23 01:29:01,555 | POST http://testserver/shorten | UA: testclient | IP: testclient
2026-07-23 01:29:01,555 | POST http://testserver/shorten | UA: testclient | IP: testclient
2026-07-23 01:29:01,557 | POST http://testserver/shorten | UA: testclient | IP: testclient
2026-07-23 01:29:01,557 | POST http://testserver/shorten | UA: testclient | IP: testclient
2026-07-23 01:29:01,562 | POST http://testserver/shorten/batch | UA: testclient | IP: testclient
2026-07-23 01:29:01,562 | POST http://testserver/shorten/batch | UA: testclient | IP: testclient
2026-07-23 01:29:01,564 | GET http://testserver/redirect?code=eHssMq | UA: testclient | IP: testclient
2026-07-23 01:29:01,564 | GET http://testserver/redirect?code=eHssMq | UA: testclient | IP: testclient
2026-07-23 01:29:01,566 | GET http://testserver/redirect?code=Vnjpeh | UA: testclient | IP: testclient
2026-07-23 01:29:01,566 | GET http://testserver/redirect?code=Vnjpeh | UA: testclient | IP: testclient
2026-07-23 01:29:01,568 | GET http://testserver/redirect?code=VVdcEj | UA: testclient | IP: testclient
2026-07-23 01:29:01,568 | GET http://testserver/redirect?code=VVdcEj | UA: testclient | IP: testclient
2026-07-23 01:29:01,571 | POST http://testserver/shorten | UA: testclient | IP: testclient
2026-07-23 01:29:01,571 | POST http://testserver/shorten | UA: testclient | IP: testclient
2026-07-23 01:29:01,574 | POST http://testserver/shorten/batch | UA: testclient | IP: testclient
2026-07-23 01:29:01,574 | POST http://testserver/shorten/batch | UA: testclient | IP: testclient
2026-07-23 01:29:01,576 | POST http://testserver/shorten/batch | UA: testclient | IP: testclient
2026-07-23 01:29:01,576 | POST http://testserver/shorten/batch | UA: testclient | IP: testclient
2026-07-23 01:29:01,579 | POST http://testserver/shorten/batch | UA: testclient | IP: testclient
2026-07-23 01:29:01,579 | POST http://testserver/shorten/batch | UA: testclient | IP: testclient
2026-07-23 01:29:01,582 | POST http://testserver/shorten/batch | UA: testclient | IP: testclient
2026-07-23 01:29:01,582 | POST http://testserver/shorten/batch | UA: testclient | IP: testclient
2026-07-23 01:29:01,586 | POST http://testserver/shorten/batch | UA: testclient | IP: testclient
2026-07-23 01:29:01,586 | POST http://testserver/shorten/batch | UA: testclient | IP: testclient
2026-07-23 01:29:01,589 | POST http://testserver/shorten/batch | UA: testclient | IP: testclient
2026-07-23 01:29:01,589 | POST http://testserver/shorten/batch | UA: testclient | IP: testclient
2026-07-23 01:29:01,593 | POST http://testserver/shorten/batch | UA: testclient | IP: testclient
2026-07-23 01:29:01,593 | POST http://testserver/shorten/batch | UA: testclient | IP: testclient
2026-07-23 01:29:01,597 | POST http://testserver/shorten/batch | UA: testclient | IP: testclient
2026-07-23 01:29:01,597 | POST http://testserver/shorten/batch | UA: testclient | IP: testclient
2026-07-23 01:29:01,600 | POST http://testserver/shorten | UA: testclient | IP: testclient
2026-07-23 01:29:01,600 | POST http://testserver/shorten | UA: testclient | IP: testclient
2026-07-23 01:29:01,607 | PUT http://testserver/urls/5QW5TG | UA: testclient | IP: testclient
2026-07-23 01:29:01,607 | PUT http://testserver/urls/5QW5TG | UA: testclient | IP: testclient
2026-07-23 01:29:01,609 | GET http://testserver/redirect?code=5QW5TG | UA: testclient | IP: testclient
2026-07-23 01:29:01,609 | GET http://testserver/redirect?code=5QW5TG | UA: testclient | IP: testclient
2026-07-23 01:29:01,613 | POST http://testserver/shorten | UA: testclient | IP: testclient
2026-07-23 01:29:01,613 | POST http://testserver/shorten | UA: testclient | IP: testclient
2026-07-23 01:29:01,616 | PUT http://testserver/urls/ZaCjU9 | UA: testclient | IP: testclient
2026-07-23 01:29:01,616 | PUT http://testserver/urls/ZaCjU9 | UA: testclient | IP: testclient
2026-07-23 01:29:01,619 | POST http://testserver/shorten | UA: testclient | IP: testclient
2026-07-23 01:29:01,619 | POST http://testserver/shorten | UA: testclient | IP: testclient
2026-07-23 01:29:01,621 | PUT http://testserver/urls/TEXB5N | UA: testclient | IP: testclient
2026-07-23 01:29:01,621 | PUT http://testserver/urls/TEXB5N | UA: testclient | IP: testclient
2026-07-23 01:29:01,622 | GET http://testserver/redirect?code=TEXB5N | UA: testclient | IP: testclient
2026-07-23 01:29:01,622 | GET http://testserver/redirect?code=TEXB5N | UA: testclient | IP: testclient
2026-07-23 01:29:01,626 | POST http://testserver/shorten | UA: testclient | IP: testclient
2026-07-23 01:29:01,626 | POST http://testserver/shorten | UA: testclient | IP: testclient
2026-07-23 01:29:01,628 | GET http://testserver/redirect?code=oC8vcF | UA: testclient | IP: testclient
2026-07-23 01:29:01,628 | GET http://testserver/redirect?code=oC8vcF | UA: testclient | IP: testclient
2026-07-23 01:29:01,630 | PUT http://testserver/urls/oC8vcF | UA: testclient | IP: testclient
2026-07-23 01:29:01,630 | PUT http://testserver/urls/oC8vcF | UA: testclient | IP: testclient
2026-07-23 01:29:01,632 | GET http://testserver/redirect?code=oC8vcF | UA: testclient | IP: testclient
2026-07-23 01:29:01,632 | GET http://testserver/redirect?code=oC8vcF | UA: testclient | IP: testclient
2026-07-23 01:29:01,635 | POST http://testserver/shorten | UA: testclient | IP: testclient
2026-07-23 01:29:01,635 | POST http://testserver/shorten | UA: testclient | IP: testclient
2026-07-23 01:29:01,638 | PUT http://testserver/urls/9gWS6A | UA: testclient | IP: testclient
2026-07-23 01:29:01,638 | PUT http://testserver/urls/9gWS6A | UA: testclient | IP: testclient
2026-07-23 01:29:01,640 | GET http://testserver/redirect?code=9gWS6A | UA: testclient | IP: testclient
2026-07-23 01:29:01,640 | GET http://testserver/redirect?code=9gWS6A | UA: testclient | IP: testclient
2026-07-23 01:29:01,643 | POST http://testserver/shorten | UA: testclient | IP: testclient
2026-07-23 01:29:01,643 | POST http://testserver/shorten | UA: testclient | IP: testclient
2026-07-23 01:29:01,645 | PUT http://testserver/urls/12hcVU | UA: testclient | IP: testclient
2026-07-23 01:29:01,645 | PUT http://testserver/urls/12hcVU | UA: testclient | IP: testclient
2026-07-23 01:29:01,648 | POST http://testserver/shorten | UA: testclient | IP: testclient
2026-07-23 01:29:01,648 | POST http://testserver/shorten | UA: testclient | IP: testclient
2026-07-23 01:29:01,652 | PUT http://testserver/urls/nonexistent123 | UA: testclient | IP: testclient
2026-07-23 01:29:01,652 | PUT http://testserver/urls/nonexistent123 | UA: testclient | IP: testclient
2026-07-23 01:29:01,655 | POST http://testserver/shorten | UA: testclient | IP: testclient
2026-07-23 01:29:01,655 | POST http://testserver/shorten | UA: testclient | IP: testclient
2026-07-23 01:29:01,657 | DELETE http://testserver/urls/GjQehQ | UA: testclient | IP: testclient
2026-07-23 01:29:01,657 | DELETE http://testserver/urls/GjQehQ | UA: testclient | IP: testclient
2026-07-23 01:29:01,659 | PUT http://testserver/urls/GjQehQ | UA: testclient | IP: testclient
2026-07-23 01:29:01,659 | PUT http://testserver/urls/GjQehQ | UA: testclient | IP: testclient
2026-07-23 01:29:01,662 | POST http://testserver/shorten | UA: testclient | IP: testclient
2026-07-23 01:29:01,662 | POST http://testserver/shorten | UA: testclient | IP: testclient
2026-07-23 01:29:01,664 | PUT http://testserver/urls/XgidJg | UA: testclient | IP: testclient
2026-07-23 01:29:01,664 | PUT http://testserver/urls/XgidJg | UA: testclient | IP: testclient
2026-07-23 01:29:01,667 | POST http://testserver/shorten | UA: testclient | IP: testclient
2026-07-23 01:29:01,667 | POST http://testserver/shorten | UA: testclient | IP: testclient
2026-07-23 01:29:01,668 | GET http://testserver/redirect?code=Ouefp0 | UA: testclient | IP: testclient
2026-07-23 01:29:01,668 | GET http://testserver/redirect?code=Ouefp0 | UA: testclient | IP: testclient
2026-07-23 01:29:01,670 | POST http://testserver/shorten | UA: testclient | IP: testclient
2026-07-23 01:29:01,670 | POST http://testserver/shorten | UA: testclient | IP: testclient
2026-07-23 01:29:01,673 | POST http://testserver/shorten | UA: testclient | IP: testclient
2026-07-23 01:29:01,673 | POST http://testserver/shorten | UA: testclient | IP: testclient
2026-07-23 01:29:01,675 | PUT http://testserver/urls/exUvls | UA: testclient | IP: testclient
2026-07-23 01:29:01,675 | PUT http://testserver/urls/exUvls | UA: testclient | IP: testclient
2026-07-23 01:29:01,679 | POST http://testserver/shorten | UA: testclient | IP: testclient
2026-07-23 01:29:01,679 | POST http://testserver/shorten | UA: testclient | IP: testclient
2026-07-23 01:29:01,850 | PUT http://testserver/urls/Fb4iTB | UA: testclient | IP: testclient
2026-07-23 01:29:01,850 | PUT http://testserver/urls/Fb4iTB | UA: testclient | IP: testclient
2026-07-23 01:29:01,852 | GET http://testserver/redirect?code=Fb4iTB | UA: testclient | IP: testclient
2026-07-23 01:29:01,852 | GET http://testserver/redirect?code=Fb4iTB | UA: testclient | IP: testclient
2026-07-23 01:29:02,023 | POST http://testserver/shorten | UA: testclient | IP: testclient
2026-07-23 01:29:02,023 | POST http://testserver/shorten | UA: testclient | IP: testclient
2026-07-23 01:29:02,194 | GET http://testserver/redirect?code=qzydx2&password=secret1 | UA: testclient | IP: testclient
2026-07-23 01:29:02,194 | GET http://testserver/redirect?code=qzydx2&password=secret1 | UA: testclient | IP: testclient
2026-07-23 01:29:02,366 | POST http://testserver/shorten | UA: testclient | IP: testclient
2026-07-23 01:29:02,366 | POST http://testserver/shorten | UA: testclient | IP: testclient
2026-07-23 01:29:02,534 | GET http://testserver/redirect?code=1UGtP7&password=wrongpass | UA: testclient | IP: testclient
2026-07-23 01:29:02,534 | GET http://testserver/redirect?code=1UGtP7&password=wrongpass | UA: testclient | IP: testclient
2026-07-23 01:29:02,706 | POST http://testserver/shorten | UA: testclient | IP: testclient
2026-07-23 01:29:02,706 | POST http://testserver/shorten | UA: testclient | IP: testclient
2026-07-23 01:29:02,709 | DELETE http://testserver/urls/fOFenZ | UA: testclient | IP: testclient
2026-07-23 01:29:02,709 | DELETE http://testserver/urls/fOFenZ | UA: testclient | IP: testclient
2026-07-23 01:29:02,710 | GET http://testserver/redirect?code=fOFenZ | UA: testclient | IP: testclient
2026-07-23 01:29:02,710 | GET http://testserver/redirect?code=fOFenZ | UA: testclient | IP: testclient
2026-07-23 01:29:02,881 | POST http://testserver/shorten | UA: testclient | IP: testclient
2026-07-23 01:29:02,881 | POST http://testserver/shorten | UA: testclient | IP: testclient
2026-07-23 01:29:02,884 | GET http://testserver/redirect?code=ZUOXf0 | UA: testclient | IP: testclient
2026-07-23 01:29:02,884 | GET http://testserver/redirect?code=ZUOXf0 | UA: testclient | IP: testclient
2026-07-23 01:29:02,894 | POST http://testserver/shorten | UA: testclient | IP: testclient
2026-07-23 01:29:02,894 | POST http://testserver/shorten | UA: testclient | IP: testclient
2026-07-23 01:29:02,896 | GET http://testserver/redirect?code=sAUMoM | UA: testclient | IP: testclient
2026-07-23 01:29:02,896 | GET http://testserver/redirect?code=sAUMoM | UA: testclient | IP: testclient
2026-07-23 01:29:03,067 | PUT http://testserver/urls/sAUMoM | UA: testclient | IP: testclient
2026-07-23 01:29:03,067 | PUT http://testserver/urls/sAUMoM | UA: testclient | IP: testclient
2026-07-23 01:29:03,068 | GET http://testserver/redirect?code=sAUMoM | UA: testclient | IP: testclient
2026-07-23 01:29:03,068 | GET http://testserver/redirect?code=sAUMoM | UA: testclient | IP: testclient
2026-07-23 01:29:03,240 | POST http://testserver/shorten | UA: testclient | IP: testclient
2026-07-23 01:29:03,240 | POST http://testserver/shorten | UA: testclient | IP: testclient
2026-07-23 01:29:03,242 | GET http://testserver/redirect?code=Bim6Hq | UA: testclient | IP: testclient
2026-07-23 01:29:03,242 | GET http://testserver/redirect?code=Bim6Hq | UA: testclient | IP: testclient
2026-07-23 01:29:03,245 | PUT http://testserver/urls/Bim6Hq | UA: testclient | IP: testclient
2026-07-23 01:29:03,245 | PUT http://testserver/urls/Bim6Hq | UA: testclient | IP: testclient
2026-07-23 01:29:03,247 | GET http://testserver/redirect?code=Bim6Hq | UA: testclient | IP: testclient
2026-07-23 01:29:03,247 | GET http://testserver/redirect?code=Bim6Hq | UA: testclient | IP: testclient
2026-07-23 01:29:03,249 | POST http://testserver/shorten | UA: testclient | IP: testclient
2026-07-23 01:29:03,249 | POST http://testserver/shorten | UA: testclient | IP: testclient
2026-07-23 01:29:03,251 | POST http://testserver/shorten | UA: testclient | IP: testclient
2026-07-23 01:29:03,251 | POST http://testserver/shorten | UA: testclient | IP: testclient
2026-07-23 01:29:03,253 | POST http://testserver/shorten | UA: testclient | IP: testclient
2026-07-23 01:29:03,253 | POST http://testserver/shorten | UA: testclient | IP: testclient
2026-07-23 01:29:03,254 | GET http://testserver/redirect | UA: testclient | IP: testclient
2026-07-23 01:29:03,254 | GET http://testserver/redirect | UA: testclient | IP: testclient
2026-07-23 01:29:03,257 | GET http://testserver/redirect?code= | UA: testclient | IP: testclient
2026-07-23 01:29:03,257 | GET http://testserver/redirect?code= | UA: testclient | IP: testclient
2026-07-23 01:29:03,260 | POST http://testserver/shorten | UA: testclient | IP: testclient
2026-07-23 01:29:03,260 | POST http://testserver/shorten | UA: testclient | IP: testclient
2026-07-23 01:29:03,263 | POST http://testserver/shorten | UA: testclient | IP: testclient
2026-07-23 01:29:03,263 | POST http://testserver/shorten | UA: testclient | IP: testclient
2026-07-23 01:29:03,265 | GET http://testserver/redirect?code=Zli35d | UA: testclient | IP: testclient
2026-07-23 01:29:03,265 | GET http://testserver/redirect?code=Zli35d | UA: testclient | IP: testclient
2026-07-23 01:29:03,269 | POST http://testserver/shorten | UA: testclient | IP: testclient
2026-07-23 01:29:03,269 | POST http://testserver/shorten | UA: testclient | IP: testclient
2026-07-23 01:29:03,271 | POST http://testserver/shorten | UA: testclient | IP: testclient
2026-07-23 01:29:03,271 | POST http://testserver/shorten | UA: testclient | IP: testclient
2026-07-23 01:29:03,278 | GET http://testserver/urls?size=1000 | UA: testclient | IP: testclient
2026-07-23 01:29:03,278 | GET http://testserver/urls?size=1000 | UA: testclient | IP: testclient
2026-07-23 01:29:03,450 | POST http://testserver/shorten | UA: testclient | IP: testclient
2026-07-23 01:29:03,450 | POST http://testserver/shorten | UA: testclient | IP: testclient
2026-07-23 01:29:03,453 | GET http://testserver/urls | UA: testclient | IP: testclient
2026-07-23 01:29:03,453 | GET http://testserver/urls | UA: testclient | IP: testclient
2026-07-23 01:29:03,457 | POST http://testserver/shorten | UA: testclient | IP: testclient
2026-07-23 01:29:03,457 | POST http://testserver/shorten | UA: testclient | IP: testclient
2026-07-23 01:29:03,459 | POST http://testserver/shorten | UA: testclient | IP: testclient
2026-07-23 01:29:03,459 | POST http://testserver/shorten | UA: testclient | IP: testclient
2026-07-23 01:29:03,461 | POST http://testserver/shorten | UA: testclient | IP: testclient
2026-07-23 01:29:03,461 | POST http://testserver/shorten | UA: testclient | IP: testclient
2026-07-23 01:29:03,464 | POST http://testserver/shorten | UA: testclient | IP: testclient
2026-07-23 01:29:03,464 | POST http://testserver/shorten | UA: testclient | IP: testclient
2026-07-23 01:29:03,467 | POST http://testserver/shorten | UA: testclient | IP: testclient
2026-07-23 01:29:03,467 | POST http://testserver/shorten | UA: testclient | IP: testclient
2026-07-23 01:29:03,469 | GET http://testserver/urls?page=1&size=2 | UA: testclient | IP: testclient
2026-07-23 01:29:03,469 | GET http://testserver/urls?page=1&size=2 | UA: testclient | IP: testclient
2026-07-23 01:29:03,473 | POST http://testserver/shorten | UA: testclient | IP: testclient
2026-07-23 01:29:03,473 | POST http://testserver/shorten | UA: testclient | IP: testclient
2026-07-23 01:29:03,475 | POST http://testserver/shorten | UA: testclient | IP: testclient
2026-07-23 01:29:03,475 | POST http://testserver/shorten | UA: testclient | IP: testclient
2026-07-23 01:29:03,477 | POST http://testserver/shorten | UA: testclient | IP: testclient
2026-07-23 01:29:03,477 | POST http://testserver/shorten | UA: testclient | IP: testclient
2026-07-23 01:29:03,480 | POST http://testserver/shorten | UA: testclient | IP: testclient
2026-07-23 01:29:03,480 | POST http://testserver/shorten | UA: testclient | IP: testclient
2026-07-23 01:29:03,483 | POST http://testserver/shorten | UA: testclient | IP: testclient
2026-07-23 01:29:03,483 | POST http://testserver/shorten | UA: testclient | IP: testclient
2026-07-23 01:29:03,486 | GET http://testserver/urls?page=1&size=2 | UA: testclient | IP: testclient
2026-07-23 01:29:03,486 | GET http://testserver/urls?page=1&size=2 | UA: testclient | IP: testclient
2026-07-23 01:29:03,488 | GET http://testserver/urls?page=2&size=2 | UA: testclient | IP: testclient
2026-07-23 01:29:03,488 | GET http://testserver/urls?page=2&size=2 | UA: testclient | IP: testclient
2026-07-23 01:29:03,492 | POST http://testserver/shorten | UA: testclient | IP: testclient
2026-07-23 01:29:03,492 | POST http://testserver/shorten | UA: testclient | IP: testclient
2026-07-23 01:29:03,494 | POST http://testserver/shorten | UA: testclient | IP: testclient
2026-07-23 01:29:03,494 | POST http://testserver/shorten | UA: testclient | IP: testclient
2026-07-23 01:29:03,496 | POST http://testserver/shorten | UA: testclient | IP: testclient
2026-07-23 01:29:03,496 | POST http://testserver/shorten | UA: testclient | IP: testclient
2026-07-23 01:29:03,499 | GET http://testserver/urls?page=1&size=1 | UA: testclient | IP: testclient
2026-07-23 01:29:03,499 | GET http://testserver/urls?page=1&size=1 | UA: testclient | IP: testclient
2026-07-23 01:29:03,502 | GET http://testserver/urls | UA: testclient | IP: testclient
2026-07-23 01:29:03,502 | GET http://testserver/urls | UA: testclient | IP: testclient
2026-07-23 01:29:03,504 | GET http://testserver/health | UA: testclient | IP: testclient
2026-07-23 01:29:03,504 | GET http://testserver/health | UA: testclient | IP: testclient
2026-07-23 01:29:03,505 | GET http://testserver/health | UA: testclient | IP: testclient
2026-07-23 01:29:03,505 | GET http://testserver/health | UA: testclient | IP: testclient
2026-07-23 01:29:03,507 | GET http://testserver/health | UA: testclient | IP: testclient
2026-07-23 01:29:03,507 | GET http://testserver/health | UA: testclient | IP: testclient
2026-07-23 01:29:03,509 | GET http://testserver/health | UA: testclient | IP: testclient
2026-07-23 01:29:03,509 | GET http://testserver/health | UA: testclient | IP: testclient
2026-07-23 01:29:03,510 | GET http://testserver/health | UA: testclient | IP: testclient
2026-07-23 01:29:03,510 | GET http://testserver/health | UA: testclient | IP: testclient
2026-07-23 01:29:03,513 | POST http://testserver/shorten | UA: testclient | IP: testclient
2026-07-23 01:29:03,513 | POST http://testserver/shorten | UA: testclient | IP: testclient
2026-07-23 01:29:03,516 | GET http://testserver/redirect?code=O0L9jx | UA: testclient | IP: testclient
2026-07-23 01:29:03,516 | GET http://testserver/redirect?code=O0L9jx | UA: testclient | IP: testclient
2026-07-23 01:29:03,519 | POST http://testserver/shorten | UA: testclient | IP: testclient
2026-07-23 01:29:03,519 | POST http://testserver/shorten | UA: testclient | IP: testclient
2026-07-23 01:29:03,521 | POST http://testserver/shorten | UA: testclient | IP: testclient
2026-07-23 01:29:03,521 | POST http://testserver/shorten | UA: testclient | IP: testclient
2026-07-23 01:29:03,526 | GET http://testserver/urls | UA: testclient | IP: testclient
2026-07-23 01:29:03,526 | GET http://testserver/urls | UA: testclient | IP: testclient
2026-07-23 01:29:06,190 | POST http://testserver/shorten | UA: testclient | IP: testclient
2026-07-23 01:29:06,190 | POST http://testserver/shorten | UA: testclient | IP: testclient
2026-07-23 01:29:06,193 | GET http://testserver/redirect?code=0JoLXs | UA: testclient | IP: testclient
2026-07-23 01:29:06,193 | GET http://testserver/redirect?code=0JoLXs | UA: testclient | IP: testclient
2026-07-23 01:29:06,198 | POST http://testserver/shorten | UA: testclient | IP: testclient
2026-07-23 01:29:06,198 | POST http://testserver/shorten | UA: testclient | IP: testclient
2026-07-23 01:29:06,200 | DELETE http://testserver/urls/LRRmdD | UA: testclient | IP: testclient
2026-07-23 01:29:06,200 | DELETE http://testserver/urls/LRRmdD | UA: testclient | IP: testclient
2026-07-23 01:29:06,202 | GET http://testserver/redirect?code=LRRmdD | UA: testclient | IP: testclient
2026-07-23 01:29:06,202 | GET http://testserver/redirect?code=LRRmdD | UA: testclient | IP: testclient
2026-07-23 01:29:06,205 | DELETE http://testserver/urls/nonexistent123 | UA: testclient | IP: testclient
2026-07-23 01:29:06,205 | DELETE http://testserver/urls/nonexistent123 | UA: testclient | IP: testclient
2026-07-23 01:29:06,207 | GET http://testserver/redirect?code=nonexistent123 | UA: testclient | IP: testclient
2026-07-23 01:29:06,207 | GET http://testserver/redirect?code=nonexistent123 | UA: testclient | IP: testclient
2026-07-23 01:29:06,210 | POST http://testserver/shorten | UA: testclient | IP: testclient
2026-07-23 01:29:06,210 | POST http://testserver/shorten | UA: testclient | IP: testclient
2026-07-23 01:29:06,212 | GET http://testserver/redirect?code=XrJvdh | UA: testclient | IP: testclient
2026-07-23 01:29:06,212 | GET http://testserver/redirect?code=XrJvdh | UA: testclient | IP: testclient
2026-07-23 01:29:06,214 | GET http://testserver/redirect?code=XrJvdh | UA: testclient | IP: testclient
2026-07-23 01:29:06,214 | GET http://testserver/redirect?code=XrJvdh | UA: testclient | IP: testclient
2026-07-23 01:29:06,217 | POST http://testserver/shorten | UA: testclient | IP: testclient
2026-07-23 01:29:06,217 | POST http://testserver/shorten | UA: testclient | IP: testclient
2026-07-23 01:29:06,219 | GET http://testserver/redirect?code=pOitTh | UA: testclient | IP: testclient
2026-07-23 01:29:06,219 | GET http://testserver/redirect?code=pOitTh | UA: testclient | IP: testclient
2026-07-23 01:29:06,222 | POST http://testserver/shorten | UA: testclient | IP: testclient
2026-07-23 01:29:06,222 | POST http://testserver/shorten | UA: testclient | IP: testclient
2026-07-23 01:29:06,224 | POST http://testserver/shorten | UA: testclient | IP: testclient
2026-07-23 01:29:06,224 | POST http://testserver/shorten | UA: testclient | IP: testclient
2026-07-23 01:29:06,226 | GET http://testserver/redirect?code=ubYzYX | UA: testclient | IP: testclient
2026-07-23 01:29:06,226 | GET http://testserver/redirect?code=ubYzYX | UA: testclient | IP: testclient
2026-07-23 01:29:06,228 | GET http://testserver/redirect?code=Aa1hPs | UA: testclient | IP: testclient
2026-07-23 01:29:06,228 | GET http://testserver/redirect?code=Aa1hPs | UA: testclient | IP: testclient
2026-07-23 01:29:06,230 | GET http://testserver/redirect?code=ubYzYX | UA: testclient | IP: testclient
2026-07-23 01:29:06,230 | GET http://testserver/redirect?code=ubYzYX | UA: testclient | IP: testclient
2026-07-23 01:29:06,234 | POST http://testserver/shorten | UA: testclient | IP: testclient
2026-07-23 01:29:06,234 | POST http://testserver/shorten | UA: testclient | IP: testclient
2026-07-23 01:29:06,236 | POST http://testserver/shorten | UA: testclient | IP: testclient
2026-07-23 01:29:06,236 | POST http://testserver/shorten | UA: testclient | IP: testclient
2026-07-23 01:29:06,239 | POST http://testserver/shorten | UA: testclient | IP: testclient
2026-07-23 01:29:06,239 | POST http://testserver/shorten | UA: testclient | IP: testclient
2026-07-23 01:29:06,241 | DELETE http://testserver/urls/LAafuj | UA: testclient | IP: testclient
2026-07-23 01:29:06,241 | DELETE http://testserver/urls/LAafuj | UA: testclient | IP: testclient
2026-07-23 01:29:06,243 | GET http://testserver/redirect?code=LAafuj | UA: testclient | IP: testclient
2026-07-23 01:29:06,243 | GET http://testserver/redirect?code=LAafuj | UA: testclient | IP: testclient
2026-07-23 01:29:06,246 | POST http://testserver/shorten | UA: testclient | IP: testclient
2026-07-23 01:29:06,246 | POST http://testserver/shorten | UA: testclient | IP: testclient
2026-07-23 01:29:06,249 | POST http://testserver/shorten | UA: testclient | IP: testclient
2026-07-23 01:29:06,249 | POST http://testserver/shorten | UA: testclient | IP: testclient
2026-07-23 01:29:06,251 | POST http://testserver/shorten | UA: testclient | IP: testclient
2026-07-23 01:29:06,251 | POST http://testserver/shorten | UA: testclient | IP: testclient
2026-07-23 01:29:06,254 | POST http://testserver/shorten | UA: testclient | IP: testclient
2026-07-23 01:29:06,254 | POST http://testserver/shorten | UA: testclient | IP: testclient
2026-07-23 01:29:06,257 | DELETE http://testserver/urls/EAnLG9 | UA: testclient | IP: testclient
2026-07-23 01:29:06,257 | DELETE http://testserver/urls/EAnLG9 | UA: testclient | IP: testclient
2026-07-23 01:29:06,258 | GET http://testserver/redirect?code=EAnLG9 | UA: testclient | IP: testclient
2026-07-23 01:29:06,258 | GET http://testserver/redirect?code=EAnLG9 | UA: testclient | IP: testclient
2026-07-23 01:29:06,262 | POST http://testserver/shorten | UA: testclient | IP: testclient
2026-07-23 01:29:06,262 | POST http://testserver/shorten | UA: testclient | IP: testclient
2026-07-23 01:29:06,263 | DELETE http://testserver/urls/FE6Jjb | UA: testclient | IP: testclient
2026-07-23 01:29:06,263 | DELETE http://testserver/urls/FE6Jjb | UA: testclient | IP: testclient
2026-07-23 01:29:06,265 | GET http://testserver/redirect?code=FE6Jjb | UA: testclient | IP: testclient
2026-07-23 01:29:06,265 | GET http://testserver/redirect?code=FE6Jjb | UA: testclient | IP: testclient
2026-07-23 01:29:06,268 | POST http://testserver/shorten | UA: testclient | IP: testclient
2026-07-23 01:29:06,268 | POST http://testserver/shorten | UA: testclient | IP: testclient
2026-07-23 01:29:06,272 | POST http://testserver/shorten | UA: testclient | IP: testclient
2026-07-23 01:29:06,272 | POST http://testserver/shorten | UA: testclient | IP: testclient
2026-07-23 01:29:06,274 | DELETE http://testserver/urls/5OJ4Sy | UA: testclient | IP: testclient
2026-07-23 01:29:06,274 | DELETE http://testserver/urls/5OJ4Sy | UA: testclient | IP: testclient
2026-07-23 01:29:06,277 | POST http://testserver/shorten | UA: testclient | IP: testclient
2026-07-23 01:29:06,277 | POST http://testserver/shorten | UA: testclient | IP: testclient
2026-07-23 01:29:06,279 | GET http://testserver/redirect?code=pO8fjC | UA: testclient | IP: testclient
2026-07-23 01:29:06,279 | GET http://testserver/redirect?code=pO8fjC | UA: testclient | IP: testclient
2026-07-23 01:29:06,283 | POST http://testserver/shorten | UA: testclient | IP: testclient
2026-07-23 01:29:06,283 | POST http://testserver/shorten | UA: testclient | IP: testclient
2026-07-23 01:29:06,285 | GET http://testserver/redirect?code=6Dsi24 | UA: testclient | IP: testclient
2026-07-23 01:29:06,285 | GET http://testserver/redirect?code=6Dsi24 | UA: testclient | IP: testclient
2026-07-23 01:29:06,288 | POST http://testserver/shorten | UA: testclient | IP: testclient
2026-07-23 01:29:06,288 | POST http://testserver/shorten | UA: testclient | IP: testclient
2026-07-23 01:29:06,290 | GET http://testserver/redirect?code=vCt9eu | UA: testclient | IP: testclient
2026-07-23 01:29:06,290 | GET http://testserver/redirect?code=vCt9eu | UA: testclient | IP: testclient
2026-07-23 01:29:06,292 | POST http://testserver/shorten | UA: testclient | IP: testclient
2026-07-23 01:29:06,292 | POST http://testserver/shorten | UA: testclient | IP: testclient
2026-07-23 01:29:06,295 | POST http://testserver/shorten | UA: testclient | IP: testclient
2026-07-23 01:29:06,295 | POST http://testserver/shorten | UA: testclient | IP: testclient
2026-07-23 01:29:06,297 | GET http://testserver/redirect?code=ClbRpi | UA: testclient | IP: testclient
2026-07-23 01:29:06,297 | GET http://testserver/redirect?code=ClbRpi | UA: testclient | IP: testclient
2026-07-23 01:29:06,300 | POST http://testserver/shorten | UA: testclient | IP: testclient
2026-07-23 01:29:06,300 | POST http://testserver/shorten | UA: testclient | IP: testclient
2026-07-23 01:29:06,302 | GET http://testserver/redirect?code=my-article-bb45682e | UA: testclient | IP: testclient
2026-07-23 01:29:06,302 | GET http://testserver/redirect?code=my-article-bb45682e | UA: testclient | IP: testclient
2026-07-23 01:29:06,305 | POST http://testserver/shorten | UA: testclient | IP: testclient
2026-07-23 01:29:06,305 | POST http://testserver/shorten | UA: testclient | IP: testclient
2026-07-23 01:29:06,307 | POST http://testserver/shorten | UA: testclient | IP: testclient
2026-07-23 01:29:06,307 | POST http://testserver/shorten | UA: testclient | IP: testclient
2026-07-23 01:29:06,310 | POST http://testserver/shorten | UA: testclient | IP: testclient
2026-07-23 01:29:06,310 | POST http://testserver/shorten | UA: testclient | IP: testclient
2026-07-23 01:29:06,312 | DELETE http://testserver/urls/dead-e472ecd2 | UA: testclient | IP: testclient
2026-07-23 01:29:06,312 | DELETE http://testserver/urls/dead-e472ecd2 | UA: testclient | IP: testclient
2026-07-23 01:29:06,314 | POST http://testserver/shorten | UA: testclient | IP: testclient
2026-07-23 01:29:06,314 | POST http://testserver/shorten | UA: testclient | IP: testclient
2026-07-23 01:29:06,317 | POST http://testserver/shorten | UA: testclient | IP: testclient
2026-07-23 01:29:06,317 | POST http://testserver/shorten | UA: testclient | IP: testclient
2026-07-23 01:29:06,322 | POST http://testserver/shorten/batch | UA: testclient | IP: testclient
2026-07-23 01:29:06,322 | POST http://testserver/shorten/batch | UA: testclient | IP: testclient
2026-07-23 01:29:06,324 | GET http://testserver/redirect?code=PQ5gTL | UA: testclient | IP: testclient
2026-07-23 01:29:06,324 | GET http://testserver/redirect?code=PQ5gTL | UA: testclient | IP: testclient
2026-07-23 01:29:06,326 | GET http://testserver/redirect?code=m6MKbw | UA: testclient | IP: testclient
2026-07-23 01:29:06,326 | GET http://testserver/redirect?code=m6MKbw | UA: testclient | IP: testclient
2026-07-23 01:29:06,328 | GET http://testserver/redirect?code=SLVdS0 | UA: testclient | IP: testclient
2026-07-23 01:29:06,328 | GET http://testserver/redirect?code=SLVdS0 | UA: testclient | IP: testclient
2026-07-23 01:29:06,331 | POST http://testserver/shorten | UA: testclient | IP: testclient
2026-07-23 01:29:06,331 | POST http://testserver/shorten | UA: testclient | IP: testclient
2026-07-23 01:29:06,334 | POST http://testserver/shorten/batch | UA: testclient | IP: testclient
2026-07-23 01:29:06,334 | POST http://testserver/shorten/batch | UA: testclient | IP: testclient
2026-07-23 01:29:06,337 | POST http://testserver/shorten/batch | UA: testclient | IP: testclient
2026-07-23 01:29:06,337 | POST http://testserver/shorten/batch | UA: testclient | IP: testclient
2026-07-23 01:29:06,339 | POST http://testserver/shorten/batch | UA: testclient | IP: testclient
2026-07-23 01:29:06,339 | POST http://testserver/shorten/batch | UA: testclient | IP: testclient
2026-07-23 01:29:06,341 | POST http://testserver/shorten/batch | UA: testclient | IP: testclient
2026-07-23 01:29:06,341 | POST http://testserver/shorten/batch | UA: testclient | IP: testclient
2026-07-23 01:29:06,345 | POST http://testserver/shorten/batch | UA: testclient | IP: testclient
2026-07-23 01:29:06,345 | POST http://testserver/shorten/batch | UA: testclient | IP: testclient
2026-07-23 01:29:06,347 | POST http://testserver/shorten/batch | UA: testclient | IP: testclient
2026-07-23 01:29:06,347 | POST http://testserver/shorten/batch | UA: testclient | IP: testclient
2026-07-23 01:29:06,352 | POST http://testserver/shorten/batch | UA: testclient | IP: testclient
2026-07-23 01:29:06,352 | POST http://testserver/shorten/batch | UA: testclient | IP: testclient
2026-07-23 01:29:06,356 | POST http://testserver/shorten/batch | UA: testclient | IP: testclient
2026-07-23 01:29:06,356 | POST http://testserver/shorten/batch | UA: testclient | IP: testclient
2026-07-23 01:29:06,359 | POST http://testserver/shorten | UA: testclient | IP: testclient
2026-07-23 01:29:06,359 | POST http://testserver/shorten | UA: testclient | IP: testclient
2026-07-23 01:29:06,362 | PUT http://testserver/urls/CvZ9dZ | UA: testclient | IP: testclient
2026-07-23 01:29:06,362 | PUT http://testserver/urls/CvZ9dZ | UA: testclient | IP: testclient
2026-07-23 01:29:06,364 | GET http://testserver/redirect?code=CvZ9dZ | UA: testclient | IP: testclient
2026-07-23 01:29:06,364 | GET http://testserver/redirect?code=CvZ9dZ | UA: testclient | IP: testclient
2026-07-23 01:29:06,367 | POST http://testserver/shorten | UA: testclient | IP: testclient
2026-07-23 01:29:06,367 | POST http://testserver/shorten | UA: testclient | IP: testclient
2026-07-23 01:29:06,370 | PUT http://testserver/urls/4EXr8v | UA: testclient | IP: testclient
2026-07-23 01:29:06,370 | PUT http://testserver/urls/4EXr8v | UA: testclient | IP: testclient
2026-07-23 01:29:06,373 | POST http://testserver/shorten | UA: testclient | IP: testclient
2026-07-23 01:29:06,373 | POST http://testserver/shorten | UA: testclient | IP: testclient
2026-07-23 01:29:06,375 | PUT http://testserver/urls/llAF3g | UA: testclient | IP: testclient
2026-07-23 01:29:06,375 | PUT http://testserver/urls/llAF3g | UA: testclient | IP: testclient
2026-07-23 01:29:06,377 | GET http://testserver/redirect?code=llAF3g | UA: testclient | IP: testclient
2026-07-23 01:29:06,377 | GET http://testserver/redirect?code=llAF3g | UA: testclient | IP: testclient
2026-07-23 01:29:06,380 | POST http://testserver/shorten | UA: testclient | IP: testclient
2026-07-23 01:29:06,380 | POST http://testserver/shorten | UA: testclient | IP: testclient
2026-07-23 01:29:06,382 | GET http://testserver/redirect?code=4xTSNF | UA: testclient | IP: testclient
2026-07-23 01:29:06,382 | GET http://testserver/redirect?code=4xTSNF | UA: testclient | IP: testclient
2026-07-23 01:29:06,384 | PUT http://testserver/urls/4xTSNF | UA: testclient | IP: testclient
2026-07-23 01:29:06,384 | PUT http://testserver/urls/4xTSNF | UA: testclient | IP: testclient
2026-07-23 01:29:06,387 | GET http://testserver/redirect?code=4xTSNF | UA: testclient | IP: testclient
2026-07-23 01:29:06,387 | GET http://testserver/redirect?code=4xTSNF | UA: testclient | IP: testclient
2026-07-23 01:29:06,390 | POST http://testserver/shorten | UA: testclient | IP: testclient
2026-07-23 01:29:06,390 | POST http://testserver/shorten | UA: testclient | IP: testclient
2026-07-23 01:29:06,393 | PUT http://testserver/urls/GpZKCe | UA: testclient | IP: testclient
2026-07-23 01:29:06,393 | PUT http://testserver/urls/GpZKCe | UA: testclient | IP: testclient
2026-07-23 01:29:06,395 | GET http://testserver/redirect?code=GpZKCe | UA: testclient | IP: testclient
2026-07-23 01:29:06,395 | GET http://testserver/redirect?code=GpZKCe | UA: testclient | IP: testclient
2026-07-23 01:29:06,398 | POST http://testserver/shorten | UA: testclient | IP: testclient
2026-07-23 01:29:06,398 | POST http://testserver/shorten | UA: testclient | IP: testclient
2026-07-23 01:29:06,399 | PUT http://testserver/urls/jSI26k | UA: testclient | IP: testclient
2026-07-23 01:29:06,399 | PUT http://testserver/urls/jSI26k | UA: testclient | IP: testclient
2026-07-23 01:29:06,403 | POST http://testserver/shorten | UA: testclient | IP: testclient
2026-07-23 01:29:06,403 | POST http://testserver/shorten | UA: testclient | IP: testclient
2026-07-23 01:29:06,407 | PUT http://testserver/urls/nonexistent123 | UA: testclient | IP: testclient
2026-07-23 01:29:06,407 | PUT http://testserver/urls/nonexistent123 | UA: testclient | IP: testclient
2026-07-23 01:29:06,410 | POST http://testserver/shorten | UA: testclient | IP: testclient
2026-07-23 01:29:06,410 | POST http://testserver/shorten | UA: testclient | IP: testclient
2026-07-23 01:29:06,412 | DELETE http://testserver/urls/J3YHya | UA: testclient | IP: testclient
2026-07-23 01:29:06,412 | DELETE http://testserver/urls/J3YHya | UA: testclient | IP: testclient
2026-07-23 01:29:06,414 | PUT http://testserver/urls/J3YHya | UA: testclient | IP: testclient
2026-07-23 01:29:06,414 | PUT http://testserver/urls/J3YHya | UA: testclient | IP: testclient
2026-07-23 01:29:06,417 | POST http://testserver/shorten | UA: testclient | IP: testclient
2026-07-23 01:29:06,417 | POST http://testserver/shorten | UA: testclient | IP: testclient
2026-07-23 01:29:06,419 | PUT http://testserver/urls/hXsSP3 | UA: testclient | IP: testclient
2026-07-23 01:29:06,419 | PUT http://testserver/urls/hXsSP3 | UA: testclient | IP: testclient
2026-07-23 01:29:06,422 | POST http://testserver/shorten | UA: testclient | IP: testclient
2026-07-23 01:29:06,422 | POST http://testserver/shorten | UA: testclient | IP: testclient
2026-07-23 01:29:06,424 | GET http://testserver/redirect?code=PoltUW | UA: testclient | IP: testclient
2026-07-23 01:29:06,424 | GET http://testserver/redirect?code=PoltUW | UA: testclient | IP: testclient
2026-07-23 01:29:06,426 | POST http://testserver/shorten | UA: testclient | IP: testclient
2026-07-23 01:29:06,426 | POST http://testserver/shorten | UA: testclient | IP: testclient
2026-07-23 01:29:06,429 | POST http://testserver/shorten | UA: testclient | IP: testclient
2026-07-23 01:29:06,429 | POST http://testserver/shorten | UA: testclient | IP: testclient
2026-07-23 01:29:06,430 | PUT http://testserver/urls/BSiZTq | UA: testclient | IP: testclient
2026-07-23 01:29:06,430 | PUT http://testserver/urls/BSiZTq | UA: testclient | IP: testclient
2026-07-23 01:29:06,433 | POST http://testserver/shorten | UA: testclient | IP: testclient
2026-07-23 01:29:06,433 | POST http://testserver/shorten | UA: testclient | IP: testclient
2026-07-23 01:29:06,604 | PUT http://testserver/urls/PNXIQ7 | UA: testclient | IP: testclient
2026-07-23 01:29:06,604 | PUT http://testserver/urls/PNXIQ7 | UA: testclient | IP: testclient
2026-07-23 01:29:06,605 | GET http://testserver/redirect?code=PNXIQ7 | UA: testclient | IP: testclient
2026-07-23 01:29:06,605 | GET http://testserver/redirect?code=PNXIQ7 | UA: testclient | IP: testclient
2026-07-23 01:29:06,777 | POST http://testserver/shorten | UA: testclient | IP: testclient
2026-07-23 01:29:06,777 | POST http://testserver/shorten | UA: testclient | IP: testclient
2026-07-23 01:29:06,946 | GET http://testserver/redirect?code=Pfn3Pm&password=secret1 | UA: testclient | IP: testclient
2026-07-23 01:29:06,946 | GET http://testserver/redirect?code=Pfn3Pm&password=secret1 | UA: testclient | IP: testclient
2026-07-23 01:29:07,118 | POST http://testserver/shorten | UA: testclient | IP: testclient
2026-07-23 01:29:07,118 | POST http://testserver/shorten | UA: testclient | IP: testclient
2026-07-23 01:29:07,286 | GET http://testserver/redirect?code=ThpdVh&password=wrongpass | UA: testclient | IP: testclient
2026-07-23 01:29:07,286 | GET http://testserver/redirect?code=ThpdVh&password=wrongpass | UA: testclient | IP: testclient
2026-07-23 01:29:07,457 | POST http://testserver/shorten | UA: testclient | IP: testclient
2026-07-23 01:29:07,457 | POST http://testserver/shorten | UA: testclient | IP: testclient
2026-07-23 01:29:07,459 | DELETE http://testserver/urls/HMIVfw | UA: testclient | IP: testclient
2026-07-23 01:29:07,459 | DELETE http://testserver/urls/HMIVfw | UA: testclient | IP: testclient
2026-07-23 01:29:07,461 | GET http://testserver/redirect?code=HMIVfw | UA: testclient | IP: testclient
2026-07-23 01:29:07,461 | GET http://testserver/redirect?code=HMIVfw | UA: testclient | IP: testclient
2026-07-23 01:29:07,630 | POST http://testserver/shorten | UA: testclient | IP: testclient
2026-07-23 01:29:07,630 | POST http://testserver/shorten | UA: testclient | IP: testclient
2026-07-23 01:29:07,632 | GET http://testserver/redirect?code=ipCUzL | UA: testclient | IP: testclient
2026-07-23 01:29:07,632 | GET http://testserver/redirect?code=ipCUzL | UA: testclient | IP: testclient
2026-07-23 01:29:07,636 | POST http://testserver/shorten | UA: testclient | IP: testclient
2026-07-23 01:29:07,636 | POST http://testserver/shorten | UA: testclient | IP: testclient
2026-07-23 01:29:07,638 | GET http://testserver/redirect?code=YMy2Iq | UA: testclient | IP: testclient
2026-07-23 01:29:07,638 | GET http://testserver/redirect?code=YMy2Iq | UA: testclient | IP: testclient
2026-07-23 01:29:07,807 | PUT http://testserver/urls/YMy2Iq | UA: testclient | IP: testclient
2026-07-23 01:29:07,807 | PUT http://testserver/urls/YMy2Iq | UA: testclient | IP: testclient
2026-07-23 01:29:07,808 | GET http://testserver/redirect?code=YMy2Iq | UA: testclient | IP: testclient
2026-07-23 01:29:07,808 | GET http://testserver/redirect?code=YMy2Iq | UA: testclient | IP: testclient
2026-07-23 01:29:07,980 | POST http://testserver/shorten | UA: testclient | IP: testclient
2026-07-23 01:29:07,980 | POST http://testserver/shorten | UA: testclient | IP: testclient
2026-07-23 01:29:07,981 | GET http://testserver/redirect?code=coZoVO | UA: testclient | IP: testclient
2026-07-23 01:29:07,981 | GET http://testserver/redirect?code=coZoVO | UA: testclient | IP: testclient
2026-07-23 01:29:07,984 | PUT http://testserver/urls/coZoVO | UA: testclient | IP: testclient
2026-07-23 01:29:07,984 | PUT http://testserver/urls/coZoVO | UA: testclient | IP: testclient
2026-07-23 01:29:07,986 | GET http://testserver/redirect?code=coZoVO | UA: testclient | IP: testclient
2026-07-23 01:29:07,986 | GET http://testserver/redirect?code=coZoVO | UA: testclient | IP: testclient
2026-07-23 01:29:07,988 | POST http://testserver/shorten | UA: testclient | IP: testclient
2026-07-23 01:29:07,988 | POST http://testserver/shorten | UA: testclient | IP: testclient
2026-07-23 01:29:07,990 | POST http://testserver/shorten | UA: testclient | IP: testclient
2026-07-23 01:29:07,990 | POST http://testserver/shorten | UA: testclient | IP: testclient
2026-07-23 01:29:07,991 | POST http://testserver/shorten | UA: testclient | IP: testclient
2026-07-23 01:29:07,991 | POST http://testserver/shorten | UA: testclient | IP: testclient
2026-07-23 01:29:07,993 | GET http://testserver/redirect | UA: testclient | IP: testclient
2026-07-23 01:29:07,993 | GET http://testserver/redirect | UA: testclient | IP: testclient
2026-07-23 01:29:07,995 | GET http://testserver/redirect?code= | UA: testclient | IP: testclient
2026-07-23 01:29:07,995 | GET http://testserver/redirect?code= | UA: testclient | IP: testclient
2026-07-23 01:29:07,998 | POST http://testserver/shorten | UA: testclient | IP: testclient
2026-07-23 01:29:07,998 | POST http://testserver/shorten | UA: testclient | IP: testclient
2026-07-23 01:29:08,001 | POST http://testserver/shorten | UA: testclient | IP: testclient
2026-07-23 01:29:08,001 | POST http://testserver/shorten | UA: testclient | IP: testclient
2026-07-23 01:29:08,002 | GET http://testserver/redirect?code=VbOnUa | UA: testclient | IP: testclient
2026-07-23 01:29:08,002 | GET http://testserver/redirect?code=VbOnUa | UA: testclient | IP: testclient
2026-07-23 01:29:08,007 | POST http://testserver/shorten | UA: testclient | IP: testclient
2026-07-23 01:29:08,007 | POST http://testserver/shorten | UA: testclient | IP: testclient
2026-07-23 01:29:08,009 | POST http://testserver/shorten | UA: testclient | IP: testclient
2026-07-23 01:29:08,009 | POST http://testserver/shorten | UA: testclient | IP: testclient
2026-07-23 01:29:08,013 | GET http://testserver/urls?size=1000 | UA: testclient | IP: testclient
2026-07-23 01:29:08,013 | GET http://testserver/urls?size=1000 | UA: testclient | IP: testclient
2026-07-23 01:29:08,183 | POST http://testserver/shorten | UA: testclient | IP: testclient
2026-07-23 01:29:08,183 | POST http://testserver/shorten | UA: testclient | IP: testclient
2026-07-23 01:29:08,186 | GET http://testserver/urls | UA: testclient | IP: testclient
2026-07-23 01:29:08,186 | GET http://testserver/urls | UA: testclient | IP: testclient
2026-07-23 01:29:08,189 | POST http://testserver/shorten | UA: testclient | IP: testclient
2026-07-23 01:29:08,189 | POST http://testserver/shorten | UA: testclient | IP: testclient
2026-07-23 01:29:08,191 | POST http://testserver/shorten | UA: testclient | IP: testclient
2026-07-23 01:29:08,191 | POST http://testserver/shorten | UA: testclient | IP: testclient
2026-07-23 01:29:08,193 | POST http://testserver/shorten | UA: testclient | IP: testclient
2026-07-23 01:29:08,193 | POST http://testserver/shorten | UA: testclient | IP: testclient
2026-07-23 01:29:08,196 | POST http://testserver/shorten | UA: testclient | IP: testclient
2026-07-23 01:29:08,196 | POST http://testserver/shorten | UA: testclient | IP: testclient
2026-07-23 01:29:08,198 | POST http://testserver/shorten | UA: testclient | IP: testclient
2026-07-23 01:29:08,198 | POST http://testserver/shorten | UA: testclient | IP: testclient
2026-07-23 01:29:08,200 | GET http://testserver/urls?page=1&size=2 | UA: testclient | IP: testclient
2026-07-23 01:29:08,200 | GET http://testserver/urls?page=1&size=2 | UA: testclient | IP: testclient
2026-07-23 01:29:08,203 | POST http://testserver/shorten | UA: testclient | IP: testclient
2026-07-23 01:29:08,203 | POST http://testserver/shorten | UA: testclient | IP: testclient
2026-07-23 01:29:08,206 | POST http://testserver/shorten | UA: testclient | IP: testclient
2026-07-23 01:29:08,206 | POST http://testserver/shorten | UA: testclient | IP: testclient
2026-07-23 01:29:08,208 | POST http://testserver/shorten | UA: testclient | IP: testclient
2026-07-23 01:29:08,208 | POST http://testserver/shorten | UA: testclient | IP: testclient
2026-07-23 01:29:08,210 | POST http://testserver/shorten | UA: testclient | IP: testclient
2026-07-23 01:29:08,210 | POST http://testserver/shorten | UA: testclient | IP: testclient
2026-07-23 01:29:08,212 | POST http://testserver/shorten | UA: testclient | IP: testclient
2026-07-23 01:29:08,212 | POST http://testserver/shorten | UA: testclient | IP: testclient
2026-07-23 01:29:08,215 | GET http://testserver/urls?page=1&size=2 | UA: testclient | IP: testclient
2026-07-23 01:29:08,215 | GET http://testserver/urls?page=1&size=2 | UA: testclient | IP: testclient
2026-07-23 01:29:08,217 | GET http://testserver/urls?page=2&size=2 | UA: testclient | IP: testclient
2026-07-23 01:29:08,217 | GET http://testserver/urls?page=2&size=2 | UA: testclient | IP: testclient
2026-07-23 01:29:08,221 | POST http://testserver/shorten | UA: testclient | IP: testclient
2026-07-23 01:29:08,221 | POST http://testserver/shorten | UA: testclient | IP: testclient
2026-07-23 01:29:08,223 | POST http://testserver/shorten | UA: testclient | IP: testclient
2026-07-23 01:29:08,223 | POST http://testserver/shorten | UA: testclient | IP: testclient
2026-07-23 01:29:08,225 | POST http://testserver/shorten | UA: testclient | IP: testclient
2026-07-23 01:29:08,225 | POST http://testserver/shorten | UA: testclient | IP: testclient
2026-07-23 01:29:08,227 | GET http://testserver/urls?page=1&size=1 | UA: testclient | IP: testclient
2026-07-23 01:29:08,227 | GET http://testserver/urls?page=1&size=1 | UA: testclient | IP: testclient
2026-07-23 01:29:08,230 | GET http://testserver/urls | UA: testclient | IP: testclient
2026-07-23 01:29:08,230 | GET http://testserver/urls | UA: testclient | IP: testclient
2026-07-23 01:29:08,232 | GET http://testserver/health | UA: testclient | IP: testclient
2026-07-23 01:29:08,232 | GET http://testserver/health | UA: testclient | IP: testclient
2026-07-23 01:29:08,233 | GET http://testserver/health | UA: testclient | IP: testclient
2026-07-23 01:29:08,233 | GET http://testserver/health | UA: testclient | IP: testclient
2026-07-23 01:29:08,235 | GET http://testserver/health | UA: testclient | IP: testclient
2026-07-23 01:29:08,235 | GET http://testserver/health | UA: testclient | IP: testclient
2026-07-23 01:29:08,237 | GET http://testserver/health | UA: testclient | IP: testclient
2026-07-23 01:29:08,237 | GET http://testserver/health | UA: testclient | IP: testclient
2026-07-23 01:29:08,238 | GET http://testserver/health | UA: testclient | IP: testclient
2026-07-23 01:29:08,238 | GET http://testserver/health | UA: testclient | IP: testclient
2026-07-23 01:29:08,241 | POST http://testserver/shorten | UA: testclient | IP: testclient
2026-07-23 01:29:08,241 | POST http://testserver/shorten | UA: testclient | IP: testclient
2026-07-23 01:29:08,243 | GET http://testserver/redirect?code=8rs2nw | UA: testclient | IP: testclient
2026-07-23 01:29:08,243 | GET http://testserver/redirect?code=8rs2nw | UA: testclient | IP: testclient
2026-07-23 01:29:08,246 | POST http://testserver/shorten | UA: testclient | IP: testclient
2026-07-23 01:29:08,246 | POST http://testserver/shorten | UA: testclient | IP: testclient
2026-07-23 01:29:08,248 | POST http://testserver/shorten | UA: testclient | IP: testclient
2026-07-23 01:29:08,248 | POST http://testserver/shorten | UA: testclient | IP: testclient
2026-07-23 01:29:08,253 | GET http://testserver/urls | UA: testclient | IP: testclient
2026-07-23 01:29:08,253 | GET http://testserver/urls | UA: testclient | IP: testclient
2026-07-23 01:31:55,825 | POST http://testserver/shorten | UA: testclient | IP: testclient
2026-07-23 01:31:55,825 | POST http://testserver/shorten | UA: testclient | IP: testclient
2026-07-23 01:31:55,829 | GET http://testserver/redirect?code=HYcMpF | UA: testclient | IP: testclient
2026-07-23 01:31:55,829 | GET http://testserver/redirect?code=HYcMpF | UA: testclient | IP: testclient
2026-07-23 01:31:55,835 | POST http://testserver/shorten | UA: testclient | IP: testclient
2026-07-23 01:31:55,835 | POST http://testserver/shorten | UA: testclient | IP: testclient
2026-07-23 01:31:55,839 | DELETE http://testserver/urls/0ziizU | UA: testclient | IP: testclient
2026-07-23 01:31:55,839 | DELETE http://testserver/urls/0ziizU | UA: testclient | IP: testclient
2026-07-23 01:31:55,841 | GET http://testserver/redirect?code=0ziizU | UA: testclient | IP: testclient
2026-07-23 01:31:55,841 | GET http://testserver/redirect?code=0ziizU | UA: testclient | IP: testclient
2026-07-23 01:31:55,844 | DELETE http://testserver/urls/nonexistent123 | UA: testclient | IP: testclient
2026-07-23 01:31:55,844 | DELETE http://testserver/urls/nonexistent123 | UA: testclient | IP: testclient
2026-07-23 01:31:55,846 | GET http://testserver/redirect?code=nonexistent123 | UA: testclient | IP: testclient
2026-07-23 01:31:55,846 | GET http://testserver/redirect?code=nonexistent123 | UA: testclient | IP: testclient
2026-07-23 01:31:55,850 | POST http://testserver/shorten | UA: testclient | IP: testclient
2026-07-23 01:31:55,850 | POST http://testserver/shorten | UA: testclient | IP: testclient
2026-07-23 01:31:55,853 | GET http://testserver/redirect?code=6k3vKk | UA: testclient | IP: testclient
2026-07-23 01:31:55,853 | GET http://testserver/redirect?code=6k3vKk | UA: testclient | IP: testclient
2026-07-23 01:31:55,855 | GET http://testserver/redirect?code=6k3vKk | UA: testclient | IP: testclient
2026-07-23 01:31:55,855 | GET http://testserver/redirect?code=6k3vKk | UA: testclient | IP: testclient
2026-07-23 01:31:55,859 | POST http://testserver/shorten | UA: testclient | IP: testclient
2026-07-23 01:31:55,859 | POST http://testserver/shorten | UA: testclient | IP: testclient
2026-07-23 01:31:55,861 | GET http://testserver/redirect?code=RbMvc2 | UA: testclient | IP: testclient
2026-07-23 01:31:55,861 | GET http://testserver/redirect?code=RbMvc2 | UA: testclient | IP: testclient
2026-07-23 01:31:55,864 | POST http://testserver/shorten | UA: testclient | IP: testclient
2026-07-23 01:31:55,864 | POST http://testserver/shorten | UA: testclient | IP: testclient
2026-07-23 01:31:55,867 | POST http://testserver/shorten | UA: testclient | IP: testclient
2026-07-23 01:31:55,867 | POST http://testserver/shorten | UA: testclient | IP: testclient
2026-07-23 01:31:55,869 | GET http://testserver/redirect?code=HCXUWC | UA: testclient | IP: testclient
2026-07-23 01:31:55,869 | GET http://testserver/redirect?code=HCXUWC | UA: testclient | IP: testclient
2026-07-23 01:31:55,871 | GET http://testserver/redirect?code=RB9TOo | UA: testclient | IP: testclient
2026-07-23 01:31:55,871 | GET http://testserver/redirect?code=RB9TOo | UA: testclient | IP: testclient
2026-07-23 01:31:55,873 | GET http://testserver/redirect?code=HCXUWC | UA: testclient | IP: testclient
2026-07-23 01:31:55,873 | GET http://testserver/redirect?code=HCXUWC | UA: testclient | IP: testclient
2026-07-23 01:31:55,876 | POST http://testserver/shorten | UA: testclient | IP: testclient
2026-07-23 01:31:55,876 | POST http://testserver/shorten | UA: testclient | IP: testclient
2026-07-23 01:31:55,879 | POST http://testserver/shorten | UA: testclient | IP: testclient
2026-07-23 01:31:55,879 | POST http://testserver/shorten | UA: testclient | IP: testclient
2026-07-23 01:31:55,883 | POST http://testserver/shorten | UA: testclient | IP: testclient
2026-07-23 01:31:55,883 | POST http://testserver/shorten | UA: testclient | IP: testclient
2026-07-23 01:31:55,887 | DELETE http://testserver/urls/RNkCxS | UA: testclient | IP: testclient
2026-07-23 01:31:55,887 | DELETE http://testserver/urls/RNkCxS | UA: testclient | IP: testclient
2026-07-23 01:31:55,889 | GET http://testserver/redirect?code=RNkCxS | UA: testclient | IP: testclient
2026-07-23 01:31:55,889 | GET http://testserver/redirect?code=RNkCxS | UA: testclient | IP: testclient
2026-07-23 01:31:55,893 | POST http://testserver/shorten | UA: testclient | IP: testclient
2026-07-23 01:31:55,893 | POST http://testserver/shorten | UA: testclient | IP: testclient
2026-07-23 01:31:55,896 | POST http://testserver/shorten | UA: testclient | IP: testclient
2026-07-23 01:31:55,896 | POST http://testserver/shorten | UA: testclient | IP: testclient
2026-07-23 01:31:55,899 | POST http://testserver/shorten | UA: testclient | IP: testclient
2026-07-23 01:31:55,899 | POST http://testserver/shorten | UA: testclient | IP: testclient
2026-07-23 01:31:55,902 | POST http://testserver/shorten | UA: testclient | IP: testclient
2026-07-23 01:31:55,902 | POST http://testserver/shorten | UA: testclient | IP: testclient
2026-07-23 01:31:55,905 | DELETE http://testserver/urls/Na8bUX | UA: testclient | IP: testclient
2026-07-23 01:31:55,905 | DELETE http://testserver/urls/Na8bUX | UA: testclient | IP: testclient
2026-07-23 01:31:55,906 | GET http://testserver/redirect?code=Na8bUX | UA: testclient | IP: testclient
2026-07-23 01:31:55,906 | GET http://testserver/redirect?code=Na8bUX | UA: testclient | IP: testclient
2026-07-23 01:31:55,910 | POST http://testserver/shorten | UA: testclient | IP: testclient
2026-07-23 01:31:55,910 | POST http://testserver/shorten | UA: testclient | IP: testclient
2026-07-23 01:31:55,912 | DELETE http://testserver/urls/LM5OoM | UA: testclient | IP: testclient
2026-07-23 01:31:55,912 | DELETE http://testserver/urls/LM5OoM | UA: testclient | IP: testclient
2026-07-23 01:31:55,914 | GET http://testserver/redirect?code=LM5OoM | UA: testclient | IP: testclient
2026-07-23 01:31:55,914 | GET http://testserver/redirect?code=LM5OoM | UA: testclient | IP: testclient
2026-07-23 01:31:55,918 | POST http://testserver/shorten | UA: testclient | IP: testclient
2026-07-23 01:31:55,918 | POST http://testserver/shorten | UA: testclient | IP: testclient
2026-07-23 01:31:55,922 | POST http://testserver/shorten | UA: testclient | IP: testclient
2026-07-23 01:31:55,922 | POST http://testserver/shorten | UA: testclient | IP: testclient
2026-07-23 01:31:55,924 | DELETE http://testserver/urls/Ixljor | UA: testclient | IP: testclient
2026-07-23 01:31:55,924 | DELETE http://testserver/urls/Ixljor | UA: testclient | IP: testclient
2026-07-23 01:31:55,928 | POST http://testserver/shorten | UA: testclient | IP: testclient
2026-07-23 01:31:55,928 | POST http://testserver/shorten | UA: testclient | IP: testclient
2026-07-23 01:31:55,930 | GET http://testserver/redirect?code=jQwvKF | UA: testclient | IP: testclient
2026-07-23 01:31:55,930 | GET http://testserver/redirect?code=jQwvKF | UA: testclient | IP: testclient
2026-07-23 01:31:55,935 | POST http://testserver/shorten | UA: testclient | IP: testclient
2026-07-23 01:31:55,935 | POST http://testserver/shorten | UA: testclient | IP: testclient
2026-07-23 01:31:55,937 | GET http://testserver/redirect?code=W3OC9i | UA: testclient | IP: testclient
2026-07-23 01:31:55,937 | GET http://testserver/redirect?code=W3OC9i | UA: testclient | IP: testclient
2026-07-23 01:31:55,940 | POST http://testserver/shorten | UA: testclient | IP: testclient
2026-07-23 01:31:55,940 | POST http://testserver/shorten | UA: testclient | IP: testclient
2026-07-23 01:31:55,942 | GET http://testserver/redirect?code=xbZRU9 | UA: testclient | IP: testclient
2026-07-23 01:31:55,942 | GET http://testserver/redirect?code=xbZRU9 | UA: testclient | IP: testclient
2026-07-23 01:31:55,945 | POST http://testserver/shorten | UA: testclient | IP: testclient
2026-07-23 01:31:55,945 | POST http://testserver/shorten | UA: testclient | IP: testclient
2026-07-23 01:31:55,949 | POST http://testserver/shorten | UA: testclient | IP: testclient
2026-07-23 01:31:55,949 | POST http://testserver/shorten | UA: testclient | IP: testclient
2026-07-23 01:31:55,951 | GET http://testserver/redirect?code=AMGCHL | UA: testclient | IP: testclient
2026-07-23 01:31:55,951 | GET http://testserver/redirect?code=AMGCHL | UA: testclient | IP: testclient
2026-07-23 01:31:55,954 | POST http://testserver/shorten | UA: testclient | IP: testclient
2026-07-23 01:31:55,954 | POST http://testserver/shorten | UA: testclient | IP: testclient
2026-07-23 01:31:55,956 | GET http://testserver/redirect?code=my-article-d3ce3dfd | UA: testclient | IP: testclient
2026-07-23 01:31:55,956 | GET http://testserver/redirect?code=my-article-d3ce3dfd | UA: testclient | IP: testclient
2026-07-23 01:31:55,960 | POST http://testserver/shorten | UA: testclient | IP: testclient
2026-07-23 01:31:55,960 | POST http://testserver/shorten | UA: testclient | IP: testclient
2026-07-23 01:31:55,961 | POST http://testserver/shorten | UA: testclient | IP: testclient
2026-07-23 01:31:55,961 | POST http://testserver/shorten | UA: testclient | IP: testclient
2026-07-23 01:31:55,965 | POST http://testserver/shorten | UA: testclient | IP: testclient
2026-07-23 01:31:55,965 | POST http://testserver/shorten | UA: testclient | IP: testclient
2026-07-23 01:31:55,968 | DELETE http://testserver/urls/dead-ff5ee99a | UA: testclient | IP: testclient
2026-07-23 01:31:55,968 | DELETE http://testserver/urls/dead-ff5ee99a | UA: testclient | IP: testclient
2026-07-23 01:31:55,969 | POST http://testserver/shorten | UA: testclient | IP: testclient
2026-07-23 01:31:55,969 | POST http://testserver/shorten | UA: testclient | IP: testclient
2026-07-23 01:31:55,972 | POST http://testserver/shorten | UA: testclient | IP: testclient
2026-07-23 01:31:55,972 | POST http://testserver/shorten | UA: testclient | IP: testclient
2026-07-23 01:31:55,978 | POST http://testserver/shorten/batch | UA: testclient | IP: testclient
2026-07-23 01:31:55,978 | POST http://testserver/shorten/batch | UA: testclient | IP: testclient
2026-07-23 01:31:55,980 | GET http://testserver/redirect?code=qECCqX | UA: testclient | IP: testclient
2026-07-23 01:31:55,980 | GET http://testserver/redirect?code=qECCqX | UA: testclient | IP: testclient
2026-07-23 01:31:55,982 | GET http://testserver/redirect?code=qjLxRo | UA: testclient | IP: testclient
2026-07-23 01:31:55,982 | GET http://testserver/redirect?code=qjLxRo | UA: testclient | IP: testclient
2026-07-23 01:31:55,984 | GET http://testserver/redirect?code=hk2iLO | UA: testclient | IP: testclient
2026-07-23 01:31:55,984 | GET http://testserver/redirect?code=hk2iLO | UA: testclient | IP: testclient
2026-07-23 01:31:55,987 | POST http://testserver/shorten | UA: testclient | IP: testclient
2026-07-23 01:31:55,987 | POST http://testserver/shorten | UA: testclient | IP: testclient
2026-07-23 01:31:55,992 | POST http://testserver/shorten/batch | UA: testclient | IP: testclient
2026-07-23 01:31:55,992 | POST http://testserver/shorten/batch | UA: testclient | IP: testclient
2026-07-23 01:31:55,995 | POST http://testserver/shorten/batch | UA: testclient | IP: testclient
2026-07-23 01:31:55,995 | POST http://testserver/shorten/batch | UA: testclient | IP: testclient
2026-07-23 01:31:55,997 | POST http://testserver/shorten/batch | UA: testclient | IP: testclient
2026-07-23 01:31:55,997 | POST http://testserver/shorten/batch | UA: testclient | IP: testclient
2026-07-23 01:31:56,001 | POST http://testserver/shorten/batch | UA: testclient | IP: testclient
2026-07-23 01:31:56,001 | POST http://testserver/shorten/batch | UA: testclient | IP: testclient
2026-07-23 01:31:56,005 | POST http://testserver/shorten/batch | UA: testclient | IP: testclient
2026-07-23 01:31:56,005 | POST http://testserver/shorten/batch | UA: testclient | IP: testclient
2026-07-23 01:31:56,008 | POST http://testserver/shorten/batch | UA: testclient | IP: testclient
2026-07-23 01:31:56,008 | POST http://testserver/shorten/batch | UA: testclient | IP: testclient
2026-07-23 01:31:56,014 | POST http://testserver/shorten/batch | UA: testclient | IP: testclient
2026-07-23 01:31:56,014 | POST http://testserver/shorten/batch | UA: testclient | IP: testclient
2026-07-23 01:31:56,018 | POST http://testserver/shorten/batch | UA: testclient | IP: testclient
2026-07-23 01:31:56,018 | POST http://testserver/shorten/batch | UA: testclient | IP: testclient
2026-07-23 01:31:56,021 | POST http://testserver/shorten | UA: testclient | IP: testclient
2026-07-23 01:31:56,021 | POST http://testserver/shorten | UA: testclient | IP: testclient
2026-07-23 01:31:56,024 | PUT http://testserver/urls/QwGp74 | UA: testclient | IP: testclient
2026-07-23 01:31:56,024 | PUT http://testserver/urls/QwGp74 | UA: testclient | IP: testclient
2026-07-23 01:31:56,027 | GET http://testserver/redirect?code=QwGp74 | UA: testclient | IP: testclient
2026-07-23 01:31:56,027 | GET http://testserver/redirect?code=QwGp74 | UA: testclient | IP: testclient
2026-07-23 01:31:56,031 | POST http://testserver/shorten | UA: testclient | IP: testclient
2026-07-23 01:31:56,031 | POST http://testserver/shorten | UA: testclient | IP: testclient
2026-07-23 01:31:56,033 | PUT http://testserver/urls/Ve6SdO | UA: testclient | IP: testclient
2026-07-23 01:31:56,033 | PUT http://testserver/urls/Ve6SdO | UA: testclient | IP: testclient
2026-07-23 01:31:56,037 | POST http://testserver/shorten | UA: testclient | IP: testclient
2026-07-23 01:31:56,037 | POST http://testserver/shorten | UA: testclient | IP: testclient
2026-07-23 01:31:56,040 | PUT http://testserver/urls/ncNYBa | UA: testclient | IP: testclient
2026-07-23 01:31:56,040 | PUT http://testserver/urls/ncNYBa | UA: testclient | IP: testclient
2026-07-23 01:31:56,041 | GET http://testserver/redirect?code=ncNYBa | UA: testclient | IP: testclient
2026-07-23 01:31:56,041 | GET http://testserver/redirect?code=ncNYBa | UA: testclient | IP: testclient
2026-07-23 01:31:56,044 | POST http://testserver/shorten | UA: testclient | IP: testclient
2026-07-23 01:31:56,044 | POST http://testserver/shorten | UA: testclient | IP: testclient
2026-07-23 01:31:56,047 | GET http://testserver/redirect?code=71pXx3 | UA: testclient | IP: testclient
2026-07-23 01:31:56,047 | GET http://testserver/redirect?code=71pXx3 | UA: testclient | IP: testclient
2026-07-23 01:31:56,049 | PUT http://testserver/urls/71pXx3 | UA: testclient | IP: testclient
2026-07-23 01:31:56,049 | PUT http://testserver/urls/71pXx3 | UA: testclient | IP: testclient
2026-07-23 01:31:56,052 | GET http://testserver/redirect?code=71pXx3 | UA: testclient | IP: testclient
2026-07-23 01:31:56,052 | GET http://testserver/redirect?code=71pXx3 | UA: testclient | IP: testclient
2026-07-23 01:31:56,055 | POST http://testserver/shorten | UA: testclient | IP: testclient
2026-07-23 01:31:56,055 | POST http://testserver/shorten | UA: testclient | IP: testclient
2026-07-23 01:31:56,058 | PUT http://testserver/urls/dOzNFc | UA: testclient | IP: testclient
2026-07-23 01:31:56,058 | PUT http://testserver/urls/dOzNFc | UA: testclient | IP: testclient
2026-07-23 01:31:56,060 | GET http://testserver/redirect?code=dOzNFc | UA: testclient | IP: testclient
2026-07-23 01:31:56,060 | GET http://testserver/redirect?code=dOzNFc | UA: testclient | IP: testclient
2026-07-23 01:31:56,064 | POST http://testserver/shorten | UA: testclient | IP: testclient
2026-07-23 01:31:56,064 | POST http://testserver/shorten | UA: testclient | IP: testclient
2026-07-23 01:31:56,066 | PUT http://testserver/urls/mDR244 | UA: testclient | IP: testclient
2026-07-23 01:31:56,066 | PUT http://testserver/urls/mDR244 | UA: testclient | IP: testclient
2026-07-23 01:31:56,070 | POST http://testserver/shorten | UA: testclient | IP: testclient
2026-07-23 01:31:56,070 | POST http://testserver/shorten | UA: testclient | IP: testclient
2026-07-23 01:31:56,073 | PUT http://testserver/urls/nonexistent123 | UA: testclient | IP: testclient
2026-07-23 01:31:56,073 | PUT http://testserver/urls/nonexistent123 | UA: testclient | IP: testclient
2026-07-23 01:31:56,077 | POST http://testserver/shorten | UA: testclient | IP: testclient
2026-07-23 01:31:56,077 | POST http://testserver/shorten | UA: testclient | IP: testclient
2026-07-23 01:31:56,079 | DELETE http://testserver/urls/x5maDH | UA: testclient | IP: testclient
2026-07-23 01:31:56,079 | DELETE http://testserver/urls/x5maDH | UA: testclient | IP: testclient
2026-07-23 01:31:56,081 | PUT http://testserver/urls/x5maDH | UA: testclient | IP: testclient
2026-07-23 01:31:56,081 | PUT http://testserver/urls/x5maDH | UA: testclient | IP: testclient
2026-07-23 01:31:56,085 | POST http://testserver/shorten | UA: testclient | IP: testclient
2026-07-23 01:31:56,085 | POST http://testserver/shorten | UA: testclient | IP: testclient
2026-07-23 01:31:56,087 | PUT http://testserver/urls/yCHRcD | UA: testclient | IP: testclient
2026-07-23 01:31:56,087 | PUT http://testserver/urls/yCHRcD | UA: testclient | IP: testclient
2026-07-23 01:31:56,090 | POST http://testserver/shorten | UA: testclient | IP: testclient
2026-07-23 01:31:56,090 | POST http://testserver/shorten | UA: testclient | IP: testclient
2026-07-23 01:31:56,092 | GET http://testserver/redirect?code=tNT34w | UA: testclient | IP: testclient
2026-07-23 01:31:56,092 | GET http://testserver/redirect?code=tNT34w | UA: testclient | IP: testclient
2026-07-23 01:31:56,094 | POST http://testserver/shorten | UA: testclient | IP: testclient
2026-07-23 01:31:56,094 | POST http://testserver/shorten | UA: testclient | IP: testclient
2026-07-23 01:31:56,098 | POST http://testserver/shorten | UA: testclient | IP: testclient
2026-07-23 01:31:56,098 | POST http://testserver/shorten | UA: testclient | IP: testclient
2026-07-23 01:31:56,100 | PUT http://testserver/urls/ECcqLu | UA: testclient | IP: testclient
2026-07-23 01:31:56,100 | PUT http://testserver/urls/ECcqLu | UA: testclient | IP: testclient
2026-07-23 01:31:56,103 | POST http://testserver/shorten | UA: testclient | IP: testclient
2026-07-23 01:31:56,103 | POST http://testserver/shorten | UA: testclient | IP: testclient
2026-07-23 01:31:56,291 | PUT http://testserver/urls/GwvPnL | UA: testclient | IP: testclient
2026-07-23 01:31:56,291 | PUT http://testserver/urls/GwvPnL | UA: testclient | IP: testclient
2026-07-23 01:31:56,293 | GET http://testserver/redirect?code=GwvPnL | UA: testclient | IP: testclient
2026-07-23 01:31:56,293 | GET http://testserver/redirect?code=GwvPnL | UA: testclient | IP: testclient
2026-07-23 01:31:56,482 | POST http://testserver/shorten | UA: testclient | IP: testclient
2026-07-23 01:31:56,482 | POST http://testserver/shorten | UA: testclient | IP: testclient
2026-07-23 01:31:56,671 | GET http://testserver/redirect?code=2hq7jU&password=secret1 | UA: testclient | IP: testclient
2026-07-23 01:31:56,671 | GET http://testserver/redirect?code=2hq7jU&password=secret1 | UA: testclient | IP: testclient
2026-07-23 01:31:56,862 | POST http://testserver/shorten | UA: testclient | IP: testclient
2026-07-23 01:31:56,862 | POST http://testserver/shorten | UA: testclient | IP: testclient
2026-07-23 01:31:57,048 | GET http://testserver/redirect?code=CLirsM&password=wrongpass | UA: testclient | IP: testclient
2026-07-23 01:31:57,048 | GET http://testserver/redirect?code=CLirsM&password=wrongpass | UA: testclient | IP: testclient
2026-07-23 01:31:57,237 | POST http://testserver/shorten | UA: testclient | IP: testclient
2026-07-23 01:31:57,237 | POST http://testserver/shorten | UA: testclient | IP: testclient
2026-07-23 01:31:57,240 | DELETE http://testserver/urls/WPtwWa | UA: testclient | IP: testclient
2026-07-23 01:31:57,240 | DELETE http://testserver/urls/WPtwWa | UA: testclient | IP: testclient
2026-07-23 01:31:57,242 | GET http://testserver/redirect?code=WPtwWa | UA: testclient | IP: testclient
2026-07-23 01:31:57,242 | GET http://testserver/redirect?code=WPtwWa | UA: testclient | IP: testclient
2026-07-23 01:31:57,431 | POST http://testserver/shorten | UA: testclient | IP: testclient
2026-07-23 01:31:57,431 | POST http://testserver/shorten | UA: testclient | IP: testclient
2026-07-23 01:31:57,434 | GET http://testserver/redirect?code=z8ZOQa | UA: testclient | IP: testclient
2026-07-23 01:31:57,434 | GET http://testserver/redirect?code=z8ZOQa | UA: testclient | IP: testclient
2026-07-23 01:31:57,438 | POST http://testserver/shorten | UA: testclient | IP: testclient
2026-07-23 01:31:57,438 | POST http://testserver/shorten | UA: testclient | IP: testclient
2026-07-23 01:31:57,441 | GET http://testserver/redirect?code=sPkJm3 | UA: testclient | IP: testclient
2026-07-23 01:31:57,441 | GET http://testserver/redirect?code=sPkJm3 | UA: testclient | IP: testclient
2026-07-23 01:31:57,628 | PUT http://testserver/urls/sPkJm3 | UA: testclient | IP: testclient
2026-07-23 01:31:57,628 | PUT http://testserver/urls/sPkJm3 | UA: testclient | IP: testclient
2026-07-23 01:31:57,630 | GET http://testserver/redirect?code=sPkJm3 | UA: testclient | IP: testclient
2026-07-23 01:31:57,630 | GET http://testserver/redirect?code=sPkJm3 | UA: testclient | IP: testclient
2026-07-23 01:31:57,819 | POST http://testserver/shorten | UA: testclient | IP: testclient
2026-07-23 01:31:57,819 | POST http://testserver/shorten | UA: testclient | IP: testclient
2026-07-23 01:31:57,821 | GET http://testserver/redirect?code=htx1zM | UA: testclient | IP: testclient
2026-07-23 01:31:57,821 | GET http://testserver/redirect?code=htx1zM | UA: testclient | IP: testclient
2026-07-23 01:31:57,825 | PUT http://testserver/urls/htx1zM | UA: testclient | IP: testclient
2026-07-23 01:31:57,825 | PUT http://testserver/urls/htx1zM | UA: testclient | IP: testclient
2026-07-23 01:31:57,827 | GET http://testserver/redirect?code=htx1zM | UA: testclient | IP: testclient
2026-07-23 01:31:57,827 | GET http://testserver/redirect?code=htx1zM | UA: testclient | IP: testclient
2026-07-23 01:31:57,829 | POST http://testserver/shorten | UA: testclient | IP: testclient
2026-07-23 01:31:57,829 | POST http://testserver/shorten | UA: testclient | IP: testclient
2026-07-23 01:31:57,832 | POST http://testserver/shorten | UA: testclient | IP: testclient
2026-07-23 01:31:57,832 | POST http://testserver/shorten | UA: testclient | IP: testclient
2026-07-23 01:31:57,834 | POST http://testserver/shorten | UA: testclient | IP: testclient
2026-07-23 01:31:57,834 | POST http://testserver/shorten | UA: testclient | IP: testclient
2026-07-23 01:31:57,835 | GET http://testserver/redirect | UA: testclient | IP: testclient
2026-07-23 01:31:57,835 | GET http://testserver/redirect | UA: testclient | IP: testclient
2026-07-23 01:31:57,845 | GET http://testserver/redirect?code= | UA: testclient | IP: testclient
2026-07-23 01:31:57,845 | GET http://testserver/redirect?code= | UA: testclient | IP: testclient
2026-07-23 01:31:57,849 | POST http://testserver/shorten | UA: testclient | IP: testclient
2026-07-23 01:31:57,849 | POST http://testserver/shorten | UA: testclient | IP: testclient
2026-07-23 01:31:57,853 | POST http://testserver/shorten | UA: testclient | IP: testclient
2026-07-23 01:31:57,853 | POST http://testserver/shorten | UA: testclient | IP: testclient
2026-07-23 01:31:57,854 | GET http://testserver/redirect?code=1duBQB | UA: testclient | IP: testclient
2026-07-23 01:31:57,854 | GET http://testserver/redirect?code=1duBQB | UA: testclient | IP: testclient
2026-07-23 01:31:57,859 | POST http://testserver/shorten | UA: testclient | IP: testclient
2026-07-23 01:31:57,859 | POST http://testserver/shorten | UA: testclient | IP: testclient
2026-07-23 01:31:57,862 | POST http://testserver/shorten | UA: testclient | IP: testclient
2026-07-23 01:31:57,862 | POST http://testserver/shorten | UA: testclient | IP: testclient
2026-07-23 01:31:57,869 | GET http://testserver/urls?size=1000 | UA: testclient | IP: testclient
2026-07-23 01:31:57,869 | GET http://testserver/urls?size=1000 | UA: testclient | IP: testclient
2026-07-23 01:31:58,060 | POST http://testserver/shorten | UA: testclient | IP: testclient
2026-07-23 01:31:58,060 | POST http://testserver/shorten | UA: testclient | IP: testclient
2026-07-23 01:31:58,063 | GET http://testserver/urls | UA: testclient | IP: testclient
2026-07-23 01:31:58,063 | GET http://testserver/urls | UA: testclient | IP: testclient
2026-07-23 01:31:58,067 | POST http://testserver/shorten | UA: testclient | IP: testclient
2026-07-23 01:31:58,067 | POST http://testserver/shorten | UA: testclient | IP: testclient
2026-07-23 01:31:58,069 | POST http://testserver/shorten | UA: testclient | IP: testclient
2026-07-23 01:31:58,069 | POST http://testserver/shorten | UA: testclient | IP: testclient
2026-07-23 01:31:58,072 | POST http://testserver/shorten | UA: testclient | IP: testclient
2026-07-23 01:31:58,072 | POST http://testserver/shorten | UA: testclient | IP: testclient
2026-07-23 01:31:58,075 | POST http://testserver/shorten | UA: testclient | IP: testclient
2026-07-23 01:31:58,075 | POST http://testserver/shorten | UA: testclient | IP: testclient
2026-07-23 01:31:58,077 | POST http://testserver/shorten | UA: testclient | IP: testclient
2026-07-23 01:31:58,077 | POST http://testserver/shorten | UA: testclient | IP: testclient
2026-07-23 01:31:58,080 | GET http://testserver/urls?page=1&size=2 | UA: testclient | IP: testclient
2026-07-23 01:31:58,080 | GET http://testserver/urls?page=1&size=2 | UA: testclient | IP: testclient
2026-07-23 01:31:58,085 | POST http://testserver/shorten | UA: testclient | IP: testclient
2026-07-23 01:31:58,085 | POST http://testserver/shorten | UA: testclient | IP: testclient
2026-07-23 01:31:58,087 | POST http://testserver/shorten | UA: testclient | IP: testclient
2026-07-23 01:31:58,087 | POST http://testserver/shorten | UA: testclient | IP: testclient
2026-07-23 01:31:58,090 | POST http://testserver/shorten | UA: testclient | IP: testclient
2026-07-23 01:31:58,090 | POST http://testserver/shorten | UA: testclient | IP: testclient
2026-07-23 01:31:58,092 | POST http://testserver/shorten | UA: testclient | IP: testclient
2026-07-23 01:31:58,092 | POST http://testserver/shorten | UA: testclient | IP: testclient
2026-07-23 01:31:58,095 | POST http://testserver/shorten | UA: testclient | IP: testclient
2026-07-23 01:31:58,095 | POST http://testserver/shorten | UA: testclient | IP: testclient
2026-07-23 01:31:58,098 | GET http://testserver/urls?page=1&size=2 | UA: testclient | IP: testclient
2026-07-23 01:31:58,098 | GET http://testserver/urls?page=1&size=2 | UA: testclient | IP: testclient
2026-07-23 01:31:58,101 | GET http://testserver/urls?page=2&size=2 | UA: testclient | IP: testclient
2026-07-23 01:31:58,101 | GET http://testserver/urls?page=2&size=2 | UA: testclient | IP: testclient
2026-07-23 01:31:58,105 | POST http://testserver/shorten | UA: testclient | IP: testclient
2026-07-23 01:31:58,105 | POST http://testserver/shorten | UA: testclient | IP: testclient
2026-07-23 01:31:58,107 | POST http://testserver/shorten | UA: testclient | IP: testclient
2026-07-23 01:31:58,107 | POST http://testserver/shorten | UA: testclient | IP: testclient
2026-07-23 01:31:58,110 | POST http://testserver/shorten | UA: testclient | IP: testclient
2026-07-23 01:31:58,110 | POST http://testserver/shorten | UA: testclient | IP: testclient
2026-07-23 01:31:58,113 | GET http://testserver/urls?page=1&size=1 | UA: testclient | IP: testclient
2026-07-23 01:31:58,113 | GET http://testserver/urls?page=1&size=1 | UA: testclient | IP: testclient
2026-07-23 01:31:58,117 | GET http://testserver/urls | UA: testclient | IP: testclient
2026-07-23 01:31:58,117 | GET http://testserver/urls | UA: testclient | IP: testclient
2026-07-23 01:31:58,119 | GET http://testserver/health | UA: testclient | IP: testclient
2026-07-23 01:31:58,119 | GET http://testserver/health | UA: testclient | IP: testclient
2026-07-23 01:31:58,121 | GET http://testserver/health | UA: testclient | IP: testclient
2026-07-23 01:31:58,121 | GET http://testserver/health | UA: testclient | IP: testclient
2026-07-23 01:31:58,123 | GET http://testserver/health | UA: testclient | IP: testclient
2026-07-23 01:31:58,123 | GET http://testserver/health | UA: testclient | IP: testclient
2026-07-23 01:31:58,125 | GET http://testserver/health | UA: testclient | IP: testclient
2026-07-23 01:31:58,125 | GET http://testserver/health | UA: testclient | IP: testclient
2026-07-23 01:31:58,126 | GET http://testserver/health | UA: testclient | IP: testclient
2026-07-23 01:31:58,126 | GET http://testserver/health | UA: testclient | IP: testclient
2026-07-23 01:31:58,130 | POST http://testserver/shorten | UA: testclient | IP: testclient
2026-07-23 01:31:58,130 | POST http://testserver/shorten | UA: testclient | IP: testclient
2026-07-23 01:31:58,132 | GET http://testserver/redirect?code=qyqMDG | UA: testclient | IP: testclient
2026-07-23 01:31:58,132 | GET http://testserver/redirect?code=qyqMDG | UA: testclient | IP: testclient
2026-07-23 01:31:58,136 | POST http://testserver/shorten | UA: testclient | IP: testclient
2026-07-23 01:31:58,136 | POST http://testserver/shorten | UA: testclient | IP: testclient
2026-07-23 01:31:58,138 | POST http://testserver/shorten | UA: testclient | IP: testclient
2026-07-23 01:31:58,138 | POST http://testserver/shorten | UA: testclient | IP: testclient
2026-07-23 01:31:58,145 | GET http://testserver/urls | UA: testclient | IP: testclient
2026-07-23 01:31:58,145 | GET http://testserver/urls | UA: testclient | IP: testclient
2026-07-23 01:34:33,553 | POST http://testserver/shorten | UA: testclient | IP: testclient
2026-07-23 01:34:33,553 | POST http://testserver/shorten | UA: testclient | IP: testclient
2026-07-23 01:34:33,557 | GET http://testserver/redirect?code=FapIHQ | UA: testclient | IP: testclient
2026-07-23 01:34:33,557 | GET http://testserver/redirect?code=FapIHQ | UA: testclient | IP: testclient
2026-07-23 01:34:33,563 | POST http://testserver/shorten | UA: testclient | IP: testclient
2026-07-23 01:34:33,563 | POST http://testserver/shorten | UA: testclient | IP: testclient
2026-07-23 01:34:33,566 | DELETE http://testserver/urls/5JIhOR | UA: testclient | IP: testclient
2026-07-23 01:34:33,566 | DELETE http://testserver/urls/5JIhOR | UA: testclient | IP: testclient
2026-07-23 01:34:33,567 | GET http://testserver/redirect?code=5JIhOR | UA: testclient | IP: testclient
2026-07-23 01:34:33,567 | GET http://testserver/redirect?code=5JIhOR | UA: testclient | IP: testclient
2026-07-23 01:34:33,570 | DELETE http://testserver/urls/nonexistent123 | UA: testclient | IP: testclient
2026-07-23 01:34:33,570 | DELETE http://testserver/urls/nonexistent123 | UA: testclient | IP: testclient
2026-07-23 01:34:33,572 | GET http://testserver/redirect?code=nonexistent123 | UA: testclient | IP: testclient
2026-07-23 01:34:33,572 | GET http://testserver/redirect?code=nonexistent123 | UA: testclient | IP: testclient
2026-07-23 01:34:33,576 | POST http://testserver/shorten | UA: testclient | IP: testclient
2026-07-23 01:34:33,576 | POST http://testserver/shorten | UA: testclient | IP: testclient
2026-07-23 01:34:33,578 | GET http://testserver/redirect?code=t59dV6 | UA: testclient | IP: testclient
2026-07-23 01:34:33,578 | GET http://testserver/redirect?code=t59dV6 | UA: testclient | IP: testclient
2026-07-23 01:34:33,581 | GET http://testserver/redirect?code=t59dV6 | UA: testclient | IP: testclient
2026-07-23 01:34:33,581 | GET http://testserver/redirect?code=t59dV6 | UA: testclient | IP: testclient
2026-07-23 01:34:33,585 | POST http://testserver/shorten | UA: testclient | IP: testclient
2026-07-23 01:34:33,585 | POST http://testserver/shorten | UA: testclient | IP: testclient
2026-07-23 01:34:33,587 | GET http://testserver/redirect?code=6KVSFd | UA: testclient | IP: testclient
2026-07-23 01:34:33,587 | GET http://testserver/redirect?code=6KVSFd | UA: testclient | IP: testclient
2026-07-23 01:34:33,591 | POST http://testserver/shorten | UA: testclient | IP: testclient
2026-07-23 01:34:33,591 | POST http://testserver/shorten | UA: testclient | IP: testclient
2026-07-23 01:34:33,593 | POST http://testserver/shorten | UA: testclient | IP: testclient
2026-07-23 01:34:33,593 | POST http://testserver/shorten | UA: testclient | IP: testclient
2026-07-23 01:34:33,595 | GET http://testserver/redirect?code=aK2Zhl | UA: testclient | IP: testclient
2026-07-23 01:34:33,595 | GET http://testserver/redirect?code=aK2Zhl | UA: testclient | IP: testclient
2026-07-23 01:34:33,597 | GET http://testserver/redirect?code=OiIknD | UA: testclient | IP: testclient
2026-07-23 01:34:33,597 | GET http://testserver/redirect?code=OiIknD | UA: testclient | IP: testclient
2026-07-23 01:34:33,599 | GET http://testserver/redirect?code=aK2Zhl | UA: testclient | IP: testclient
2026-07-23 01:34:33,599 | GET http://testserver/redirect?code=aK2Zhl | UA: testclient | IP: testclient
2026-07-23 01:34:33,602 | POST http://testserver/shorten | UA: testclient | IP: testclient
2026-07-23 01:34:33,602 | POST http://testserver/shorten | UA: testclient | IP: testclient
2026-07-23 01:34:33,605 | POST http://testserver/shorten | UA: testclient | IP: testclient
2026-07-23 01:34:33,605 | POST http://testserver/shorten | UA: testclient | IP: testclient
2026-07-23 01:34:33,608 | POST http://testserver/shorten | UA: testclient | IP: testclient
2026-07-23 01:34:33,608 | POST http://testserver/shorten | UA: testclient | IP: testclient
2026-07-23 01:34:33,610 | DELETE http://testserver/urls/bZeV94 | UA: testclient | IP: testclient
2026-07-23 01:34:33,610 | DELETE http://testserver/urls/bZeV94 | UA: testclient | IP: testclient
2026-07-23 01:34:33,612 | GET http://testserver/redirect?code=bZeV94 | UA: testclient | IP: testclient
2026-07-23 01:34:33,612 | GET http://testserver/redirect?code=bZeV94 | UA: testclient | IP: testclient
2026-07-23 01:34:33,615 | POST http://testserver/shorten | UA: testclient | IP: testclient
2026-07-23 01:34:33,615 | POST http://testserver/shorten | UA: testclient | IP: testclient
2026-07-23 01:34:33,619 | POST http://testserver/shorten | UA: testclient | IP: testclient
2026-07-23 01:34:33,619 | POST http://testserver/shorten | UA: testclient | IP: testclient
2026-07-23 01:34:33,621 | POST http://testserver/shorten | UA: testclient | IP: testclient
2026-07-23 01:34:33,621 | POST http://testserver/shorten | UA: testclient | IP: testclient
2026-07-23 01:34:33,624 | POST http://testserver/shorten | UA: testclient | IP: testclient
2026-07-23 01:34:33,624 | POST http://testserver/shorten | UA: testclient | IP: testclient
2026-07-23 01:34:33,626 | DELETE http://testserver/urls/YJW6dm | UA: testclient | IP: testclient
2026-07-23 01:34:33,626 | DELETE http://testserver/urls/YJW6dm | UA: testclient | IP: testclient
2026-07-23 01:34:33,628 | GET http://testserver/redirect?code=YJW6dm | UA: testclient | IP: testclient
2026-07-23 01:34:33,628 | GET http://testserver/redirect?code=YJW6dm | UA: testclient | IP: testclient
2026-07-23 01:34:33,631 | POST http://testserver/shorten | UA: testclient | IP: testclient
2026-07-23 01:34:33,631 | POST http://testserver/shorten | UA: testclient | IP: testclient
2026-07-23 01:34:33,633 | DELETE http://testserver/urls/kbGeZv | UA: testclient | IP: testclient
2026-07-23 01:34:33,633 | DELETE http://testserver/urls/kbGeZv | UA: testclient | IP: testclient
2026-07-23 01:34:33,635 | GET http://testserver/redirect?code=kbGeZv | UA: testclient | IP: testclient
2026-07-23 01:34:33,635 | GET http://testserver/redirect?code=kbGeZv | UA: testclient | IP: testclient
2026-07-23 01:34:33,638 | POST http://testserver/shorten | UA: testclient | IP: testclient
2026-07-23 01:34:33,638 | POST http://testserver/shorten | UA: testclient | IP: testclient
2026-07-23 01:34:33,642 | POST http://testserver/shorten | UA: testclient | IP: testclient
2026-07-23 01:34:33,642 | POST http://testserver/shorten | UA: testclient | IP: testclient
2026-07-23 01:34:33,644 | DELETE http://testserver/urls/njOznE | UA: testclient | IP: testclient
2026-07-23 01:34:33,644 | DELETE http://testserver/urls/njOznE | UA: testclient | IP: testclient
2026-07-23 01:34:33,647 | POST http://testserver/shorten | UA: testclient | IP: testclient
2026-07-23 01:34:33,647 | POST http://testserver/shorten | UA: testclient | IP: testclient
2026-07-23 01:34:33,649 | GET http://testserver/redirect?code=naqIKV | UA: testclient | IP: testclient
2026-07-23 01:34:33,649 | GET http://testserver/redirect?code=naqIKV | UA: testclient | IP: testclient
2026-07-23 01:34:33,653 | POST http://testserver/shorten | UA: testclient | IP: testclient
2026-07-23 01:34:33,653 | POST http://testserver/shorten | UA: testclient | IP: testclient
2026-07-23 01:34:33,655 | GET http://testserver/redirect?code=b3HdWg | UA: testclient | IP: testclient
2026-07-23 01:34:33,655 | GET http://testserver/redirect?code=b3HdWg | UA: testclient | IP: testclient
2026-07-23 01:34:33,660 | POST http://testserver/shorten | UA: testclient | IP: testclient
2026-07-23 01:34:33,660 | POST http://testserver/shorten | UA: testclient | IP: testclient
2026-07-23 01:34:33,662 | GET http://testserver/redirect?code=hzLL7Y | UA: testclient | IP: testclient
2026-07-23 01:34:33,662 | GET http://testserver/redirect?code=hzLL7Y | UA: testclient | IP: testclient
2026-07-23 01:34:33,664 | POST http://testserver/shorten | UA: testclient | IP: testclient
2026-07-23 01:34:33,664 | POST http://testserver/shorten | UA: testclient | IP: testclient
2026-07-23 01:34:33,668 | POST http://testserver/shorten | UA: testclient | IP: testclient
2026-07-23 01:34:33,668 | POST http://testserver/shorten | UA: testclient | IP: testclient
2026-07-23 01:34:33,670 | GET http://testserver/redirect?code=gfjjH6 | UA: testclient | IP: testclient
2026-07-23 01:34:33,670 | GET http://testserver/redirect?code=gfjjH6 | UA: testclient | IP: testclient
2026-07-23 01:34:33,673 | POST http://testserver/shorten | UA: testclient | IP: testclient
2026-07-23 01:34:33,673 | POST http://testserver/shorten | UA: testclient | IP: testclient
2026-07-23 01:34:33,675 | GET http://testserver/redirect?code=my-article-d6a5b7e2 | UA: testclient | IP: testclient
2026-07-23 01:34:33,675 | GET http://testserver/redirect?code=my-article-d6a5b7e2 | UA: testclient | IP: testclient
2026-07-23 01:34:33,678 | POST http://testserver/shorten | UA: testclient | IP: testclient
2026-07-23 01:34:33,678 | POST http://testserver/shorten | UA: testclient | IP: testclient
2026-07-23 01:34:33,680 | POST http://testserver/shorten | UA: testclient | IP: testclient
2026-07-23 01:34:33,680 | POST http://testserver/shorten | UA: testclient | IP: testclient
2026-07-23 01:34:33,683 | POST http://testserver/shorten | UA: testclient | IP: testclient
2026-07-23 01:34:33,683 | POST http://testserver/shorten | UA: testclient | IP: testclient
2026-07-23 01:34:33,685 | DELETE http://testserver/urls/dead-2cd0e071 | UA: testclient | IP: testclient
2026-07-23 01:34:33,685 | DELETE http://testserver/urls/dead-2cd0e071 | UA: testclient | IP: testclient
2026-07-23 01:34:33,687 | POST http://testserver/shorten | UA: testclient | IP: testclient
2026-07-23 01:34:33,687 | POST http://testserver/shorten | UA: testclient | IP: testclient
2026-07-23 01:34:33,689 | POST http://testserver/shorten | UA: testclient | IP: testclient
2026-07-23 01:34:33,689 | POST http://testserver/shorten | UA: testclient | IP: testclient
2026-07-23 01:34:33,694 | POST http://testserver/shorten/batch | UA: testclient | IP: testclient
2026-07-23 01:34:33,694 | POST http://testserver/shorten/batch | UA: testclient | IP: testclient
2026-07-23 01:34:33,696 | GET http://testserver/redirect?code=nWczLG | UA: testclient | IP: testclient
2026-07-23 01:34:33,696 | GET http://testserver/redirect?code=nWczLG | UA: testclient | IP: testclient
2026-07-23 01:34:33,698 | GET http://testserver/redirect?code=9oLyyv | UA: testclient | IP: testclient
2026-07-23 01:34:33,698 | GET http://testserver/redirect?code=9oLyyv | UA: testclient | IP: testclient
2026-07-23 01:34:33,700 | GET http://testserver/redirect?code=qif5II | UA: testclient | IP: testclient
2026-07-23 01:34:33,700 | GET http://testserver/redirect?code=qif5II | UA: testclient | IP: testclient
2026-07-23 01:34:33,703 | POST http://testserver/shorten | UA: testclient | IP: testclient
2026-07-23 01:34:33,703 | POST http://testserver/shorten | UA: testclient | IP: testclient
2026-07-23 01:34:33,707 | POST http://testserver/shorten/batch | UA: testclient | IP: testclient
2026-07-23 01:34:33,707 | POST http://testserver/shorten/batch | UA: testclient | IP: testclient
2026-07-23 01:34:33,709 | POST http://testserver/shorten/batch | UA: testclient | IP: testclient
2026-07-23 01:34:33,709 | POST http://testserver/shorten/batch | UA: testclient | IP: testclient
2026-07-23 01:34:33,712 | POST http://testserver/shorten/batch | UA: testclient | IP: testclient
2026-07-23 01:34:33,712 | POST http://testserver/shorten/batch | UA: testclient | IP: testclient
2026-07-23 01:34:33,714 | POST http://testserver/shorten/batch | UA: testclient | IP: testclient
2026-07-23 01:34:33,714 | POST http://testserver/shorten/batch | UA: testclient | IP: testclient
2026-07-23 01:34:33,718 | POST http://testserver/shorten/batch | UA: testclient | IP: testclient
2026-07-23 01:34:33,718 | POST http://testserver/shorten/batch | UA: testclient | IP: testclient
2026-07-23 01:34:33,873 | POST http://testserver/shorten | UA: testclient | IP: testclient
2026-07-23 01:34:33,873 | POST http://testserver/shorten | UA: testclient | IP: testclient
2026-07-23 01:34:33,876 | PUT http://testserver/urls/lqOX0Z | UA: testclient | IP: testclient
2026-07-23 01:34:33,876 | PUT http://testserver/urls/lqOX0Z | UA: testclient | IP: testclient
2026-07-23 01:34:33,878 | GET http://testserver/redirect?code=lqOX0Z | UA: testclient | IP: testclient
2026-07-23 01:34:33,878 | GET http://testserver/redirect?code=lqOX0Z | UA: testclient | IP: testclient
2026-07-23 01:34:33,881 | POST http://testserver/shorten | UA: testclient | IP: testclient
2026-07-23 01:34:33,881 | POST http://testserver/shorten | UA: testclient | IP: testclient
2026-07-23 01:34:33,884 | PUT http://testserver/urls/rkDDoa | UA: testclient | IP: testclient
2026-07-23 01:34:33,884 | PUT http://testserver/urls/rkDDoa | UA: testclient | IP: testclient
2026-07-23 01:34:33,887 | POST http://testserver/shorten | UA: testclient | IP: testclient
2026-07-23 01:34:33,887 | POST http://testserver/shorten | UA: testclient | IP: testclient
2026-07-23 01:34:33,890 | PUT http://testserver/urls/ISxkOj | UA: testclient | IP: testclient
2026-07-23 01:34:33,890 | PUT http://testserver/urls/ISxkOj | UA: testclient | IP: testclient
2026-07-23 01:34:33,891 | GET http://testserver/redirect?code=ISxkOj | UA: testclient | IP: testclient
2026-07-23 01:34:33,891 | GET http://testserver/redirect?code=ISxkOj | UA: testclient | IP: testclient
2026-07-23 01:34:33,894 | POST http://testserver/shorten | UA: testclient | IP: testclient
2026-07-23 01:34:33,894 | POST http://testserver/shorten | UA: testclient | IP: testclient
2026-07-23 01:34:33,896 | GET http://testserver/redirect?code=Aud2SF | UA: testclient | IP: testclient
2026-07-23 01:34:33,896 | GET http://testserver/redirect?code=Aud2SF | UA: testclient | IP: testclient
2026-07-23 01:34:33,898 | PUT http://testserver/urls/Aud2SF | UA: testclient | IP: testclient
2026-07-23 01:34:33,898 | PUT http://testserver/urls/Aud2SF | UA: testclient | IP: testclient
2026-07-23 01:34:33,901 | GET http://testserver/redirect?code=Aud2SF | UA: testclient | IP: testclient
2026-07-23 01:34:33,901 | GET http://testserver/redirect?code=Aud2SF | UA: testclient | IP: testclient
2026-07-23 01:34:33,904 | POST http://testserver/shorten | UA: testclient | IP: testclient
2026-07-23 01:34:33,904 | POST http://testserver/shorten | UA: testclient | IP: testclient
2026-07-23 01:34:33,907 | PUT http://testserver/urls/6iC8kv | UA: testclient | IP: testclient
2026-07-23 01:34:33,907 | PUT http://testserver/urls/6iC8kv | UA: testclient | IP: testclient
2026-07-23 01:34:33,909 | GET http://testserver/redirect?code=6iC8kv | UA: testclient | IP: testclient
2026-07-23 01:34:33,909 | GET http://testserver/redirect?code=6iC8kv | UA: testclient | IP: testclient
2026-07-23 01:34:33,912 | POST http://testserver/shorten | UA: testclient | IP: testclient
2026-07-23 01:34:33,912 | POST http://testserver/shorten | UA: testclient | IP: testclient
2026-07-23 01:34:33,914 | PUT http://testserver/urls/xD4nj9 | UA: testclient | IP: testclient
2026-07-23 01:34:33,914 | PUT http://testserver/urls/xD4nj9 | UA: testclient | IP: testclient
2026-07-23 01:34:33,917 | POST http://testserver/shorten | UA: testclient | IP: testclient
2026-07-23 01:34:33,917 | POST http://testserver/shorten | UA: testclient | IP: testclient
2026-07-23 01:34:33,920 | PUT http://testserver/urls/nonexistent123 | UA: testclient | IP: testclient
2026-07-23 01:34:33,920 | PUT http://testserver/urls/nonexistent123 | UA: testclient | IP: testclient
2026-07-23 01:34:33,923 | POST http://testserver/shorten | UA: testclient | IP: testclient
2026-07-23 01:34:33,923 | POST http://testserver/shorten | UA: testclient | IP: testclient
2026-07-23 01:34:33,925 | DELETE http://testserver/urls/xjHsPF | UA: testclient | IP: testclient
2026-07-23 01:34:33,925 | DELETE http://testserver/urls/xjHsPF | UA: testclient | IP: testclient
2026-07-23 01:34:33,927 | PUT http://testserver/urls/xjHsPF | UA: testclient | IP: testclient
2026-07-23 01:34:33,927 | PUT http://testserver/urls/xjHsPF | UA: testclient | IP: testclient
2026-07-23 01:34:33,938 | POST http://testserver/shorten | UA: testclient | IP: testclient
2026-07-23 01:34:33,938 | POST http://testserver/shorten | UA: testclient | IP: testclient
2026-07-23 01:34:33,941 | PUT http://testserver/urls/P7HccE | UA: testclient | IP: testclient
2026-07-23 01:34:33,941 | PUT http://testserver/urls/P7HccE | UA: testclient | IP: testclient
2026-07-23 01:34:33,945 | POST http://testserver/shorten | UA: testclient | IP: testclient
2026-07-23 01:34:33,945 | POST http://testserver/shorten | UA: testclient | IP: testclient
2026-07-23 01:34:33,949 | GET http://testserver/redirect?code=biwIxI | UA: testclient | IP: testclient
2026-07-23 01:34:33,949 | GET http://testserver/redirect?code=biwIxI | UA: testclient | IP: testclient
2026-07-23 01:34:33,956 | POST http://testserver/shorten | UA: testclient | IP: testclient
2026-07-23 01:34:33,956 | POST http://testserver/shorten | UA: testclient | IP: testclient
2026-07-23 01:34:33,964 | POST http://testserver/shorten | UA: testclient | IP: testclient
2026-07-23 01:34:33,964 | POST http://testserver/shorten | UA: testclient | IP: testclient
2026-07-23 01:34:33,966 | PUT http://testserver/urls/8vIOm9 | UA: testclient | IP: testclient
2026-07-23 01:34:33,966 | PUT http://testserver/urls/8vIOm9 | UA: testclient | IP: testclient
2026-07-23 01:34:33,971 | POST http://testserver/shorten | UA: testclient | IP: testclient
2026-07-23 01:34:33,971 | POST http://testserver/shorten | UA: testclient | IP: testclient
2026-07-23 01:34:34,142 | PUT http://testserver/urls/nf4uGo | UA: testclient | IP: testclient
2026-07-23 01:34:34,142 | PUT http://testserver/urls/nf4uGo | UA: testclient | IP: testclient
2026-07-23 01:34:34,143 | GET http://testserver/redirect?code=nf4uGo | UA: testclient | IP: testclient
2026-07-23 01:34:34,143 | GET http://testserver/redirect?code=nf4uGo | UA: testclient | IP: testclient
2026-07-23 01:34:34,313 | POST http://testserver/shorten | UA: testclient | IP: testclient
2026-07-23 01:34:34,313 | POST http://testserver/shorten | UA: testclient | IP: testclient
2026-07-23 01:34:34,483 | GET http://testserver/redirect?code=ye20GH&password=secret1 | UA: testclient | IP: testclient
2026-07-23 01:34:34,483 | GET http://testserver/redirect?code=ye20GH&password=secret1 | UA: testclient | IP: testclient
2026-07-23 01:34:34,659 | POST http://testserver/shorten | UA: testclient | IP: testclient
2026-07-23 01:34:34,659 | POST http://testserver/shorten | UA: testclient | IP: testclient
2026-07-23 01:34:34,828 | GET http://testserver/redirect?code=FKP9Ui&password=wrongpass | UA: testclient | IP: testclient
2026-07-23 01:34:34,828 | GET http://testserver/redirect?code=FKP9Ui&password=wrongpass | UA: testclient | IP: testclient
2026-07-23 01:34:35,000 | POST http://testserver/shorten | UA: testclient | IP: testclient
2026-07-23 01:34:35,000 | POST http://testserver/shorten | UA: testclient | IP: testclient
2026-07-23 01:34:35,003 | DELETE http://testserver/urls/tNZYvm | UA: testclient | IP: testclient
2026-07-23 01:34:35,003 | DELETE http://testserver/urls/tNZYvm | UA: testclient | IP: testclient
2026-07-23 01:34:35,004 | GET http://testserver/redirect?code=tNZYvm | UA: testclient | IP: testclient
2026-07-23 01:34:35,004 | GET http://testserver/redirect?code=tNZYvm | UA: testclient | IP: testclient
2026-07-23 01:34:35,177 | POST http://testserver/shorten | UA: testclient | IP: testclient
2026-07-23 01:34:35,177 | POST http://testserver/shorten | UA: testclient | IP: testclient
2026-07-23 01:34:35,179 | GET http://testserver/redirect?code=xcW6nX | UA: testclient | IP: testclient
2026-07-23 01:34:35,179 | GET http://testserver/redirect?code=xcW6nX | UA: testclient | IP: testclient
2026-07-23 01:34:35,183 | POST http://testserver/shorten | UA: testclient | IP: testclient
2026-07-23 01:34:35,183 | POST http://testserver/shorten | UA: testclient | IP: testclient
2026-07-23 01:34:35,186 | GET http://testserver/redirect?code=XhfV8Q | UA: testclient | IP: testclient
2026-07-23 01:34:35,186 | GET http://testserver/redirect?code=XhfV8Q | UA: testclient | IP: testclient
2026-07-23 01:34:35,356 | PUT http://testserver/urls/XhfV8Q | UA: testclient | IP: testclient
2026-07-23 01:34:35,356 | PUT http://testserver/urls/XhfV8Q | UA: testclient | IP: testclient
2026-07-23 01:34:35,357 | GET http://testserver/redirect?code=XhfV8Q | UA: testclient | IP: testclient
2026-07-23 01:34:35,357 | GET http://testserver/redirect?code=XhfV8Q | UA: testclient | IP: testclient
2026-07-23 01:34:35,531 | POST http://testserver/shorten | UA: testclient | IP: testclient
2026-07-23 01:34:35,531 | POST http://testserver/shorten | UA: testclient | IP: testclient
2026-07-23 01:34:35,533 | GET http://testserver/redirect?code=xkTN98 | UA: testclient | IP: testclient
2026-07-23 01:34:35,533 | GET http://testserver/redirect?code=xkTN98 | UA: testclient | IP: testclient
2026-07-23 01:34:35,536 | PUT http://testserver/urls/xkTN98 | UA: testclient | IP: testclient
2026-07-23 01:34:35,536 | PUT http://testserver/urls/xkTN98 | UA: testclient | IP: testclient
2026-07-23 01:34:35,538 | GET http://testserver/redirect?code=xkTN98 | UA: testclient | IP: testclient
2026-07-23 01:34:35,538 | GET http://testserver/redirect?code=xkTN98 | UA: testclient | IP: testclient
2026-07-23 01:34:35,540 | POST http://testserver/shorten | UA: testclient | IP: testclient
2026-07-23 01:34:35,540 | POST http://testserver/shorten | UA: testclient | IP: testclient
2026-07-23 01:34:35,542 | POST http://testserver/shorten | UA: testclient | IP: testclient
2026-07-23 01:34:35,542 | POST http://testserver/shorten | UA: testclient | IP: testclient
2026-07-23 01:34:35,544 | POST http://testserver/shorten | UA: testclient | IP: testclient
2026-07-23 01:34:35,544 | POST http://testserver/shorten | UA: testclient | IP: testclient
2026-07-23 01:34:35,546 | GET http://testserver/redirect | UA: testclient | IP: testclient
2026-07-23 01:34:35,546 | GET http://testserver/redirect | UA: testclient | IP: testclient
2026-07-23 01:34:35,548 | GET http://testserver/redirect?code= | UA: testclient | IP: testclient
2026-07-23 01:34:35,548 | GET http://testserver/redirect?code= | UA: testclient | IP: testclient
2026-07-23 01:34:35,553 | POST http://testserver/shorten | UA: testclient | IP: testclient
2026-07-23 01:34:35,553 | POST http://testserver/shorten | UA: testclient | IP: testclient
2026-07-23 01:34:35,556 | POST http://testserver/shorten | UA: testclient | IP: testclient
2026-07-23 01:34:35,556 | POST http://testserver/shorten | UA: testclient | IP: testclient
2026-07-23 01:34:35,557 | GET http://testserver/redirect?code=A3JAbX | UA: testclient | IP: testclient
2026-07-23 01:34:35,557 | GET http://testserver/redirect?code=A3JAbX | UA: testclient | IP: testclient
2026-07-23 01:34:35,562 | POST http://testserver/shorten | UA: testclient | IP: testclient
2026-07-23 01:34:35,562 | POST http://testserver/shorten | UA: testclient | IP: testclient
2026-07-23 01:34:35,565 | POST http://testserver/shorten | UA: testclient | IP: testclient
2026-07-23 01:34:35,565 | POST http://testserver/shorten | UA: testclient | IP: testclient
2026-07-23 01:34:35,571 | GET http://testserver/urls?size=1000 | UA: testclient | IP: testclient
2026-07-23 01:34:35,571 | GET http://testserver/urls?size=1000 | UA: testclient | IP: testclient
2026-07-23 01:34:35,747 | POST http://testserver/shorten | UA: testclient | IP: testclient
2026-07-23 01:34:35,747 | POST http://testserver/shorten | UA: testclient | IP: testclient
2026-07-23 01:34:35,749 | GET http://testserver/urls | UA: testclient | IP: testclient
2026-07-23 01:34:35,749 | GET http://testserver/urls | UA: testclient | IP: testclient
2026-07-23 01:34:35,753 | POST http://testserver/shorten | UA: testclient | IP: testclient
2026-07-23 01:34:35,753 | POST http://testserver/shorten | UA: testclient | IP: testclient
2026-07-23 01:34:35,755 | POST http://testserver/shorten | UA: testclient | IP: testclient
2026-07-23 01:34:35,755 | POST http://testserver/shorten | UA: testclient | IP: testclient
2026-07-23 01:34:35,758 | POST http://testserver/shorten | UA: testclient | IP: testclient
2026-07-23 01:34:35,758 | POST http://testserver/shorten | UA: testclient | IP: testclient
2026-07-23 01:34:35,760 | POST http://testserver/shorten | UA: testclient | IP: testclient
2026-07-23 01:34:35,760 | POST http://testserver/shorten | UA: testclient | IP: testclient
2026-07-23 01:34:35,763 | POST http://testserver/shorten | UA: testclient | IP: testclient
2026-07-23 01:34:35,763 | POST http://testserver/shorten | UA: testclient | IP: testclient
2026-07-23 01:34:35,765 | GET http://testserver/urls?page=1&size=2 | UA: testclient | IP: testclient
2026-07-23 01:34:35,765 | GET http://testserver/urls?page=1&size=2 | UA: testclient | IP: testclient
2026-07-23 01:34:35,768 | POST http://testserver/shorten | UA: testclient | IP: testclient
2026-07-23 01:34:35,768 | POST http://testserver/shorten | UA: testclient | IP: testclient
2026-07-23 01:34:35,771 | POST http://testserver/shorten | UA: testclient | IP: testclient
2026-07-23 01:34:35,771 | POST http://testserver/shorten | UA: testclient | IP: testclient
2026-07-23 01:34:35,773 | POST http://testserver/shorten | UA: testclient | IP: testclient
2026-07-23 01:34:35,773 | POST http://testserver/shorten | UA: testclient | IP: testclient
2026-07-23 01:34:35,775 | POST http://testserver/shorten | UA: testclient | IP: testclient
2026-07-23 01:34:35,775 | POST http://testserver/shorten | UA: testclient | IP: testclient
2026-07-23 01:34:35,777 | POST http://testserver/shorten | UA: testclient | IP: testclient
2026-07-23 01:34:35,777 | POST http://testserver/shorten | UA: testclient | IP: testclient
2026-07-23 01:34:35,780 | GET http://testserver/urls?page=1&size=2 | UA: testclient | IP: testclient
2026-07-23 01:34:35,780 | GET http://testserver/urls?page=1&size=2 | UA: testclient | IP: testclient
2026-07-23 01:34:35,782 | GET http://testserver/urls?page=2&size=2 | UA: testclient | IP: testclient
2026-07-23 01:34:35,782 | GET http://testserver/urls?page=2&size=2 | UA: testclient | IP: testclient
2026-07-23 01:34:35,785 | POST http://testserver/shorten | UA: testclient | IP: testclient
2026-07-23 01:34:35,785 | POST http://testserver/shorten | UA: testclient | IP: testclient
2026-07-23 01:34:35,787 | POST http://testserver/shorten | UA: testclient | IP: testclient
2026-07-23 01:34:35,787 | POST http://testserver/shorten | UA: testclient | IP: testclient
2026-07-23 01:34:35,790 | POST http://testserver/shorten | UA: testclient | IP: testclient
2026-07-23 01:34:35,790 | POST http://testserver/shorten | UA: testclient | IP: testclient
2026-07-23 01:34:35,792 | GET http://testserver/urls?page=1&size=1 | UA: testclient | IP: testclient
2026-07-23 01:34:35,792 | GET http://testserver/urls?page=1&size=1 | UA: testclient | IP: testclient
2026-07-23 01:34:35,795 | GET http://testserver/urls | UA: testclient | IP: testclient
2026-07-23 01:34:35,795 | GET http://testserver/urls | UA: testclient | IP: testclient
2026-07-23 01:34:35,796 | GET http://testserver/health | UA: testclient | IP: testclient
2026-07-23 01:34:35,796 | GET http://testserver/health | UA: testclient | IP: testclient
2026-07-23 01:34:35,798 | GET http://testserver/health | UA: testclient | IP: testclient
2026-07-23 01:34:35,798 | GET http://testserver/health | UA: testclient | IP: testclient
2026-07-23 01:34:35,800 | GET http://testserver/health | UA: testclient | IP: testclient
2026-07-23 01:34:35,800 | GET http://testserver/health | UA: testclient | IP: testclient
2026-07-23 01:34:35,801 | GET http://testserver/health | UA: testclient | IP: testclient
2026-07-23 01:34:35,801 | GET http://testserver/health | UA: testclient | IP: testclient
2026-07-23 01:34:35,803 | GET http://testserver/health | UA: testclient | IP: testclient
2026-07-23 01:34:35,803 | GET http://testserver/health | UA: testclient | IP: testclient
2026-07-23 01:34:35,806 | POST http://testserver/shorten | UA: testclient | IP: testclient
2026-07-23 01:34:35,806 | POST http://testserver/shorten | UA: testclient | IP: testclient
2026-07-23 01:34:35,808 | GET http://testserver/redirect?code=MRChMU | UA: testclient | IP: testclient
2026-07-23 01:34:35,808 | GET http://testserver/redirect?code=MRChMU | UA: testclient | IP: testclient
2026-07-23 01:34:35,810 | POST http://testserver/shorten | UA: testclient | IP: testclient
2026-07-23 01:34:35,810 | POST http://testserver/shorten | UA: testclient | IP: testclient
2026-07-23 01:34:35,813 | POST http://testserver/shorten | UA: testclient | IP: testclient
2026-07-23 01:34:35,813 | POST http://testserver/shorten | UA: testclient | IP: testclient
2026-07-23 01:34:35,818 | GET http://testserver/urls | UA: testclient | IP: testclient
2026-07-23 01:34:35,818 | GET http://testserver/urls | UA: testclient | IP: testclient
2026-07-23 01:35:02,366 | POST http://testserver/shorten | UA: testclient | IP: testclient
2026-07-23 01:35:02,366 | POST http://testserver/shorten | UA: testclient | IP: testclient
2026-07-23 01:35:02,369 | GET http://testserver/redirect?code=6xUL7i | UA: testclient | IP: testclient
2026-07-23 01:35:02,369 | GET http://testserver/redirect?code=6xUL7i | UA: testclient | IP: testclient
2026-07-23 01:35:02,374 | POST http://testserver/shorten | UA: testclient | IP: testclient
2026-07-23 01:35:02,374 | POST http://testserver/shorten | UA: testclient | IP: testclient
2026-07-23 01:35:02,377 | DELETE http://testserver/urls/sM1bNv | UA: testclient | IP: testclient
2026-07-23 01:35:02,377 | DELETE http://testserver/urls/sM1bNv | UA: testclient | IP: testclient
2026-07-23 01:35:02,378 | GET http://testserver/redirect?code=sM1bNv | UA: testclient | IP: testclient
2026-07-23 01:35:02,378 | GET http://testserver/redirect?code=sM1bNv | UA: testclient | IP: testclient
2026-07-23 01:35:02,381 | DELETE http://testserver/urls/nonexistent123 | UA: testclient | IP: testclient
2026-07-23 01:35:02,381 | DELETE http://testserver/urls/nonexistent123 | UA: testclient | IP: testclient
2026-07-23 01:35:02,383 | GET http://testserver/redirect?code=nonexistent123 | UA: testclient | IP: testclient
2026-07-23 01:35:02,383 | GET http://testserver/redirect?code=nonexistent123 | UA: testclient | IP: testclient
2026-07-23 01:35:02,386 | POST http://testserver/shorten | UA: testclient | IP: testclient
2026-07-23 01:35:02,386 | POST http://testserver/shorten | UA: testclient | IP: testclient
2026-07-23 01:35:02,388 | GET http://testserver/redirect?code=XXibvY | UA: testclient | IP: testclient
2026-07-23 01:35:02,388 | GET http://testserver/redirect?code=XXibvY | UA: testclient | IP: testclient
2026-07-23 01:35:02,390 | GET http://testserver/redirect?code=XXibvY | UA: testclient | IP: testclient
2026-07-23 01:35:02,390 | GET http://testserver/redirect?code=XXibvY | UA: testclient | IP: testclient
2026-07-23 01:35:02,393 | POST http://testserver/shorten | UA: testclient | IP: testclient
2026-07-23 01:35:02,393 | POST http://testserver/shorten | UA: testclient | IP: testclient
2026-07-23 01:35:02,395 | GET http://testserver/redirect?code=vlxQFM | UA: testclient | IP: testclient
2026-07-23 01:35:02,395 | GET http://testserver/redirect?code=vlxQFM | UA: testclient | IP: testclient
2026-07-23 01:35:02,398 | POST http://testserver/shorten | UA: testclient | IP: testclient
2026-07-23 01:35:02,398 | POST http://testserver/shorten | UA: testclient | IP: testclient
2026-07-23 01:35:02,401 | POST http://testserver/shorten | UA: testclient | IP: testclient
2026-07-23 01:35:02,401 | POST http://testserver/shorten | UA: testclient | IP: testclient
2026-07-23 01:35:02,404 | GET http://testserver/redirect?code=QtlyTl | UA: testclient | IP: testclient
2026-07-23 01:35:02,404 | GET http://testserver/redirect?code=QtlyTl | UA: testclient | IP: testclient
2026-07-23 01:35:02,406 | GET http://testserver/redirect?code=tEWiSF | UA: testclient | IP: testclient
2026-07-23 01:35:02,406 | GET http://testserver/redirect?code=tEWiSF | UA: testclient | IP: testclient
2026-07-23 01:35:02,408 | GET http://testserver/redirect?code=QtlyTl | UA: testclient | IP: testclient
2026-07-23 01:35:02,408 | GET http://testserver/redirect?code=QtlyTl | UA: testclient | IP: testclient
2026-07-23 01:35:02,412 | POST http://testserver/shorten | UA: testclient | IP: testclient
2026-07-23 01:35:02,412 | POST http://testserver/shorten | UA: testclient | IP: testclient
2026-07-23 01:35:02,415 | POST http://testserver/shorten | UA: testclient | IP: testclient
2026-07-23 01:35:02,415 | POST http://testserver/shorten | UA: testclient | IP: testclient
2026-07-23 01:35:02,418 | POST http://testserver/shorten | UA: testclient | IP: testclient
2026-07-23 01:35:02,418 | POST http://testserver/shorten | UA: testclient | IP: testclient
2026-07-23 01:35:02,420 | DELETE http://testserver/urls/nm5fhk | UA: testclient | IP: testclient
2026-07-23 01:35:02,420 | DELETE http://testserver/urls/nm5fhk | UA: testclient | IP: testclient
2026-07-23 01:35:02,422 | GET http://testserver/redirect?code=nm5fhk | UA: testclient | IP: testclient
2026-07-23 01:35:02,422 | GET http://testserver/redirect?code=nm5fhk | UA: testclient | IP: testclient
2026-07-23 01:35:02,425 | POST http://testserver/shorten | UA: testclient | IP: testclient
2026-07-23 01:35:02,425 | POST http://testserver/shorten | UA: testclient | IP: testclient
2026-07-23 01:35:02,429 | POST http://testserver/shorten | UA: testclient | IP: testclient
2026-07-23 01:35:02,429 | POST http://testserver/shorten | UA: testclient | IP: testclient
2026-07-23 01:35:02,431 | POST http://testserver/shorten | UA: testclient | IP: testclient
2026-07-23 01:35:02,431 | POST http://testserver/shorten | UA: testclient | IP: testclient
2026-07-23 01:35:02,434 | POST http://testserver/shorten | UA: testclient | IP: testclient
2026-07-23 01:35:02,434 | POST http://testserver/shorten | UA: testclient | IP: testclient
2026-07-23 01:35:02,436 | DELETE http://testserver/urls/AZLGlV | UA: testclient | IP: testclient
2026-07-23 01:35:02,436 | DELETE http://testserver/urls/AZLGlV | UA: testclient | IP: testclient
2026-07-23 01:35:02,438 | GET http://testserver/redirect?code=AZLGlV | UA: testclient | IP: testclient
2026-07-23 01:35:02,438 | GET http://testserver/redirect?code=AZLGlV | UA: testclient | IP: testclient
2026-07-23 01:35:02,441 | POST http://testserver/shorten | UA: testclient | IP: testclient
2026-07-23 01:35:02,441 | POST http://testserver/shorten | UA: testclient | IP: testclient
2026-07-23 01:35:02,443 | DELETE http://testserver/urls/1x66qp | UA: testclient | IP: testclient
2026-07-23 01:35:02,443 | DELETE http://testserver/urls/1x66qp | UA: testclient | IP: testclient
2026-07-23 01:35:02,445 | GET http://testserver/redirect?code=1x66qp | UA: testclient | IP: testclient
2026-07-23 01:35:02,445 | GET http://testserver/redirect?code=1x66qp | UA: testclient | IP: testclient
2026-07-23 01:35:02,449 | POST http://testserver/shorten | UA: testclient | IP: testclient
2026-07-23 01:35:02,449 | POST http://testserver/shorten | UA: testclient | IP: testclient
2026-07-23 01:35:02,453 | POST http://testserver/shorten | UA: testclient | IP: testclient
2026-07-23 01:35:02,453 | POST http://testserver/shorten | UA: testclient | IP: testclient
2026-07-23 01:35:02,455 | DELETE http://testserver/urls/vfT9j3 | UA: testclient | IP: testclient
2026-07-23 01:35:02,455 | DELETE http://testserver/urls/vfT9j3 | UA: testclient | IP: testclient
2026-07-23 01:35:02,458 | POST http://testserver/shorten | UA: testclient | IP: testclient
2026-07-23 01:35:02,458 | POST http://testserver/shorten | UA: testclient | IP: testclient
2026-07-23 01:35:02,461 | GET http://testserver/redirect?code=5bkVgx | UA: testclient | IP: testclient
2026-07-23 01:35:02,461 | GET http://testserver/redirect?code=5bkVgx | UA: testclient | IP: testclient
2026-07-23 01:35:02,464 | POST http://testserver/shorten | UA: testclient | IP: testclient
2026-07-23 01:35:02,464 | POST http://testserver/shorten | UA: testclient | IP: testclient
2026-07-23 01:35:02,467 | GET http://testserver/redirect?code=K3qFDz | UA: testclient | IP: testclient
2026-07-23 01:35:02,467 | GET http://testserver/redirect?code=K3qFDz | UA: testclient | IP: testclient
2026-07-23 01:35:02,470 | POST http://testserver/shorten | UA: testclient | IP: testclient
2026-07-23 01:35:02,470 | POST http://testserver/shorten | UA: testclient | IP: testclient
2026-07-23 01:35:02,471 | GET http://testserver/redirect?code=hQaI0I | UA: testclient | IP: testclient
2026-07-23 01:35:02,471 | GET http://testserver/redirect?code=hQaI0I | UA: testclient | IP: testclient
2026-07-23 01:35:02,473 | POST http://testserver/shorten | UA: testclient | IP: testclient
2026-07-23 01:35:02,473 | POST http://testserver/shorten | UA: testclient | IP: testclient
2026-07-23 01:35:02,476 | POST http://testserver/shorten | UA: testclient | IP: testclient
2026-07-23 01:35:02,476 | POST http://testserver/shorten | UA: testclient | IP: testclient
2026-07-23 01:35:02,478 | GET http://testserver/redirect?code=gwLs6O | UA: testclient | IP: testclient
2026-07-23 01:35:02,478 | GET http://testserver/redirect?code=gwLs6O | UA: testclient | IP: testclient
2026-07-23 01:35:02,481 | POST http://testserver/shorten | UA: testclient | IP: testclient
2026-07-23 01:35:02,481 | POST http://testserver/shorten | UA: testclient | IP: testclient
2026-07-23 01:35:02,483 | GET http://testserver/redirect?code=my-article-51416d2c | UA: testclient | IP: testclient
2026-07-23 01:35:02,483 | GET http://testserver/redirect?code=my-article-51416d2c | UA: testclient | IP: testclient
2026-07-23 01:35:02,486 | POST http://testserver/shorten | UA: testclient | IP: testclient
2026-07-23 01:35:02,486 | POST http://testserver/shorten | UA: testclient | IP: testclient
2026-07-23 01:35:02,488 | POST http://testserver/shorten | UA: testclient | IP: testclient
2026-07-23 01:35:02,488 | POST http://testserver/shorten | UA: testclient | IP: testclient
2026-07-23 01:35:02,491 | POST http://testserver/shorten | UA: testclient | IP: testclient
2026-07-23 01:35:02,491 | POST http://testserver/shorten | UA: testclient | IP: testclient
2026-07-23 01:35:02,493 | DELETE http://testserver/urls/dead-9cdf37e1 | UA: testclient | IP: testclient
2026-07-23 01:35:02,493 | DELETE http://testserver/urls/dead-9cdf37e1 | UA: testclient | IP: testclient
2026-07-23 01:35:02,495 | POST http://testserver/shorten | UA: testclient | IP: testclient
2026-07-23 01:35:02,495 | POST http://testserver/shorten | UA: testclient | IP: testclient
2026-07-23 01:35:02,497 | POST http://testserver/shorten | UA: testclient | IP: testclient
2026-07-23 01:35:02,497 | POST http://testserver/shorten | UA: testclient | IP: testclient
2026-07-23 01:35:02,503 | POST http://testserver/shorten/batch | UA: testclient | IP: testclient
2026-07-23 01:35:02,503 | POST http://testserver/shorten/batch | UA: testclient | IP: testclient
2026-07-23 01:35:02,505 | GET http://testserver/redirect?code=bIbu0e | UA: testclient | IP: testclient
2026-07-23 01:35:02,505 | GET http://testserver/redirect?code=bIbu0e | UA: testclient | IP: testclient
2026-07-23 01:35:02,507 | GET http://testserver/redirect?code=VEpcWf | UA: testclient | IP: testclient
2026-07-23 01:35:02,507 | GET http://testserver/redirect?code=VEpcWf | UA: testclient | IP: testclient
2026-07-23 01:35:02,509 | GET http://testserver/redirect?code=DPxAkv | UA: testclient | IP: testclient
2026-07-23 01:35:02,509 | GET http://testserver/redirect?code=DPxAkv | UA: testclient | IP: testclient
2026-07-23 01:35:02,512 | POST http://testserver/shorten | UA: testclient | IP: testclient
2026-07-23 01:35:02,512 | POST http://testserver/shorten | UA: testclient | IP: testclient
2026-07-23 01:35:02,515 | POST http://testserver/shorten/batch | UA: testclient | IP: testclient
2026-07-23 01:35:02,515 | POST http://testserver/shorten/batch | UA: testclient | IP: testclient
2026-07-23 01:35:02,518 | POST http://testserver/shorten/batch | UA: testclient | IP: testclient
2026-07-23 01:35:02,518 | POST http://testserver/shorten/batch | UA: testclient | IP: testclient
2026-07-23 01:35:02,520 | POST http://testserver/shorten/batch | UA: testclient | IP: testclient
2026-07-23 01:35:02,520 | POST http://testserver/shorten/batch | UA: testclient | IP: testclient
2026-07-23 01:35:02,522 | POST http://testserver/shorten/batch | UA: testclient | IP: testclient
2026-07-23 01:35:02,522 | POST http://testserver/shorten/batch | UA: testclient | IP: testclient
2026-07-23 01:35:02,526 | POST http://testserver/shorten/batch | UA: testclient | IP: testclient
2026-07-23 01:35:02,526 | POST http://testserver/shorten/batch | UA: testclient | IP: testclient
2026-07-23 01:35:02,679 | POST http://testserver/shorten | UA: testclient | IP: testclient
2026-07-23 01:35:02,679 | POST http://testserver/shorten | UA: testclient | IP: testclient
2026-07-23 01:35:02,682 | PUT http://testserver/urls/kmmQ4G | UA: testclient | IP: testclient
2026-07-23 01:35:02,682 | PUT http://testserver/urls/kmmQ4G | UA: testclient | IP: testclient
2026-07-23 01:35:02,685 | GET http://testserver/redirect?code=kmmQ4G | UA: testclient | IP: testclient
2026-07-23 01:35:02,685 | GET http://testserver/redirect?code=kmmQ4G | UA: testclient | IP: testclient
2026-07-23 01:35:02,688 | POST http://testserver/shorten | UA: testclient | IP: testclient
2026-07-23 01:35:02,688 | POST http://testserver/shorten | UA: testclient | IP: testclient
2026-07-23 01:35:02,691 | PUT http://testserver/urls/DlZySk | UA: testclient | IP: testclient
2026-07-23 01:35:02,691 | PUT http://testserver/urls/DlZySk | UA: testclient | IP: testclient
2026-07-23 01:35:02,694 | POST http://testserver/shorten | UA: testclient | IP: testclient
2026-07-23 01:35:02,694 | POST http://testserver/shorten | UA: testclient | IP: testclient
2026-07-23 01:35:02,696 | PUT http://testserver/urls/zqp2Rc | UA: testclient | IP: testclient
2026-07-23 01:35:02,696 | PUT http://testserver/urls/zqp2Rc | UA: testclient | IP: testclient
2026-07-23 01:35:02,698 | GET http://testserver/redirect?code=zqp2Rc | UA: testclient | IP: testclient
2026-07-23 01:35:02,698 | GET http://testserver/redirect?code=zqp2Rc | UA: testclient | IP: testclient
2026-07-23 01:35:02,701 | POST http://testserver/shorten | UA: testclient | IP: testclient
2026-07-23 01:35:02,701 | POST http://testserver/shorten | UA: testclient | IP: testclient
2026-07-23 01:35:02,703 | GET http://testserver/redirect?code=l1vuW2 | UA: testclient | IP: testclient
2026-07-23 01:35:02,703 | GET http://testserver/redirect?code=l1vuW2 | UA: testclient | IP: testclient
2026-07-23 01:35:02,705 | PUT http://testserver/urls/l1vuW2 | UA: testclient | IP: testclient
2026-07-23 01:35:02,705 | PUT http://testserver/urls/l1vuW2 | UA: testclient | IP: testclient
2026-07-23 01:35:02,708 | GET http://testserver/redirect?code=l1vuW2 | UA: testclient | IP: testclient
2026-07-23 01:35:02,708 | GET http://testserver/redirect?code=l1vuW2 | UA: testclient | IP: testclient
2026-07-23 01:35:02,711 | POST http://testserver/shorten | UA: testclient | IP: testclient
2026-07-23 01:35:02,711 | POST http://testserver/shorten | UA: testclient | IP: testclient
2026-07-23 01:35:02,714 | PUT http://testserver/urls/KxbUUA | UA: testclient | IP: testclient
2026-07-23 01:35:02,714 | PUT http://testserver/urls/KxbUUA | UA: testclient | IP: testclient
2026-07-23 01:35:02,716 | GET http://testserver/redirect?code=KxbUUA | UA: testclient | IP: testclient
2026-07-23 01:35:02,716 | GET http://testserver/redirect?code=KxbUUA | UA: testclient | IP: testclient
2026-07-23 01:35:02,719 | POST http://testserver/shorten | UA: testclient | IP: testclient
2026-07-23 01:35:02,719 | POST http://testserver/shorten | UA: testclient | IP: testclient
2026-07-23 01:35:02,721 | PUT http://testserver/urls/bvM2EH | UA: testclient | IP: testclient
2026-07-23 01:35:02,721 | PUT http://testserver/urls/bvM2EH | UA: testclient | IP: testclient
2026-07-23 01:35:02,724 | POST http://testserver/shorten | UA: testclient | IP: testclient
2026-07-23 01:35:02,724 | POST http://testserver/shorten | UA: testclient | IP: testclient
2026-07-23 01:35:02,727 | PUT http://testserver/urls/nonexistent123 | UA: testclient | IP: testclient
2026-07-23 01:35:02,727 | PUT http://testserver/urls/nonexistent123 | UA: testclient | IP: testclient
2026-07-23 01:35:02,730 | POST http://testserver/shorten | UA: testclient | IP: testclient
2026-07-23 01:35:02,730 | POST http://testserver/shorten | UA: testclient | IP: testclient
2026-07-23 01:35:02,732 | DELETE http://testserver/urls/z2GXlp | UA: testclient | IP: testclient
2026-07-23 01:35:02,732 | DELETE http://testserver/urls/z2GXlp | UA: testclient | IP: testclient
2026-07-23 01:35:02,734 | PUT http://testserver/urls/z2GXlp | UA: testclient | IP: testclient
2026-07-23 01:35:02,734 | PUT http://testserver/urls/z2GXlp | UA: testclient | IP: testclient
2026-07-23 01:35:02,738 | POST http://testserver/shorten | UA: testclient | IP: testclient
2026-07-23 01:35:02,738 | POST http://testserver/shorten | UA: testclient | IP: testclient
2026-07-23 01:35:02,739 | PUT http://testserver/urls/eqAnH6 | UA: testclient | IP: testclient
2026-07-23 01:35:02,739 | PUT http://testserver/urls/eqAnH6 | UA: testclient | IP: testclient
2026-07-23 01:35:02,742 | POST http://testserver/shorten | UA: testclient | IP: testclient
2026-07-23 01:35:02,742 | POST http://testserver/shorten | UA: testclient | IP: testclient
2026-07-23 01:35:02,744 | GET http://testserver/redirect?code=K8YYau | UA: testclient | IP: testclient
2026-07-23 01:35:02,744 | GET http://testserver/redirect?code=K8YYau | UA: testclient | IP: testclient
2026-07-23 01:35:02,746 | POST http://testserver/shorten | UA: testclient | IP: testclient
2026-07-23 01:35:02,746 | POST http://testserver/shorten | UA: testclient | IP: testclient
2026-07-23 01:35:02,749 | POST http://testserver/shorten | UA: testclient | IP: testclient
2026-07-23 01:35:02,749 | POST http://testserver/shorten | UA: testclient | IP: testclient
2026-07-23 01:35:02,751 | PUT http://testserver/urls/SMAuh9 | UA: testclient | IP: testclient
2026-07-23 01:35:02,751 | PUT http://testserver/urls/SMAuh9 | UA: testclient | IP: testclient
2026-07-23 01:35:02,755 | POST http://testserver/shorten | UA: testclient | IP: testclient
2026-07-23 01:35:02,755 | POST http://testserver/shorten | UA: testclient | IP: testclient
2026-07-23 01:35:02,925 | PUT http://testserver/urls/svJlCP | UA: testclient | IP: testclient
2026-07-23 01:35:02,925 | PUT http://testserver/urls/svJlCP | UA: testclient | IP: testclient
2026-07-23 01:35:02,927 | GET http://testserver/redirect?code=svJlCP | UA: testclient | IP: testclient
2026-07-23 01:35:02,927 | GET http://testserver/redirect?code=svJlCP | UA: testclient | IP: testclient
2026-07-23 01:35:03,098 | POST http://testserver/shorten | UA: testclient | IP: testclient
2026-07-23 01:35:03,098 | POST http://testserver/shorten | UA: testclient | IP: testclient
2026-07-23 01:35:03,268 | GET http://testserver/redirect?code=uLkNBr&password=secret1 | UA: testclient | IP: testclient
2026-07-23 01:35:03,268 | GET http://testserver/redirect?code=uLkNBr&password=secret1 | UA: testclient | IP: testclient
2026-07-23 01:35:03,440 | POST http://testserver/shorten | UA: testclient | IP: testclient
2026-07-23 01:35:03,440 | POST http://testserver/shorten | UA: testclient | IP: testclient
2026-07-23 01:35:03,609 | GET http://testserver/redirect?code=HnF7zP&password=wrongpass | UA: testclient | IP: testclient
2026-07-23 01:35:03,609 | GET http://testserver/redirect?code=HnF7zP&password=wrongpass | UA: testclient | IP: testclient
2026-07-23 01:35:03,781 | POST http://testserver/shorten | UA: testclient | IP: testclient
2026-07-23 01:35:03,781 | POST http://testserver/shorten | UA: testclient | IP: testclient
2026-07-23 01:35:03,783 | DELETE http://testserver/urls/HV8Z5X | UA: testclient | IP: testclient
2026-07-23 01:35:03,783 | DELETE http://testserver/urls/HV8Z5X | UA: testclient | IP: testclient
2026-07-23 01:35:03,785 | GET http://testserver/redirect?code=HV8Z5X | UA: testclient | IP: testclient
2026-07-23 01:35:03,785 | GET http://testserver/redirect?code=HV8Z5X | UA: testclient | IP: testclient
2026-07-23 01:35:03,956 | POST http://testserver/shorten | UA: testclient | IP: testclient
2026-07-23 01:35:03,956 | POST http://testserver/shorten | UA: testclient | IP: testclient
2026-07-23 01:35:03,958 | GET http://testserver/redirect?code=0IPcfn | UA: testclient | IP: testclient
2026-07-23 01:35:03,958 | GET http://testserver/redirect?code=0IPcfn | UA: testclient | IP: testclient
2026-07-23 01:35:03,962 | POST http://testserver/shorten | UA: testclient | IP: testclient
2026-07-23 01:35:03,962 | POST http://testserver/shorten | UA: testclient | IP: testclient
2026-07-23 01:35:03,964 | GET http://testserver/redirect?code=stDGKu | UA: testclient | IP: testclient
2026-07-23 01:35:03,964 | GET http://testserver/redirect?code=stDGKu | UA: testclient | IP: testclient
2026-07-23 01:35:04,135 | PUT http://testserver/urls/stDGKu | UA: testclient | IP: testclient
2026-07-23 01:35:04,135 | PUT http://testserver/urls/stDGKu | UA: testclient | IP: testclient
2026-07-23 01:35:04,137 | GET http://testserver/redirect?code=stDGKu | UA: testclient | IP: testclient
2026-07-23 01:35:04,137 | GET http://testserver/redirect?code=stDGKu | UA: testclient | IP: testclient
2026-07-23 01:35:04,308 | POST http://testserver/shorten | UA: testclient | IP: testclient
2026-07-23 01:35:04,308 | POST http://testserver/shorten | UA: testclient | IP: testclient
2026-07-23 01:35:04,310 | GET http://testserver/redirect?code=enDzZm | UA: testclient | IP: testclient
2026-07-23 01:35:04,310 | GET http://testserver/redirect?code=enDzZm | UA: testclient | IP: testclient
2026-07-23 01:35:04,313 | PUT http://testserver/urls/enDzZm | UA: testclient | IP: testclient
2026-07-23 01:35:04,313 | PUT http://testserver/urls/enDzZm | UA: testclient | IP: testclient
2026-07-23 01:35:04,315 | GET http://testserver/redirect?code=enDzZm | UA: testclient | IP: testclient
2026-07-23 01:35:04,315 | GET http://testserver/redirect?code=enDzZm | UA: testclient | IP: testclient
2026-07-23 01:35:04,317 | POST http://testserver/shorten | UA: testclient | IP: testclient
2026-07-23 01:35:04,317 | POST http://testserver/shorten | UA: testclient | IP: testclient
2026-07-23 01:35:04,319 | POST http://testserver/shorten | UA: testclient | IP: testclient
2026-07-23 01:35:04,319 | POST http://testserver/shorten | UA: testclient | IP: testclient
2026-07-23 01:35:04,321 | POST http://testserver/shorten | UA: testclient | IP: testclient
2026-07-23 01:35:04,321 | POST http://testserver/shorten | UA: testclient | IP: testclient
2026-07-23 01:35:04,322 | GET http://testserver/redirect | UA: testclient | IP: testclient
2026-07-23 01:35:04,322 | GET http://testserver/redirect | UA: testclient | IP: testclient
2026-07-23 01:35:04,325 | GET http://testserver/redirect?code= | UA: testclient | IP: testclient
2026-07-23 01:35:04,325 | GET http://testserver/redirect?code= | UA: testclient | IP: testclient
2026-07-23 01:35:04,328 | POST http://testserver/shorten | UA: testclient | IP: testclient
2026-07-23 01:35:04,328 | POST http://testserver/shorten | UA: testclient | IP: testclient
2026-07-23 01:35:04,331 | POST http://testserver/shorten | UA: testclient | IP: testclient
2026-07-23 01:35:04,331 | POST http://testserver/shorten | UA: testclient | IP: testclient
2026-07-23 01:35:04,333 | GET http://testserver/redirect?code=ZHg9Gm | UA: testclient | IP: testclient
2026-07-23 01:35:04,333 | GET http://testserver/redirect?code=ZHg9Gm | UA: testclient | IP: testclient
2026-07-23 01:35:04,337 | POST http://testserver/shorten | UA: testclient | IP: testclient
2026-07-23 01:35:04,337 | POST http://testserver/shorten | UA: testclient | IP: testclient
2026-07-23 01:35:04,340 | POST http://testserver/shorten | UA: testclient | IP: testclient
2026-07-23 01:35:04,340 | POST http://testserver/shorten | UA: testclient | IP: testclient
2026-07-23 01:35:04,347 | GET http://testserver/urls?size=1000 | UA: testclient | IP: testclient
2026-07-23 01:35:04,347 | GET http://testserver/urls?size=1000 | UA: testclient | IP: testclient
2026-07-23 01:35:04,519 | POST http://testserver/shorten | UA: testclient | IP: testclient
2026-07-23 01:35:04,519 | POST http://testserver/shorten | UA: testclient | IP: testclient
2026-07-23 01:35:04,522 | GET http://testserver/urls | UA: testclient | IP: testclient
2026-07-23 01:35:04,522 | GET http://testserver/urls | UA: testclient | IP: testclient
2026-07-23 01:35:04,525 | POST http://testserver/shorten | UA: testclient | IP: testclient
2026-07-23 01:35:04,525 | POST http://testserver/shorten | UA: testclient | IP: testclient
2026-07-23 01:35:04,528 | POST http://testserver/shorten | UA: testclient | IP: testclient
2026-07-23 01:35:04,528 | POST http://testserver/shorten | UA: testclient | IP: testclient
2026-07-23 01:35:04,530 | POST http://testserver/shorten | UA: testclient | IP: testclient
2026-07-23 01:35:04,530 | POST http://testserver/shorten | UA: testclient | IP: testclient
2026-07-23 01:35:04,533 | POST http://testserver/shorten | UA: testclient | IP: testclient
2026-07-23 01:35:04,533 | POST http://testserver/shorten | UA: testclient | IP: testclient
2026-07-23 01:35:04,535 | POST http://testserver/shorten | UA: testclient | IP: testclient
2026-07-23 01:35:04,535 | POST http://testserver/shorten | UA: testclient | IP: testclient
2026-07-23 01:35:04,538 | GET http://testserver/urls?page=1&size=2 | UA: testclient | IP: testclient
2026-07-23 01:35:04,538 | GET http://testserver/urls?page=1&size=2 | UA: testclient | IP: testclient
2026-07-23 01:35:04,541 | POST http://testserver/shorten | UA: testclient | IP: testclient
2026-07-23 01:35:04,541 | POST http://testserver/shorten | UA: testclient | IP: testclient
2026-07-23 01:35:04,543 | POST http://testserver/shorten | UA: testclient | IP: testclient
2026-07-23 01:35:04,543 | POST http://testserver/shorten | UA: testclient | IP: testclient
2026-07-23 01:35:04,546 | POST http://testserver/shorten | UA: testclient | IP: testclient
2026-07-23 01:35:04,546 | POST http://testserver/shorten | UA: testclient | IP: testclient
2026-07-23 01:35:04,548 | POST http://testserver/shorten | UA: testclient | IP: testclient
2026-07-23 01:35:04,548 | POST http://testserver/shorten | UA: testclient | IP: testclient
2026-07-23 01:35:04,550 | POST http://testserver/shorten | UA: testclient | IP: testclient
2026-07-23 01:35:04,550 | POST http://testserver/shorten | UA: testclient | IP: testclient
2026-07-23 01:35:04,553 | GET http://testserver/urls?page=1&size=2 | UA: testclient | IP: testclient
2026-07-23 01:35:04,553 | GET http://testserver/urls?page=1&size=2 | UA: testclient | IP: testclient
2026-07-23 01:35:04,555 | GET http://testserver/urls?page=2&size=2 | UA: testclient | IP: testclient
2026-07-23 01:35:04,555 | GET http://testserver/urls?page=2&size=2 | UA: testclient | IP: testclient
2026-07-23 01:35:04,558 | POST http://testserver/shorten | UA: testclient | IP: testclient
2026-07-23 01:35:04,558 | POST http://testserver/shorten | UA: testclient | IP: testclient
2026-07-23 01:35:04,560 | POST http://testserver/shorten | UA: testclient | IP: testclient
2026-07-23 01:35:04,560 | POST http://testserver/shorten | UA: testclient | IP: testclient
2026-07-23 01:35:04,562 | POST http://testserver/shorten | UA: testclient | IP: testclient
2026-07-23 01:35:04,562 | POST http://testserver/shorten | UA: testclient | IP: testclient
2026-07-23 01:35:04,565 | GET http://testserver/urls?page=1&size=1 | UA: testclient | IP: testclient
2026-07-23 01:35:04,565 | GET http://testserver/urls?page=1&size=1 | UA: testclient | IP: testclient
2026-07-23 01:35:04,568 | GET http://testserver/urls | UA: testclient | IP: testclient
2026-07-23 01:35:04,568 | GET http://testserver/urls | UA: testclient | IP: testclient
2026-07-23 01:35:04,570 | GET http://testserver/health | UA: testclient | IP: testclient
2026-07-23 01:35:04,570 | GET http://testserver/health | UA: testclient | IP: testclient
2026-07-23 01:35:04,571 | GET http://testserver/health | UA: testclient | IP: testclient
2026-07-23 01:35:04,571 | GET http://testserver/health | UA: testclient | IP: testclient
2026-07-23 01:35:04,573 | GET http://testserver/health | UA: testclient | IP: testclient
2026-07-23 01:35:04,573 | GET http://testserver/health | UA: testclient | IP: testclient
2026-07-23 01:35:04,575 | GET http://testserver/health | UA: testclient | IP: testclient
2026-07-23 01:35:04,575 | GET http://testserver/health | UA: testclient | IP: testclient
2026-07-23 01:35:04,576 | GET http://testserver/health | UA: testclient | IP: testclient
2026-07-23 01:35:04,576 | GET http://testserver/health | UA: testclient | IP: testclient
2026-07-23 01:35:04,579 | POST http://testserver/shorten | UA: testclient | IP: testclient
2026-07-23 01:35:04,579 | POST http://testserver/shorten | UA: testclient | IP: testclient
2026-07-23 01:35:04,581 | GET http://testserver/redirect?code=oVQsig | UA: testclient | IP: testclient
2026-07-23 01:35:04,581 | GET http://testserver/redirect?code=oVQsig | UA: testclient | IP: testclient
2026-07-23 01:35:04,584 | POST http://testserver/shorten | UA: testclient | IP: testclient
2026-07-23 01:35:04,584 | POST http://testserver/shorten | UA: testclient | IP: testclient
2026-07-23 01:35:04,586 | POST http://testserver/shorten | UA: testclient | IP: testclient
2026-07-23 01:35:04,586 | POST http://testserver/shorten | UA: testclient | IP: testclient
2026-07-23 01:35:04,591 | GET http://testserver/urls | UA: testclient | IP: testclient
2026-07-23 01:35:04,591 | GET http://testserver/urls | UA: testclient | IP: testclient
2026-07-23 01:35:53,634 | POST http://testserver/shorten | UA: testclient | IP: testclient
2026-07-23 01:35:53,634 | POST http://testserver/shorten | UA: testclient | IP: testclient
2026-07-23 01:35:53,639 | GET http://testserver/redirect?code=bAIUbS | UA: testclient | IP: testclient
2026-07-23 01:35:53,639 | GET http://testserver/redirect?code=bAIUbS | UA: testclient | IP: testclient
2026-07-23 01:35:53,646 | POST http://testserver/shorten | UA: testclient | IP: testclient
2026-07-23 01:35:53,646 | POST http://testserver/shorten | UA: testclient | IP: testclient
2026-07-23 01:35:53,651 | DELETE http://testserver/urls/CDMC9Q | UA: testclient | IP: testclient
2026-07-23 01:35:53,651 | DELETE http://testserver/urls/CDMC9Q | UA: testclient | IP: testclient
2026-07-23 01:35:53,653 | GET http://testserver/redirect?code=CDMC9Q | UA: testclient | IP: testclient
2026-07-23 01:35:53,653 | GET http://testserver/redirect?code=CDMC9Q | UA: testclient | IP: testclient
2026-07-23 01:35:53,656 | DELETE http://testserver/urls/nonexistent123 | UA: testclient | IP: testclient
2026-07-23 01:35:53,656 | DELETE http://testserver/urls/nonexistent123 | UA: testclient | IP: testclient
2026-07-23 01:35:53,658 | GET http://testserver/redirect?code=nonexistent123 | UA: testclient | IP: testclient
2026-07-23 01:35:53,658 | GET http://testserver/redirect?code=nonexistent123 | UA: testclient | IP: testclient
2026-07-23 01:35:53,662 | POST http://testserver/shorten | UA: testclient | IP: testclient
2026-07-23 01:35:53,662 | POST http://testserver/shorten | UA: testclient | IP: testclient
2026-07-23 01:35:53,665 | GET http://testserver/redirect?code=KeloWf | UA: testclient | IP: testclient
2026-07-23 01:35:53,665 | GET http://testserver/redirect?code=KeloWf | UA: testclient | IP: testclient
2026-07-23 01:35:53,667 | GET http://testserver/redirect?code=KeloWf | UA: testclient | IP: testclient
2026-07-23 01:35:53,667 | GET http://testserver/redirect?code=KeloWf | UA: testclient | IP: testclient
2026-07-23 01:35:53,671 | POST http://testserver/shorten | UA: testclient | IP: testclient
2026-07-23 01:35:53,671 | POST http://testserver/shorten | UA: testclient | IP: testclient
2026-07-23 01:35:53,673 | GET http://testserver/redirect?code=65CJPE | UA: testclient | IP: testclient
2026-07-23 01:35:53,673 | GET http://testserver/redirect?code=65CJPE | UA: testclient | IP: testclient
2026-07-23 01:35:53,677 | POST http://testserver/shorten | UA: testclient | IP: testclient
2026-07-23 01:35:53,677 | POST http://testserver/shorten | UA: testclient | IP: testclient
2026-07-23 01:35:53,680 | POST http://testserver/shorten | UA: testclient | IP: testclient
2026-07-23 01:35:53,680 | POST http://testserver/shorten | UA: testclient | IP: testclient
2026-07-23 01:35:53,682 | GET http://testserver/redirect?code=SdvRmA | UA: testclient | IP: testclient
2026-07-23 01:35:53,682 | GET http://testserver/redirect?code=SdvRmA | UA: testclient | IP: testclient
2026-07-23 01:35:53,684 | GET http://testserver/redirect?code=iyg6BR | UA: testclient | IP: testclient
2026-07-23 01:35:53,684 | GET http://testserver/redirect?code=iyg6BR | UA: testclient | IP: testclient
2026-07-23 01:35:53,686 | GET http://testserver/redirect?code=SdvRmA | UA: testclient | IP: testclient
2026-07-23 01:35:53,686 | GET http://testserver/redirect?code=SdvRmA | UA: testclient | IP: testclient
2026-07-23 01:35:53,690 | POST http://testserver/shorten | UA: testclient | IP: testclient
2026-07-23 01:35:53,690 | POST http://testserver/shorten | UA: testclient | IP: testclient
2026-07-23 01:35:53,692 | POST http://testserver/shorten | UA: testclient | IP: testclient
2026-07-23 01:35:53,692 | POST http://testserver/shorten | UA: testclient | IP: testclient
2026-07-23 01:35:53,696 | POST http://testserver/shorten | UA: testclient | IP: testclient
2026-07-23 01:35:53,696 | POST http://testserver/shorten | UA: testclient | IP: testclient
2026-07-23 01:35:53,698 | DELETE http://testserver/urls/t1jekZ | UA: testclient | IP: testclient
2026-07-23 01:35:53,698 | DELETE http://testserver/urls/t1jekZ | UA: testclient | IP: testclient
2026-07-23 01:35:53,699 | GET http://testserver/redirect?code=t1jekZ | UA: testclient | IP: testclient
2026-07-23 01:35:53,699 | GET http://testserver/redirect?code=t1jekZ | UA: testclient | IP: testclient
2026-07-23 01:35:53,703 | POST http://testserver/shorten | UA: testclient | IP: testclient
2026-07-23 01:35:53,703 | POST http://testserver/shorten | UA: testclient | IP: testclient
2026-07-23 01:35:53,706 | POST http://testserver/shorten | UA: testclient | IP: testclient
2026-07-23 01:35:53,706 | POST http://testserver/shorten | UA: testclient | IP: testclient
2026-07-23 01:35:53,708 | POST http://testserver/shorten | UA: testclient | IP: testclient
2026-07-23 01:35:53,708 | POST http://testserver/shorten | UA: testclient | IP: testclient
2026-07-23 01:35:53,712 | POST http://testserver/shorten | UA: testclient | IP: testclient
2026-07-23 01:35:53,712 | POST http://testserver/shorten | UA: testclient | IP: testclient
2026-07-23 01:35:53,714 | DELETE http://testserver/urls/P8wW82 | UA: testclient | IP: testclient
2026-07-23 01:35:53,714 | DELETE http://testserver/urls/P8wW82 | UA: testclient | IP: testclient
2026-07-23 01:35:53,715 | GET http://testserver/redirect?code=P8wW82 | UA: testclient | IP: testclient
2026-07-23 01:35:53,715 | GET http://testserver/redirect?code=P8wW82 | UA: testclient | IP: testclient
2026-07-23 01:35:53,718 | POST http://testserver/shorten | UA: testclient | IP: testclient
2026-07-23 01:35:53,718 | POST http://testserver/shorten | UA: testclient | IP: testclient
2026-07-23 01:35:53,720 | DELETE http://testserver/urls/2l64yC | UA: testclient | IP: testclient
2026-07-23 01:35:53,720 | DELETE http://testserver/urls/2l64yC | UA: testclient | IP: testclient
2026-07-23 01:35:53,722 | GET http://testserver/redirect?code=2l64yC | UA: testclient | IP: testclient
2026-07-23 01:35:53,722 | GET http://testserver/redirect?code=2l64yC | UA: testclient | IP: testclient
2026-07-23 01:35:53,725 | POST http://testserver/shorten | UA: testclient | IP: testclient
2026-07-23 01:35:53,725 | POST http://testserver/shorten | UA: testclient | IP: testclient
2026-07-23 01:35:53,729 | POST http://testserver/shorten | UA: testclient | IP: testclient
2026-07-23 01:35:53,729 | POST http://testserver/shorten | UA: testclient | IP: testclient
2026-07-23 01:35:53,731 | DELETE http://testserver/urls/qLTV1f | UA: testclient | IP: testclient
2026-07-23 01:35:53,731 | DELETE http://testserver/urls/qLTV1f | UA: testclient | IP: testclient
2026-07-23 01:35:53,734 | POST http://testserver/shorten | UA: testclient | IP: testclient
2026-07-23 01:35:53,734 | POST http://testserver/shorten | UA: testclient | IP: testclient
2026-07-23 01:35:53,736 | GET http://testserver/redirect?code=bdIUdi | UA: testclient | IP: testclient
2026-07-23 01:35:53,736 | GET http://testserver/redirect?code=bdIUdi | UA: testclient | IP: testclient
2026-07-23 01:35:53,740 | POST http://testserver/shorten | UA: testclient | IP: testclient
2026-07-23 01:35:53,740 | POST http://testserver/shorten | UA: testclient | IP: testclient
2026-07-23 01:35:53,743 | GET http://testserver/redirect?code=aMT64X | UA: testclient | IP: testclient
2026-07-23 01:35:53,743 | GET http://testserver/redirect?code=aMT64X | UA: testclient | IP: testclient
2026-07-23 01:35:53,746 | POST http://testserver/shorten | UA: testclient | IP: testclient
2026-07-23 01:35:53,746 | POST http://testserver/shorten | UA: testclient | IP: testclient
2026-07-23 01:35:53,748 | GET http://testserver/redirect?code=H6eL33 | UA: testclient | IP: testclient
2026-07-23 01:35:53,748 | GET http://testserver/redirect?code=H6eL33 | UA: testclient | IP: testclient
2026-07-23 01:35:53,750 | POST http://testserver/shorten | UA: testclient | IP: testclient
2026-07-23 01:35:53,750 | POST http://testserver/shorten | UA: testclient | IP: testclient
2026-07-23 01:35:53,753 | POST http://testserver/shorten | UA: testclient | IP: testclient
2026-07-23 01:35:53,753 | POST http://testserver/shorten | UA: testclient | IP: testclient
2026-07-23 01:35:53,755 | GET http://testserver/redirect?code=1GiGDf | UA: testclient | IP: testclient
2026-07-23 01:35:53,755 | GET http://testserver/redirect?code=1GiGDf | UA: testclient | IP: testclient
2026-07-23 01:35:53,759 | POST http://testserver/shorten | UA: testclient | IP: testclient
2026-07-23 01:35:53,759 | POST http://testserver/shorten | UA: testclient | IP: testclient
2026-07-23 01:35:53,761 | GET http://testserver/redirect?code=my-article-caef1276 | UA: testclient | IP: testclient
2026-07-23 01:35:53,761 | GET http://testserver/redirect?code=my-article-caef1276 | UA: testclient | IP: testclient
2026-07-23 01:35:53,764 | POST http://testserver/shorten | UA: testclient | IP: testclient
2026-07-23 01:35:53,764 | POST http://testserver/shorten | UA: testclient | IP: testclient
2026-07-23 01:35:53,765 | POST http://testserver/shorten | UA: testclient | IP: testclient
2026-07-23 01:35:53,765 | POST http://testserver/shorten | UA: testclient | IP: testclient
2026-07-23 01:35:53,768 | POST http://testserver/shorten | UA: testclient | IP: testclient
2026-07-23 01:35:53,768 | POST http://testserver/shorten | UA: testclient | IP: testclient
2026-07-23 01:35:53,770 | DELETE http://testserver/urls/dead-166f7d6a | UA: testclient | IP: testclient
2026-07-23 01:35:53,770 | DELETE http://testserver/urls/dead-166f7d6a | UA: testclient | IP: testclient
2026-07-23 01:35:53,772 | POST http://testserver/shorten | UA: testclient | IP: testclient
2026-07-23 01:35:53,772 | POST http://testserver/shorten | UA: testclient | IP: testclient
2026-07-23 01:35:53,775 | POST http://testserver/shorten | UA: testclient | IP: testclient
2026-07-23 01:35:53,775 | POST http://testserver/shorten | UA: testclient | IP: testclient
2026-07-23 01:35:53,780 | POST http://testserver/shorten/batch | UA: testclient | IP: testclient
2026-07-23 01:35:53,780 | POST http://testserver/shorten/batch | UA: testclient | IP: testclient
2026-07-23 01:35:53,782 | GET http://testserver/redirect?code=DeUFhw | UA: testclient | IP: testclient
2026-07-23 01:35:53,782 | GET http://testserver/redirect?code=DeUFhw | UA: testclient | IP: testclient
2026-07-23 01:35:53,784 | GET http://testserver/redirect?code=iLsCxn | UA: testclient | IP: testclient
2026-07-23 01:35:53,784 | GET http://testserver/redirect?code=iLsCxn | UA: testclient | IP: testclient
2026-07-23 01:35:53,786 | GET http://testserver/redirect?code=o7vEK4 | UA: testclient | IP: testclient
2026-07-23 01:35:53,786 | GET http://testserver/redirect?code=o7vEK4 | UA: testclient | IP: testclient
2026-07-23 01:35:53,788 | POST http://testserver/shorten | UA: testclient | IP: testclient
2026-07-23 01:35:53,788 | POST http://testserver/shorten | UA: testclient | IP: testclient
2026-07-23 01:35:53,792 | POST http://testserver/shorten/batch | UA: testclient | IP: testclient
2026-07-23 01:35:53,792 | POST http://testserver/shorten/batch | UA: testclient | IP: testclient
2026-07-23 01:35:53,794 | POST http://testserver/shorten/batch | UA: testclient | IP: testclient
2026-07-23 01:35:53,794 | POST http://testserver/shorten/batch | UA: testclient | IP: testclient
2026-07-23 01:35:53,797 | POST http://testserver/shorten/batch | UA: testclient | IP: testclient
2026-07-23 01:35:53,797 | POST http://testserver/shorten/batch | UA: testclient | IP: testclient
2026-07-23 01:35:53,801 | POST http://testserver/shorten/batch | UA: testclient | IP: testclient
2026-07-23 01:35:53,801 | POST http://testserver/shorten/batch | UA: testclient | IP: testclient
2026-07-23 01:35:53,805 | POST http://testserver/shorten/batch | UA: testclient | IP: testclient
2026-07-23 01:35:53,805 | POST http://testserver/shorten/batch | UA: testclient | IP: testclient
2026-07-23 01:35:53,962 | POST http://testserver/shorten | UA: testclient | IP: testclient
2026-07-23 01:35:53,962 | POST http://testserver/shorten | UA: testclient | IP: testclient
2026-07-23 01:35:53,965 | PUT http://testserver/urls/H9EahK | UA: testclient | IP: testclient
2026-07-23 01:35:53,965 | PUT http://testserver/urls/H9EahK | UA: testclient | IP: testclient
2026-07-23 01:35:53,967 | GET http://testserver/redirect?code=H9EahK | UA: testclient | IP: testclient
2026-07-23 01:35:53,967 | GET http://testserver/redirect?code=H9EahK | UA: testclient | IP: testclient
2026-07-23 01:35:53,970 | POST http://testserver/shorten | UA: testclient | IP: testclient
2026-07-23 01:35:53,970 | POST http://testserver/shorten | UA: testclient | IP: testclient
2026-07-23 01:35:53,973 | PUT http://testserver/urls/GHovgJ | UA: testclient | IP: testclient
2026-07-23 01:35:53,973 | PUT http://testserver/urls/GHovgJ | UA: testclient | IP: testclient
2026-07-23 01:35:53,977 | POST http://testserver/shorten | UA: testclient | IP: testclient
2026-07-23 01:35:53,977 | POST http://testserver/shorten | UA: testclient | IP: testclient
2026-07-23 01:35:53,979 | PUT http://testserver/urls/JFRCbL | UA: testclient | IP: testclient
2026-07-23 01:35:53,979 | PUT http://testserver/urls/JFRCbL | UA: testclient | IP: testclient
2026-07-23 01:35:53,980 | GET http://testserver/redirect?code=JFRCbL | UA: testclient | IP: testclient
2026-07-23 01:35:53,980 | GET http://testserver/redirect?code=JFRCbL | UA: testclient | IP: testclient
2026-07-23 01:35:53,983 | POST http://testserver/shorten | UA: testclient | IP: testclient
2026-07-23 01:35:53,983 | POST http://testserver/shorten | UA: testclient | IP: testclient
2026-07-23 01:35:53,985 | GET http://testserver/redirect?code=EXo8eF | UA: testclient | IP: testclient
2026-07-23 01:35:53,985 | GET http://testserver/redirect?code=EXo8eF | UA: testclient | IP: testclient
2026-07-23 01:35:53,990 | PUT http://testserver/urls/EXo8eF | UA: testclient | IP: testclient
2026-07-23 01:35:53,990 | PUT http://testserver/urls/EXo8eF | UA: testclient | IP: testclient
2026-07-23 01:35:53,992 | GET http://testserver/redirect?code=EXo8eF | UA: testclient | IP: testclient
2026-07-23 01:35:53,992 | GET http://testserver/redirect?code=EXo8eF | UA: testclient | IP: testclient
2026-07-23 01:35:53,995 | POST http://testserver/shorten | UA: testclient | IP: testclient
2026-07-23 01:35:53,995 | POST http://testserver/shorten | UA: testclient | IP: testclient
2026-07-23 01:35:53,998 | PUT http://testserver/urls/OyZN3A | UA: testclient | IP: testclient
2026-07-23 01:35:53,998 | PUT http://testserver/urls/OyZN3A | UA: testclient | IP: testclient
2026-07-23 01:35:54,000 | GET http://testserver/redirect?code=OyZN3A | UA: testclient | IP: testclient
2026-07-23 01:35:54,000 | GET http://testserver/redirect?code=OyZN3A | UA: testclient | IP: testclient
2026-07-23 01:35:54,003 | POST http://testserver/shorten | UA: testclient | IP: testclient
2026-07-23 01:35:54,003 | POST http://testserver/shorten | UA: testclient | IP: testclient
2026-07-23 01:35:54,005 | PUT http://testserver/urls/6tmxqq | UA: testclient | IP: testclient
2026-07-23 01:35:54,005 | PUT http://testserver/urls/6tmxqq | UA: testclient | IP: testclient
2026-07-23 01:35:54,008 | POST http://testserver/shorten | UA: testclient | IP: testclient
2026-07-23 01:35:54,008 | POST http://testserver/shorten | UA: testclient | IP: testclient
2026-07-23 01:35:54,012 | PUT http://testserver/urls/nonexistent123 | UA: testclient | IP: testclient
2026-07-23 01:35:54,012 | PUT http://testserver/urls/nonexistent123 | UA: testclient | IP: testclient
2026-07-23 01:35:54,015 | POST http://testserver/shorten | UA: testclient | IP: testclient
2026-07-23 01:35:54,015 | POST http://testserver/shorten | UA: testclient | IP: testclient
2026-07-23 01:35:54,017 | DELETE http://testserver/urls/9acCu9 | UA: testclient | IP: testclient
2026-07-23 01:35:54,017 | DELETE http://testserver/urls/9acCu9 | UA: testclient | IP: testclient
2026-07-23 01:35:54,019 | PUT http://testserver/urls/9acCu9 | UA: testclient | IP: testclient
2026-07-23 01:35:54,019 | PUT http://testserver/urls/9acCu9 | UA: testclient | IP: testclient
2026-07-23 01:35:54,022 | POST http://testserver/shorten | UA: testclient | IP: testclient
2026-07-23 01:35:54,022 | POST http://testserver/shorten | UA: testclient | IP: testclient
2026-07-23 01:35:54,023 | PUT http://testserver/urls/X6VbDH | UA: testclient | IP: testclient
2026-07-23 01:35:54,023 | PUT http://testserver/urls/X6VbDH | UA: testclient | IP: testclient
2026-07-23 01:35:54,026 | POST http://testserver/shorten | UA: testclient | IP: testclient
2026-07-23 01:35:54,026 | POST http://testserver/shorten | UA: testclient | IP: testclient
2026-07-23 01:35:54,028 | GET http://testserver/redirect?code=ck1UnL | UA: testclient | IP: testclient
2026-07-23 01:35:54,028 | GET http://testserver/redirect?code=ck1UnL | UA: testclient | IP: testclient
2026-07-23 01:35:54,030 | POST http://testserver/shorten | UA: testclient | IP: testclient
2026-07-23 01:35:54,030 | POST http://testserver/shorten | UA: testclient | IP: testclient
2026-07-23 01:35:54,033 | POST http://testserver/shorten | UA: testclient | IP: testclient
2026-07-23 01:35:54,033 | POST http://testserver/shorten | UA: testclient | IP: testclient
2026-07-23 01:35:54,035 | PUT http://testserver/urls/4UFXI0 | UA: testclient | IP: testclient
2026-07-23 01:35:54,035 | PUT http://testserver/urls/4UFXI0 | UA: testclient | IP: testclient
2026-07-23 01:35:54,038 | POST http://testserver/shorten | UA: testclient | IP: testclient
2026-07-23 01:35:54,038 | POST http://testserver/shorten | UA: testclient | IP: testclient
2026-07-23 01:35:54,208 | PUT http://testserver/urls/Nfm6nj | UA: testclient | IP: testclient
2026-07-23 01:35:54,208 | PUT http://testserver/urls/Nfm6nj | UA: testclient | IP: testclient
2026-07-23 01:35:54,209 | GET http://testserver/redirect?code=Nfm6nj | UA: testclient | IP: testclient
2026-07-23 01:35:54,209 | GET http://testserver/redirect?code=Nfm6nj | UA: testclient | IP: testclient
2026-07-23 01:35:54,379 | POST http://testserver/shorten | UA: testclient | IP: testclient
2026-07-23 01:35:54,379 | POST http://testserver/shorten | UA: testclient | IP: testclient
2026-07-23 01:35:54,548 | GET http://testserver/redirect?code=cCKC9H&password=secret1 | UA: testclient | IP: testclient
2026-07-23 01:35:54,548 | GET http://testserver/redirect?code=cCKC9H&password=secret1 | UA: testclient | IP: testclient
2026-07-23 01:35:54,722 | POST http://testserver/shorten | UA: testclient | IP: testclient
2026-07-23 01:35:54,722 | POST http://testserver/shorten | UA: testclient | IP: testclient
2026-07-23 01:35:54,889 | GET http://testserver/redirect?code=B8FAkq&password=wrongpass | UA: testclient | IP: testclient
2026-07-23 01:35:54,889 | GET http://testserver/redirect?code=B8FAkq&password=wrongpass | UA: testclient | IP: testclient
2026-07-23 01:35:55,062 | POST http://testserver/shorten | UA: testclient | IP: testclient
2026-07-23 01:35:55,062 | POST http://testserver/shorten | UA: testclient | IP: testclient
2026-07-23 01:35:55,064 | DELETE http://testserver/urls/bR7sC5 | UA: testclient | IP: testclient
2026-07-23 01:35:55,064 | DELETE http://testserver/urls/bR7sC5 | UA: testclient | IP: testclient
2026-07-23 01:35:55,066 | GET http://testserver/redirect?code=bR7sC5 | UA: testclient | IP: testclient
2026-07-23 01:35:55,066 | GET http://testserver/redirect?code=bR7sC5 | UA: testclient | IP: testclient
2026-07-23 01:35:55,236 | POST http://testserver/shorten | UA: testclient | IP: testclient
2026-07-23 01:35:55,236 | POST http://testserver/shorten | UA: testclient | IP: testclient
2026-07-23 01:35:55,239 | GET http://testserver/redirect?code=sogqhJ | UA: testclient | IP: testclient
2026-07-23 01:35:55,239 | GET http://testserver/redirect?code=sogqhJ | UA: testclient | IP: testclient
2026-07-23 01:35:55,243 | POST http://testserver/shorten | UA: testclient | IP: testclient
2026-07-23 01:35:55,243 | POST http://testserver/shorten | UA: testclient | IP: testclient
2026-07-23 01:35:55,245 | GET http://testserver/redirect?code=YmaBRf | UA: testclient | IP: testclient
2026-07-23 01:35:55,245 | GET http://testserver/redirect?code=YmaBRf | UA: testclient | IP: testclient
2026-07-23 01:35:55,414 | PUT http://testserver/urls/YmaBRf | UA: testclient | IP: testclient
2026-07-23 01:35:55,414 | PUT http://testserver/urls/YmaBRf | UA: testclient | IP: testclient
2026-07-23 01:35:55,415 | GET http://testserver/redirect?code=YmaBRf | UA: testclient | IP: testclient
2026-07-23 01:35:55,415 | GET http://testserver/redirect?code=YmaBRf | UA: testclient | IP: testclient
2026-07-23 01:35:55,586 | POST http://testserver/shorten | UA: testclient | IP: testclient
2026-07-23 01:35:55,586 | POST http://testserver/shorten | UA: testclient | IP: testclient
2026-07-23 01:35:55,587 | GET http://testserver/redirect?code=3M0Lzx | UA: testclient | IP: testclient
2026-07-23 01:35:55,587 | GET http://testserver/redirect?code=3M0Lzx | UA: testclient | IP: testclient
2026-07-23 01:35:55,590 | PUT http://testserver/urls/3M0Lzx | UA: testclient | IP: testclient
2026-07-23 01:35:55,590 | PUT http://testserver/urls/3M0Lzx | UA: testclient | IP: testclient
2026-07-23 01:35:55,592 | GET http://testserver/redirect?code=3M0Lzx | UA: testclient | IP: testclient
2026-07-23 01:35:55,592 | GET http://testserver/redirect?code=3M0Lzx | UA: testclient | IP: testclient
2026-07-23 01:35:55,594 | POST http://testserver/shorten | UA: testclient | IP: testclient
2026-07-23 01:35:55,594 | POST http://testserver/shorten | UA: testclient | IP: testclient
2026-07-23 01:35:55,596 | POST http://testserver/shorten | UA: testclient | IP: testclient
2026-07-23 01:35:55,596 | POST http://testserver/shorten | UA: testclient | IP: testclient
2026-07-23 01:35:55,597 | POST http://testserver/shorten | UA: testclient | IP: testclient
2026-07-23 01:35:55,597 | POST http://testserver/shorten | UA: testclient | IP: testclient
2026-07-23 01:35:55,599 | GET http://testserver/redirect | UA: testclient | IP: testclient
2026-07-23 01:35:55,599 | GET http://testserver/redirect | UA: testclient | IP: testclient
2026-07-23 01:35:55,601 | GET http://testserver/redirect?code= | UA: testclient | IP: testclient
2026-07-23 01:35:55,601 | GET http://testserver/redirect?code= | UA: testclient | IP: testclient
2026-07-23 01:35:55,605 | POST http://testserver/shorten | UA: testclient | IP: testclient
2026-07-23 01:35:55,605 | POST http://testserver/shorten | UA: testclient | IP: testclient
2026-07-23 01:35:55,607 | POST http://testserver/shorten | UA: testclient | IP: testclient
2026-07-23 01:35:55,607 | POST http://testserver/shorten | UA: testclient | IP: testclient
2026-07-23 01:35:55,609 | GET http://testserver/redirect?code=SpKXwH | UA: testclient | IP: testclient
2026-07-23 01:35:55,609 | GET http://testserver/redirect?code=SpKXwH | UA: testclient | IP: testclient
2026-07-23 01:35:55,613 | POST http://testserver/shorten | UA: testclient | IP: testclient
2026-07-23 01:35:55,613 | POST http://testserver/shorten | UA: testclient | IP: testclient
2026-07-23 01:35:55,616 | POST http://testserver/shorten | UA: testclient | IP: testclient
2026-07-23 01:35:55,616 | POST http://testserver/shorten | UA: testclient | IP: testclient
2026-07-23 01:35:55,623 | GET http://testserver/urls?size=1000 | UA: testclient | IP: testclient
2026-07-23 01:35:55,623 | GET http://testserver/urls?size=1000 | UA: testclient | IP: testclient
2026-07-23 01:35:55,794 | POST http://testserver/shorten | UA: testclient | IP: testclient
2026-07-23 01:35:55,794 | POST http://testserver/shorten | UA: testclient | IP: testclient
2026-07-23 01:35:55,796 | GET http://testserver/urls | UA: testclient | IP: testclient
2026-07-23 01:35:55,796 | GET http://testserver/urls | UA: testclient | IP: testclient
2026-07-23 01:35:55,799 | POST http://testserver/shorten | UA: testclient | IP: testclient
2026-07-23 01:35:55,799 | POST http://testserver/shorten | UA: testclient | IP: testclient
2026-07-23 01:35:55,802 | POST http://testserver/shorten | UA: testclient | IP: testclient
2026-07-23 01:35:55,802 | POST http://testserver/shorten | UA: testclient | IP: testclient
2026-07-23 01:35:55,804 | POST http://testserver/shorten | UA: testclient | IP: testclient
2026-07-23 01:35:55,804 | POST http://testserver/shorten | UA: testclient | IP: testclient
2026-07-23 01:35:55,806 | POST http://testserver/shorten | UA: testclient | IP: testclient
2026-07-23 01:35:55,806 | POST http://testserver/shorten | UA: testclient | IP: testclient
2026-07-23 01:35:55,809 | POST http://testserver/shorten | UA: testclient | IP: testclient
2026-07-23 01:35:55,809 | POST http://testserver/shorten | UA: testclient | IP: testclient
2026-07-23 01:35:55,812 | GET http://testserver/urls?page=1&size=2 | UA: testclient | IP: testclient
2026-07-23 01:35:55,812 | GET http://testserver/urls?page=1&size=2 | UA: testclient | IP: testclient
2026-07-23 01:35:55,815 | POST http://testserver/shorten | UA: testclient | IP: testclient
2026-07-23 01:35:55,815 | POST http://testserver/shorten | UA: testclient | IP: testclient
2026-07-23 01:35:55,817 | POST http://testserver/shorten | UA: testclient | IP: testclient
2026-07-23 01:35:55,817 | POST http://testserver/shorten | UA: testclient | IP: testclient
2026-07-23 01:35:55,819 | POST http://testserver/shorten | UA: testclient | IP: testclient
2026-07-23 01:35:55,819 | POST http://testserver/shorten | UA: testclient | IP: testclient
2026-07-23 01:35:55,821 | POST http://testserver/shorten | UA: testclient | IP: testclient
2026-07-23 01:35:55,821 | POST http://testserver/shorten | UA: testclient | IP: testclient
2026-07-23 01:35:55,824 | POST http://testserver/shorten | UA: testclient | IP: testclient
2026-07-23 01:35:55,824 | POST http://testserver/shorten | UA: testclient | IP: testclient
2026-07-23 01:35:55,827 | GET http://testserver/urls?page=1&size=2 | UA: testclient | IP: testclient
2026-07-23 01:35:55,827 | GET http://testserver/urls?page=1&size=2 | UA: testclient | IP: testclient
2026-07-23 01:35:55,829 | GET http://testserver/urls?page=2&size=2 | UA: testclient | IP: testclient
2026-07-23 01:35:55,829 | GET http://testserver/urls?page=2&size=2 | UA: testclient | IP: testclient
2026-07-23 01:35:55,833 | POST http://testserver/shorten | UA: testclient | IP: testclient
2026-07-23 01:35:55,833 | POST http://testserver/shorten | UA: testclient | IP: testclient
2026-07-23 01:35:55,835 | POST http://testserver/shorten | UA: testclient | IP: testclient
2026-07-23 01:35:55,835 | POST http://testserver/shorten | UA: testclient | IP: testclient
2026-07-23 01:35:55,837 | POST http://testserver/shorten | UA: testclient | IP: testclient
2026-07-23 01:35:55,837 | POST http://testserver/shorten | UA: testclient | IP: testclient
2026-07-23 01:35:55,839 | GET http://testserver/urls?page=1&size=1 | UA: testclient | IP: testclient
2026-07-23 01:35:55,839 | GET http://testserver/urls?page=1&size=1 | UA: testclient | IP: testclient
2026-07-23 01:35:55,842 | GET http://testserver/urls | UA: testclient | IP: testclient
2026-07-23 01:35:55,842 | GET http://testserver/urls | UA: testclient | IP: testclient
2026-07-23 01:35:55,844 | GET http://testserver/health | UA: testclient | IP: testclient
2026-07-23 01:35:55,844 | GET http://testserver/health | UA: testclient | IP: testclient
2026-07-23 01:35:55,846 | GET http://testserver/health | UA: testclient | IP: testclient
2026-07-23 01:35:55,846 | GET http://testserver/health | UA: testclient | IP: testclient
2026-07-23 01:35:55,848 | GET http://testserver/health | UA: testclient | IP: testclient
2026-07-23 01:35:55,848 | GET http://testserver/health | UA: testclient | IP: testclient
2026-07-23 01:35:55,849 | GET http://testserver/health | UA: testclient | IP: testclient
2026-07-23 01:35:55,849 | GET http://testserver/health | UA: testclient | IP: testclient
2026-07-23 01:35:55,851 | GET http://testserver/health | UA: testclient | IP: testclient
2026-07-23 01:35:55,851 | GET http://testserver/health | UA: testclient | IP: testclient
2026-07-23 01:35:55,854 | POST http://testserver/shorten | UA: testclient | IP: testclient
2026-07-23 01:35:55,854 | POST http://testserver/shorten | UA: testclient | IP: testclient
2026-07-23 01:35:55,856 | GET http://testserver/redirect?code=lUdHbh | UA: testclient | IP: testclient
2026-07-23 01:35:55,856 | GET http://testserver/redirect?code=lUdHbh | UA: testclient | IP: testclient
2026-07-23 01:35:55,859 | POST http://testserver/shorten | UA: testclient | IP: testclient
2026-07-23 01:35:55,859 | POST http://testserver/shorten | UA: testclient | IP: testclient
2026-07-23 01:35:55,862 | POST http://testserver/shorten | UA: testclient | IP: testclient
2026-07-23 01:35:55,862 | POST http://testserver/shorten | UA: testclient | IP: testclient
2026-07-23 01:35:55,866 | GET http://testserver/urls | UA: testclient | IP: testclient
2026-07-23 01:35:55,866 | GET http://testserver/urls | UA: testclient | IP: testclient
2026-07-23 01:36:29,118 | POST http://testserver/shorten | UA: testclient | IP: testclient
2026-07-23 01:36:29,118 | POST http://testserver/shorten | UA: testclient | IP: testclient
2026-07-23 01:36:29,121 | GET http://testserver/redirect?code=sedjGp | UA: testclient | IP: testclient
2026-07-23 01:36:29,121 | GET http://testserver/redirect?code=sedjGp | UA: testclient | IP: testclient
2026-07-23 01:36:29,126 | POST http://testserver/shorten | UA: testclient | IP: testclient
2026-07-23 01:36:29,126 | POST http://testserver/shorten | UA: testclient | IP: testclient
2026-07-23 01:36:29,129 | DELETE http://testserver/urls/bfsF6g | UA: testclient | IP: testclient
2026-07-23 01:36:29,129 | DELETE http://testserver/urls/bfsF6g | UA: testclient | IP: testclient
2026-07-23 01:36:29,130 | GET http://testserver/redirect?code=bfsF6g | UA: testclient | IP: testclient
2026-07-23 01:36:29,130 | GET http://testserver/redirect?code=bfsF6g | UA: testclient | IP: testclient
2026-07-23 01:36:29,133 | DELETE http://testserver/urls/nonexistent123 | UA: testclient | IP: testclient
2026-07-23 01:36:29,133 | DELETE http://testserver/urls/nonexistent123 | UA: testclient | IP: testclient
2026-07-23 01:36:29,136 | GET http://testserver/redirect?code=nonexistent123 | UA: testclient | IP: testclient
2026-07-23 01:36:29,136 | GET http://testserver/redirect?code=nonexistent123 | UA: testclient | IP: testclient
2026-07-23 01:36:29,139 | POST http://testserver/shorten | UA: testclient | IP: testclient
2026-07-23 01:36:29,139 | POST http://testserver/shorten | UA: testclient | IP: testclient
2026-07-23 01:36:29,141 | GET http://testserver/redirect?code=dNDAAH | UA: testclient | IP: testclient
2026-07-23 01:36:29,141 | GET http://testserver/redirect?code=dNDAAH | UA: testclient | IP: testclient
2026-07-23 01:36:29,143 | GET http://testserver/redirect?code=dNDAAH | UA: testclient | IP: testclient
2026-07-23 01:36:29,143 | GET http://testserver/redirect?code=dNDAAH | UA: testclient | IP: testclient
2026-07-23 01:36:29,146 | POST http://testserver/shorten | UA: testclient | IP: testclient
2026-07-23 01:36:29,146 | POST http://testserver/shorten | UA: testclient | IP: testclient
2026-07-23 01:36:29,148 | GET http://testserver/redirect?code=27IE1s | UA: testclient | IP: testclient
2026-07-23 01:36:29,148 | GET http://testserver/redirect?code=27IE1s | UA: testclient | IP: testclient
2026-07-23 01:36:29,152 | POST http://testserver/shorten | UA: testclient | IP: testclient
2026-07-23 01:36:29,152 | POST http://testserver/shorten | UA: testclient | IP: testclient
2026-07-23 01:36:29,154 | POST http://testserver/shorten | UA: testclient | IP: testclient
2026-07-23 01:36:29,154 | POST http://testserver/shorten | UA: testclient | IP: testclient
2026-07-23 01:36:29,156 | GET http://testserver/redirect?code=MKevgy | UA: testclient | IP: testclient
2026-07-23 01:36:29,156 | GET http://testserver/redirect?code=MKevgy | UA: testclient | IP: testclient
2026-07-23 01:36:29,158 | GET http://testserver/redirect?code=d8jcnj | UA: testclient | IP: testclient
2026-07-23 01:36:29,158 | GET http://testserver/redirect?code=d8jcnj | UA: testclient | IP: testclient
2026-07-23 01:36:29,161 | GET http://testserver/redirect?code=MKevgy | UA: testclient | IP: testclient
2026-07-23 01:36:29,161 | GET http://testserver/redirect?code=MKevgy | UA: testclient | IP: testclient
2026-07-23 01:36:29,164 | POST http://testserver/shorten | UA: testclient | IP: testclient
2026-07-23 01:36:29,164 | POST http://testserver/shorten | UA: testclient | IP: testclient
2026-07-23 01:36:29,167 | POST http://testserver/shorten | UA: testclient | IP: testclient
2026-07-23 01:36:29,167 | POST http://testserver/shorten | UA: testclient | IP: testclient
2026-07-23 01:36:29,170 | POST http://testserver/shorten | UA: testclient | IP: testclient
2026-07-23 01:36:29,170 | POST http://testserver/shorten | UA: testclient | IP: testclient
2026-07-23 01:36:29,172 | DELETE http://testserver/urls/6Ob5A5 | UA: testclient | IP: testclient
2026-07-23 01:36:29,172 | DELETE http://testserver/urls/6Ob5A5 | UA: testclient | IP: testclient
2026-07-23 01:36:29,174 | GET http://testserver/redirect?code=6Ob5A5 | UA: testclient | IP: testclient
2026-07-23 01:36:29,174 | GET http://testserver/redirect?code=6Ob5A5 | UA: testclient | IP: testclient
2026-07-23 01:36:29,177 | POST http://testserver/shorten | UA: testclient | IP: testclient
2026-07-23 01:36:29,177 | POST http://testserver/shorten | UA: testclient | IP: testclient
2026-07-23 01:36:29,181 | POST http://testserver/shorten | UA: testclient | IP: testclient
2026-07-23 01:36:29,181 | POST http://testserver/shorten | UA: testclient | IP: testclient
2026-07-23 01:36:29,184 | POST http://testserver/shorten | UA: testclient | IP: testclient
2026-07-23 01:36:29,184 | POST http://testserver/shorten | UA: testclient | IP: testclient
2026-07-23 01:36:29,187 | POST http://testserver/shorten | UA: testclient | IP: testclient
2026-07-23 01:36:29,187 | POST http://testserver/shorten | UA: testclient | IP: testclient
2026-07-23 01:36:29,189 | DELETE http://testserver/urls/p0qtQk | UA: testclient | IP: testclient
2026-07-23 01:36:29,189 | DELETE http://testserver/urls/p0qtQk | UA: testclient | IP: testclient
2026-07-23 01:36:29,191 | GET http://testserver/redirect?code=p0qtQk | UA: testclient | IP: testclient
2026-07-23 01:36:29,191 | GET http://testserver/redirect?code=p0qtQk | UA: testclient | IP: testclient
2026-07-23 01:36:29,195 | POST http://testserver/shorten | UA: testclient | IP: testclient
2026-07-23 01:36:29,195 | POST http://testserver/shorten | UA: testclient | IP: testclient
2026-07-23 01:36:29,197 | DELETE http://testserver/urls/oBvYBq | UA: testclient | IP: testclient
2026-07-23 01:36:29,197 | DELETE http://testserver/urls/oBvYBq | UA: testclient | IP: testclient
2026-07-23 01:36:29,199 | GET http://testserver/redirect?code=oBvYBq | UA: testclient | IP: testclient
2026-07-23 01:36:29,199 | GET http://testserver/redirect?code=oBvYBq | UA: testclient | IP: testclient
2026-07-23 01:36:29,202 | POST http://testserver/shorten | UA: testclient | IP: testclient
2026-07-23 01:36:29,202 | POST http://testserver/shorten | UA: testclient | IP: testclient
2026-07-23 01:36:29,208 | POST http://testserver/shorten | UA: testclient | IP: testclient
2026-07-23 01:36:29,208 | POST http://testserver/shorten | UA: testclient | IP: testclient
2026-07-23 01:36:29,210 | DELETE http://testserver/urls/lREzzC | UA: testclient | IP: testclient
2026-07-23 01:36:29,210 | DELETE http://testserver/urls/lREzzC | UA: testclient | IP: testclient
2026-07-23 01:36:29,213 | POST http://testserver/shorten | UA: testclient | IP: testclient
2026-07-23 01:36:29,213 | POST http://testserver/shorten | UA: testclient | IP: testclient
2026-07-23 01:36:29,216 | GET http://testserver/redirect?code=dPmk7z | UA: testclient | IP: testclient
2026-07-23 01:36:29,216 | GET http://testserver/redirect?code=dPmk7z | UA: testclient | IP: testclient
2026-07-23 01:36:29,219 | POST http://testserver/shorten | UA: testclient | IP: testclient
2026-07-23 01:36:29,219 | POST http://testserver/shorten | UA: testclient | IP: testclient
2026-07-23 01:36:29,221 | GET http://testserver/redirect?code=r5sXRB | UA: testclient | IP: testclient
2026-07-23 01:36:29,221 | GET http://testserver/redirect?code=r5sXRB | UA: testclient | IP: testclient
2026-07-23 01:36:29,224 | POST http://testserver/shorten | UA: testclient | IP: testclient
2026-07-23 01:36:29,224 | POST http://testserver/shorten | UA: testclient | IP: testclient
2026-07-23 01:36:29,226 | GET http://testserver/redirect?code=zu9Pxp | UA: testclient | IP: testclient
2026-07-23 01:36:29,226 | GET http://testserver/redirect?code=zu9Pxp | UA: testclient | IP: testclient
2026-07-23 01:36:29,228 | POST http://testserver/shorten | UA: testclient | IP: testclient
2026-07-23 01:36:29,228 | POST http://testserver/shorten | UA: testclient | IP: testclient
2026-07-23 01:36:29,231 | POST http://testserver/shorten | UA: testclient | IP: testclient
2026-07-23 01:36:29,231 | POST http://testserver/shorten | UA: testclient | IP: testclient
2026-07-23 01:36:29,233 | GET http://testserver/redirect?code=I7y1jD | UA: testclient | IP: testclient
2026-07-23 01:36:29,233 | GET http://testserver/redirect?code=I7y1jD | UA: testclient | IP: testclient
2026-07-23 01:36:29,236 | POST http://testserver/shorten | UA: testclient | IP: testclient
2026-07-23 01:36:29,236 | POST http://testserver/shorten | UA: testclient | IP: testclient
2026-07-23 01:36:29,238 | GET http://testserver/redirect?code=my-article-3ac54db1 | UA: testclient | IP: testclient
2026-07-23 01:36:29,238 | GET http://testserver/redirect?code=my-article-3ac54db1 | UA: testclient | IP: testclient
2026-07-23 01:36:29,241 | POST http://testserver/shorten | UA: testclient | IP: testclient
2026-07-23 01:36:29,241 | POST http://testserver/shorten | UA: testclient | IP: testclient
2026-07-23 01:36:29,243 | POST http://testserver/shorten | UA: testclient | IP: testclient
2026-07-23 01:36:29,243 | POST http://testserver/shorten | UA: testclient | IP: testclient
2026-07-23 01:36:29,246 | POST http://testserver/shorten | UA: testclient | IP: testclient
2026-07-23 01:36:29,246 | POST http://testserver/shorten | UA: testclient | IP: testclient
2026-07-23 01:36:29,248 | DELETE http://testserver/urls/dead-af94eeab | UA: testclient | IP: testclient
2026-07-23 01:36:29,248 | DELETE http://testserver/urls/dead-af94eeab | UA: testclient | IP: testclient
2026-07-23 01:36:29,250 | POST http://testserver/shorten | UA: testclient | IP: testclient
2026-07-23 01:36:29,250 | POST http://testserver/shorten | UA: testclient | IP: testclient
2026-07-23 01:36:29,253 | POST http://testserver/shorten | UA: testclient | IP: testclient
2026-07-23 01:36:29,253 | POST http://testserver/shorten | UA: testclient | IP: testclient
2026-07-23 01:36:29,258 | POST http://testserver/shorten/batch | UA: testclient | IP: testclient
2026-07-23 01:36:29,258 | POST http://testserver/shorten/batch | UA: testclient | IP: testclient
2026-07-23 01:36:29,260 | GET http://testserver/redirect?code=zgMb26 | UA: testclient | IP: testclient
2026-07-23 01:36:29,260 | GET http://testserver/redirect?code=zgMb26 | UA: testclient | IP: testclient
2026-07-23 01:36:29,262 | GET http://testserver/redirect?code=C8NTtw | UA: testclient | IP: testclient
2026-07-23 01:36:29,262 | GET http://testserver/redirect?code=C8NTtw | UA: testclient | IP: testclient
2026-07-23 01:36:29,264 | GET http://testserver/redirect?code=iK6MMv | UA: testclient | IP: testclient
2026-07-23 01:36:29,264 | GET http://testserver/redirect?code=iK6MMv | UA: testclient | IP: testclient
2026-07-23 01:36:29,267 | POST http://testserver/shorten | UA: testclient | IP: testclient
2026-07-23 01:36:29,267 | POST http://testserver/shorten | UA: testclient | IP: testclient
2026-07-23 01:36:29,270 | POST http://testserver/shorten/batch | UA: testclient | IP: testclient
2026-07-23 01:36:29,270 | POST http://testserver/shorten/batch | UA: testclient | IP: testclient
2026-07-23 01:36:29,272 | POST http://testserver/shorten/batch | UA: testclient | IP: testclient
2026-07-23 01:36:29,272 | POST http://testserver/shorten/batch | UA: testclient | IP: testclient
2026-07-23 01:36:29,275 | POST http://testserver/shorten/batch | UA: testclient | IP: testclient
2026-07-23 01:36:29,275 | POST http://testserver/shorten/batch | UA: testclient | IP: testclient
2026-07-23 01:36:29,277 | POST http://testserver/shorten/batch | UA: testclient | IP: testclient
2026-07-23 01:36:29,277 | POST http://testserver/shorten/batch | UA: testclient | IP: testclient
2026-07-23 01:36:29,281 | POST http://testserver/shorten/batch | UA: testclient | IP: testclient
2026-07-23 01:36:29,281 | POST http://testserver/shorten/batch | UA: testclient | IP: testclient
2026-07-23 01:36:29,288 | POST http://testserver/shorten/batch | UA: testclient | IP: testclient
2026-07-23 01:36:29,288 | POST http://testserver/shorten/batch | UA: testclient | IP: testclient
2026-07-23 01:36:29,291 | POST http://testserver/shorten | UA: testclient | IP: testclient
2026-07-23 01:36:29,291 | POST http://testserver/shorten | UA: testclient | IP: testclient
2026-07-23 01:36:29,294 | PUT http://testserver/urls/0dw6dc | UA: testclient | IP: testclient
2026-07-23 01:36:29,294 | PUT http://testserver/urls/0dw6dc | UA: testclient | IP: testclient
2026-07-23 01:36:29,296 | GET http://testserver/redirect?code=0dw6dc | UA: testclient | IP: testclient
2026-07-23 01:36:29,296 | GET http://testserver/redirect?code=0dw6dc | UA: testclient | IP: testclient
2026-07-23 01:36:29,299 | POST http://testserver/shorten | UA: testclient | IP: testclient
2026-07-23 01:36:29,299 | POST http://testserver/shorten | UA: testclient | IP: testclient
2026-07-23 01:36:29,302 | PUT http://testserver/urls/2w1R87 | UA: testclient | IP: testclient
2026-07-23 01:36:29,302 | PUT http://testserver/urls/2w1R87 | UA: testclient | IP: testclient
2026-07-23 01:36:29,305 | POST http://testserver/shorten | UA: testclient | IP: testclient
2026-07-23 01:36:29,305 | POST http://testserver/shorten | UA: testclient | IP: testclient
2026-07-23 01:36:29,307 | PUT http://testserver/urls/FKR9vK | UA: testclient | IP: testclient
2026-07-23 01:36:29,307 | PUT http://testserver/urls/FKR9vK | UA: testclient | IP: testclient
2026-07-23 01:36:29,309 | GET http://testserver/redirect?code=FKR9vK | UA: testclient | IP: testclient
2026-07-23 01:36:29,309 | GET http://testserver/redirect?code=FKR9vK | UA: testclient | IP: testclient
2026-07-23 01:36:29,312 | POST http://testserver/shorten | UA: testclient | IP: testclient
2026-07-23 01:36:29,312 | POST http://testserver/shorten | UA: testclient | IP: testclient
2026-07-23 01:36:29,314 | GET http://testserver/redirect?code=nvRQ81 | UA: testclient | IP: testclient
2026-07-23 01:36:29,314 | GET http://testserver/redirect?code=nvRQ81 | UA: testclient | IP: testclient
2026-07-23 01:36:29,316 | PUT http://testserver/urls/nvRQ81 | UA: testclient | IP: testclient
2026-07-23 01:36:29,316 | PUT http://testserver/urls/nvRQ81 | UA: testclient | IP: testclient
2026-07-23 01:36:29,318 | GET http://testserver/redirect?code=nvRQ81 | UA: testclient | IP: testclient
2026-07-23 01:36:29,318 | GET http://testserver/redirect?code=nvRQ81 | UA: testclient | IP: testclient
2026-07-23 01:36:29,324 | POST http://testserver/shorten | UA: testclient | IP: testclient
2026-07-23 01:36:29,324 | POST http://testserver/shorten | UA: testclient | IP: testclient
2026-07-23 01:36:29,327 | PUT http://testserver/urls/9lmZud | UA: testclient | IP: testclient
2026-07-23 01:36:29,327 | PUT http://testserver/urls/9lmZud | UA: testclient | IP: testclient
2026-07-23 01:36:29,329 | GET http://testserver/redirect?code=9lmZud | UA: testclient | IP: testclient
2026-07-23 01:36:29,329 | GET http://testserver/redirect?code=9lmZud | UA: testclient | IP: testclient
2026-07-23 01:36:29,332 | POST http://testserver/shorten | UA: testclient | IP: testclient
2026-07-23 01:36:29,332 | POST http://testserver/shorten | UA: testclient | IP: testclient
2026-07-23 01:36:29,334 | PUT http://testserver/urls/AXq2vK | UA: testclient | IP: testclient
2026-07-23 01:36:29,334 | PUT http://testserver/urls/AXq2vK | UA: testclient | IP: testclient
2026-07-23 01:36:29,337 | POST http://testserver/shorten | UA: testclient | IP: testclient
2026-07-23 01:36:29,337 | POST http://testserver/shorten | UA: testclient | IP: testclient
2026-07-23 01:36:29,340 | PUT http://testserver/urls/nonexistent123 | UA: testclient | IP: testclient
2026-07-23 01:36:29,340 | PUT http://testserver/urls/nonexistent123 | UA: testclient | IP: testclient
2026-07-23 01:36:29,343 | POST http://testserver/shorten | UA: testclient | IP: testclient
2026-07-23 01:36:29,343 | POST http://testserver/shorten | UA: testclient | IP: testclient
2026-07-23 01:36:29,346 | DELETE http://testserver/urls/WZU2ST | UA: testclient | IP: testclient
2026-07-23 01:36:29,346 | DELETE http://testserver/urls/WZU2ST | UA: testclient | IP: testclient
2026-07-23 01:36:29,347 | PUT http://testserver/urls/WZU2ST | UA: testclient | IP: testclient
2026-07-23 01:36:29,347 | PUT http://testserver/urls/WZU2ST | UA: testclient | IP: testclient
2026-07-23 01:36:29,351 | POST http://testserver/shorten | UA: testclient | IP: testclient
2026-07-23 01:36:29,351 | POST http://testserver/shorten | UA: testclient | IP: testclient
2026-07-23 01:36:29,352 | PUT http://testserver/urls/dHvrST | UA: testclient | IP: testclient
2026-07-23 01:36:29,352 | PUT http://testserver/urls/dHvrST | UA: testclient | IP: testclient
2026-07-23 01:36:29,355 | POST http://testserver/shorten | UA: testclient | IP: testclient
2026-07-23 01:36:29,355 | POST http://testserver/shorten | UA: testclient | IP: testclient
2026-07-23 01:36:29,357 | GET http://testserver/redirect?code=XpCf8L | UA: testclient | IP: testclient
2026-07-23 01:36:29,357 | GET http://testserver/redirect?code=XpCf8L | UA: testclient | IP: testclient
2026-07-23 01:36:29,359 | POST http://testserver/shorten | UA: testclient | IP: testclient
2026-07-23 01:36:29,359 | POST http://testserver/shorten | UA: testclient | IP: testclient
2026-07-23 01:36:29,362 | POST http://testserver/shorten | UA: testclient | IP: testclient
2026-07-23 01:36:29,362 | POST http://testserver/shorten | UA: testclient | IP: testclient
2026-07-23 01:36:29,364 | PUT http://testserver/urls/rKVJEn | UA: testclient | IP: testclient
2026-07-23 01:36:29,364 | PUT http://testserver/urls/rKVJEn | UA: testclient | IP: testclient
2026-07-23 01:36:29,367 | POST http://testserver/shorten | UA: testclient | IP: testclient
2026-07-23 01:36:29,367 | POST http://testserver/shorten | UA: testclient | IP: testclient
2026-07-23 01:36:29,537 | PUT http://testserver/urls/utmdOk | UA: testclient | IP: testclient
2026-07-23 01:36:29,537 | PUT http://testserver/urls/utmdOk | UA: testclient | IP: testclient
2026-07-23 01:36:29,539 | GET http://testserver/redirect?code=utmdOk | UA: testclient | IP: testclient
2026-07-23 01:36:29,539 | GET http://testserver/redirect?code=utmdOk | UA: testclient | IP: testclient
2026-07-23 01:36:29,714 | POST http://testserver/shorten | UA: testclient | IP: testclient
2026-07-23 01:36:29,714 | POST http://testserver/shorten | UA: testclient | IP: testclient
2026-07-23 01:36:29,882 | GET http://testserver/redirect?code=wJWELW&password=secret1 | UA: testclient | IP: testclient
2026-07-23 01:36:29,882 | GET http://testserver/redirect?code=wJWELW&password=secret1 | UA: testclient | IP: testclient
2026-07-23 01:36:30,054 | POST http://testserver/shorten | UA: testclient | IP: testclient
2026-07-23 01:36:30,054 | POST http://testserver/shorten | UA: testclient | IP: testclient
2026-07-23 01:36:30,221 | GET http://testserver/redirect?code=izgayE&password=wrongpass | UA: testclient | IP: testclient
2026-07-23 01:36:30,221 | GET http://testserver/redirect?code=izgayE&password=wrongpass | UA: testclient | IP: testclient
2026-07-23 01:36:30,392 | POST http://testserver/shorten | UA: testclient | IP: testclient
2026-07-23 01:36:30,392 | POST http://testserver/shorten | UA: testclient | IP: testclient
2026-07-23 01:36:30,395 | DELETE http://testserver/urls/sL9gJy | UA: testclient | IP: testclient
2026-07-23 01:36:30,395 | DELETE http://testserver/urls/sL9gJy | UA: testclient | IP: testclient
2026-07-23 01:36:30,396 | GET http://testserver/redirect?code=sL9gJy | UA: testclient | IP: testclient
2026-07-23 01:36:30,396 | GET http://testserver/redirect?code=sL9gJy | UA: testclient | IP: testclient
2026-07-23 01:36:30,566 | POST http://testserver/shorten | UA: testclient | IP: testclient
2026-07-23 01:36:30,566 | POST http://testserver/shorten | UA: testclient | IP: testclient
2026-07-23 01:36:30,568 | GET http://testserver/redirect?code=rNd4fr | UA: testclient | IP: testclient
2026-07-23 01:36:30,568 | GET http://testserver/redirect?code=rNd4fr | UA: testclient | IP: testclient
2026-07-23 01:36:30,571 | POST http://testserver/shorten | UA: testclient | IP: testclient
2026-07-23 01:36:30,571 | POST http://testserver/shorten | UA: testclient | IP: testclient
2026-07-23 01:36:30,573 | GET http://testserver/redirect?code=8gNKEi | UA: testclient | IP: testclient
2026-07-23 01:36:30,573 | GET http://testserver/redirect?code=8gNKEi | UA: testclient | IP: testclient
2026-07-23 01:36:30,744 | PUT http://testserver/urls/8gNKEi | UA: testclient | IP: testclient
2026-07-23 01:36:30,744 | PUT http://testserver/urls/8gNKEi | UA: testclient | IP: testclient
2026-07-23 01:36:30,746 | GET http://testserver/redirect?code=8gNKEi | UA: testclient | IP: testclient
2026-07-23 01:36:30,746 | GET http://testserver/redirect?code=8gNKEi | UA: testclient | IP: testclient
2026-07-23 01:36:30,917 | POST http://testserver/shorten | UA: testclient | IP: testclient
2026-07-23 01:36:30,917 | POST http://testserver/shorten | UA: testclient | IP: testclient
2026-07-23 01:36:30,918 | GET http://testserver/redirect?code=qORBdV | UA: testclient | IP: testclient
2026-07-23 01:36:30,918 | GET http://testserver/redirect?code=qORBdV | UA: testclient | IP: testclient
2026-07-23 01:36:30,921 | PUT http://testserver/urls/qORBdV | UA: testclient | IP: testclient
2026-07-23 01:36:30,921 | PUT http://testserver/urls/qORBdV | UA: testclient | IP: testclient
2026-07-23 01:36:30,923 | GET http://testserver/redirect?code=qORBdV | UA: testclient | IP: testclient
2026-07-23 01:36:30,923 | GET http://testserver/redirect?code=qORBdV | UA: testclient | IP: testclient
2026-07-23 01:36:30,925 | POST http://testserver/shorten | UA: testclient | IP: testclient
2026-07-23 01:36:30,925 | POST http://testserver/shorten | UA: testclient | IP: testclient
2026-07-23 01:36:30,927 | POST http://testserver/shorten | UA: testclient | IP: testclient
2026-07-23 01:36:30,927 | POST http://testserver/shorten | UA: testclient | IP: testclient
2026-07-23 01:36:30,929 | POST http://testserver/shorten | UA: testclient | IP: testclient
2026-07-23 01:36:30,929 | POST http://testserver/shorten | UA: testclient | IP: testclient
2026-07-23 01:36:30,930 | GET http://testserver/redirect | UA: testclient | IP: testclient
2026-07-23 01:36:30,930 | GET http://testserver/redirect | UA: testclient | IP: testclient
2026-07-23 01:36:30,933 | GET http://testserver/redirect?code= | UA: testclient | IP: testclient
2026-07-23 01:36:30,933 | GET http://testserver/redirect?code= | UA: testclient | IP: testclient
2026-07-23 01:36:30,937 | POST http://testserver/shorten | UA: testclient | IP: testclient
2026-07-23 01:36:30,937 | POST http://testserver/shorten | UA: testclient | IP: testclient
2026-07-23 01:36:30,940 | POST http://testserver/shorten | UA: testclient | IP: testclient
2026-07-23 01:36:30,940 | POST http://testserver/shorten | UA: testclient | IP: testclient
2026-07-23 01:36:30,941 | GET http://testserver/redirect?code=J7l0aC | UA: testclient | IP: testclient
2026-07-23 01:36:30,941 | GET http://testserver/redirect?code=J7l0aC | UA: testclient | IP: testclient
2026-07-23 01:36:30,946 | POST http://testserver/shorten | UA: testclient | IP: testclient
2026-07-23 01:36:30,946 | POST http://testserver/shorten | UA: testclient | IP: testclient
2026-07-23 01:36:30,948 | POST http://testserver/shorten | UA: testclient | IP: testclient
2026-07-23 01:36:30,948 | POST http://testserver/shorten | UA: testclient | IP: testclient
2026-07-23 01:36:30,955 | GET http://testserver/urls?size=1000 | UA: testclient | IP: testclient
2026-07-23 01:36:30,955 | GET http://testserver/urls?size=1000 | UA: testclient | IP: testclient
2026-07-23 01:36:31,127 | POST http://testserver/shorten | UA: testclient | IP: testclient
2026-07-23 01:36:31,127 | POST http://testserver/shorten | UA: testclient | IP: testclient
2026-07-23 01:36:31,130 | GET http://testserver/urls | UA: testclient | IP: testclient
2026-07-23 01:36:31,130 | GET http://testserver/urls | UA: testclient | IP: testclient
2026-07-23 01:36:31,133 | POST http://testserver/shorten | UA: testclient | IP: testclient
2026-07-23 01:36:31,133 | POST http://testserver/shorten | UA: testclient | IP: testclient
2026-07-23 01:36:31,136 | POST http://testserver/shorten | UA: testclient | IP: testclient
2026-07-23 01:36:31,136 | POST http://testserver/shorten | UA: testclient | IP: testclient
2026-07-23 01:36:31,138 | POST http://testserver/shorten | UA: testclient | IP: testclient
2026-07-23 01:36:31,138 | POST http://testserver/shorten | UA: testclient | IP: testclient
2026-07-23 01:36:31,140 | POST http://testserver/shorten | UA: testclient | IP: testclient
2026-07-23 01:36:31,140 | POST http://testserver/shorten | UA: testclient | IP: testclient
2026-07-23 01:36:31,143 | POST http://testserver/shorten | UA: testclient | IP: testclient
2026-07-23 01:36:31,143 | POST http://testserver/shorten | UA: testclient | IP: testclient
2026-07-23 01:36:31,146 | GET http://testserver/urls?page=1&size=2 | UA: testclient | IP: testclient
2026-07-23 01:36:31,146 | GET http://testserver/urls?page=1&size=2 | UA: testclient | IP: testclient
2026-07-23 01:36:31,149 | POST http://testserver/shorten | UA: testclient | IP: testclient
2026-07-23 01:36:31,149 | POST http://testserver/shorten | UA: testclient | IP: testclient
2026-07-23 01:36:31,152 | POST http://testserver/shorten | UA: testclient | IP: testclient
2026-07-23 01:36:31,152 | POST http://testserver/shorten | UA: testclient | IP: testclient
2026-07-23 01:36:31,154 | POST http://testserver/shorten | UA: testclient | IP: testclient
2026-07-23 01:36:31,154 | POST http://testserver/shorten | UA: testclient | IP: testclient
2026-07-23 01:36:31,156 | POST http://testserver/shorten | UA: testclient | IP: testclient
2026-07-23 01:36:31,156 | POST http://testserver/shorten | UA: testclient | IP: testclient
2026-07-23 01:36:31,158 | POST http://testserver/shorten | UA: testclient | IP: testclient
2026-07-23 01:36:31,158 | POST http://testserver/shorten | UA: testclient | IP: testclient
2026-07-23 01:36:31,161 | GET http://testserver/urls?page=1&size=2 | UA: testclient | IP: testclient
2026-07-23 01:36:31,161 | GET http://testserver/urls?page=1&size=2 | UA: testclient | IP: testclient
2026-07-23 01:36:31,164 | GET http://testserver/urls?page=2&size=2 | UA: testclient | IP: testclient
2026-07-23 01:36:31,164 | GET http://testserver/urls?page=2&size=2 | UA: testclient | IP: testclient
2026-07-23 01:36:31,167 | POST http://testserver/shorten | UA: testclient | IP: testclient
2026-07-23 01:36:31,167 | POST http://testserver/shorten | UA: testclient | IP: testclient
2026-07-23 01:36:31,169 | POST http://testserver/shorten | UA: testclient | IP: testclient
2026-07-23 01:36:31,169 | POST http://testserver/shorten | UA: testclient | IP: testclient
2026-07-23 01:36:31,171 | POST http://testserver/shorten | UA: testclient | IP: testclient
2026-07-23 01:36:31,171 | POST http://testserver/shorten | UA: testclient | IP: testclient
2026-07-23 01:36:31,174 | GET http://testserver/urls?page=1&size=1 | UA: testclient | IP: testclient
2026-07-23 01:36:31,174 | GET http://testserver/urls?page=1&size=1 | UA: testclient | IP: testclient
2026-07-23 01:36:31,177 | GET http://testserver/urls | UA: testclient | IP: testclient
2026-07-23 01:36:31,177 | GET http://testserver/urls | UA: testclient | IP: testclient
2026-07-23 01:36:31,179 | GET http://testserver/health | UA: testclient | IP: testclient
2026-07-23 01:36:31,179 | GET http://testserver/health | UA: testclient | IP: testclient
2026-07-23 01:36:31,181 | GET http://testserver/health | UA: testclient | IP: testclient
2026-07-23 01:36:31,181 | GET http://testserver/health | UA: testclient | IP: testclient
2026-07-23 01:36:31,183 | GET http://testserver/health | UA: testclient | IP: testclient
2026-07-23 01:36:31,183 | GET http://testserver/health | UA: testclient | IP: testclient
2026-07-23 01:36:31,184 | GET http://testserver/health | UA: testclient | IP: testclient
2026-07-23 01:36:31,184 | GET http://testserver/health | UA: testclient | IP: testclient
2026-07-23 01:36:31,186 | GET http://testserver/health | UA: testclient | IP: testclient
2026-07-23 01:36:31,186 | GET http://testserver/health | UA: testclient | IP: testclient
2026-07-23 01:36:31,189 | POST http://testserver/shorten | UA: testclient | IP: testclient
2026-07-23 01:36:31,189 | POST http://testserver/shorten | UA: testclient | IP: testclient
2026-07-23 01:36:31,191 | GET http://testserver/redirect?code=RDA9QS | UA: testclient | IP: testclient
2026-07-23 01:36:31,191 | GET http://testserver/redirect?code=RDA9QS | UA: testclient | IP: testclient
2026-07-23 01:36:31,194 | POST http://testserver/shorten | UA: testclient | IP: testclient
2026-07-23 01:36:31,194 | POST http://testserver/shorten | UA: testclient | IP: testclient
2026-07-23 01:36:31,197 | POST http://testserver/shorten | UA: testclient | IP: testclient
2026-07-23 01:36:31,197 | POST http://testserver/shorten | UA: testclient | IP: testclient
2026-07-23 01:36:31,202 | GET http://testserver/urls | UA: testclient | IP: testclient
2026-07-23 01:36:31,202 | GET http://testserver/urls | UA: testclient | IP: testclient
2026-07-23 01:43:05,274 | POST http://testserver/shorten | UA: testclient | IP: testclient
2026-07-23 01:43:05,274 | POST http://testserver/shorten | UA: testclient | IP: testclient
2026-07-23 01:43:05,278 | GET http://testserver/redirect?code=a9zTmA | UA: testclient | IP: testclient
2026-07-23 01:43:05,278 | GET http://testserver/redirect?code=a9zTmA | UA: testclient | IP: testclient
2026-07-23 01:43:05,283 | POST http://testserver/shorten | UA: testclient | IP: testclient
2026-07-23 01:43:05,283 | POST http://testserver/shorten | UA: testclient | IP: testclient
2026-07-23 01:43:05,286 | DELETE http://testserver/urls/ilrSUQ | UA: testclient | IP: testclient
2026-07-23 01:43:05,286 | DELETE http://testserver/urls/ilrSUQ | UA: testclient | IP: testclient
2026-07-23 01:43:05,287 | GET http://testserver/redirect?code=ilrSUQ | UA: testclient | IP: testclient
2026-07-23 01:43:05,287 | GET http://testserver/redirect?code=ilrSUQ | UA: testclient | IP: testclient
2026-07-23 01:43:05,290 | DELETE http://testserver/urls/nonexistent123 | UA: testclient | IP: testclient
2026-07-23 01:43:05,290 | DELETE http://testserver/urls/nonexistent123 | UA: testclient | IP: testclient
2026-07-23 01:43:05,292 | GET http://testserver/redirect?code=nonexistent123 | UA: testclient | IP: testclient
2026-07-23 01:43:05,292 | GET http://testserver/redirect?code=nonexistent123 | UA: testclient | IP: testclient
2026-07-23 01:43:05,297 | POST http://testserver/shorten | UA: testclient | IP: testclient
2026-07-23 01:43:05,297 | POST http://testserver/shorten | UA: testclient | IP: testclient
2026-07-23 01:43:05,299 | GET http://testserver/redirect?code=BN0iIP | UA: testclient | IP: testclient
2026-07-23 01:43:05,299 | GET http://testserver/redirect?code=BN0iIP | UA: testclient | IP: testclient
2026-07-23 01:43:05,301 | GET http://testserver/redirect?code=BN0iIP | UA: testclient | IP: testclient
2026-07-23 01:43:05,301 | GET http://testserver/redirect?code=BN0iIP | UA: testclient | IP: testclient
2026-07-23 01:43:05,305 | POST http://testserver/shorten | UA: testclient | IP: testclient
2026-07-23 01:43:05,305 | POST http://testserver/shorten | UA: testclient | IP: testclient
2026-07-23 01:43:05,307 | GET http://testserver/redirect?code=y9pKEV | UA: testclient | IP: testclient
2026-07-23 01:43:05,307 | GET http://testserver/redirect?code=y9pKEV | UA: testclient | IP: testclient
2026-07-23 01:43:05,310 | POST http://testserver/shorten | UA: testclient | IP: testclient
2026-07-23 01:43:05,310 | POST http://testserver/shorten | UA: testclient | IP: testclient
2026-07-23 01:43:05,313 | POST http://testserver/shorten | UA: testclient | IP: testclient
2026-07-23 01:43:05,313 | POST http://testserver/shorten | UA: testclient | IP: testclient
2026-07-23 01:43:05,315 | GET http://testserver/redirect?code=LXjay9 | UA: testclient | IP: testclient
2026-07-23 01:43:05,315 | GET http://testserver/redirect?code=LXjay9 | UA: testclient | IP: testclient
2026-07-23 01:43:05,317 | GET http://testserver/redirect?code=eB3NUw | UA: testclient | IP: testclient
2026-07-23 01:43:05,317 | GET http://testserver/redirect?code=eB3NUw | UA: testclient | IP: testclient
2026-07-23 01:43:05,319 | GET http://testserver/redirect?code=LXjay9 | UA: testclient | IP: testclient
2026-07-23 01:43:05,319 | GET http://testserver/redirect?code=LXjay9 | UA: testclient | IP: testclient
2026-07-23 01:43:05,322 | POST http://testserver/shorten | UA: testclient | IP: testclient
2026-07-23 01:43:05,322 | POST http://testserver/shorten | UA: testclient | IP: testclient
2026-07-23 01:43:05,324 | POST http://testserver/shorten | UA: testclient | IP: testclient
2026-07-23 01:43:05,324 | POST http://testserver/shorten | UA: testclient | IP: testclient
2026-07-23 01:43:05,327 | POST http://testserver/shorten | UA: testclient | IP: testclient
2026-07-23 01:43:05,327 | POST http://testserver/shorten | UA: testclient | IP: testclient
2026-07-23 01:43:05,330 | DELETE http://testserver/urls/lddlD4 | UA: testclient | IP: testclient
2026-07-23 01:43:05,330 | DELETE http://testserver/urls/lddlD4 | UA: testclient | IP: testclient
2026-07-23 01:43:05,331 | GET http://testserver/redirect?code=lddlD4 | UA: testclient | IP: testclient
2026-07-23 01:43:05,331 | GET http://testserver/redirect?code=lddlD4 | UA: testclient | IP: testclient
2026-07-23 01:43:05,335 | POST http://testserver/shorten | UA: testclient | IP: testclient
2026-07-23 01:43:05,335 | POST http://testserver/shorten | UA: testclient | IP: testclient
2026-07-23 01:43:05,337 | POST http://testserver/shorten | UA: testclient | IP: testclient
2026-07-23 01:43:05,337 | POST http://testserver/shorten | UA: testclient | IP: testclient
2026-07-23 01:43:05,339 | POST http://testserver/shorten | UA: testclient | IP: testclient
2026-07-23 01:43:05,339 | POST http://testserver/shorten | UA: testclient | IP: testclient
2026-07-23 01:43:05,343 | POST http://testserver/shorten | UA: testclient | IP: testclient
2026-07-23 01:43:05,343 | POST http://testserver/shorten | UA: testclient | IP: testclient
2026-07-23 01:43:05,345 | DELETE http://testserver/urls/AzPJ4Q | UA: testclient | IP: testclient
2026-07-23 01:43:05,345 | DELETE http://testserver/urls/AzPJ4Q | UA: testclient | IP: testclient
2026-07-23 01:43:05,346 | GET http://testserver/redirect?code=AzPJ4Q | UA: testclient | IP: testclient
2026-07-23 01:43:05,346 | GET http://testserver/redirect?code=AzPJ4Q | UA: testclient | IP: testclient
2026-07-23 01:43:05,350 | POST http://testserver/shorten | UA: testclient | IP: testclient
2026-07-23 01:43:05,350 | POST http://testserver/shorten | UA: testclient | IP: testclient
2026-07-23 01:43:05,351 | DELETE http://testserver/urls/n64Yo4 | UA: testclient | IP: testclient
2026-07-23 01:43:05,351 | DELETE http://testserver/urls/n64Yo4 | UA: testclient | IP: testclient
2026-07-23 01:43:05,353 | GET http://testserver/redirect?code=n64Yo4 | UA: testclient | IP: testclient
2026-07-23 01:43:05,353 | GET http://testserver/redirect?code=n64Yo4 | UA: testclient | IP: testclient
2026-07-23 01:43:05,356 | POST http://testserver/shorten | UA: testclient | IP: testclient
2026-07-23 01:43:05,356 | POST http://testserver/shorten | UA: testclient | IP: testclient
2026-07-23 01:43:05,360 | POST http://testserver/shorten | UA: testclient | IP: testclient
2026-07-23 01:43:05,360 | POST http://testserver/shorten | UA: testclient | IP: testclient
2026-07-23 01:43:05,362 | DELETE http://testserver/urls/YXQzbl | UA: testclient | IP: testclient
2026-07-23 01:43:05,362 | DELETE http://testserver/urls/YXQzbl | UA: testclient | IP: testclient
2026-07-23 01:43:05,365 | POST http://testserver/shorten | UA: testclient | IP: testclient
2026-07-23 01:43:05,365 | POST http://testserver/shorten | UA: testclient | IP: testclient
2026-07-23 01:43:05,368 | GET http://testserver/redirect?code=tZNwU0 | UA: testclient | IP: testclient
2026-07-23 01:43:05,368 | GET http://testserver/redirect?code=tZNwU0 | UA: testclient | IP: testclient
2026-07-23 01:43:05,372 | POST http://testserver/shorten | UA: testclient | IP: testclient
2026-07-23 01:43:05,372 | POST http://testserver/shorten | UA: testclient | IP: testclient
2026-07-23 01:43:05,374 | GET http://testserver/redirect?code=Gf8uWf | UA: testclient | IP: testclient
2026-07-23 01:43:05,374 | GET http://testserver/redirect?code=Gf8uWf | UA: testclient | IP: testclient
2026-07-23 01:43:05,377 | POST http://testserver/shorten | UA: testclient | IP: testclient
2026-07-23 01:43:05,377 | POST http://testserver/shorten | UA: testclient | IP: testclient
2026-07-23 01:43:05,379 | GET http://testserver/redirect?code=EgWmga | UA: testclient | IP: testclient
2026-07-23 01:43:05,379 | GET http://testserver/redirect?code=EgWmga | UA: testclient | IP: testclient
2026-07-23 01:43:05,381 | POST http://testserver/shorten | UA: testclient | IP: testclient
2026-07-23 01:43:05,381 | POST http://testserver/shorten | UA: testclient | IP: testclient
2026-07-23 01:43:05,385 | POST http://testserver/shorten | UA: testclient | IP: testclient
2026-07-23 01:43:05,385 | POST http://testserver/shorten | UA: testclient | IP: testclient
2026-07-23 01:43:05,387 | GET http://testserver/redirect?code=j0qzNg | UA: testclient | IP: testclient
2026-07-23 01:43:05,387 | GET http://testserver/redirect?code=j0qzNg | UA: testclient | IP: testclient
2026-07-23 01:43:05,390 | POST http://testserver/shorten | UA: testclient | IP: testclient
2026-07-23 01:43:05,390 | POST http://testserver/shorten | UA: testclient | IP: testclient
2026-07-23 01:43:05,392 | GET http://testserver/redirect?code=my-article-090fef83 | UA: testclient | IP: testclient
2026-07-23 01:43:05,392 | GET http://testserver/redirect?code=my-article-090fef83 | UA: testclient | IP: testclient
2026-07-23 01:43:05,394 | POST http://testserver/shorten | UA: testclient | IP: testclient
2026-07-23 01:43:05,394 | POST http://testserver/shorten | UA: testclient | IP: testclient
2026-07-23 01:43:05,396 | POST http://testserver/shorten | UA: testclient | IP: testclient
2026-07-23 01:43:05,396 | POST http://testserver/shorten | UA: testclient | IP: testclient
2026-07-23 01:43:05,399 | POST http://testserver/shorten | UA: testclient | IP: testclient
2026-07-23 01:43:05,399 | POST http://testserver/shorten | UA: testclient | IP: testclient
2026-07-23 01:43:05,402 | DELETE http://testserver/urls/dead-8e2e8975 | UA: testclient | IP: testclient
2026-07-23 01:43:05,402 | DELETE http://testserver/urls/dead-8e2e8975 | UA: testclient | IP: testclient
2026-07-23 01:43:05,403 | POST http://testserver/shorten | UA: testclient | IP: testclient
2026-07-23 01:43:05,403 | POST http://testserver/shorten | UA: testclient | IP: testclient
2026-07-23 01:43:05,406 | POST http://testserver/shorten | UA: testclient | IP: testclient
2026-07-23 01:43:05,406 | POST http://testserver/shorten | UA: testclient | IP: testclient
2026-07-23 01:43:05,410 | POST http://testserver/shorten/batch | UA: testclient | IP: testclient
2026-07-23 01:43:05,410 | POST http://testserver/shorten/batch | UA: testclient | IP: testclient
2026-07-23 01:43:05,412 | GET http://testserver/redirect?code=8NrOjM | UA: testclient | IP: testclient
2026-07-23 01:43:05,412 | GET http://testserver/redirect?code=8NrOjM | UA: testclient | IP: testclient
2026-07-23 01:43:05,414 | GET http://testserver/redirect?code=O5WhKw | UA: testclient | IP: testclient
2026-07-23 01:43:05,414 | GET http://testserver/redirect?code=O5WhKw | UA: testclient | IP: testclient
2026-07-23 01:43:05,416 | GET http://testserver/redirect?code=UOw0Zi | UA: testclient | IP: testclient
2026-07-23 01:43:05,416 | GET http://testserver/redirect?code=UOw0Zi | UA: testclient | IP: testclient
2026-07-23 01:43:05,419 | POST http://testserver/shorten | UA: testclient | IP: testclient
2026-07-23 01:43:05,419 | POST http://testserver/shorten | UA: testclient | IP: testclient
2026-07-23 01:43:05,423 | POST http://testserver/shorten/batch | UA: testclient | IP: testclient
2026-07-23 01:43:05,423 | POST http://testserver/shorten/batch | UA: testclient | IP: testclient
2026-07-23 01:43:05,425 | POST http://testserver/shorten/batch | UA: testclient | IP: testclient
2026-07-23 01:43:05,425 | POST http://testserver/shorten/batch | UA: testclient | IP: testclient
2026-07-23 01:43:05,428 | POST http://testserver/shorten/batch | UA: testclient | IP: testclient
2026-07-23 01:43:05,428 | POST http://testserver/shorten/batch | UA: testclient | IP: testclient
2026-07-23 01:43:05,430 | POST http://testserver/shorten/batch | UA: testclient | IP: testclient
2026-07-23 01:43:05,430 | POST http://testserver/shorten/batch | UA: testclient | IP: testclient
2026-07-23 01:43:05,433 | POST http://testserver/shorten/batch | UA: testclient | IP: testclient
2026-07-23 01:43:05,433 | POST http://testserver/shorten/batch | UA: testclient | IP: testclient
2026-07-23 01:43:05,442 | POST http://testserver/shorten/batch | UA: testclient | IP: testclient
2026-07-23 01:43:05,442 | POST http://testserver/shorten/batch | UA: testclient | IP: testclient
2026-07-23 01:43:05,445 | POST http://testserver/shorten | UA: testclient | IP: testclient
2026-07-23 01:43:05,445 | POST http://testserver/shorten | UA: testclient | IP: testclient
2026-07-23 01:43:05,448 | PUT http://testserver/urls/trJPt9 | UA: testclient | IP: testclient
2026-07-23 01:43:05,448 | PUT http://testserver/urls/trJPt9 | UA: testclient | IP: testclient
2026-07-23 01:43:05,450 | GET http://testserver/redirect?code=trJPt9 | UA: testclient | IP: testclient
2026-07-23 01:43:05,450 | GET http://testserver/redirect?code=trJPt9 | UA: testclient | IP: testclient
2026-07-23 01:43:05,453 | POST http://testserver/shorten | UA: testclient | IP: testclient
2026-07-23 01:43:05,453 | POST http://testserver/shorten | UA: testclient | IP: testclient
2026-07-23 01:43:05,456 | PUT http://testserver/urls/vDcDR2 | UA: testclient | IP: testclient
2026-07-23 01:43:05,456 | PUT http://testserver/urls/vDcDR2 | UA: testclient | IP: testclient
2026-07-23 01:43:05,459 | POST http://testserver/shorten | UA: testclient | IP: testclient
2026-07-23 01:43:05,459 | POST http://testserver/shorten | UA: testclient | IP: testclient
2026-07-23 01:43:05,461 | PUT http://testserver/urls/TwAGnI | UA: testclient | IP: testclient
2026-07-23 01:43:05,461 | PUT http://testserver/urls/TwAGnI | UA: testclient | IP: testclient
2026-07-23 01:43:05,462 | GET http://testserver/redirect?code=TwAGnI | UA: testclient | IP: testclient
2026-07-23 01:43:05,462 | GET http://testserver/redirect?code=TwAGnI | UA: testclient | IP: testclient
2026-07-23 01:43:05,465 | POST http://testserver/shorten | UA: testclient | IP: testclient
2026-07-23 01:43:05,465 | POST http://testserver/shorten | UA: testclient | IP: testclient
2026-07-23 01:43:05,468 | GET http://testserver/redirect?code=nZ5wKs | UA: testclient | IP: testclient
2026-07-23 01:43:05,468 | GET http://testserver/redirect?code=nZ5wKs | UA: testclient | IP: testclient
2026-07-23 01:43:05,470 | PUT http://testserver/urls/nZ5wKs | UA: testclient | IP: testclient
2026-07-23 01:43:05,470 | PUT http://testserver/urls/nZ5wKs | UA: testclient | IP: testclient
2026-07-23 01:43:05,472 | GET http://testserver/redirect?code=nZ5wKs | UA: testclient | IP: testclient
2026-07-23 01:43:05,472 | GET http://testserver/redirect?code=nZ5wKs | UA: testclient | IP: testclient
2026-07-23 01:43:05,475 | POST http://testserver/shorten | UA: testclient | IP: testclient
2026-07-23 01:43:05,475 | POST http://testserver/shorten | UA: testclient | IP: testclient
2026-07-23 01:43:05,478 | PUT http://testserver/urls/RoIzo1 | UA: testclient | IP: testclient
2026-07-23 01:43:05,478 | PUT http://testserver/urls/RoIzo1 | UA: testclient | IP: testclient
2026-07-23 01:43:05,480 | GET http://testserver/redirect?code=RoIzo1 | UA: testclient | IP: testclient
2026-07-23 01:43:05,480 | GET http://testserver/redirect?code=RoIzo1 | UA: testclient | IP: testclient
2026-07-23 01:43:05,484 | POST http://testserver/shorten | UA: testclient | IP: testclient
2026-07-23 01:43:05,484 | POST http://testserver/shorten | UA: testclient | IP: testclient
2026-07-23 01:43:05,485 | PUT http://testserver/urls/Lw4rbj | UA: testclient | IP: testclient
2026-07-23 01:43:05,485 | PUT http://testserver/urls/Lw4rbj | UA: testclient | IP: testclient
2026-07-23 01:43:05,488 | POST http://testserver/shorten | UA: testclient | IP: testclient
2026-07-23 01:43:05,488 | POST http://testserver/shorten | UA: testclient | IP: testclient
2026-07-23 01:43:05,491 | PUT http://testserver/urls/nonexistent123 | UA: testclient | IP: testclient
2026-07-23 01:43:05,491 | PUT http://testserver/urls/nonexistent123 | UA: testclient | IP: testclient
2026-07-23 01:43:05,494 | POST http://testserver/shorten | UA: testclient | IP: testclient
2026-07-23 01:43:05,494 | POST http://testserver/shorten | UA: testclient | IP: testclient
2026-07-23 01:43:05,497 | DELETE http://testserver/urls/JG7wuX | UA: testclient | IP: testclient
2026-07-23 01:43:05,497 | DELETE http://testserver/urls/JG7wuX | UA: testclient | IP: testclient
2026-07-23 01:43:05,499 | PUT http://testserver/urls/JG7wuX | UA: testclient | IP: testclient
2026-07-23 01:43:05,499 | PUT http://testserver/urls/JG7wuX | UA: testclient | IP: testclient
2026-07-23 01:43:05,502 | POST http://testserver/shorten | UA: testclient | IP: testclient
2026-07-23 01:43:05,502 | POST http://testserver/shorten | UA: testclient | IP: testclient
2026-07-23 01:43:05,503 | PUT http://testserver/urls/czCFL2 | UA: testclient | IP: testclient
2026-07-23 01:43:05,503 | PUT http://testserver/urls/czCFL2 | UA: testclient | IP: testclient
2026-07-23 01:43:05,506 | POST http://testserver/shorten | UA: testclient | IP: testclient
2026-07-23 01:43:05,506 | POST http://testserver/shorten | UA: testclient | IP: testclient
2026-07-23 01:43:05,508 | GET http://testserver/redirect?code=GRWbkx | UA: testclient | IP: testclient
2026-07-23 01:43:05,508 | GET http://testserver/redirect?code=GRWbkx | UA: testclient | IP: testclient
2026-07-23 01:43:05,510 | POST http://testserver/shorten | UA: testclient | IP: testclient
2026-07-23 01:43:05,510 | POST http://testserver/shorten | UA: testclient | IP: testclient
2026-07-23 01:43:05,513 | POST http://testserver/shorten | UA: testclient | IP: testclient
2026-07-23 01:43:05,513 | POST http://testserver/shorten | UA: testclient | IP: testclient
2026-07-23 01:43:05,514 | PUT http://testserver/urls/fiqyte | UA: testclient | IP: testclient
2026-07-23 01:43:05,514 | PUT http://testserver/urls/fiqyte | UA: testclient | IP: testclient
2026-07-23 01:43:05,517 | POST http://testserver/shorten | UA: testclient | IP: testclient
2026-07-23 01:43:05,517 | POST http://testserver/shorten | UA: testclient | IP: testclient
2026-07-23 01:43:05,688 | PUT http://testserver/urls/kYVKiD | UA: testclient | IP: testclient
2026-07-23 01:43:05,688 | PUT http://testserver/urls/kYVKiD | UA: testclient | IP: testclient
2026-07-23 01:43:05,690 | GET http://testserver/redirect?code=kYVKiD | UA: testclient | IP: testclient
2026-07-23 01:43:05,690 | GET http://testserver/redirect?code=kYVKiD | UA: testclient | IP: testclient
2026-07-23 01:43:05,862 | POST http://testserver/shorten | UA: testclient | IP: testclient
2026-07-23 01:43:05,862 | POST http://testserver/shorten | UA: testclient | IP: testclient
2026-07-23 01:43:06,032 | GET http://testserver/redirect?code=wwyJPB&password=secret1 | UA: testclient | IP: testclient
2026-07-23 01:43:06,032 | GET http://testserver/redirect?code=wwyJPB&password=secret1 | UA: testclient | IP: testclient
2026-07-23 01:43:06,204 | POST http://testserver/shorten | UA: testclient | IP: testclient
2026-07-23 01:43:06,204 | POST http://testserver/shorten | UA: testclient | IP: testclient
2026-07-23 01:43:06,373 | GET http://testserver/redirect?code=BGfSNc&password=wrongpass | UA: testclient | IP: testclient
2026-07-23 01:43:06,373 | GET http://testserver/redirect?code=BGfSNc&password=wrongpass | UA: testclient | IP: testclient
2026-07-23 01:43:06,546 | POST http://testserver/shorten | UA: testclient | IP: testclient
2026-07-23 01:43:06,546 | POST http://testserver/shorten | UA: testclient | IP: testclient
2026-07-23 01:43:06,548 | DELETE http://testserver/urls/xajPZk | UA: testclient | IP: testclient
2026-07-23 01:43:06,548 | DELETE http://testserver/urls/xajPZk | UA: testclient | IP: testclient
2026-07-23 01:43:06,550 | GET http://testserver/redirect?code=xajPZk | UA: testclient | IP: testclient
2026-07-23 01:43:06,550 | GET http://testserver/redirect?code=xajPZk | UA: testclient | IP: testclient
2026-07-23 01:43:06,721 | POST http://testserver/shorten | UA: testclient | IP: testclient
2026-07-23 01:43:06,721 | POST http://testserver/shorten | UA: testclient | IP: testclient
2026-07-23 01:43:06,723 | GET http://testserver/redirect?code=wgjhHy | UA: testclient | IP: testclient
2026-07-23 01:43:06,723 | GET http://testserver/redirect?code=wgjhHy | UA: testclient | IP: testclient
2026-07-23 01:43:06,727 | POST http://testserver/shorten | UA: testclient | IP: testclient
2026-07-23 01:43:06,727 | POST http://testserver/shorten | UA: testclient | IP: testclient
2026-07-23 01:43:06,729 | GET http://testserver/redirect?code=DSi5td | UA: testclient | IP: testclient
2026-07-23 01:43:06,729 | GET http://testserver/redirect?code=DSi5td | UA: testclient | IP: testclient
2026-07-23 01:43:06,900 | PUT http://testserver/urls/DSi5td | UA: testclient | IP: testclient
2026-07-23 01:43:06,900 | PUT http://testserver/urls/DSi5td | UA: testclient | IP: testclient
2026-07-23 01:43:06,901 | GET http://testserver/redirect?code=DSi5td | UA: testclient | IP: testclient
2026-07-23 01:43:06,901 | GET http://testserver/redirect?code=DSi5td | UA: testclient | IP: testclient
2026-07-23 01:43:07,073 | POST http://testserver/shorten | UA: testclient | IP: testclient
2026-07-23 01:43:07,073 | POST http://testserver/shorten | UA: testclient | IP: testclient
2026-07-23 01:43:07,074 | GET http://testserver/redirect?code=xu55ZA | UA: testclient | IP: testclient
2026-07-23 01:43:07,074 | GET http://testserver/redirect?code=xu55ZA | UA: testclient | IP: testclient
2026-07-23 01:43:07,077 | PUT http://testserver/urls/xu55ZA | UA: testclient | IP: testclient
2026-07-23 01:43:07,077 | PUT http://testserver/urls/xu55ZA | UA: testclient | IP: testclient
2026-07-23 01:43:07,079 | GET http://testserver/redirect?code=xu55ZA | UA: testclient | IP: testclient
2026-07-23 01:43:07,079 | GET http://testserver/redirect?code=xu55ZA | UA: testclient | IP: testclient
2026-07-23 01:43:07,081 | POST http://testserver/shorten | UA: testclient | IP: testclient
2026-07-23 01:43:07,081 | POST http://testserver/shorten | UA: testclient | IP: testclient
2026-07-23 01:43:07,083 | POST http://testserver/shorten | UA: testclient | IP: testclient
2026-07-23 01:43:07,083 | POST http://testserver/shorten | UA: testclient | IP: testclient
2026-07-23 01:43:07,085 | POST http://testserver/shorten | UA: testclient | IP: testclient
2026-07-23 01:43:07,085 | POST http://testserver/shorten | UA: testclient | IP: testclient
2026-07-23 01:43:07,087 | GET http://testserver/redirect | UA: testclient | IP: testclient
2026-07-23 01:43:07,087 | GET http://testserver/redirect | UA: testclient | IP: testclient
2026-07-23 01:43:07,089 | GET http://testserver/redirect?code= | UA: testclient | IP: testclient
2026-07-23 01:43:07,089 | GET http://testserver/redirect?code= | UA: testclient | IP: testclient
2026-07-23 01:43:07,093 | POST http://testserver/shorten | UA: testclient | IP: testclient
2026-07-23 01:43:07,093 | POST http://testserver/shorten | UA: testclient | IP: testclient
2026-07-23 01:43:07,096 | POST http://testserver/shorten | UA: testclient | IP: testclient
2026-07-23 01:43:07,096 | POST http://testserver/shorten | UA: testclient | IP: testclient
2026-07-23 01:43:07,097 | GET http://testserver/redirect?code=xd2X7m | UA: testclient | IP: testclient
2026-07-23 01:43:07,097 | GET http://testserver/redirect?code=xd2X7m | UA: testclient | IP: testclient
2026-07-23 01:43:07,101 | POST http://testserver/shorten | UA: testclient | IP: testclient
2026-07-23 01:43:07,101 | POST http://testserver/shorten | UA: testclient | IP: testclient
2026-07-23 01:43:07,104 | POST http://testserver/shorten | UA: testclient | IP: testclient
2026-07-23 01:43:07,104 | POST http://testserver/shorten | UA: testclient | IP: testclient
2026-07-23 01:43:07,110 | GET http://testserver/urls?size=1000 | UA: testclient | IP: testclient
2026-07-23 01:43:07,110 | GET http://testserver/urls?size=1000 | UA: testclient | IP: testclient
2026-07-23 01:43:07,282 | POST http://testserver/shorten | UA: testclient | IP: testclient
2026-07-23 01:43:07,282 | POST http://testserver/shorten | UA: testclient | IP: testclient
2026-07-23 01:43:07,286 | GET http://testserver/urls | UA: testclient | IP: testclient
2026-07-23 01:43:07,286 | GET http://testserver/urls | UA: testclient | IP: testclient
2026-07-23 01:43:07,289 | POST http://testserver/shorten | UA: testclient | IP: testclient
2026-07-23 01:43:07,289 | POST http://testserver/shorten | UA: testclient | IP: testclient
2026-07-23 01:43:07,292 | POST http://testserver/shorten | UA: testclient | IP: testclient
2026-07-23 01:43:07,292 | POST http://testserver/shorten | UA: testclient | IP: testclient
2026-07-23 01:43:07,294 | POST http://testserver/shorten | UA: testclient | IP: testclient
2026-07-23 01:43:07,294 | POST http://testserver/shorten | UA: testclient | IP: testclient
2026-07-23 01:43:07,296 | POST http://testserver/shorten | UA: testclient | IP: testclient
2026-07-23 01:43:07,296 | POST http://testserver/shorten | UA: testclient | IP: testclient
2026-07-23 01:43:07,299 | POST http://testserver/shorten | UA: testclient | IP: testclient
2026-07-23 01:43:07,299 | POST http://testserver/shorten | UA: testclient | IP: testclient
2026-07-23 01:43:07,301 | GET http://testserver/urls?page=1&size=2 | UA: testclient | IP: testclient
2026-07-23 01:43:07,301 | GET http://testserver/urls?page=1&size=2 | UA: testclient | IP: testclient
2026-07-23 01:43:07,305 | POST http://testserver/shorten | UA: testclient | IP: testclient
2026-07-23 01:43:07,305 | POST http://testserver/shorten | UA: testclient | IP: testclient
2026-07-23 01:43:07,307 | POST http://testserver/shorten | UA: testclient | IP: testclient
2026-07-23 01:43:07,307 | POST http://testserver/shorten | UA: testclient | IP: testclient
2026-07-23 01:43:07,309 | POST http://testserver/shorten | UA: testclient | IP: testclient
2026-07-23 01:43:07,309 | POST http://testserver/shorten | UA: testclient | IP: testclient
2026-07-23 01:43:07,311 | POST http://testserver/shorten | UA: testclient | IP: testclient
2026-07-23 01:43:07,311 | POST http://testserver/shorten | UA: testclient | IP: testclient
2026-07-23 01:43:07,313 | POST http://testserver/shorten | UA: testclient | IP: testclient
2026-07-23 01:43:07,313 | POST http://testserver/shorten | UA: testclient | IP: testclient
2026-07-23 01:43:07,316 | GET http://testserver/urls?page=1&size=2 | UA: testclient | IP: testclient
2026-07-23 01:43:07,316 | GET http://testserver/urls?page=1&size=2 | UA: testclient | IP: testclient
2026-07-23 01:43:07,318 | GET http://testserver/urls?page=2&size=2 | UA: testclient | IP: testclient
2026-07-23 01:43:07,318 | GET http://testserver/urls?page=2&size=2 | UA: testclient | IP: testclient
2026-07-23 01:43:07,321 | POST http://testserver/shorten | UA: testclient | IP: testclient
2026-07-23 01:43:07,321 | POST http://testserver/shorten | UA: testclient | IP: testclient
2026-07-23 01:43:07,324 | POST http://testserver/shorten | UA: testclient | IP: testclient
2026-07-23 01:43:07,324 | POST http://testserver/shorten | UA: testclient | IP: testclient
2026-07-23 01:43:07,326 | POST http://testserver/shorten | UA: testclient | IP: testclient
2026-07-23 01:43:07,326 | POST http://testserver/shorten | UA: testclient | IP: testclient
2026-07-23 01:43:07,328 | GET http://testserver/urls?page=1&size=1 | UA: testclient | IP: testclient
2026-07-23 01:43:07,328 | GET http://testserver/urls?page=1&size=1 | UA: testclient | IP: testclient
2026-07-23 01:43:07,331 | GET http://testserver/urls | UA: testclient | IP: testclient
2026-07-23 01:43:07,331 | GET http://testserver/urls | UA: testclient | IP: testclient
2026-07-23 01:43:07,333 | GET http://testserver/health | UA: testclient | IP: testclient
2026-07-23 01:43:07,333 | GET http://testserver/health | UA: testclient | IP: testclient
2026-07-23 01:43:07,335 | GET http://testserver/health | UA: testclient | IP: testclient
2026-07-23 01:43:07,335 | GET http://testserver/health | UA: testclient | IP: testclient
2026-07-23 01:43:07,337 | GET http://testserver/health | UA: testclient | IP: testclient
2026-07-23 01:43:07,337 | GET http://testserver/health | UA: testclient | IP: testclient
2026-07-23 01:43:07,338 | GET http://testserver/health | UA: testclient | IP: testclient
2026-07-23 01:43:07,338 | GET http://testserver/health | UA: testclient | IP: testclient
2026-07-23 01:43:07,340 | GET http://testserver/health | UA: testclient | IP: testclient
2026-07-23 01:43:07,340 | GET http://testserver/health | UA: testclient | IP: testclient
2026-07-23 01:43:07,343 | POST http://testserver/shorten | UA: testclient | IP: testclient
2026-07-23 01:43:07,343 | POST http://testserver/shorten | UA: testclient | IP: testclient
2026-07-23 01:43:07,345 | GET http://testserver/redirect?code=booyFw | UA: testclient | IP: testclient
2026-07-23 01:43:07,345 | GET http://testserver/redirect?code=booyFw | UA: testclient | IP: testclient
2026-07-23 01:43:07,348 | POST http://testserver/shorten | UA: testclient | IP: testclient
2026-07-23 01:43:07,348 | POST http://testserver/shorten | UA: testclient | IP: testclient
2026-07-23 01:43:07,350 | POST http://testserver/shorten | UA: testclient | IP: testclient
2026-07-23 01:43:07,350 | POST http://testserver/shorten | UA: testclient | IP: testclient
2026-07-23 01:43:07,355 | GET http://testserver/urls | UA: testclient | IP: testclient
2026-07-23 01:43:07,355 | GET http://testserver/urls | UA: testclient | IP: testclient
