2026-07-24 02:09:09,013 | authorization took 6.38ms
2026-07-24 02:09:09,013 | check_api_key took 6.56ms
2026-07-24 02:09:09,013 | blacklist took 6.69ms
2026-07-24 02:09:09,014 | log_requests took 6.81ms
2026-07-24 02:09:09,014 | timing took 6.92ms
2026-07-24 02:09:24,498 | authorization took 9.59ms
2026-07-24 02:09:24,499 | check_api_key took 9.85ms
2026-07-24 02:09:24,499 | blacklist took 9.97ms
2026-07-24 02:09:24,499 | log_requests took 10.10ms
2026-07-24 02:09:24,499 | timing took 10.21ms
2026-07-24 02:09:24,502 | authorization took 2.56ms
2026-07-24 02:09:24,503 | check_api_key took 2.65ms
2026-07-24 02:09:24,503 | blacklist took 2.75ms
2026-07-24 02:09:24,503 | log_requests took 2.84ms
2026-07-24 02:09:24,503 | timing took 2.94ms
2026-07-24 02:09:24,508 | authorization took 2.61ms
2026-07-24 02:09:24,508 | check_api_key took 2.73ms
2026-07-24 02:09:24,508 | blacklist took 2.84ms
2026-07-24 02:09:24,508 | log_requests took 2.95ms
2026-07-24 02:09:24,508 | timing took 3.05ms
2026-07-24 02:09:24,511 | authorization took 2.05ms
2026-07-24 02:09:24,511 | check_api_key took 2.16ms
2026-07-24 02:09:24,511 | blacklist took 2.26ms
2026-07-24 02:09:24,511 | log_requests took 2.37ms
2026-07-24 02:09:24,512 | timing took 2.48ms
2026-07-24 02:09:24,513 | authorization took 0.48ms
2026-07-24 02:09:24,513 | check_api_key took 0.57ms
2026-07-24 02:09:24,513 | blacklist took 0.66ms
2026-07-24 02:09:24,513 | log_requests took 0.75ms
2026-07-24 02:09:24,513 | timing took 0.84ms
2026-07-24 02:09:24,516 | authorization took 1.11ms
2026-07-24 02:09:24,516 | check_api_key took 1.20ms
2026-07-24 02:09:24,516 | blacklist took 1.30ms
2026-07-24 02:09:24,516 | log_requests took 1.39ms
2026-07-24 02:09:24,516 | timing took 1.49ms
2026-07-24 02:09:24,518 | authorization took 0.78ms
2026-07-24 02:09:24,518 | check_api_key took 0.87ms
2026-07-24 02:09:24,518 | blacklist took 0.97ms
2026-07-24 02:09:24,518 | log_requests took 1.06ms
2026-07-24 02:09:24,519 | timing took 1.14ms
2026-07-24 02:09:24,523 | authorization took 2.57ms
2026-07-24 02:09:24,523 | check_api_key took 2.67ms
2026-07-24 02:09:24,523 | blacklist took 2.77ms
2026-07-24 02:09:24,523 | log_requests took 2.87ms
2026-07-24 02:09:24,523 | timing took 2.96ms
2026-07-24 02:09:24,525 | authorization took 1.14ms
2026-07-24 02:09:24,525 | check_api_key took 1.23ms
2026-07-24 02:09:24,525 | blacklist took 1.32ms
2026-07-24 02:09:24,525 | log_requests took 1.42ms
2026-07-24 02:09:24,525 | timing took 1.51ms
2026-07-24 02:09:24,527 | authorization took 1.09ms
2026-07-24 02:09:24,527 | check_api_key took 1.19ms
2026-07-24 02:09:24,527 | blacklist took 1.29ms
2026-07-24 02:09:24,527 | log_requests took 1.38ms
2026-07-24 02:09:24,527 | timing took 1.49ms
2026-07-24 02:09:24,531 | authorization took 2.02ms
2026-07-24 02:09:24,531 | check_api_key took 2.11ms
2026-07-24 02:09:24,531 | blacklist took 2.21ms
2026-07-24 02:09:24,531 | log_requests took 2.30ms
2026-07-24 02:09:24,531 | timing took 2.39ms
2026-07-24 02:09:24,533 | authorization took 1.20ms
2026-07-24 02:09:24,533 | check_api_key took 1.30ms
2026-07-24 02:09:24,533 | blacklist took 1.40ms
2026-07-24 02:09:24,533 | log_requests took 1.49ms
2026-07-24 02:09:24,533 | timing took 1.58ms
2026-07-24 02:09:24,537 | authorization took 2.14ms
2026-07-24 02:09:24,537 | check_api_key took 2.23ms
2026-07-24 02:09:24,537 | blacklist took 2.32ms
2026-07-24 02:09:24,537 | log_requests took 2.41ms
2026-07-24 02:09:24,537 | timing took 2.50ms
2026-07-24 02:09:24,540 | authorization took 2.00ms
2026-07-24 02:09:24,540 | check_api_key took 2.10ms
2026-07-24 02:09:24,540 | blacklist took 2.20ms
2026-07-24 02:09:24,540 | log_requests took 2.30ms
2026-07-24 02:09:24,540 | timing took 2.39ms
2026-07-24 02:09:24,542 | authorization took 1.15ms
2026-07-24 02:09:24,542 | check_api_key took 1.24ms
2026-07-24 02:09:24,542 | blacklist took 1.34ms
2026-07-24 02:09:24,543 | log_requests took 1.43ms
2026-07-24 02:09:24,543 | timing took 1.53ms
2026-07-24 02:09:24,547 | authorization took 3.35ms
2026-07-24 02:09:24,547 | check_api_key took 3.45ms
2026-07-24 02:09:24,547 | blacklist took 3.54ms
2026-07-24 02:09:24,547 | log_requests took 3.65ms
2026-07-24 02:09:24,547 | timing took 3.75ms
2026-07-24 02:09:24,549 | authorization took 1.39ms
2026-07-24 02:09:24,549 | check_api_key took 1.49ms
2026-07-24 02:09:24,549 | blacklist took 1.59ms
2026-07-24 02:09:24,549 | log_requests took 1.69ms
2026-07-24 02:09:24,549 | timing took 1.79ms
2026-07-24 02:09:24,553 | authorization took 1.98ms
2026-07-24 02:09:24,553 | check_api_key took 2.07ms
2026-07-24 02:09:24,553 | blacklist took 2.16ms
2026-07-24 02:09:24,553 | log_requests took 2.25ms
2026-07-24 02:09:24,553 | timing took 2.33ms
2026-07-24 02:09:24,556 | authorization took 1.99ms
2026-07-24 02:09:24,556 | check_api_key took 2.10ms
2026-07-24 02:09:24,556 | blacklist took 2.20ms
2026-07-24 02:09:24,556 | log_requests took 2.30ms
2026-07-24 02:09:24,556 | timing took 2.40ms
2026-07-24 02:09:24,560 | authorization took 2.00ms
2026-07-24 02:09:24,560 | check_api_key took 2.10ms
2026-07-24 02:09:24,560 | blacklist took 2.19ms
2026-07-24 02:09:24,560 | log_requests took 2.28ms
2026-07-24 02:09:24,560 | timing took 2.37ms
2026-07-24 02:09:24,563 | authorization took 1.32ms
2026-07-24 02:09:24,563 | check_api_key took 1.41ms
2026-07-24 02:09:24,563 | blacklist took 1.50ms
2026-07-24 02:09:24,563 | log_requests took 1.59ms
2026-07-24 02:09:24,563 | timing took 1.68ms
2026-07-24 02:09:24,564 | authorization took 0.44ms
2026-07-24 02:09:24,564 | check_api_key took 0.53ms
2026-07-24 02:09:24,564 | blacklist took 0.63ms
2026-07-24 02:09:24,564 | log_requests took 0.71ms
2026-07-24 02:09:24,564 | timing took 0.80ms
2026-07-24 02:09:24,568 | authorization took 1.85ms
2026-07-24 02:09:24,568 | check_api_key took 1.95ms
2026-07-24 02:09:24,568 | blacklist took 2.05ms
2026-07-24 02:09:24,568 | log_requests took 2.15ms
2026-07-24 02:09:24,568 | timing took 2.24ms
2026-07-24 02:09:24,572 | authorization took 1.88ms
2026-07-24 02:09:24,572 | check_api_key took 1.98ms
2026-07-24 02:09:24,572 | blacklist took 2.07ms
2026-07-24 02:09:24,572 | log_requests took 2.16ms
2026-07-24 02:09:24,572 | timing took 2.25ms
2026-07-24 02:09:24,574 | authorization took 1.04ms
2026-07-24 02:09:24,574 | check_api_key took 1.14ms
2026-07-24 02:09:24,574 | blacklist took 1.24ms
2026-07-24 02:09:24,575 | log_requests took 1.33ms
2026-07-24 02:09:24,575 | timing took 1.41ms
2026-07-24 02:09:24,578 | authorization took 1.92ms
2026-07-24 02:09:24,578 | check_api_key took 2.02ms
2026-07-24 02:09:24,578 | blacklist took 2.11ms
2026-07-24 02:09:24,578 | log_requests took 2.20ms
2026-07-24 02:09:24,578 | timing took 2.29ms
2026-07-24 02:09:24,581 | authorization took 1.55ms
2026-07-24 02:09:24,581 | check_api_key took 1.65ms
2026-07-24 02:09:24,581 | blacklist took 1.74ms
2026-07-24 02:09:24,581 | log_requests took 1.83ms
2026-07-24 02:09:24,581 | timing took 1.92ms
2026-07-24 02:09:24,582 | authorization took 0.45ms
2026-07-24 02:09:24,582 | check_api_key took 0.54ms
2026-07-24 02:09:24,582 | blacklist took 0.64ms
2026-07-24 02:09:24,582 | log_requests took 0.73ms
2026-07-24 02:09:24,582 | timing took 0.82ms
2026-07-24 02:09:24,586 | authorization took 2.18ms
2026-07-24 02:09:24,586 | check_api_key took 2.27ms
2026-07-24 02:09:24,586 | blacklist took 2.37ms
2026-07-24 02:09:24,586 | log_requests took 2.46ms
2026-07-24 02:09:24,586 | timing took 2.55ms
2026-07-24 02:09:24,588 | authorization took 0.83ms
2026-07-24 02:09:24,588 | check_api_key took 0.93ms
2026-07-24 02:09:24,588 | blacklist took 1.02ms
2026-07-24 02:09:24,588 | log_requests took 1.11ms
2026-07-24 02:09:24,588 | timing took 1.20ms
2026-07-24 02:09:24,591 | authorization took 1.34ms
2026-07-24 02:09:24,591 | check_api_key took 1.44ms
2026-07-24 02:09:24,591 | blacklist took 1.53ms
2026-07-24 02:09:24,591 | log_requests took 1.62ms
2026-07-24 02:09:24,591 | timing took 1.71ms
2026-07-24 02:09:24,594 | authorization took 1.91ms
2026-07-24 02:09:24,595 | check_api_key took 2.01ms
2026-07-24 02:09:24,595 | blacklist took 2.10ms
2026-07-24 02:09:24,595 | log_requests took 2.19ms
2026-07-24 02:09:24,595 | timing took 2.28ms
2026-07-24 02:09:24,838 | authorization took 2.18ms
2026-07-24 02:09:24,838 | check_api_key took 2.37ms
2026-07-24 02:09:24,838 | blacklist took 2.49ms
2026-07-24 02:09:24,838 | log_requests took 2.60ms
2026-07-24 02:09:24,838 | timing took 2.73ms
2026-07-24 02:09:24,841 | authorization took 1.63ms
2026-07-24 02:09:24,841 | check_api_key took 1.74ms
2026-07-24 02:09:24,841 | blacklist took 1.83ms
2026-07-24 02:09:24,841 | log_requests took 1.93ms
2026-07-24 02:09:24,841 | timing took 2.03ms
2026-07-24 02:09:24,844 | authorization took 1.75ms
2026-07-24 02:09:24,844 | check_api_key took 1.85ms
2026-07-24 02:09:24,844 | blacklist took 1.95ms
2026-07-24 02:09:24,844 | log_requests took 2.05ms
2026-07-24 02:09:24,844 | timing took 2.13ms
2026-07-24 02:09:24,847 | authorization took 1.20ms
2026-07-24 02:09:24,847 | check_api_key took 1.30ms
2026-07-24 02:09:24,847 | blacklist took 1.40ms
2026-07-24 02:09:24,847 | log_requests took 1.49ms
2026-07-24 02:09:24,847 | timing took 1.59ms
2026-07-24 02:09:24,851 | authorization took 1.79ms
2026-07-24 02:09:24,851 | check_api_key took 1.88ms
2026-07-24 02:09:24,851 | blacklist took 1.98ms
2026-07-24 02:09:24,851 | log_requests took 2.06ms
2026-07-24 02:09:24,851 | timing took 2.15ms
2026-07-24 02:09:24,853 | authorization took 0.47ms
2026-07-24 02:09:24,853 | check_api_key took 0.56ms
2026-07-24 02:09:24,853 | blacklist took 0.66ms
2026-07-24 02:09:24,853 | log_requests took 0.75ms
2026-07-24 02:09:24,853 | timing took 0.83ms
2026-07-24 02:09:24,857 | authorization took 1.74ms
2026-07-24 02:09:24,857 | check_api_key took 1.84ms
2026-07-24 02:09:24,857 | blacklist took 1.93ms
2026-07-24 02:09:24,857 | log_requests took 2.02ms
2026-07-24 02:09:24,857 | timing took 2.11ms
2026-07-24 02:09:24,859 | authorization took 0.47ms
2026-07-24 02:09:24,859 | check_api_key took 0.56ms
2026-07-24 02:09:24,859 | blacklist took 0.66ms
2026-07-24 02:09:24,859 | log_requests took 0.75ms
2026-07-24 02:09:24,859 | timing took 0.86ms
2026-07-24 02:09:24,862 | authorization took 1.19ms
2026-07-24 02:09:24,862 | check_api_key took 1.29ms
2026-07-24 02:09:24,862 | blacklist took 1.38ms
2026-07-24 02:09:24,862 | log_requests took 1.47ms
2026-07-24 02:09:24,862 | timing took 1.55ms
2026-07-24 02:09:24,865 | authorization took 1.67ms
2026-07-24 02:09:24,865 | check_api_key took 1.76ms
2026-07-24 02:09:24,865 | blacklist took 1.85ms
2026-07-24 02:09:24,865 | log_requests took 1.94ms
2026-07-24 02:09:24,865 | timing took 2.02ms
2026-07-24 02:09:24,868 | authorization took 1.41ms
2026-07-24 02:09:24,868 | check_api_key took 1.51ms
2026-07-24 02:09:24,868 | blacklist took 1.61ms
2026-07-24 02:09:24,868 | log_requests took 1.70ms
2026-07-24 02:09:24,868 | timing took 1.80ms
2026-07-24 02:09:24,871 | authorization took 2.06ms
2026-07-24 02:09:24,871 | check_api_key took 2.16ms
2026-07-24 02:09:24,872 | blacklist took 2.26ms
2026-07-24 02:09:24,872 | log_requests took 2.35ms
2026-07-24 02:09:24,872 | timing took 2.43ms
2026-07-24 02:09:24,874 | authorization took 1.12ms
2026-07-24 02:09:24,874 | check_api_key took 1.22ms
2026-07-24 02:09:24,874 | blacklist took 1.31ms
2026-07-24 02:09:24,874 | log_requests took 1.40ms
2026-07-24 02:09:24,874 | timing took 1.50ms
2026-07-24 02:09:24,877 | authorization took 1.91ms
2026-07-24 02:09:24,877 | check_api_key took 2.00ms
2026-07-24 02:09:24,877 | blacklist took 2.10ms
2026-07-24 02:09:24,877 | log_requests took 2.19ms
2026-07-24 02:09:24,877 | timing took 2.27ms
2026-07-24 02:09:24,879 | authorization took 0.88ms
2026-07-24 02:09:24,879 | check_api_key took 0.97ms
2026-07-24 02:09:24,879 | blacklist took 1.06ms
2026-07-24 02:09:24,879 | log_requests took 1.15ms
2026-07-24 02:09:24,879 | timing took 1.24ms
2026-07-24 02:09:24,883 | authorization took 1.74ms
2026-07-24 02:09:24,883 | check_api_key took 1.84ms
2026-07-24 02:09:24,883 | blacklist took 1.94ms
2026-07-24 02:09:24,883 | log_requests took 2.04ms
2026-07-24 02:09:24,883 | timing took 2.12ms
2026-07-24 02:09:24,885 | authorization took 1.31ms
2026-07-24 02:09:24,885 | check_api_key took 1.40ms
2026-07-24 02:09:24,885 | blacklist took 1.49ms
2026-07-24 02:09:24,885 | log_requests took 1.58ms
2026-07-24 02:09:24,885 | timing took 1.68ms
2026-07-24 02:09:24,887 | authorization took 1.13ms
2026-07-24 02:09:24,887 | check_api_key took 1.23ms
2026-07-24 02:09:24,887 | blacklist took 1.32ms
2026-07-24 02:09:24,887 | log_requests took 1.41ms
2026-07-24 02:09:24,887 | timing took 1.50ms
2026-07-24 02:09:24,890 | authorization took 1.64ms
2026-07-24 02:09:24,890 | check_api_key took 1.74ms
2026-07-24 02:09:24,890 | blacklist took 1.83ms
2026-07-24 02:09:24,891 | log_requests took 1.92ms
2026-07-24 02:09:24,891 | timing took 2.00ms
2026-07-24 02:09:24,896 | authorization took 4.14ms
2026-07-24 02:09:24,896 | check_api_key took 4.24ms
2026-07-24 02:09:24,896 | blacklist took 4.34ms
2026-07-24 02:09:24,897 | log_requests took 4.43ms
2026-07-24 02:09:24,897 | timing took 4.51ms
2026-07-24 02:09:24,899 | authorization took 1.21ms
2026-07-24 02:09:24,899 | check_api_key took 1.31ms
2026-07-24 02:09:24,899 | blacklist took 1.40ms
2026-07-24 02:09:24,899 | log_requests took 1.50ms
2026-07-24 02:09:24,899 | timing took 1.59ms
2026-07-24 02:09:24,901 | authorization took 1.13ms
2026-07-24 02:09:24,901 | check_api_key took 1.22ms
2026-07-24 02:09:24,901 | blacklist took 1.32ms
2026-07-24 02:09:24,901 | log_requests took 1.42ms
2026-07-24 02:09:24,901 | timing took 1.52ms
2026-07-24 02:09:24,903 | authorization took 1.37ms
2026-07-24 02:09:24,903 | check_api_key took 1.46ms
2026-07-24 02:09:24,903 | blacklist took 1.55ms
2026-07-24 02:09:24,903 | log_requests took 1.65ms
2026-07-24 02:09:24,903 | timing took 1.77ms
2026-07-24 02:09:24,907 | authorization took 1.83ms
2026-07-24 02:09:24,907 | check_api_key took 1.94ms
2026-07-24 02:09:24,907 | blacklist took 2.04ms
2026-07-24 02:09:24,907 | log_requests took 2.20ms
2026-07-24 02:09:24,907 | timing took 2.32ms
2026-07-24 02:09:24,910 | authorization took 2.48ms
2026-07-24 02:09:24,911 | check_api_key took 2.57ms
2026-07-24 02:09:24,911 | blacklist took 2.66ms
2026-07-24 02:09:24,911 | log_requests took 2.75ms
2026-07-24 02:09:24,911 | timing took 2.84ms
2026-07-24 02:09:24,913 | authorization took 0.80ms
2026-07-24 02:09:24,913 | check_api_key took 0.90ms
2026-07-24 02:09:24,913 | blacklist took 0.98ms
2026-07-24 02:09:24,913 | log_requests took 1.07ms
2026-07-24 02:09:24,913 | timing took 1.15ms
2026-07-24 02:09:24,916 | authorization took 1.03ms
2026-07-24 02:09:24,916 | check_api_key took 1.12ms
2026-07-24 02:09:24,916 | blacklist took 1.21ms
2026-07-24 02:09:24,916 | log_requests took 1.30ms
2026-07-24 02:09:24,916 | timing took 1.39ms
2026-07-24 02:09:24,919 | authorization took 1.26ms
2026-07-24 02:09:24,919 | check_api_key took 1.34ms
2026-07-24 02:09:24,919 | blacklist took 1.43ms
2026-07-24 02:09:24,919 | log_requests took 1.52ms
2026-07-24 02:09:24,919 | timing took 1.60ms
2026-07-24 02:09:24,923 | authorization took 1.78ms
2026-07-24 02:09:24,923 | check_api_key took 1.87ms
2026-07-24 02:09:24,923 | blacklist took 1.96ms
2026-07-24 02:09:24,923 | log_requests took 2.05ms
2026-07-24 02:09:24,923 | timing took 2.13ms
2026-07-24 02:09:24,927 | authorization took 2.21ms
2026-07-24 02:09:24,927 | check_api_key took 2.31ms
2026-07-24 02:09:24,927 | blacklist took 2.40ms
2026-07-24 02:09:24,927 | log_requests took 2.49ms
2026-07-24 02:09:24,927 | timing took 2.57ms
2026-07-24 02:09:24,937 | authorization took 1.58ms
2026-07-24 02:09:24,937 | check_api_key took 1.67ms
2026-07-24 02:09:24,937 | blacklist took 1.76ms
2026-07-24 02:09:24,937 | log_requests took 1.85ms
2026-07-24 02:09:24,937 | timing took 1.94ms
2026-07-24 02:09:24,949 | authorization took 1.77ms
2026-07-24 02:09:24,949 | check_api_key took 1.87ms
2026-07-24 02:09:24,949 | blacklist took 1.96ms
2026-07-24 02:09:24,949 | log_requests took 2.05ms
2026-07-24 02:09:24,949 | timing took 2.13ms
2026-07-24 02:09:24,959 | authorization took 1.77ms
2026-07-24 02:09:24,959 | check_api_key took 1.87ms
2026-07-24 02:09:24,960 | blacklist took 1.97ms
2026-07-24 02:09:24,960 | log_requests took 2.06ms
2026-07-24 02:09:24,960 | timing took 2.16ms
2026-07-24 02:09:24,963 | authorization took 2.02ms
2026-07-24 02:09:24,963 | check_api_key took 2.12ms
2026-07-24 02:09:24,963 | blacklist took 2.21ms
2026-07-24 02:09:24,963 | log_requests took 2.30ms
2026-07-24 02:09:24,963 | timing took 2.38ms
2026-07-24 02:09:24,965 | authorization took 1.17ms
2026-07-24 02:09:24,965 | check_api_key took 1.26ms
2026-07-24 02:09:24,965 | blacklist took 1.35ms
2026-07-24 02:09:24,965 | log_requests took 1.44ms
2026-07-24 02:09:24,965 | timing took 1.54ms
2026-07-24 02:09:24,969 | authorization took 2.34ms
2026-07-24 02:09:24,969 | check_api_key took 2.43ms
2026-07-24 02:09:24,969 | blacklist took 2.52ms
2026-07-24 02:09:24,969 | log_requests took 2.61ms
2026-07-24 02:09:24,969 | timing took 2.70ms
2026-07-24 02:09:24,972 | authorization took 1.90ms
2026-07-24 02:09:24,972 | check_api_key took 1.99ms
2026-07-24 02:09:24,972 | blacklist took 2.08ms
2026-07-24 02:09:24,972 | log_requests took 2.16ms
2026-07-24 02:09:24,972 | timing took 2.25ms
2026-07-24 02:09:24,975 | authorization took 1.71ms
2026-07-24 02:09:24,975 | check_api_key took 1.80ms
2026-07-24 02:09:24,975 | blacklist took 1.89ms
2026-07-24 02:09:24,975 | log_requests took 1.98ms
2026-07-24 02:09:24,976 | timing took 2.06ms
2026-07-24 02:09:24,978 | authorization took 1.86ms
2026-07-24 02:09:24,978 | check_api_key took 1.95ms
2026-07-24 02:09:24,978 | blacklist took 2.05ms
2026-07-24 02:09:24,978 | log_requests took 2.14ms
2026-07-24 02:09:24,978 | timing took 2.23ms
2026-07-24 02:09:24,980 | authorization took 0.46ms
2026-07-24 02:09:24,980 | check_api_key took 0.55ms
2026-07-24 02:09:24,980 | blacklist took 0.64ms
2026-07-24 02:09:24,980 | log_requests took 0.73ms
2026-07-24 02:09:24,980 | timing took 0.81ms
2026-07-24 02:09:24,984 | authorization took 1.84ms
2026-07-24 02:09:24,984 | check_api_key took 2.20ms
2026-07-24 02:09:24,984 | blacklist took 2.29ms
2026-07-24 02:09:24,984 | log_requests took 2.37ms
2026-07-24 02:09:24,984 | timing took 2.45ms
2026-07-24 02:09:24,986 | authorization took 0.43ms
2026-07-24 02:09:24,986 | check_api_key took 0.52ms
2026-07-24 02:09:24,986 | blacklist took 0.61ms
2026-07-24 02:09:24,986 | log_requests took 0.70ms
2026-07-24 02:09:24,986 | timing took 0.78ms
2026-07-24 02:09:24,989 | authorization took 1.72ms
2026-07-24 02:09:24,989 | check_api_key took 1.81ms
2026-07-24 02:09:24,989 | blacklist took 1.90ms
2026-07-24 02:09:24,989 | log_requests took 1.99ms
2026-07-24 02:09:24,989 | timing took 2.07ms
2026-07-24 02:09:24,991 | authorization took 1.12ms
2026-07-24 02:09:24,991 | check_api_key took 1.21ms
2026-07-24 02:09:24,991 | blacklist took 1.30ms
2026-07-24 02:09:24,991 | log_requests took 1.39ms
2026-07-24 02:09:24,991 | timing took 1.49ms
2026-07-24 02:09:24,994 | authorization took 1.75ms
2026-07-24 02:09:24,994 | check_api_key took 1.86ms
2026-07-24 02:09:24,995 | blacklist took 1.96ms
2026-07-24 02:09:24,995 | log_requests took 2.05ms
2026-07-24 02:09:24,995 | timing took 2.14ms
2026-07-24 02:09:24,998 | authorization took 1.93ms
2026-07-24 02:09:24,998 | check_api_key took 2.02ms
2026-07-24 02:09:24,998 | blacklist took 2.11ms
2026-07-24 02:09:24,998 | log_requests took 2.20ms
2026-07-24 02:09:24,998 | timing took 2.29ms
2026-07-24 02:09:25,000 | authorization took 1.06ms
2026-07-24 02:09:25,000 | check_api_key took 1.15ms
2026-07-24 02:09:25,000 | blacklist took 1.24ms
2026-07-24 02:09:25,000 | log_requests took 1.33ms
2026-07-24 02:09:25,000 | timing took 1.42ms
2026-07-24 02:09:25,004 | authorization took 1.96ms
2026-07-24 02:09:25,004 | check_api_key took 2.05ms
2026-07-24 02:09:25,004 | blacklist took 2.14ms
2026-07-24 02:09:25,004 | log_requests took 2.23ms
2026-07-24 02:09:25,004 | timing took 2.32ms
2026-07-24 02:09:25,006 | authorization took 1.03ms
2026-07-24 02:09:25,006 | check_api_key took 1.12ms
2026-07-24 02:09:25,006 | blacklist took 1.21ms
2026-07-24 02:09:25,006 | log_requests took 1.31ms
2026-07-24 02:09:25,006 | timing took 1.39ms
2026-07-24 02:09:25,010 | authorization took 1.82ms
2026-07-24 02:09:25,010 | check_api_key took 1.91ms
2026-07-24 02:09:25,010 | blacklist took 2.01ms
2026-07-24 02:09:25,010 | log_requests took 2.10ms
2026-07-24 02:09:25,010 | timing took 2.18ms
2026-07-24 02:09:25,239 | authorization took 1.63ms
2026-07-24 02:09:25,240 | check_api_key took 1.77ms
2026-07-24 02:09:25,240 | blacklist took 1.87ms
2026-07-24 02:09:25,240 | log_requests took 1.96ms
2026-07-24 02:09:25,240 | timing took 2.06ms
2026-07-24 02:09:25,244 | authorization took 2.11ms
2026-07-24 02:09:25,244 | check_api_key took 2.20ms
2026-07-24 02:09:25,244 | blacklist took 2.29ms
2026-07-24 02:09:25,244 | log_requests took 2.38ms
2026-07-24 02:09:25,244 | timing took 2.47ms
2026-07-24 02:09:25,246 | authorization took 1.43ms
2026-07-24 02:09:25,246 | check_api_key took 1.53ms
2026-07-24 02:09:25,246 | blacklist took 1.63ms
2026-07-24 02:09:25,246 | log_requests took 1.72ms
2026-07-24 02:09:25,246 | timing took 1.82ms
2026-07-24 02:09:25,249 | authorization took 1.71ms
2026-07-24 02:09:25,249 | check_api_key took 1.81ms
2026-07-24 02:09:25,249 | blacklist took 1.91ms
2026-07-24 02:09:25,249 | log_requests took 2.00ms
2026-07-24 02:09:25,249 | timing took 2.09ms
2026-07-24 02:09:25,252 | authorization took 1.72ms
2026-07-24 02:09:25,252 | check_api_key took 1.82ms
2026-07-24 02:09:25,253 | blacklist took 1.91ms
2026-07-24 02:09:25,253 | log_requests took 2.01ms
2026-07-24 02:09:25,253 | timing took 2.09ms
2026-07-24 02:09:25,255 | authorization took 1.05ms
2026-07-24 02:09:25,255 | check_api_key took 1.16ms
2026-07-24 02:09:25,255 | blacklist took 1.25ms
2026-07-24 02:09:25,255 | log_requests took 1.34ms
2026-07-24 02:09:25,255 | timing took 1.44ms
2026-07-24 02:09:25,258 | authorization took 1.95ms
2026-07-24 02:09:25,258 | check_api_key took 2.05ms
2026-07-24 02:09:25,258 | blacklist took 2.14ms
2026-07-24 02:09:25,259 | log_requests took 2.23ms
2026-07-24 02:09:25,259 | timing took 2.31ms
2026-07-24 02:09:25,261 | authorization took 1.26ms
2026-07-24 02:09:25,261 | check_api_key took 1.35ms
2026-07-24 02:09:25,261 | blacklist took 1.45ms
2026-07-24 02:09:25,261 | log_requests took 1.54ms
2026-07-24 02:09:25,261 | timing took 1.63ms
2026-07-24 02:09:25,263 | authorization took 0.73ms
2026-07-24 02:09:25,263 | check_api_key took 0.82ms
2026-07-24 02:09:25,263 | blacklist took 0.91ms
2026-07-24 02:09:25,263 | log_requests took 1.00ms
2026-07-24 02:09:25,263 | timing took 1.09ms
2026-07-24 02:09:25,267 | authorization took 2.03ms
2026-07-24 02:09:25,267 | check_api_key took 2.12ms
2026-07-24 02:09:25,267 | blacklist took 2.21ms
2026-07-24 02:09:25,267 | log_requests took 2.30ms
2026-07-24 02:09:25,267 | timing took 2.40ms
2026-07-24 02:09:25,269 | authorization took 1.08ms
2026-07-24 02:09:25,269 | check_api_key took 1.18ms
2026-07-24 02:09:25,269 | blacklist took 1.27ms
2026-07-24 02:09:25,269 | log_requests took 1.36ms
2026-07-24 02:09:25,269 | timing took 1.44ms
2026-07-24 02:09:25,273 | authorization took 2.53ms
2026-07-24 02:09:25,273 | check_api_key took 2.64ms
2026-07-24 02:09:25,273 | blacklist took 2.73ms
2026-07-24 02:09:25,273 | log_requests took 2.83ms
2026-07-24 02:09:25,273 | timing took 2.92ms
2026-07-24 02:09:25,444 | authorization took 170.07ms
2026-07-24 02:09:25,444 | check_api_key took 170.20ms
2026-07-24 02:09:25,445 | blacklist took 170.31ms
2026-07-24 02:09:25,445 | log_requests took 170.40ms
2026-07-24 02:09:25,445 | timing took 170.49ms
2026-07-24 02:09:25,446 | authorization took 0.56ms
2026-07-24 02:09:25,446 | check_api_key took 0.66ms
2026-07-24 02:09:25,446 | blacklist took 0.75ms
2026-07-24 02:09:25,446 | log_requests took 0.84ms
2026-07-24 02:09:25,446 | timing took 0.93ms
2026-07-24 02:09:25,618 | authorization took 170.12ms
2026-07-24 02:09:25,618 | check_api_key took 170.24ms
2026-07-24 02:09:25,618 | blacklist took 170.35ms
2026-07-24 02:09:25,619 | log_requests took 170.44ms
2026-07-24 02:09:25,619 | timing took 170.53ms
2026-07-24 02:09:25,789 | authorization took 169.22ms
2026-07-24 02:09:25,789 | check_api_key took 169.35ms
2026-07-24 02:09:25,789 | blacklist took 169.46ms
2026-07-24 02:09:25,789 | log_requests took 169.55ms
2026-07-24 02:09:25,789 | timing took 169.65ms
2026-07-24 02:09:25,961 | authorization took 170.40ms
2026-07-24 02:09:25,961 | check_api_key took 170.54ms
2026-07-24 02:09:25,961 | blacklist took 170.64ms
2026-07-24 02:09:25,962 | log_requests took 170.74ms
2026-07-24 02:09:25,962 | timing took 170.82ms
2026-07-24 02:09:26,131 | authorization took 168.35ms
2026-07-24 02:09:26,131 | check_api_key took 168.50ms
2026-07-24 02:09:26,131 | blacklist took 168.60ms
2026-07-24 02:09:26,131 | log_requests took 168.70ms
2026-07-24 02:09:26,131 | timing took 168.79ms
2026-07-24 02:09:26,305 | authorization took 171.94ms
2026-07-24 02:09:26,306 | check_api_key took 172.12ms
2026-07-24 02:09:26,306 | blacklist took 172.25ms
2026-07-24 02:09:26,306 | log_requests took 172.36ms
2026-07-24 02:09:26,306 | timing took 172.46ms
2026-07-24 02:09:26,309 | authorization took 2.02ms
2026-07-24 02:09:26,309 | check_api_key took 2.13ms
2026-07-24 02:09:26,309 | blacklist took 2.24ms
2026-07-24 02:09:26,309 | log_requests took 2.34ms
2026-07-24 02:09:26,309 | timing took 2.44ms
2026-07-24 02:09:26,310 | authorization took 0.49ms
2026-07-24 02:09:26,311 | check_api_key took 0.59ms
2026-07-24 02:09:26,311 | blacklist took 0.68ms
2026-07-24 02:09:26,311 | log_requests took 0.76ms
2026-07-24 02:09:26,311 | timing took 0.85ms
2026-07-24 02:09:26,483 | authorization took 170.42ms
2026-07-24 02:09:26,483 | check_api_key took 170.55ms
2026-07-24 02:09:26,483 | blacklist took 170.65ms
2026-07-24 02:09:26,483 | log_requests took 170.75ms
2026-07-24 02:09:26,483 | timing took 170.84ms
2026-07-24 02:09:26,485 | authorization took 0.54ms
2026-07-24 02:09:26,486 | check_api_key took 0.64ms
2026-07-24 02:09:26,486 | blacklist took 0.74ms
2026-07-24 02:09:26,486 | log_requests took 0.83ms
2026-07-24 02:09:26,486 | timing took 0.92ms
2026-07-24 02:09:26,490 | authorization took 2.24ms
2026-07-24 02:09:26,490 | check_api_key took 2.35ms
2026-07-24 02:09:26,490 | blacklist took 2.45ms
2026-07-24 02:09:26,490 | log_requests took 2.54ms
2026-07-24 02:09:26,490 | timing took 2.63ms
2026-07-24 02:09:26,492 | authorization took 1.29ms
2026-07-24 02:09:26,492 | check_api_key took 1.38ms
2026-07-24 02:09:26,492 | blacklist took 1.48ms
2026-07-24 02:09:26,492 | log_requests took 1.57ms
2026-07-24 02:09:26,492 | timing took 1.69ms
2026-07-24 02:09:26,663 | authorization took 170.08ms
2026-07-24 02:09:26,663 | check_api_key took 170.22ms
2026-07-24 02:09:26,663 | blacklist took 170.32ms
2026-07-24 02:09:26,664 | log_requests took 170.42ms
2026-07-24 02:09:26,664 | timing took 170.53ms
2026-07-24 02:09:26,665 | authorization took 0.62ms
2026-07-24 02:09:26,665 | check_api_key took 0.72ms
2026-07-24 02:09:26,665 | blacklist took 0.81ms
2026-07-24 02:09:26,665 | log_requests took 0.90ms
2026-07-24 02:09:26,665 | timing took 0.99ms
2026-07-24 02:09:26,838 | authorization took 170.87ms
2026-07-24 02:09:26,838 | check_api_key took 170.99ms
2026-07-24 02:09:26,838 | blacklist took 171.10ms
2026-07-24 02:09:26,838 | log_requests took 171.20ms
2026-07-24 02:09:26,838 | timing took 171.34ms
2026-07-24 02:09:26,840 | authorization took 0.89ms
2026-07-24 02:09:26,840 | check_api_key took 0.99ms
2026-07-24 02:09:26,840 | blacklist took 1.08ms
2026-07-24 02:09:26,841 | log_requests took 1.17ms
2026-07-24 02:09:26,841 | timing took 1.26ms
2026-07-24 02:09:26,843 | authorization took 1.90ms
2026-07-24 02:09:26,843 | check_api_key took 1.99ms
2026-07-24 02:09:26,843 | blacklist took 2.08ms
2026-07-24 02:09:26,844 | log_requests took 2.18ms
2026-07-24 02:09:26,844 | timing took 2.26ms
2026-07-24 02:09:26,846 | authorization took 1.19ms
2026-07-24 02:09:26,846 | check_api_key took 1.28ms
2026-07-24 02:09:26,846 | blacklist took 1.37ms
2026-07-24 02:09:26,846 | log_requests took 1.46ms
2026-07-24 02:09:26,846 | timing took 1.56ms
2026-07-24 02:09:26,848 | authorization took 0.72ms
2026-07-24 02:09:26,848 | check_api_key took 0.81ms
2026-07-24 02:09:26,848 | blacklist took 0.91ms
2026-07-24 02:09:26,848 | log_requests took 1.00ms
2026-07-24 02:09:26,848 | timing took 1.08ms
2026-07-24 02:09:26,850 | authorization took 0.68ms
2026-07-24 02:09:26,851 | check_api_key took 0.77ms
2026-07-24 02:09:26,851 | blacklist took 0.87ms
2026-07-24 02:09:26,851 | log_requests took 0.97ms
2026-07-24 02:09:26,851 | timing took 1.05ms
2026-07-24 02:09:26,853 | authorization took 0.89ms
2026-07-24 02:09:26,853 | check_api_key took 0.98ms
2026-07-24 02:09:26,853 | blacklist took 1.07ms
2026-07-24 02:09:26,853 | log_requests took 1.16ms
2026-07-24 02:09:26,853 | timing took 1.25ms
2026-07-24 02:09:26,855 | authorization took 0.51ms
2026-07-24 02:09:26,855 | check_api_key took 0.61ms
2026-07-24 02:09:26,855 | blacklist took 0.71ms
2026-07-24 02:09:26,855 | log_requests took 0.83ms
2026-07-24 02:09:26,855 | timing took 0.92ms
2026-07-24 02:09:26,857 | authorization took 0.78ms
2026-07-24 02:09:26,857 | check_api_key took 0.87ms
2026-07-24 02:09:26,858 | blacklist took 0.96ms
2026-07-24 02:09:26,858 | log_requests took 1.05ms
2026-07-24 02:09:26,858 | timing took 1.13ms
2026-07-24 02:09:26,861 | authorization took 2.43ms
2026-07-24 02:09:26,862 | check_api_key took 2.52ms
2026-07-24 02:09:26,862 | blacklist took 2.61ms
2026-07-24 02:09:26,862 | log_requests took 2.70ms
2026-07-24 02:09:26,862 | timing took 2.78ms
2026-07-24 02:09:26,865 | authorization took 1.88ms
2026-07-24 02:09:26,865 | check_api_key took 1.96ms
2026-07-24 02:09:26,865 | blacklist took 2.06ms
2026-07-24 02:09:26,865 | log_requests took 2.14ms
2026-07-24 02:09:26,865 | timing took 2.23ms
2026-07-24 02:09:26,867 | authorization took 0.70ms
2026-07-24 02:09:26,867 | check_api_key took 0.79ms
2026-07-24 02:09:26,867 | blacklist took 0.87ms
2026-07-24 02:09:26,867 | log_requests took 0.96ms
2026-07-24 02:09:26,867 | timing took 1.05ms
2026-07-24 02:09:26,869 | authorization took 0.74ms
2026-07-24 02:09:26,869 | check_api_key took 0.83ms
2026-07-24 02:09:26,869 | blacklist took 0.92ms
2026-07-24 02:09:26,869 | log_requests took 1.00ms
2026-07-24 02:09:26,869 | timing took 1.09ms
2026-07-24 02:09:26,873 | authorization took 1.81ms
2026-07-24 02:09:26,873 | check_api_key took 1.90ms
2026-07-24 02:09:26,873 | blacklist took 1.99ms
2026-07-24 02:09:26,873 | log_requests took 2.08ms
2026-07-24 02:09:26,873 | timing took 2.16ms
2026-07-24 02:09:26,876 | authorization took 1.84ms
2026-07-24 02:09:26,876 | check_api_key took 1.93ms
2026-07-24 02:09:26,876 | blacklist took 2.02ms
2026-07-24 02:09:26,876 | log_requests took 2.11ms
2026-07-24 02:09:26,876 | timing took 2.21ms
2026-07-24 02:09:26,884 | authorization took 7.34ms
2026-07-24 02:09:26,884 | check_api_key took 7.43ms
2026-07-24 02:09:26,884 | blacklist took 7.52ms
2026-07-24 02:09:26,884 | log_requests took 7.61ms
2026-07-24 02:09:26,884 | timing took 7.70ms
2026-07-24 02:09:27,063 | authorization took 176.77ms
2026-07-24 02:09:27,063 | check_api_key took 176.91ms
2026-07-24 02:09:27,063 | blacklist took 177.01ms
2026-07-24 02:09:27,063 | log_requests took 177.10ms
2026-07-24 02:09:27,063 | timing took 177.19ms
2026-07-24 02:09:27,069 | authorization took 4.80ms
2026-07-24 02:09:27,069 | check_api_key took 4.91ms
2026-07-24 02:09:27,069 | blacklist took 5.01ms
2026-07-24 02:09:27,069 | log_requests took 5.10ms
2026-07-24 02:09:27,069 | timing took 5.19ms
2026-07-24 02:09:27,076 | authorization took 5.32ms
2026-07-24 02:09:27,076 | check_api_key took 5.48ms
2026-07-24 02:09:27,076 | blacklist took 5.61ms
2026-07-24 02:09:27,076 | log_requests took 5.70ms
2026-07-24 02:09:27,076 | timing took 5.79ms
2026-07-24 02:09:27,080 | authorization took 2.59ms
2026-07-24 02:09:27,080 | check_api_key took 2.74ms
2026-07-24 02:09:27,080 | blacklist took 2.87ms
2026-07-24 02:09:27,080 | log_requests took 2.98ms
2026-07-24 02:09:27,081 | timing took 3.09ms
2026-07-24 02:09:27,083 | authorization took 1.80ms
2026-07-24 02:09:27,083 | check_api_key took 1.89ms
2026-07-24 02:09:27,083 | blacklist took 1.98ms
2026-07-24 02:09:27,084 | log_requests took 2.07ms
2026-07-24 02:09:27,084 | timing took 2.16ms
2026-07-24 02:09:27,086 | authorization took 1.62ms
2026-07-24 02:09:27,086 | check_api_key took 1.71ms
2026-07-24 02:09:27,086 | blacklist took 1.80ms
2026-07-24 02:09:27,086 | log_requests took 1.89ms
2026-07-24 02:09:27,086 | timing took 1.98ms
2026-07-24 02:09:27,089 | authorization took 1.63ms
2026-07-24 02:09:27,089 | check_api_key took 1.73ms
2026-07-24 02:09:27,089 | blacklist took 1.82ms
2026-07-24 02:09:27,089 | log_requests took 1.91ms
2026-07-24 02:09:27,089 | timing took 1.99ms
2026-07-24 02:09:27,092 | authorization took 2.41ms
2026-07-24 02:09:27,092 | check_api_key took 2.52ms
2026-07-24 02:09:27,093 | blacklist took 2.63ms
2026-07-24 02:09:27,093 | log_requests took 2.73ms
2026-07-24 02:09:27,093 | timing took 2.83ms
2026-07-24 02:09:27,096 | authorization took 1.77ms
2026-07-24 02:09:27,096 | check_api_key took 1.87ms
2026-07-24 02:09:27,096 | blacklist took 1.97ms
2026-07-24 02:09:27,096 | log_requests took 2.06ms
2026-07-24 02:09:27,096 | timing took 2.15ms
2026-07-24 02:09:27,099 | authorization took 1.86ms
2026-07-24 02:09:27,099 | check_api_key took 1.97ms
2026-07-24 02:09:27,099 | blacklist took 2.07ms
2026-07-24 02:09:27,099 | log_requests took 2.16ms
2026-07-24 02:09:27,099 | timing took 2.25ms
2026-07-24 02:09:27,102 | authorization took 1.92ms
2026-07-24 02:09:27,102 | check_api_key took 2.00ms
2026-07-24 02:09:27,102 | blacklist took 2.10ms
2026-07-24 02:09:27,102 | log_requests took 2.19ms
2026-07-24 02:09:27,102 | timing took 2.28ms
2026-07-24 02:09:27,105 | authorization took 1.86ms
2026-07-24 02:09:27,105 | check_api_key took 1.96ms
2026-07-24 02:09:27,105 | blacklist took 2.05ms
2026-07-24 02:09:27,105 | log_requests took 2.15ms
2026-07-24 02:09:27,105 | timing took 2.24ms
2026-07-24 02:09:27,108 | authorization took 1.71ms
2026-07-24 02:09:27,108 | check_api_key took 1.81ms
2026-07-24 02:09:27,108 | blacklist took 1.91ms
2026-07-24 02:09:27,108 | log_requests took 2.03ms
2026-07-24 02:09:27,108 | timing took 2.12ms
2026-07-24 02:09:27,111 | authorization took 2.18ms
2026-07-24 02:09:27,111 | check_api_key took 2.27ms
2026-07-24 02:09:27,111 | blacklist took 2.36ms
2026-07-24 02:09:27,111 | log_requests took 2.45ms
2026-07-24 02:09:27,111 | timing took 2.54ms
2026-07-24 02:09:27,114 | authorization took 2.05ms
2026-07-24 02:09:27,114 | check_api_key took 2.14ms
2026-07-24 02:09:27,114 | blacklist took 2.23ms
2026-07-24 02:09:27,115 | log_requests took 2.32ms
2026-07-24 02:09:27,115 | timing took 2.41ms
2026-07-24 02:09:27,118 | authorization took 1.66ms
2026-07-24 02:09:27,118 | check_api_key took 1.76ms
2026-07-24 02:09:27,118 | blacklist took 1.85ms
2026-07-24 02:09:27,118 | log_requests took 1.94ms
2026-07-24 02:09:27,118 | timing took 2.03ms
2026-07-24 02:09:27,121 | authorization took 1.59ms
2026-07-24 02:09:27,121 | check_api_key took 1.68ms
2026-07-24 02:09:27,121 | blacklist took 1.77ms
2026-07-24 02:09:27,121 | log_requests took 1.86ms
2026-07-24 02:09:27,121 | timing took 1.95ms
2026-07-24 02:09:27,123 | authorization took 1.67ms
2026-07-24 02:09:27,123 | check_api_key took 1.76ms
2026-07-24 02:09:27,123 | blacklist took 1.86ms
2026-07-24 02:09:27,123 | log_requests took 1.95ms
2026-07-24 02:09:27,123 | timing took 2.03ms
2026-07-24 02:09:27,126 | authorization took 1.92ms
2026-07-24 02:09:27,126 | check_api_key took 2.02ms
2026-07-24 02:09:27,126 | blacklist took 2.11ms
2026-07-24 02:09:27,126 | log_requests took 2.20ms
2026-07-24 02:09:27,127 | timing took 2.29ms
2026-07-24 02:09:27,129 | authorization took 1.34ms
2026-07-24 02:09:27,129 | check_api_key took 1.42ms
2026-07-24 02:09:27,129 | blacklist took 1.52ms
2026-07-24 02:09:27,130 | log_requests took 1.61ms
2026-07-24 02:09:27,130 | timing took 1.72ms
2026-07-24 02:09:27,131 | authorization took 0.48ms
2026-07-24 02:09:27,131 | check_api_key took 0.57ms
2026-07-24 02:09:27,132 | blacklist took 0.66ms
2026-07-24 02:09:27,132 | log_requests took 0.74ms
2026-07-24 02:09:27,132 | timing took 0.82ms
2026-07-24 02:09:27,133 | authorization took 0.29ms
2026-07-24 02:09:27,133 | check_api_key took 0.37ms
2026-07-24 02:09:27,133 | blacklist took 0.46ms
2026-07-24 02:09:27,133 | log_requests took 0.54ms
2026-07-24 02:09:27,133 | timing took 0.62ms
2026-07-24 02:09:27,135 | authorization took 0.23ms
2026-07-24 02:09:27,135 | check_api_key took 0.32ms
2026-07-24 02:09:27,135 | blacklist took 0.41ms
2026-07-24 02:09:27,135 | log_requests took 0.50ms
2026-07-24 02:09:27,135 | timing took 0.58ms
2026-07-24 02:09:27,137 | authorization took 0.24ms
2026-07-24 02:09:27,137 | check_api_key took 0.33ms
2026-07-24 02:09:27,137 | blacklist took 0.43ms
2026-07-24 02:09:27,137 | log_requests took 0.52ms
2026-07-24 02:09:27,137 | timing took 0.60ms
2026-07-24 02:09:27,139 | authorization took 0.29ms
2026-07-24 02:09:27,139 | check_api_key took 0.38ms
2026-07-24 02:09:27,139 | blacklist took 0.48ms
2026-07-24 02:09:27,139 | log_requests took 0.57ms
2026-07-24 02:09:27,139 | timing took 0.66ms
2026-07-24 02:09:27,143 | authorization took 2.03ms
2026-07-24 02:09:27,143 | check_api_key took 2.12ms
2026-07-24 02:09:27,143 | blacklist took 2.22ms
2026-07-24 02:09:27,143 | log_requests took 2.31ms
2026-07-24 02:09:27,143 | timing took 2.39ms
2026-07-24 02:09:27,145 | authorization took 1.41ms
2026-07-24 02:09:27,145 | check_api_key took 1.50ms
2026-07-24 02:09:27,145 | blacklist took 1.60ms
2026-07-24 02:09:27,145 | log_requests took 1.69ms
2026-07-24 02:09:27,145 | timing took 1.79ms
2026-07-24 02:09:27,148 | authorization took 1.57ms
2026-07-24 02:09:27,149 | check_api_key took 1.66ms
2026-07-24 02:09:27,149 | blacklist took 1.75ms
2026-07-24 02:09:27,149 | log_requests took 1.84ms
2026-07-24 02:09:27,149 | timing took 1.93ms
2026-07-24 02:09:27,151 | authorization took 0.86ms
2026-07-24 02:09:27,151 | check_api_key took 0.95ms
2026-07-24 02:09:27,151 | blacklist took 1.05ms
2026-07-24 02:09:27,151 | log_requests took 1.14ms
2026-07-24 02:09:27,151 | timing took 1.23ms
2026-07-24 02:09:27,153 | authorization took 0.46ms
2026-07-24 02:09:27,153 | check_api_key took 0.55ms
2026-07-24 02:09:27,153 | blacklist took 0.64ms
2026-07-24 02:09:27,153 | log_requests took 0.73ms
2026-07-24 02:09:27,153 | timing took 0.82ms
2026-07-24 02:09:27,155 | authorization took 0.77ms
2026-07-24 02:09:27,155 | check_api_key took 0.86ms
2026-07-24 02:09:27,155 | blacklist took 0.95ms
2026-07-24 02:09:27,156 | log_requests took 1.04ms
2026-07-24 02:09:27,156 | timing took 1.12ms
2026-07-24 02:09:27,159 | authorization took 1.61ms
2026-07-24 02:09:27,159 | check_api_key took 1.72ms
2026-07-24 02:09:27,159 | blacklist took 1.82ms
2026-07-24 02:09:27,159 | log_requests took 1.91ms
2026-07-24 02:09:27,159 | timing took 2.01ms
2026-07-24 02:09:27,161 | authorization took 0.53ms
2026-07-24 02:09:27,161 | check_api_key took 0.62ms
2026-07-24 02:09:27,161 | blacklist took 0.71ms
2026-07-24 02:09:27,161 | log_requests took 0.80ms
2026-07-24 02:09:27,161 | timing took 0.89ms
2026-07-24 02:09:27,165 | authorization took 1.36ms
2026-07-24 02:09:27,165 | check_api_key took 1.45ms
2026-07-24 02:09:27,165 | blacklist took 1.55ms
2026-07-24 02:09:27,165 | log_requests took 1.64ms
2026-07-24 02:09:27,165 | timing took 1.72ms
2026-07-24 02:09:27,176 | authorization took 1.41ms
2026-07-24 02:09:27,176 | check_api_key took 1.52ms
2026-07-24 02:09:27,176 | blacklist took 1.62ms
2026-07-24 02:09:27,176 | log_requests took 1.71ms
2026-07-24 02:09:27,176 | timing took 1.80ms
2026-07-24 02:09:27,179 | authorization took 1.35ms
2026-07-24 02:09:27,179 | check_api_key took 1.45ms
2026-07-24 02:09:27,179 | blacklist took 1.54ms
2026-07-24 02:09:27,179 | log_requests took 1.63ms
2026-07-24 02:09:27,179 | timing took 1.71ms
2026-07-24 02:09:27,181 | authorization took 1.34ms
2026-07-24 02:09:27,182 | check_api_key took 1.43ms
2026-07-24 02:09:27,182 | blacklist took 1.53ms
2026-07-24 02:09:27,182 | log_requests took 1.62ms
2026-07-24 02:09:27,182 | timing took 1.70ms
2026-07-24 02:09:27,192 | authorization took 0.70ms
2026-07-24 02:09:27,192 | check_api_key took 0.82ms
2026-07-24 02:09:27,192 | blacklist took 0.92ms
2026-07-24 02:09:27,192 | log_requests took 1.02ms
2026-07-24 02:09:27,192 | timing took 1.11ms
2026-07-24 02:09:27,203 | authorization took 1.44ms
2026-07-24 02:09:27,203 | check_api_key took 1.53ms
2026-07-24 02:09:27,203 | blacklist took 1.62ms
2026-07-24 02:09:27,203 | log_requests took 1.72ms
2026-07-24 02:09:27,203 | timing took 1.82ms
2026-07-24 02:09:27,212 | authorization took 0.34ms
2026-07-24 02:09:27,212 | check_api_key took 0.44ms
2026-07-24 02:09:27,212 | blacklist took 0.54ms
2026-07-24 02:09:27,212 | log_requests took 0.63ms
2026-07-24 02:09:27,212 | timing took 0.72ms
2026-07-24 02:09:27,221 | authorization took 0.53ms
2026-07-24 02:09:27,221 | check_api_key took 0.63ms
2026-07-24 02:09:27,221 | blacklist took 0.72ms
2026-07-24 02:09:27,221 | log_requests took 0.81ms
2026-07-24 02:09:27,221 | timing took 0.90ms
2026-07-24 02:09:27,232 | authorization took 1.96ms
2026-07-24 02:09:27,232 | check_api_key took 2.06ms
2026-07-24 02:09:27,232 | blacklist took 2.15ms
2026-07-24 02:09:27,232 | log_requests took 2.24ms
2026-07-24 02:09:27,232 | timing took 2.33ms
2026-07-24 02:09:27,234 | authorization took 1.26ms
2026-07-24 02:09:27,234 | check_api_key took 1.35ms
2026-07-24 02:09:27,234 | blacklist took 1.45ms
2026-07-24 02:09:27,234 | log_requests took 1.55ms
2026-07-24 02:09:27,234 | timing took 1.65ms
2026-07-24 02:09:34,190 | authorization took 7.95ms
2026-07-24 02:09:34,190 | check_api_key took 8.11ms
2026-07-24 02:09:34,190 | blacklist took 8.23ms
2026-07-24 02:09:34,190 | log_requests took 8.35ms
2026-07-24 02:09:34,190 | timing took 8.46ms
2026-07-24 02:09:34,194 | authorization took 2.34ms
2026-07-24 02:09:34,194 | check_api_key took 2.46ms
2026-07-24 02:09:34,194 | blacklist took 2.57ms
2026-07-24 02:09:34,194 | log_requests took 2.67ms
2026-07-24 02:09:34,194 | timing took 2.78ms
2026-07-24 02:09:34,199 | authorization took 2.26ms
2026-07-24 02:09:34,199 | check_api_key took 2.37ms
2026-07-24 02:09:34,199 | blacklist took 2.47ms
2026-07-24 02:09:34,199 | log_requests took 2.56ms
2026-07-24 02:09:34,199 | timing took 2.66ms
2026-07-24 02:09:34,202 | authorization took 1.96ms
2026-07-24 02:09:34,202 | check_api_key took 2.05ms
2026-07-24 02:09:34,202 | blacklist took 2.15ms
2026-07-24 02:09:34,202 | log_requests took 2.24ms
2026-07-24 02:09:34,202 | timing took 2.34ms
2026-07-24 02:09:34,204 | authorization took 0.48ms
2026-07-24 02:09:34,204 | check_api_key took 0.58ms
2026-07-24 02:09:34,204 | blacklist took 0.67ms
2026-07-24 02:09:34,204 | log_requests took 0.76ms
2026-07-24 02:09:34,204 | timing took 0.85ms
2026-07-24 02:09:34,207 | authorization took 1.03ms
2026-07-24 02:09:34,207 | check_api_key took 1.14ms
2026-07-24 02:09:34,207 | blacklist took 1.24ms
2026-07-24 02:09:34,207 | log_requests took 1.33ms
2026-07-24 02:09:34,207 | timing took 1.42ms
2026-07-24 02:09:34,209 | authorization took 0.76ms
2026-07-24 02:09:34,209 | check_api_key took 0.86ms
2026-07-24 02:09:34,209 | blacklist took 0.95ms
2026-07-24 02:09:34,209 | log_requests took 1.05ms
2026-07-24 02:09:34,209 | timing took 1.14ms
2026-07-24 02:09:34,213 | authorization took 2.01ms
2026-07-24 02:09:34,213 | check_api_key took 2.11ms
2026-07-24 02:09:34,213 | blacklist took 2.21ms
2026-07-24 02:09:34,213 | log_requests took 2.29ms
2026-07-24 02:09:34,213 | timing took 2.38ms
2026-07-24 02:09:34,215 | authorization took 1.13ms
2026-07-24 02:09:34,215 | check_api_key took 1.23ms
2026-07-24 02:09:34,215 | blacklist took 1.32ms
2026-07-24 02:09:34,215 | log_requests took 1.42ms
2026-07-24 02:09:34,215 | timing took 1.51ms
2026-07-24 02:09:34,218 | authorization took 1.32ms
2026-07-24 02:09:34,218 | check_api_key took 1.44ms
2026-07-24 02:09:34,218 | blacklist took 1.56ms
2026-07-24 02:09:34,218 | log_requests took 1.66ms
2026-07-24 02:09:34,218 | timing took 1.78ms
2026-07-24 02:09:34,221 | authorization took 1.87ms
2026-07-24 02:09:34,221 | check_api_key took 1.97ms
2026-07-24 02:09:34,222 | blacklist took 2.06ms
2026-07-24 02:09:34,222 | log_requests took 2.15ms
2026-07-24 02:09:34,222 | timing took 2.24ms
2026-07-24 02:09:34,224 | authorization took 1.19ms
2026-07-24 02:09:34,224 | check_api_key took 1.29ms
2026-07-24 02:09:34,224 | blacklist took 1.38ms
2026-07-24 02:09:34,224 | log_requests took 1.48ms
2026-07-24 02:09:34,224 | timing took 1.59ms
2026-07-24 02:09:34,228 | authorization took 3.08ms
2026-07-24 02:09:34,228 | check_api_key took 3.18ms
2026-07-24 02:09:34,229 | blacklist took 3.30ms
2026-07-24 02:09:34,229 | log_requests took 3.41ms
2026-07-24 02:09:34,229 | timing took 3.51ms
2026-07-24 02:09:34,232 | authorization took 2.43ms
2026-07-24 02:09:34,232 | check_api_key took 2.53ms
2026-07-24 02:09:34,232 | blacklist took 2.63ms
2026-07-24 02:09:34,232 | log_requests took 2.72ms
2026-07-24 02:09:34,232 | timing took 2.81ms
2026-07-24 02:09:34,234 | authorization took 1.16ms
2026-07-24 02:09:34,234 | check_api_key took 1.25ms
2026-07-24 02:09:34,234 | blacklist took 1.34ms
2026-07-24 02:09:34,234 | log_requests took 1.43ms
2026-07-24 02:09:34,234 | timing took 1.52ms
2026-07-24 02:09:34,236 | authorization took 1.13ms
2026-07-24 02:09:34,236 | check_api_key took 1.23ms
2026-07-24 02:09:34,237 | blacklist took 1.32ms
2026-07-24 02:09:34,237 | log_requests took 1.41ms
2026-07-24 02:09:34,237 | timing took 1.51ms
2026-07-24 02:09:34,238 | authorization took 1.06ms
2026-07-24 02:09:34,239 | check_api_key took 1.16ms
2026-07-24 02:09:34,239 | blacklist took 1.26ms
2026-07-24 02:09:34,239 | log_requests took 1.35ms
2026-07-24 02:09:34,239 | timing took 1.45ms
2026-07-24 02:09:34,242 | authorization took 1.89ms
2026-07-24 02:09:34,242 | check_api_key took 1.99ms
2026-07-24 02:09:34,242 | blacklist took 2.09ms
2026-07-24 02:09:34,242 | log_requests took 2.19ms
2026-07-24 02:09:34,243 | timing took 2.28ms
2026-07-24 02:09:34,246 | authorization took 2.53ms
2026-07-24 02:09:34,246 | check_api_key took 2.66ms
2026-07-24 02:09:34,246 | blacklist took 2.79ms
2026-07-24 02:09:34,246 | log_requests took 3.00ms
2026-07-24 02:09:34,246 | timing took 3.16ms
2026-07-24 02:09:34,250 | authorization took 1.96ms
2026-07-24 02:09:34,250 | check_api_key took 2.05ms
2026-07-24 02:09:34,251 | blacklist took 2.15ms
2026-07-24 02:09:34,251 | log_requests took 2.24ms
2026-07-24 02:09:34,251 | timing took 2.33ms
2026-07-24 02:09:34,253 | authorization took 1.41ms
2026-07-24 02:09:34,253 | check_api_key took 1.50ms
2026-07-24 02:09:34,253 | blacklist took 1.60ms
2026-07-24 02:09:34,253 | log_requests took 1.69ms
2026-07-24 02:09:34,253 | timing took 1.79ms
2026-07-24 02:09:34,254 | authorization took 0.51ms
2026-07-24 02:09:34,254 | check_api_key took 0.59ms
2026-07-24 02:09:34,254 | blacklist took 0.69ms
2026-07-24 02:09:34,255 | log_requests took 0.77ms
2026-07-24 02:09:34,255 | timing took 0.86ms
2026-07-24 02:09:34,258 | authorization took 1.70ms
2026-07-24 02:09:34,258 | check_api_key took 1.79ms
2026-07-24 02:09:34,258 | blacklist took 1.88ms
2026-07-24 02:09:34,258 | log_requests took 1.97ms
2026-07-24 02:09:34,258 | timing took 2.06ms
2026-07-24 02:09:34,262 | authorization took 2.06ms
2026-07-24 02:09:34,262 | check_api_key took 2.16ms
2026-07-24 02:09:34,262 | blacklist took 2.25ms
2026-07-24 02:09:34,262 | log_requests took 2.34ms
2026-07-24 02:09:34,262 | timing took 2.43ms
2026-07-24 02:09:34,265 | authorization took 1.12ms
2026-07-24 02:09:34,265 | check_api_key took 1.21ms
2026-07-24 02:09:34,265 | blacklist took 1.31ms
2026-07-24 02:09:34,265 | log_requests took 1.40ms
2026-07-24 02:09:34,265 | timing took 1.48ms
2026-07-24 02:09:34,268 | authorization took 1.84ms
2026-07-24 02:09:34,268 | check_api_key took 1.93ms
2026-07-24 02:09:34,269 | blacklist took 2.02ms
2026-07-24 02:09:34,269 | log_requests took 2.16ms
2026-07-24 02:09:34,269 | timing took 2.28ms
2026-07-24 02:09:34,271 | authorization took 1.48ms
2026-07-24 02:09:34,271 | check_api_key took 1.58ms
2026-07-24 02:09:34,271 | blacklist took 1.67ms
2026-07-24 02:09:34,271 | log_requests took 1.77ms
2026-07-24 02:09:34,271 | timing took 1.87ms
2026-07-24 02:09:34,273 | authorization took 0.43ms
2026-07-24 02:09:34,273 | check_api_key took 0.52ms
2026-07-24 02:09:34,273 | blacklist took 0.61ms
2026-07-24 02:09:34,273 | log_requests took 0.69ms
2026-07-24 02:09:34,273 | timing took 0.78ms
2026-07-24 02:09:34,277 | authorization took 2.06ms
2026-07-24 02:09:34,277 | check_api_key took 2.16ms
2026-07-24 02:09:34,277 | blacklist took 2.26ms
2026-07-24 02:09:34,277 | log_requests took 2.36ms
2026-07-24 02:09:34,277 | timing took 2.46ms
2026-07-24 02:09:34,279 | authorization took 0.75ms
2026-07-24 02:09:34,279 | check_api_key took 0.85ms
2026-07-24 02:09:34,279 | blacklist took 0.94ms
2026-07-24 02:09:34,279 | log_requests took 1.04ms
2026-07-24 02:09:34,279 | timing took 1.13ms
2026-07-24 02:09:34,281 | authorization took 1.32ms
2026-07-24 02:09:34,281 | check_api_key took 1.43ms
2026-07-24 02:09:34,281 | blacklist took 1.57ms
2026-07-24 02:09:34,281 | log_requests took 1.67ms
2026-07-24 02:09:34,281 | timing took 1.78ms
2026-07-24 02:09:34,285 | authorization took 1.76ms
2026-07-24 02:09:34,285 | check_api_key took 1.86ms
2026-07-24 02:09:34,285 | blacklist took 1.95ms
2026-07-24 02:09:34,285 | log_requests took 2.05ms
2026-07-24 02:09:34,285 | timing took 2.13ms
2026-07-24 02:09:34,527 | authorization took 2.03ms
2026-07-24 02:09:34,527 | check_api_key took 2.15ms
2026-07-24 02:09:34,527 | blacklist took 2.25ms
2026-07-24 02:09:34,527 | log_requests took 2.34ms
2026-07-24 02:09:34,527 | timing took 2.44ms
2026-07-24 02:09:34,529 | authorization took 1.61ms
2026-07-24 02:09:34,529 | check_api_key took 1.71ms
2026-07-24 02:09:34,530 | blacklist took 1.81ms
2026-07-24 02:09:34,530 | log_requests took 1.91ms
2026-07-24 02:09:34,530 | timing took 2.00ms
2026-07-24 02:09:34,533 | authorization took 1.95ms
2026-07-24 02:09:34,533 | check_api_key took 2.06ms
2026-07-24 02:09:34,533 | blacklist took 2.16ms
2026-07-24 02:09:34,533 | log_requests took 2.25ms
2026-07-24 02:09:34,533 | timing took 2.34ms
2026-07-24 02:09:34,536 | authorization took 1.23ms
2026-07-24 02:09:34,536 | check_api_key took 1.32ms
2026-07-24 02:09:34,536 | blacklist took 1.41ms
2026-07-24 02:09:34,536 | log_requests took 1.50ms
2026-07-24 02:09:34,536 | timing took 1.59ms
2026-07-24 02:09:34,539 | authorization took 1.81ms
2026-07-24 02:09:34,540 | check_api_key took 1.91ms
2026-07-24 02:09:34,540 | blacklist took 2.00ms
2026-07-24 02:09:34,540 | log_requests took 2.09ms
2026-07-24 02:09:34,540 | timing took 2.18ms
2026-07-24 02:09:34,544 | authorization took 0.48ms
2026-07-24 02:09:34,544 | check_api_key took 0.57ms
2026-07-24 02:09:34,544 | blacklist took 0.66ms
2026-07-24 02:09:34,544 | log_requests took 0.76ms
2026-07-24 02:09:34,544 | timing took 0.84ms
2026-07-24 02:09:34,547 | authorization took 1.86ms
2026-07-24 02:09:34,547 | check_api_key took 1.96ms
2026-07-24 02:09:34,547 | blacklist took 2.06ms
2026-07-24 02:09:34,547 | log_requests took 2.15ms
2026-07-24 02:09:34,547 | timing took 2.24ms
2026-07-24 02:09:34,549 | authorization took 0.46ms
2026-07-24 02:09:34,549 | check_api_key took 0.55ms
2026-07-24 02:09:34,549 | blacklist took 0.64ms
2026-07-24 02:09:34,550 | log_requests took 0.73ms
2026-07-24 02:09:34,550 | timing took 0.82ms
2026-07-24 02:09:34,552 | authorization took 1.01ms
2026-07-24 02:09:34,552 | check_api_key took 1.10ms
2026-07-24 02:09:34,552 | blacklist took 1.19ms
2026-07-24 02:09:34,552 | log_requests took 1.28ms
2026-07-24 02:09:34,552 | timing took 1.36ms
2026-07-24 02:09:34,555 | authorization took 1.74ms
2026-07-24 02:09:34,556 | check_api_key took 1.83ms
2026-07-24 02:09:34,556 | blacklist took 1.93ms
2026-07-24 02:09:34,556 | log_requests took 2.02ms
2026-07-24 02:09:34,556 | timing took 2.10ms
2026-07-24 02:09:34,558 | authorization took 1.13ms
2026-07-24 02:09:34,558 | check_api_key took 1.22ms
2026-07-24 02:09:34,558 | blacklist took 1.31ms
2026-07-24 02:09:34,558 | log_requests took 1.41ms
2026-07-24 02:09:34,558 | timing took 1.51ms
2026-07-24 02:09:34,561 | authorization took 1.70ms
2026-07-24 02:09:34,561 | check_api_key took 1.79ms
2026-07-24 02:09:34,561 | blacklist took 1.88ms
2026-07-24 02:09:34,561 | log_requests took 1.97ms
2026-07-24 02:09:34,561 | timing took 2.05ms
2026-07-24 02:09:34,563 | authorization took 1.10ms
2026-07-24 02:09:34,563 | check_api_key took 1.19ms
2026-07-24 02:09:34,563 | blacklist took 1.28ms
2026-07-24 02:09:34,563 | log_requests took 1.38ms
2026-07-24 02:09:34,563 | timing took 1.47ms
2026-07-24 02:09:34,567 | authorization took 1.93ms
2026-07-24 02:09:34,567 | check_api_key took 2.02ms
2026-07-24 02:09:34,567 | blacklist took 2.11ms
2026-07-24 02:09:34,567 | log_requests took 2.20ms
2026-07-24 02:09:34,567 | timing took 2.28ms
2026-07-24 02:09:34,569 | authorization took 0.85ms
2026-07-24 02:09:34,569 | check_api_key took 0.94ms
2026-07-24 02:09:34,569 | blacklist took 1.03ms
2026-07-24 02:09:34,569 | log_requests took 1.12ms
2026-07-24 02:09:34,569 | timing took 1.20ms
2026-07-24 02:09:34,572 | authorization took 1.67ms
2026-07-24 02:09:34,572 | check_api_key took 1.77ms
2026-07-24 02:09:34,572 | blacklist took 1.86ms
2026-07-24 02:09:34,572 | log_requests took 1.96ms
2026-07-24 02:09:34,572 | timing took 2.05ms
2026-07-24 02:09:34,574 | authorization took 1.24ms
2026-07-24 02:09:34,574 | check_api_key took 1.33ms
2026-07-24 02:09:34,575 | blacklist took 1.42ms
2026-07-24 02:09:34,575 | log_requests took 1.51ms
2026-07-24 02:09:34,575 | timing took 1.60ms
2026-07-24 02:09:34,576 | authorization took 1.06ms
2026-07-24 02:09:34,576 | check_api_key took 1.15ms
2026-07-24 02:09:34,577 | blacklist took 1.24ms
2026-07-24 02:09:34,577 | log_requests took 1.33ms
2026-07-24 02:09:34,577 | timing took 1.41ms
2026-07-24 02:09:34,580 | authorization took 1.54ms
2026-07-24 02:09:34,580 | check_api_key took 1.63ms
2026-07-24 02:09:34,580 | blacklist took 1.73ms
2026-07-24 02:09:34,580 | log_requests took 1.82ms
2026-07-24 02:09:34,580 | timing took 1.90ms
2026-07-24 02:09:34,585 | authorization took 3.65ms
2026-07-24 02:09:34,585 | check_api_key took 3.75ms
2026-07-24 02:09:34,585 | blacklist took 3.84ms
2026-07-24 02:09:34,585 | log_requests took 3.94ms
2026-07-24 02:09:34,585 | timing took 4.02ms
2026-07-24 02:09:34,587 | authorization took 1.14ms
2026-07-24 02:09:34,587 | check_api_key took 1.23ms
2026-07-24 02:09:34,587 | blacklist took 1.32ms
2026-07-24 02:09:34,587 | log_requests took 1.41ms
2026-07-24 02:09:34,588 | timing took 1.50ms
2026-07-24 02:09:34,589 | authorization took 1.19ms
2026-07-24 02:09:34,590 | check_api_key took 1.28ms
2026-07-24 02:09:34,590 | blacklist took 1.38ms
2026-07-24 02:09:34,590 | log_requests took 1.47ms
2026-07-24 02:09:34,590 | timing took 1.57ms
2026-07-24 02:09:34,592 | authorization took 1.29ms
2026-07-24 02:09:34,592 | check_api_key took 1.39ms
2026-07-24 02:09:34,592 | blacklist took 1.48ms
2026-07-24 02:09:34,592 | log_requests took 1.58ms
2026-07-24 02:09:34,592 | timing took 1.68ms
2026-07-24 02:09:34,595 | authorization took 1.59ms
2026-07-24 02:09:34,595 | check_api_key took 1.67ms
2026-07-24 02:09:34,595 | blacklist took 1.76ms
2026-07-24 02:09:34,595 | log_requests took 1.85ms
2026-07-24 02:09:34,595 | timing took 1.94ms
2026-07-24 02:09:34,599 | authorization took 2.76ms
2026-07-24 02:09:34,599 | check_api_key took 2.85ms
2026-07-24 02:09:34,599 | blacklist took 2.95ms
2026-07-24 02:09:34,599 | log_requests took 3.04ms
2026-07-24 02:09:34,599 | timing took 3.13ms
2026-07-24 02:09:34,602 | authorization took 0.81ms
2026-07-24 02:09:34,602 | check_api_key took 0.90ms
2026-07-24 02:09:34,602 | blacklist took 0.99ms
2026-07-24 02:09:34,602 | log_requests took 1.08ms
2026-07-24 02:09:34,602 | timing took 1.17ms
2026-07-24 02:09:34,605 | authorization took 1.05ms
2026-07-24 02:09:34,605 | check_api_key took 1.14ms
2026-07-24 02:09:34,605 | blacklist took 1.23ms
2026-07-24 02:09:34,605 | log_requests took 1.32ms
2026-07-24 02:09:34,605 | timing took 1.41ms
2026-07-24 02:09:34,607 | authorization took 0.99ms
2026-07-24 02:09:34,607 | check_api_key took 1.08ms
2026-07-24 02:09:34,607 | blacklist took 1.17ms
2026-07-24 02:09:34,607 | log_requests took 1.25ms
2026-07-24 02:09:34,607 | timing took 1.34ms
2026-07-24 02:09:34,611 | authorization took 1.78ms
2026-07-24 02:09:34,611 | check_api_key took 1.87ms
2026-07-24 02:09:34,611 | blacklist took 1.96ms
2026-07-24 02:09:34,611 | log_requests took 2.04ms
2026-07-24 02:09:34,611 | timing took 2.12ms
2026-07-24 02:09:34,614 | authorization took 1.84ms
2026-07-24 02:09:34,614 | check_api_key took 1.93ms
2026-07-24 02:09:34,614 | blacklist took 2.03ms
2026-07-24 02:09:34,614 | log_requests took 2.11ms
2026-07-24 02:09:34,614 | timing took 2.20ms
2026-07-24 02:09:34,625 | authorization took 1.71ms
2026-07-24 02:09:34,625 | check_api_key took 1.80ms
2026-07-24 02:09:34,625 | blacklist took 1.89ms
2026-07-24 02:09:34,625 | log_requests took 1.99ms
2026-07-24 02:09:34,625 | timing took 2.08ms
2026-07-24 02:09:34,636 | authorization took 1.83ms
2026-07-24 02:09:34,636 | check_api_key took 1.94ms
2026-07-24 02:09:34,636 | blacklist took 2.03ms
2026-07-24 02:09:34,636 | log_requests took 2.13ms
2026-07-24 02:09:34,636 | timing took 2.22ms
2026-07-24 02:09:34,646 | authorization took 1.90ms
2026-07-24 02:09:34,646 | check_api_key took 2.01ms
2026-07-24 02:09:34,646 | blacklist took 2.11ms
2026-07-24 02:09:34,647 | log_requests took 2.21ms
2026-07-24 02:09:34,647 | timing took 2.30ms
2026-07-24 02:09:34,650 | authorization took 2.06ms
2026-07-24 02:09:34,650 | check_api_key took 2.15ms
2026-07-24 02:09:34,650 | blacklist took 2.25ms
2026-07-24 02:09:34,650 | log_requests took 2.34ms
2026-07-24 02:09:34,650 | timing took 2.42ms
2026-07-24 02:09:34,652 | authorization took 1.10ms
2026-07-24 02:09:34,652 | check_api_key took 1.19ms
2026-07-24 02:09:34,652 | blacklist took 1.29ms
2026-07-24 02:09:34,652 | log_requests took 1.37ms
2026-07-24 02:09:34,652 | timing took 1.47ms
2026-07-24 02:09:34,655 | authorization took 1.96ms
2026-07-24 02:09:34,655 | check_api_key took 2.05ms
2026-07-24 02:09:34,655 | blacklist took 2.14ms
2026-07-24 02:09:34,656 | log_requests took 2.23ms
2026-07-24 02:09:34,656 | timing took 2.32ms
2026-07-24 02:09:34,658 | authorization took 1.85ms
2026-07-24 02:09:34,658 | check_api_key took 1.94ms
2026-07-24 02:09:34,658 | blacklist took 2.03ms
2026-07-24 02:09:34,658 | log_requests took 2.11ms
2026-07-24 02:09:34,659 | timing took 2.20ms
2026-07-24 02:09:34,662 | authorization took 2.00ms
2026-07-24 02:09:34,662 | check_api_key took 2.10ms
2026-07-24 02:09:34,662 | blacklist took 2.20ms
2026-07-24 02:09:34,662 | log_requests took 2.29ms
2026-07-24 02:09:34,662 | timing took 2.39ms
2026-07-24 02:09:34,665 | authorization took 1.60ms
2026-07-24 02:09:34,665 | check_api_key took 1.69ms
2026-07-24 02:09:34,665 | blacklist took 1.79ms
2026-07-24 02:09:34,665 | log_requests took 1.88ms
2026-07-24 02:09:34,665 | timing took 1.97ms
2026-07-24 02:09:34,666 | authorization took 0.42ms
2026-07-24 02:09:34,666 | check_api_key took 0.51ms
2026-07-24 02:09:34,666 | blacklist took 0.60ms
2026-07-24 02:09:34,667 | log_requests took 0.69ms
2026-07-24 02:09:34,667 | timing took 0.77ms
2026-07-24 02:09:34,670 | authorization took 1.67ms
2026-07-24 02:09:34,670 | check_api_key took 2.06ms
2026-07-24 02:09:34,670 | blacklist took 2.15ms
2026-07-24 02:09:34,670 | log_requests took 2.24ms
2026-07-24 02:09:34,670 | timing took 2.33ms
2026-07-24 02:09:34,672 | authorization took 0.51ms
2026-07-24 02:09:34,672 | check_api_key took 0.61ms
2026-07-24 02:09:34,672 | blacklist took 0.70ms
2026-07-24 02:09:34,672 | log_requests took 0.80ms
2026-07-24 02:09:34,673 | timing took 0.89ms
2026-07-24 02:09:34,675 | authorization took 1.62ms
2026-07-24 02:09:34,675 | check_api_key took 1.71ms
2026-07-24 02:09:34,675 | blacklist took 1.81ms
2026-07-24 02:09:34,675 | log_requests took 1.90ms
2026-07-24 02:09:34,675 | timing took 1.99ms
2026-07-24 02:09:34,677 | authorization took 1.05ms
2026-07-24 02:09:34,677 | check_api_key took 1.14ms
2026-07-24 02:09:34,677 | blacklist took 1.23ms
2026-07-24 02:09:34,677 | log_requests took 1.32ms
2026-07-24 02:09:34,677 | timing took 1.42ms
2026-07-24 02:09:34,681 | authorization took 1.77ms
2026-07-24 02:09:34,681 | check_api_key took 1.87ms
2026-07-24 02:09:34,681 | blacklist took 1.97ms
2026-07-24 02:09:34,681 | log_requests took 2.06ms
2026-07-24 02:09:34,681 | timing took 2.15ms
2026-07-24 02:09:34,684 | authorization took 2.07ms
2026-07-24 02:09:34,685 | check_api_key took 2.16ms
2026-07-24 02:09:34,685 | blacklist took 2.25ms
2026-07-24 02:09:34,685 | log_requests took 2.35ms
2026-07-24 02:09:34,685 | timing took 2.44ms
2026-07-24 02:09:34,687 | authorization took 1.14ms
2026-07-24 02:09:34,687 | check_api_key took 1.23ms
2026-07-24 02:09:34,687 | blacklist took 1.32ms
2026-07-24 02:09:34,687 | log_requests took 1.41ms
2026-07-24 02:09:34,687 | timing took 1.51ms
2026-07-24 02:09:34,690 | authorization took 1.71ms
2026-07-24 02:09:34,690 | check_api_key took 1.79ms
2026-07-24 02:09:34,690 | blacklist took 1.89ms
2026-07-24 02:09:34,690 | log_requests took 1.98ms
2026-07-24 02:09:34,690 | timing took 2.07ms
2026-07-24 02:09:34,692 | authorization took 0.94ms
2026-07-24 02:09:34,692 | check_api_key took 1.02ms
2026-07-24 02:09:34,692 | blacklist took 1.11ms
2026-07-24 02:09:34,692 | log_requests took 1.20ms
2026-07-24 02:09:34,692 | timing took 1.28ms
2026-07-24 02:09:34,696 | authorization took 1.93ms
2026-07-24 02:09:34,696 | check_api_key took 2.03ms
2026-07-24 02:09:34,696 | blacklist took 2.13ms
2026-07-24 02:09:34,696 | log_requests took 2.23ms
2026-07-24 02:09:34,696 | timing took 2.32ms
2026-07-24 02:09:34,925 | authorization took 1.42ms
2026-07-24 02:09:34,925 | check_api_key took 1.55ms
2026-07-24 02:09:34,925 | blacklist took 1.64ms
2026-07-24 02:09:34,925 | log_requests took 1.74ms
2026-07-24 02:09:34,925 | timing took 1.83ms
2026-07-24 02:09:34,929 | authorization took 2.15ms
2026-07-24 02:09:34,929 | check_api_key took 2.28ms
2026-07-24 02:09:34,929 | blacklist took 2.38ms
2026-07-24 02:09:34,930 | log_requests took 2.47ms
2026-07-24 02:09:34,930 | timing took 2.57ms
2026-07-24 02:09:34,932 | authorization took 1.40ms
2026-07-24 02:09:34,932 | check_api_key took 1.49ms
2026-07-24 02:09:34,932 | blacklist took 1.58ms
2026-07-24 02:09:34,932 | log_requests took 1.67ms
2026-07-24 02:09:34,932 | timing took 1.76ms
2026-07-24 02:09:34,935 | authorization took 1.59ms
2026-07-24 02:09:34,935 | check_api_key took 1.69ms
2026-07-24 02:09:34,935 | blacklist took 1.78ms
2026-07-24 02:09:34,935 | log_requests took 1.87ms
2026-07-24 02:09:34,935 | timing took 1.97ms
2026-07-24 02:09:34,938 | authorization took 1.68ms
2026-07-24 02:09:34,938 | check_api_key took 1.77ms
2026-07-24 02:09:34,938 | blacklist took 1.87ms
2026-07-24 02:09:34,938 | log_requests took 1.96ms
2026-07-24 02:09:34,938 | timing took 2.04ms
2026-07-24 02:09:34,940 | authorization took 0.82ms
2026-07-24 02:09:34,940 | check_api_key took 0.91ms
2026-07-24 02:09:34,940 | blacklist took 1.00ms
2026-07-24 02:09:34,940 | log_requests took 1.09ms
2026-07-24 02:09:34,940 | timing took 1.18ms
2026-07-24 02:09:34,943 | authorization took 1.96ms
2026-07-24 02:09:34,943 | check_api_key took 2.05ms
2026-07-24 02:09:34,944 | blacklist took 2.14ms
2026-07-24 02:09:34,944 | log_requests took 2.22ms
2026-07-24 02:09:34,944 | timing took 2.31ms
2026-07-24 02:09:34,946 | authorization took 1.16ms
2026-07-24 02:09:34,946 | check_api_key took 1.24ms
2026-07-24 02:09:34,946 | blacklist took 1.33ms
2026-07-24 02:09:34,946 | log_requests took 1.42ms
2026-07-24 02:09:34,946 | timing took 1.51ms
2026-07-24 02:09:34,948 | authorization took 0.77ms
2026-07-24 02:09:34,948 | check_api_key took 0.87ms
2026-07-24 02:09:34,948 | blacklist took 0.96ms
2026-07-24 02:09:34,948 | log_requests took 1.06ms
2026-07-24 02:09:34,948 | timing took 1.14ms
2026-07-24 02:09:34,951 | authorization took 1.56ms
2026-07-24 02:09:34,951 | check_api_key took 1.65ms
2026-07-24 02:09:34,951 | blacklist took 1.74ms
2026-07-24 02:09:34,951 | log_requests took 1.83ms
2026-07-24 02:09:34,951 | timing took 1.91ms
2026-07-24 02:09:34,953 | authorization took 1.01ms
2026-07-24 02:09:34,953 | check_api_key took 1.10ms
2026-07-24 02:09:34,953 | blacklist took 1.19ms
2026-07-24 02:09:34,953 | log_requests took 1.28ms
2026-07-24 02:09:34,953 | timing took 1.37ms
2026-07-24 02:09:34,957 | authorization took 1.66ms
2026-07-24 02:09:34,957 | check_api_key took 1.75ms
2026-07-24 02:09:34,957 | blacklist took 1.84ms
2026-07-24 02:09:34,957 | log_requests took 1.93ms
2026-07-24 02:09:34,957 | timing took 2.01ms
2026-07-24 02:09:35,128 | authorization took 169.86ms
2026-07-24 02:09:35,128 | check_api_key took 169.99ms
2026-07-24 02:09:35,128 | blacklist took 170.09ms
2026-07-24 02:09:35,128 | log_requests took 170.18ms
2026-07-24 02:09:35,128 | timing took 170.28ms
2026-07-24 02:09:35,129 | authorization took 0.61ms
2026-07-24 02:09:35,130 | check_api_key took 0.71ms
2026-07-24 02:09:35,130 | blacklist took 0.81ms
2026-07-24 02:09:35,130 | log_requests took 0.91ms
2026-07-24 02:09:35,130 | timing took 1.01ms
2026-07-24 02:09:35,303 | authorization took 171.26ms
2026-07-24 02:09:35,303 | check_api_key took 171.39ms
2026-07-24 02:09:35,303 | blacklist took 171.49ms
2026-07-24 02:09:35,303 | log_requests took 171.58ms
2026-07-24 02:09:35,303 | timing took 171.67ms
2026-07-24 02:09:35,473 | authorization took 169.01ms
2026-07-24 02:09:35,473 | check_api_key took 169.15ms
2026-07-24 02:09:35,473 | blacklist took 169.25ms
2026-07-24 02:09:35,473 | log_requests took 169.35ms
2026-07-24 02:09:35,473 | timing took 169.46ms
2026-07-24 02:09:35,645 | authorization took 169.81ms
2026-07-24 02:09:35,645 | check_api_key took 169.94ms
2026-07-24 02:09:35,645 | blacklist took 170.05ms
2026-07-24 02:09:35,645 | log_requests took 170.14ms
2026-07-24 02:09:35,645 | timing took 170.24ms
2026-07-24 02:09:35,814 | authorization took 167.89ms
2026-07-24 02:09:35,814 | check_api_key took 168.04ms
2026-07-24 02:09:35,814 | blacklist took 168.14ms
2026-07-24 02:09:35,815 | log_requests took 168.24ms
2026-07-24 02:09:35,815 | timing took 168.33ms
2026-07-24 02:09:35,987 | authorization took 169.70ms
2026-07-24 02:09:35,987 | check_api_key took 169.83ms
2026-07-24 02:09:35,987 | blacklist took 169.93ms
2026-07-24 02:09:35,987 | log_requests took 170.03ms
2026-07-24 02:09:35,987 | timing took 170.12ms
2026-07-24 02:09:35,990 | authorization took 1.81ms
2026-07-24 02:09:35,990 | check_api_key took 1.90ms
2026-07-24 02:09:35,990 | blacklist took 2.01ms
2026-07-24 02:09:35,990 | log_requests took 2.11ms
2026-07-24 02:09:35,990 | timing took 2.22ms
2026-07-24 02:09:35,991 | authorization took 0.56ms
2026-07-24 02:09:35,991 | check_api_key took 0.66ms
2026-07-24 02:09:35,991 | blacklist took 0.75ms
2026-07-24 02:09:35,991 | log_requests took 0.84ms
2026-07-24 02:09:35,992 | timing took 0.93ms
2026-07-24 02:09:36,164 | authorization took 170.49ms
2026-07-24 02:09:36,164 | check_api_key took 170.63ms
2026-07-24 02:09:36,164 | blacklist took 170.74ms
2026-07-24 02:09:36,164 | log_requests took 170.84ms
2026-07-24 02:09:36,164 | timing took 170.93ms
2026-07-24 02:09:36,166 | authorization took 0.54ms
2026-07-24 02:09:36,166 | check_api_key took 0.64ms
2026-07-24 02:09:36,167 | blacklist took 0.74ms
2026-07-24 02:09:36,167 | log_requests took 0.83ms
2026-07-24 02:09:36,167 | timing took 0.92ms
2026-07-24 02:09:36,170 | authorization took 2.04ms
2026-07-24 02:09:36,170 | check_api_key took 2.13ms
2026-07-24 02:09:36,170 | blacklist took 2.22ms
2026-07-24 02:09:36,171 | log_requests took 2.31ms
2026-07-24 02:09:36,171 | timing took 2.41ms
2026-07-24 02:09:36,173 | authorization took 1.30ms
2026-07-24 02:09:36,173 | check_api_key took 1.41ms
2026-07-24 02:09:36,173 | blacklist took 1.51ms
2026-07-24 02:09:36,173 | log_requests took 1.62ms
2026-07-24 02:09:36,173 | timing took 1.73ms
2026-07-24 02:09:36,345 | authorization took 170.68ms
2026-07-24 02:09:36,345 | check_api_key took 170.82ms
2026-07-24 02:09:36,345 | blacklist took 170.93ms
2026-07-24 02:09:36,345 | log_requests took 171.02ms
2026-07-24 02:09:36,345 | timing took 171.11ms
2026-07-24 02:09:36,346 | authorization took 0.57ms
2026-07-24 02:09:36,347 | check_api_key took 0.67ms
2026-07-24 02:09:36,347 | blacklist took 0.77ms
2026-07-24 02:09:36,347 | log_requests took 0.86ms
2026-07-24 02:09:36,347 | timing took 0.95ms
2026-07-24 02:09:36,518 | authorization took 169.81ms
2026-07-24 02:09:36,518 | check_api_key took 169.93ms
2026-07-24 02:09:36,518 | blacklist took 170.04ms
2026-07-24 02:09:36,518 | log_requests took 170.13ms
2026-07-24 02:09:36,519 | timing took 170.22ms
2026-07-24 02:09:36,520 | authorization took 0.84ms
2026-07-24 02:09:36,520 | check_api_key took 0.95ms
2026-07-24 02:09:36,520 | blacklist took 1.04ms
2026-07-24 02:09:36,521 | log_requests took 1.13ms
2026-07-24 02:09:36,521 | timing took 1.22ms
2026-07-24 02:09:36,523 | authorization took 1.76ms
2026-07-24 02:09:36,523 | check_api_key took 1.86ms
2026-07-24 02:09:36,523 | blacklist took 1.95ms
2026-07-24 02:09:36,523 | log_requests took 2.04ms
2026-07-24 02:09:36,523 | timing took 2.15ms
2026-07-24 02:09:36,526 | authorization took 1.26ms
2026-07-24 02:09:36,526 | check_api_key took 1.35ms
2026-07-24 02:09:36,526 | blacklist took 1.44ms
2026-07-24 02:09:36,526 | log_requests took 1.54ms
2026-07-24 02:09:36,526 | timing took 1.63ms
2026-07-24 02:09:36,528 | authorization took 0.77ms
2026-07-24 02:09:36,528 | check_api_key took 0.86ms
2026-07-24 02:09:36,528 | blacklist took 0.96ms
2026-07-24 02:09:36,528 | log_requests took 1.05ms
2026-07-24 02:09:36,528 | timing took 1.13ms
2026-07-24 02:09:36,530 | authorization took 0.68ms
2026-07-24 02:09:36,530 | check_api_key took 0.78ms
2026-07-24 02:09:36,530 | blacklist took 0.87ms
2026-07-24 02:09:36,531 | log_requests took 0.97ms
2026-07-24 02:09:36,531 | timing took 1.08ms
2026-07-24 02:09:36,533 | authorization took 0.94ms
2026-07-24 02:09:36,533 | check_api_key took 1.03ms
2026-07-24 02:09:36,533 | blacklist took 1.12ms
2026-07-24 02:09:36,533 | log_requests took 1.20ms
2026-07-24 02:09:36,533 | timing took 1.29ms
2026-07-24 02:09:36,535 | authorization took 0.28ms
2026-07-24 02:09:36,535 | check_api_key took 0.37ms
2026-07-24 02:09:36,535 | blacklist took 0.46ms
2026-07-24 02:09:36,535 | log_requests took 0.55ms
2026-07-24 02:09:36,535 | timing took 0.63ms
2026-07-24 02:09:36,537 | authorization took 0.77ms
2026-07-24 02:09:36,537 | check_api_key took 0.86ms
2026-07-24 02:09:36,537 | blacklist took 0.95ms
2026-07-24 02:09:36,537 | log_requests took 1.04ms
2026-07-24 02:09:36,537 | timing took 1.12ms
2026-07-24 02:09:36,541 | authorization took 2.34ms
2026-07-24 02:09:36,541 | check_api_key took 2.43ms
2026-07-24 02:09:36,541 | blacklist took 2.52ms
2026-07-24 02:09:36,541 | log_requests took 2.61ms
2026-07-24 02:09:36,541 | timing took 2.69ms
2026-07-24 02:09:36,545 | authorization took 1.96ms
2026-07-24 02:09:36,545 | check_api_key took 2.05ms
2026-07-24 02:09:36,545 | blacklist took 2.14ms
2026-07-24 02:09:36,545 | log_requests took 2.23ms
2026-07-24 02:09:36,545 | timing took 2.32ms
2026-07-24 02:09:36,546 | authorization took 0.74ms
2026-07-24 02:09:36,547 | check_api_key took 0.84ms
2026-07-24 02:09:36,547 | blacklist took 0.93ms
2026-07-24 02:09:36,547 | log_requests took 1.02ms
2026-07-24 02:09:36,547 | timing took 1.11ms
2026-07-24 02:09:36,549 | authorization took 0.60ms
2026-07-24 02:09:36,549 | check_api_key took 0.70ms
2026-07-24 02:09:36,549 | blacklist took 0.79ms
2026-07-24 02:09:36,549 | log_requests took 0.88ms
2026-07-24 02:09:36,549 | timing took 0.97ms
2026-07-24 02:09:36,552 | authorization took 1.70ms
2026-07-24 02:09:36,552 | check_api_key took 1.79ms
2026-07-24 02:09:36,552 | blacklist took 1.88ms
2026-07-24 02:09:36,552 | log_requests took 1.97ms
2026-07-24 02:09:36,553 | timing took 2.05ms
2026-07-24 02:09:36,555 | authorization took 1.89ms
2026-07-24 02:09:36,555 | check_api_key took 1.98ms
2026-07-24 02:09:36,555 | blacklist took 2.07ms
2026-07-24 02:09:36,555 | log_requests took 2.16ms
2026-07-24 02:09:36,555 | timing took 2.25ms
2026-07-24 02:09:36,562 | authorization took 5.85ms
2026-07-24 02:09:36,562 | check_api_key took 5.94ms
2026-07-24 02:09:36,562 | blacklist took 6.03ms
2026-07-24 02:09:36,562 | log_requests took 6.12ms
2026-07-24 02:09:36,562 | timing took 6.20ms
2026-07-24 02:09:36,735 | authorization took 170.62ms
2026-07-24 02:09:36,735 | check_api_key took 170.77ms
2026-07-24 02:09:36,735 | blacklist took 170.88ms
2026-07-24 02:09:36,735 | log_requests took 170.97ms
2026-07-24 02:09:36,735 | timing took 171.07ms
2026-07-24 02:09:36,738 | authorization took 1.79ms
2026-07-24 02:09:36,738 | check_api_key took 1.90ms
2026-07-24 02:09:36,738 | blacklist took 1.99ms
2026-07-24 02:09:36,738 | log_requests took 2.08ms
2026-07-24 02:09:36,738 | timing took 2.17ms
2026-07-24 02:09:36,742 | authorization took 1.95ms
2026-07-24 02:09:36,742 | check_api_key took 2.04ms
2026-07-24 02:09:36,742 | blacklist took 2.13ms
2026-07-24 02:09:36,742 | log_requests took 2.22ms
2026-07-24 02:09:36,742 | timing took 2.30ms
2026-07-24 02:09:36,745 | authorization took 2.16ms
2026-07-24 02:09:36,745 | check_api_key took 2.24ms
2026-07-24 02:09:36,745 | blacklist took 2.34ms
2026-07-24 02:09:36,745 | log_requests took 2.43ms
2026-07-24 02:09:36,745 | timing took 2.52ms
2026-07-24 02:09:36,748 | authorization took 1.91ms
2026-07-24 02:09:36,748 | check_api_key took 2.02ms
2026-07-24 02:09:36,748 | blacklist took 2.12ms
2026-07-24 02:09:36,748 | log_requests took 2.21ms
2026-07-24 02:09:36,748 | timing took 2.30ms
2026-07-24 02:09:36,751 | authorization took 1.73ms
2026-07-24 02:09:36,751 | check_api_key took 1.82ms
2026-07-24 02:09:36,751 | blacklist took 1.91ms
2026-07-24 02:09:36,751 | log_requests took 2.00ms
2026-07-24 02:09:36,751 | timing took 2.08ms
2026-07-24 02:09:36,753 | authorization took 1.63ms
2026-07-24 02:09:36,753 | check_api_key took 1.71ms
2026-07-24 02:09:36,754 | blacklist took 1.80ms
2026-07-24 02:09:36,754 | log_requests took 1.89ms
2026-07-24 02:09:36,754 | timing took 1.97ms
2026-07-24 02:09:36,757 | authorization took 2.29ms
2026-07-24 02:09:36,757 | check_api_key took 2.39ms
2026-07-24 02:09:36,757 | blacklist took 2.48ms
2026-07-24 02:09:36,757 | log_requests took 2.57ms
2026-07-24 02:09:36,757 | timing took 2.65ms
2026-07-24 02:09:36,760 | authorization took 1.59ms
2026-07-24 02:09:36,760 | check_api_key took 1.68ms
2026-07-24 02:09:36,760 | blacklist took 1.77ms
2026-07-24 02:09:36,760 | log_requests took 1.86ms
2026-07-24 02:09:36,760 | timing took 1.94ms
2026-07-24 02:09:36,763 | authorization took 1.59ms
2026-07-24 02:09:36,763 | check_api_key took 1.68ms
2026-07-24 02:09:36,763 | blacklist took 1.77ms
2026-07-24 02:09:36,763 | log_requests took 1.86ms
2026-07-24 02:09:36,763 | timing took 1.94ms
2026-07-24 02:09:36,766 | authorization took 1.78ms
2026-07-24 02:09:36,766 | check_api_key took 1.87ms
2026-07-24 02:09:36,766 | blacklist took 1.97ms
2026-07-24 02:09:36,766 | log_requests took 2.07ms
2026-07-24 02:09:36,766 | timing took 2.16ms
2026-07-24 02:09:36,769 | authorization took 1.86ms
2026-07-24 02:09:36,769 | check_api_key took 1.95ms
2026-07-24 02:09:36,769 | blacklist took 2.04ms
2026-07-24 02:09:36,769 | log_requests took 2.13ms
2026-07-24 02:09:36,769 | timing took 2.21ms
2026-07-24 02:09:36,771 | authorization took 1.58ms
2026-07-24 02:09:36,772 | check_api_key took 1.68ms
2026-07-24 02:09:36,772 | blacklist took 1.77ms
2026-07-24 02:09:36,772 | log_requests took 1.86ms
2026-07-24 02:09:36,772 | timing took 1.95ms
2026-07-24 02:09:36,775 | authorization took 2.11ms
2026-07-24 02:09:36,775 | check_api_key took 2.20ms
2026-07-24 02:09:36,775 | blacklist took 2.29ms
2026-07-24 02:09:36,775 | log_requests took 2.38ms
2026-07-24 02:09:36,775 | timing took 2.46ms
2026-07-24 02:09:36,778 | authorization took 2.00ms
2026-07-24 02:09:36,778 | check_api_key took 2.10ms
2026-07-24 02:09:36,778 | blacklist took 2.20ms
2026-07-24 02:09:36,778 | log_requests took 2.29ms
2026-07-24 02:09:36,778 | timing took 2.38ms
2026-07-24 02:09:36,782 | authorization took 2.02ms
2026-07-24 02:09:36,782 | check_api_key took 2.12ms
2026-07-24 02:09:36,782 | blacklist took 2.22ms
2026-07-24 02:09:36,782 | log_requests took 2.31ms
2026-07-24 02:09:36,782 | timing took 2.40ms
2026-07-24 02:09:36,784 | authorization took 1.78ms
2026-07-24 02:09:36,784 | check_api_key took 1.87ms
2026-07-24 02:09:36,785 | blacklist took 1.97ms
2026-07-24 02:09:36,785 | log_requests took 2.06ms
2026-07-24 02:09:36,785 | timing took 2.15ms
2026-07-24 02:09:36,787 | authorization took 1.63ms
2026-07-24 02:09:36,787 | check_api_key took 1.72ms
2026-07-24 02:09:36,787 | blacklist took 1.82ms
2026-07-24 02:09:36,787 | log_requests took 1.91ms
2026-07-24 02:09:36,787 | timing took 2.00ms
2026-07-24 02:09:36,790 | authorization took 1.88ms
2026-07-24 02:09:36,790 | check_api_key took 1.97ms
2026-07-24 02:09:36,790 | blacklist took 2.06ms
2026-07-24 02:09:36,790 | log_requests took 2.14ms
2026-07-24 02:09:36,790 | timing took 2.23ms
2026-07-24 02:09:36,793 | authorization took 1.34ms
2026-07-24 02:09:36,793 | check_api_key took 1.45ms
2026-07-24 02:09:36,793 | blacklist took 1.55ms
2026-07-24 02:09:36,793 | log_requests took 1.64ms
2026-07-24 02:09:36,793 | timing took 1.74ms
2026-07-24 02:09:36,795 | authorization took 0.48ms
2026-07-24 02:09:36,795 | check_api_key took 0.57ms
2026-07-24 02:09:36,796 | blacklist took 0.66ms
2026-07-24 02:09:36,796 | log_requests took 0.75ms
2026-07-24 02:09:36,796 | timing took 0.84ms
2026-07-24 02:09:36,797 | authorization took 0.32ms
2026-07-24 02:09:36,797 | check_api_key took 0.42ms
2026-07-24 02:09:36,798 | blacklist took 0.52ms
2026-07-24 02:09:36,798 | log_requests took 0.62ms
2026-07-24 02:09:36,798 | timing took 0.72ms
2026-07-24 02:09:36,800 | authorization took 0.26ms
2026-07-24 02:09:36,800 | check_api_key took 0.36ms
2026-07-24 02:09:36,800 | blacklist took 0.45ms
2026-07-24 02:09:36,800 | log_requests took 0.55ms
2026-07-24 02:09:36,800 | timing took 0.63ms
2026-07-24 02:09:36,802 | authorization took 0.23ms
2026-07-24 02:09:36,802 | check_api_key took 0.32ms
2026-07-24 02:09:36,802 | blacklist took 0.41ms
2026-07-24 02:09:36,802 | log_requests took 0.50ms
2026-07-24 02:09:36,802 | timing took 0.58ms
2026-07-24 02:09:36,804 | authorization took 0.30ms
2026-07-24 02:09:36,804 | check_api_key took 0.39ms
2026-07-24 02:09:36,804 | blacklist took 0.49ms
2026-07-24 02:09:36,804 | log_requests took 0.58ms
2026-07-24 02:09:36,804 | timing took 0.66ms
2026-07-24 02:09:36,808 | authorization took 2.29ms
2026-07-24 02:09:36,808 | check_api_key took 2.38ms
2026-07-24 02:09:36,808 | blacklist took 2.48ms
2026-07-24 02:09:36,808 | log_requests took 2.57ms
2026-07-24 02:09:36,808 | timing took 2.67ms
2026-07-24 02:09:36,810 | authorization took 1.45ms
2026-07-24 02:09:36,810 | check_api_key took 1.54ms
2026-07-24 02:09:36,810 | blacklist took 1.63ms
2026-07-24 02:09:36,810 | log_requests took 1.73ms
2026-07-24 02:09:36,810 | timing took 1.82ms
2026-07-24 02:09:36,813 | authorization took 1.59ms
2026-07-24 02:09:36,813 | check_api_key took 1.68ms
2026-07-24 02:09:36,813 | blacklist took 1.77ms
2026-07-24 02:09:36,813 | log_requests took 1.86ms
2026-07-24 02:09:36,813 | timing took 1.95ms
2026-07-24 02:09:36,816 | authorization took 0.84ms
2026-07-24 02:09:36,816 | check_api_key took 0.93ms
2026-07-24 02:09:36,816 | blacklist took 1.02ms
2026-07-24 02:09:36,816 | log_requests took 1.12ms
2026-07-24 02:09:36,816 | timing took 1.20ms
2026-07-24 02:09:36,818 | authorization took 0.48ms
2026-07-24 02:09:36,818 | check_api_key took 0.57ms
2026-07-24 02:09:36,818 | blacklist took 0.66ms
2026-07-24 02:09:36,818 | log_requests took 0.76ms
2026-07-24 02:09:36,818 | timing took 0.84ms
2026-07-24 02:09:36,820 | authorization took 0.77ms
2026-07-24 02:09:36,820 | check_api_key took 0.86ms
2026-07-24 02:09:36,820 | blacklist took 0.95ms
2026-07-24 02:09:36,820 | log_requests took 1.03ms
2026-07-24 02:09:36,820 | timing took 1.12ms
2026-07-24 02:09:36,823 | authorization took 1.41ms
2026-07-24 02:09:36,823 | check_api_key took 1.50ms
2026-07-24 02:09:36,823 | blacklist took 1.59ms
2026-07-24 02:09:36,823 | log_requests took 1.69ms
2026-07-24 02:09:36,824 | timing took 1.77ms
2026-07-24 02:09:36,825 | authorization took 0.48ms
2026-07-24 02:09:36,825 | check_api_key took 0.57ms
2026-07-24 02:09:36,825 | blacklist took 0.66ms
2026-07-24 02:09:36,826 | log_requests took 0.74ms
2026-07-24 02:09:36,826 | timing took 0.83ms
2026-07-24 02:09:36,829 | authorization took 1.35ms
2026-07-24 02:09:36,829 | check_api_key took 1.44ms
2026-07-24 02:09:36,829 | blacklist took 1.54ms
2026-07-24 02:09:36,829 | log_requests took 1.63ms
2026-07-24 02:09:36,829 | timing took 1.72ms
2026-07-24 02:09:36,840 | authorization took 1.39ms
2026-07-24 02:09:36,840 | check_api_key took 1.49ms
2026-07-24 02:09:36,840 | blacklist took 1.59ms
2026-07-24 02:09:36,840 | log_requests took 1.68ms
2026-07-24 02:09:36,840 | timing took 1.77ms
2026-07-24 02:09:36,843 | authorization took 1.35ms
2026-07-24 02:09:36,843 | check_api_key took 1.44ms
2026-07-24 02:09:36,843 | blacklist took 1.54ms
2026-07-24 02:09:36,843 | log_requests took 1.62ms
2026-07-24 02:09:36,844 | timing took 1.71ms
2026-07-24 02:09:36,846 | authorization took 1.34ms
2026-07-24 02:09:36,846 | check_api_key took 1.43ms
2026-07-24 02:09:36,846 | blacklist took 1.53ms
2026-07-24 02:09:36,846 | log_requests took 1.62ms
2026-07-24 02:09:36,846 | timing took 1.71ms
2026-07-24 02:09:36,856 | authorization took 0.55ms
2026-07-24 02:09:36,856 | check_api_key took 0.65ms
2026-07-24 02:09:36,856 | blacklist took 0.74ms
2026-07-24 02:09:36,856 | log_requests took 0.84ms
2026-07-24 02:09:36,856 | timing took 0.93ms
2026-07-24 02:09:36,866 | authorization took 1.42ms
2026-07-24 02:09:36,866 | check_api_key took 1.53ms
2026-07-24 02:09:36,866 | blacklist took 1.62ms
2026-07-24 02:09:36,866 | log_requests took 1.72ms
2026-07-24 02:09:36,866 | timing took 1.82ms
2026-07-24 02:09:36,875 | authorization took 0.30ms
2026-07-24 02:09:36,875 | check_api_key took 0.40ms
2026-07-24 02:09:36,875 | blacklist took 0.49ms
2026-07-24 02:09:36,875 | log_requests took 0.58ms
2026-07-24 02:09:36,875 | timing took 0.67ms
2026-07-24 02:09:36,884 | authorization took 0.49ms
2026-07-24 02:09:36,884 | check_api_key took 0.58ms
2026-07-24 02:09:36,884 | blacklist took 0.67ms
2026-07-24 02:09:36,884 | log_requests took 0.76ms
2026-07-24 02:09:36,884 | timing took 0.85ms
2026-07-24 02:09:36,894 | authorization took 1.90ms
2026-07-24 02:09:36,894 | check_api_key took 2.00ms
2026-07-24 02:09:36,895 | blacklist took 2.09ms
2026-07-24 02:09:36,895 | log_requests took 2.18ms
2026-07-24 02:09:36,895 | timing took 2.27ms
2026-07-24 02:09:36,897 | authorization took 1.38ms
2026-07-24 02:09:36,897 | check_api_key took 1.47ms
2026-07-24 02:09:36,897 | blacklist took 1.57ms
2026-07-24 02:09:36,897 | log_requests took 1.67ms
2026-07-24 02:09:36,897 | timing took 1.76ms
2026-07-24 02:10:26,261 | authorization took 8.78ms
2026-07-24 02:10:26,262 | check_api_key took 9.11ms
2026-07-24 02:10:26,262 | blacklist took 9.25ms
2026-07-24 02:10:26,262 | log_requests took 9.38ms
2026-07-24 02:10:26,262 | timing took 9.50ms
2026-07-24 02:10:26,513 | authorization took 8.85ms
2026-07-24 02:10:26,513 | check_api_key took 8.99ms
2026-07-24 02:10:26,513 | blacklist took 9.10ms
2026-07-24 02:10:26,513 | log_requests took 9.20ms
2026-07-24 02:10:26,513 | timing took 9.31ms
2026-07-24 02:10:26,525 | authorization took 1.10ms
2026-07-24 02:10:26,525 | check_api_key took 1.26ms
2026-07-24 02:10:26,525 | blacklist took 1.44ms
2026-07-24 02:10:26,525 | log_requests took 1.58ms
2026-07-24 02:10:26,525 | timing took 1.71ms
2026-07-24 02:12:39,666 | authorization took 8.96ms
2026-07-24 02:12:39,666 | check_api_key took 9.43ms
2026-07-24 02:12:39,666 | blacklist took 9.93ms
2026-07-24 02:12:39,667 | log_requests took 10.32ms
2026-07-24 02:12:39,667 | timing took 10.45ms
2026-07-24 02:12:39,670 | authorization took 2.34ms
2026-07-24 02:12:39,670 | check_api_key took 2.46ms
2026-07-24 02:12:39,670 | blacklist took 2.66ms
2026-07-24 02:12:39,671 | log_requests took 2.79ms
2026-07-24 02:12:39,671 | timing took 2.89ms
2026-07-24 02:12:39,677 | authorization took 3.32ms
2026-07-24 02:12:39,677 | check_api_key took 3.46ms
2026-07-24 02:12:39,677 | blacklist took 3.66ms
2026-07-24 02:12:39,677 | log_requests took 3.79ms
2026-07-24 02:12:39,677 | timing took 3.88ms
2026-07-24 02:12:39,680 | authorization took 2.31ms
2026-07-24 02:12:39,681 | check_api_key took 2.59ms
2026-07-24 02:12:39,681 | blacklist took 2.81ms
2026-07-24 02:12:39,681 | log_requests took 2.93ms
2026-07-24 02:12:39,681 | timing took 3.03ms
2026-07-24 02:12:39,682 | authorization took 0.50ms
2026-07-24 02:12:39,682 | check_api_key took 0.60ms
2026-07-24 02:12:39,682 | blacklist took 0.86ms
2026-07-24 02:12:39,682 | log_requests took 0.97ms
2026-07-24 02:12:39,683 | timing took 1.06ms
2026-07-24 02:12:39,686 | authorization took 1.11ms
2026-07-24 02:12:39,686 | check_api_key took 1.37ms
2026-07-24 02:12:39,686 | blacklist took 1.56ms
2026-07-24 02:12:39,686 | log_requests took 1.67ms
2026-07-24 02:12:39,686 | timing took 1.75ms
2026-07-24 02:12:39,688 | authorization took 0.78ms
2026-07-24 02:12:39,688 | check_api_key took 0.88ms
2026-07-24 02:12:39,688 | blacklist took 1.06ms
2026-07-24 02:12:39,688 | log_requests took 1.17ms
2026-07-24 02:12:39,688 | timing took 1.26ms
2026-07-24 02:12:39,692 | authorization took 2.26ms
2026-07-24 02:12:39,692 | check_api_key took 2.36ms
2026-07-24 02:12:39,692 | blacklist took 2.55ms
2026-07-24 02:12:39,692 | log_requests took 2.67ms
2026-07-24 02:12:39,693 | timing took 2.75ms
2026-07-24 02:12:39,695 | authorization took 1.19ms
2026-07-24 02:12:39,695 | check_api_key took 1.30ms
2026-07-24 02:12:39,695 | blacklist took 1.49ms
2026-07-24 02:12:39,695 | log_requests took 1.62ms
2026-07-24 02:12:39,695 | timing took 1.71ms
2026-07-24 02:12:39,697 | authorization took 1.20ms
2026-07-24 02:12:39,697 | check_api_key took 1.31ms
2026-07-24 02:12:39,697 | blacklist took 1.50ms
2026-07-24 02:12:39,697 | log_requests took 1.62ms
2026-07-24 02:12:39,698 | timing took 1.73ms
2026-07-24 02:12:39,701 | authorization took 2.16ms
2026-07-24 02:12:39,701 | check_api_key took 2.27ms
2026-07-24 02:12:39,702 | blacklist took 2.46ms
2026-07-24 02:12:39,702 | log_requests took 2.58ms
2026-07-24 02:12:39,702 | timing took 2.67ms
2026-07-24 02:12:39,704 | authorization took 1.16ms
2026-07-24 02:12:39,704 | check_api_key took 1.28ms
2026-07-24 02:12:39,704 | blacklist took 1.48ms
2026-07-24 02:12:39,704 | log_requests took 1.60ms
2026-07-24 02:12:39,704 | timing took 1.70ms
2026-07-24 02:12:39,708 | authorization took 1.98ms
2026-07-24 02:12:39,708 | check_api_key took 2.08ms
2026-07-24 02:12:39,708 | blacklist took 2.26ms
2026-07-24 02:12:39,708 | log_requests took 2.37ms
2026-07-24 02:12:39,708 | timing took 2.46ms
2026-07-24 02:12:39,711 | authorization took 2.04ms
2026-07-24 02:12:39,711 | check_api_key took 2.14ms
2026-07-24 02:12:39,711 | blacklist took 2.32ms
2026-07-24 02:12:39,711 | log_requests took 2.45ms
2026-07-24 02:12:39,711 | timing took 2.54ms
2026-07-24 02:12:39,713 | authorization took 1.25ms
2026-07-24 02:12:39,713 | check_api_key took 1.36ms
2026-07-24 02:12:39,714 | blacklist took 1.57ms
2026-07-24 02:12:39,714 | log_requests took 1.69ms
2026-07-24 02:12:39,714 | timing took 1.79ms
2026-07-24 02:12:39,716 | authorization took 1.37ms
2026-07-24 02:12:39,716 | check_api_key took 1.48ms
2026-07-24 02:12:39,716 | blacklist took 1.67ms
2026-07-24 02:12:39,716 | log_requests took 1.78ms
2026-07-24 02:12:39,716 | timing took 1.88ms
2026-07-24 02:12:39,718 | authorization took 1.12ms
2026-07-24 02:12:39,718 | check_api_key took 1.22ms
2026-07-24 02:12:39,718 | blacklist took 1.39ms
2026-07-24 02:12:39,718 | log_requests took 1.50ms
2026-07-24 02:12:39,719 | timing took 1.59ms
2026-07-24 02:12:39,723 | authorization took 2.16ms
2026-07-24 02:12:39,723 | check_api_key took 2.26ms
2026-07-24 02:12:39,723 | blacklist took 2.45ms
2026-07-24 02:12:39,723 | log_requests took 2.57ms
2026-07-24 02:12:39,723 | timing took 2.66ms
2026-07-24 02:12:39,726 | authorization took 1.58ms
2026-07-24 02:12:39,726 | check_api_key took 1.69ms
2026-07-24 02:12:39,726 | blacklist took 1.89ms
2026-07-24 02:12:39,726 | log_requests took 2.02ms
2026-07-24 02:12:39,726 | timing took 2.11ms
2026-07-24 02:12:39,730 | authorization took 2.33ms
2026-07-24 02:12:39,730 | check_api_key took 2.45ms
2026-07-24 02:12:39,730 | blacklist took 2.64ms
2026-07-24 02:12:39,730 | log_requests took 2.78ms
2026-07-24 02:12:39,730 | timing took 2.88ms
2026-07-24 02:12:39,733 | authorization took 1.26ms
2026-07-24 02:12:39,733 | check_api_key took 1.52ms
2026-07-24 02:12:39,733 | blacklist took 1.70ms
2026-07-24 02:12:39,733 | log_requests took 1.82ms
2026-07-24 02:12:39,733 | timing took 1.91ms
2026-07-24 02:12:39,734 | authorization took 0.47ms
2026-07-24 02:12:39,734 | check_api_key took 0.58ms
2026-07-24 02:12:39,734 | blacklist took 0.77ms
2026-07-24 02:12:39,734 | log_requests took 0.89ms
2026-07-24 02:12:39,734 | timing took 0.98ms
2026-07-24 02:12:39,738 | authorization took 2.16ms
2026-07-24 02:12:39,738 | check_api_key took 2.26ms
2026-07-24 02:12:39,739 | blacklist took 2.46ms
2026-07-24 02:12:39,739 | log_requests took 2.57ms
2026-07-24 02:12:39,739 | timing took 2.65ms
2026-07-24 02:12:39,742 | authorization took 1.70ms
2026-07-24 02:12:39,742 | check_api_key took 1.80ms
2026-07-24 02:12:39,742 | blacklist took 1.97ms
2026-07-24 02:12:39,742 | log_requests took 2.09ms
2026-07-24 02:12:39,742 | timing took 2.18ms
2026-07-24 02:12:39,745 | authorization took 1.10ms
2026-07-24 02:12:39,745 | check_api_key took 1.21ms
2026-07-24 02:12:39,745 | blacklist took 1.38ms
2026-07-24 02:12:39,745 | log_requests took 1.51ms
2026-07-24 02:12:39,745 | timing took 1.60ms
2026-07-24 02:12:39,749 | authorization took 1.92ms
2026-07-24 02:12:39,749 | check_api_key took 2.03ms
2026-07-24 02:12:39,749 | blacklist took 2.20ms
2026-07-24 02:12:39,749 | log_requests took 2.32ms
2026-07-24 02:12:39,749 | timing took 2.41ms
2026-07-24 02:12:39,752 | authorization took 1.22ms
2026-07-24 02:12:39,752 | check_api_key took 1.47ms
2026-07-24 02:12:39,752 | blacklist took 1.67ms
2026-07-24 02:12:39,752 | log_requests took 1.79ms
2026-07-24 02:12:39,752 | timing took 1.89ms
2026-07-24 02:12:39,753 | authorization took 0.44ms
2026-07-24 02:12:39,753 | check_api_key took 0.54ms
2026-07-24 02:12:39,753 | blacklist took 0.72ms
2026-07-24 02:12:39,753 | log_requests took 0.83ms
2026-07-24 02:12:39,753 | timing took 0.92ms
2026-07-24 02:12:39,757 | authorization took 2.17ms
2026-07-24 02:12:39,757 | check_api_key took 2.28ms
2026-07-24 02:12:39,757 | blacklist took 2.46ms
2026-07-24 02:12:39,758 | log_requests took 2.58ms
2026-07-24 02:12:39,758 | timing took 2.67ms
2026-07-24 02:12:39,759 | authorization took 0.58ms
2026-07-24 02:12:39,759 | check_api_key took 0.80ms
2026-07-24 02:12:39,759 | blacklist took 0.98ms
2026-07-24 02:12:39,759 | log_requests took 1.09ms
2026-07-24 02:12:39,760 | timing took 1.18ms
2026-07-24 02:12:39,762 | authorization took 1.19ms
2026-07-24 02:12:39,762 | check_api_key took 1.31ms
2026-07-24 02:12:39,762 | blacklist took 1.49ms
2026-07-24 02:12:39,762 | log_requests took 1.62ms
2026-07-24 02:12:39,762 | timing took 1.72ms
2026-07-24 02:12:39,766 | authorization took 2.13ms
2026-07-24 02:12:39,766 | check_api_key took 2.23ms
2026-07-24 02:12:39,766 | blacklist took 2.42ms
2026-07-24 02:12:39,766 | log_requests took 2.55ms
2026-07-24 02:12:39,766 | timing took 2.64ms
2026-07-24 02:12:39,767 | check_api_key took 0.01ms
2026-07-24 02:12:39,767 | blacklist took 0.19ms
2026-07-24 02:12:39,767 | log_requests took 0.30ms
2026-07-24 02:12:39,767 | timing took 0.38ms
2026-07-24 02:12:39,771 | authorization took 2.10ms
2026-07-24 02:12:39,771 | check_api_key took 2.20ms
2026-07-24 02:12:39,771 | blacklist took 2.39ms
2026-07-24 02:12:39,771 | log_requests took 2.50ms
2026-07-24 02:12:39,771 | timing took 2.59ms
2026-07-24 02:12:39,774 | authorization took 1.24ms
2026-07-24 02:12:39,774 | check_api_key took 1.47ms
2026-07-24 02:12:39,774 | blacklist took 1.65ms
2026-07-24 02:12:39,774 | log_requests took 1.77ms
2026-07-24 02:12:39,774 | timing took 1.86ms
2026-07-24 02:12:39,777 | authorization took 1.86ms
2026-07-24 02:12:39,778 | check_api_key took 1.97ms
2026-07-24 02:12:39,778 | blacklist took 2.16ms
2026-07-24 02:12:39,778 | log_requests took 2.28ms
2026-07-24 02:12:39,778 | timing took 2.37ms
2026-07-24 02:12:39,780 | authorization took 1.22ms
2026-07-24 02:12:39,780 | check_api_key took 1.33ms
2026-07-24 02:12:39,780 | blacklist took 1.53ms
2026-07-24 02:12:39,780 | log_requests took 1.65ms
2026-07-24 02:12:39,780 | timing took 1.75ms
2026-07-24 02:12:39,785 | authorization took 1.68ms
2026-07-24 02:12:39,785 | check_api_key took 1.80ms
2026-07-24 02:12:39,785 | blacklist took 1.99ms
2026-07-24 02:12:39,785 | log_requests took 2.11ms
2026-07-24 02:12:39,785 | timing took 2.21ms
2026-07-24 02:12:39,787 | authorization took 0.48ms
2026-07-24 02:12:39,787 | check_api_key took 0.58ms
2026-07-24 02:12:39,787 | blacklist took 0.77ms
2026-07-24 02:12:39,787 | log_requests took 0.88ms
2026-07-24 02:12:39,788 | timing took 0.97ms
2026-07-24 02:12:39,791 | authorization took 1.62ms
2026-07-24 02:12:39,791 | check_api_key took 2.02ms
2026-07-24 02:12:39,791 | blacklist took 2.21ms
2026-07-24 02:12:39,791 | log_requests took 2.32ms
2026-07-24 02:12:39,791 | timing took 2.41ms
2026-07-24 02:12:39,793 | authorization took 0.45ms
2026-07-24 02:12:39,793 | check_api_key took 0.57ms
2026-07-24 02:12:39,794 | blacklist took 0.75ms
2026-07-24 02:12:39,794 | log_requests took 0.87ms
2026-07-24 02:12:39,794 | timing took 0.96ms
2026-07-24 02:12:39,796 | authorization took 0.78ms
2026-07-24 02:12:39,798 | check_api_key took 2.81ms
2026-07-24 02:12:39,798 | blacklist took 3.02ms
2026-07-24 02:12:39,798 | log_requests took 3.16ms
2026-07-24 02:12:39,798 | timing took 3.26ms
2026-07-24 02:12:39,809 | authorization took 9.38ms
2026-07-24 02:12:39,810 | check_api_key took 9.49ms
2026-07-24 02:12:39,810 | blacklist took 9.68ms
2026-07-24 02:12:39,810 | log_requests took 10.16ms
2026-07-24 02:12:39,810 | timing took 10.25ms
2026-07-24 02:12:39,819 | authorization took 8.02ms
2026-07-24 02:12:39,819 | check_api_key took 8.15ms
2026-07-24 02:12:39,819 | blacklist took 8.33ms
2026-07-24 02:12:39,819 | log_requests took 8.45ms
2026-07-24 02:12:39,820 | timing took 8.56ms
2026-07-24 02:12:39,826 | authorization took 2.10ms
2026-07-24 02:12:39,826 | check_api_key took 2.20ms
2026-07-24 02:12:39,827 | blacklist took 2.39ms
2026-07-24 02:12:39,827 | log_requests took 2.51ms
2026-07-24 02:12:39,827 | timing took 2.60ms
2026-07-24 02:12:39,829 | authorization took 1.18ms
2026-07-24 02:12:39,829 | check_api_key took 1.29ms
2026-07-24 02:12:39,829 | blacklist took 1.46ms
2026-07-24 02:12:39,829 | log_requests took 1.58ms
2026-07-24 02:12:39,829 | timing took 1.68ms
2026-07-24 02:12:39,832 | authorization took 1.67ms
2026-07-24 02:12:39,832 | check_api_key took 1.77ms
2026-07-24 02:12:39,832 | blacklist took 1.94ms
2026-07-24 02:12:39,832 | log_requests took 2.05ms
2026-07-24 02:12:39,832 | timing took 2.14ms
2026-07-24 02:12:39,834 | authorization took 0.94ms
2026-07-24 02:12:39,834 | check_api_key took 1.06ms
2026-07-24 02:12:39,834 | blacklist took 1.23ms
2026-07-24 02:12:39,834 | log_requests took 1.34ms
2026-07-24 02:12:39,835 | timing took 1.43ms
2026-07-24 02:12:39,838 | authorization took 1.95ms
2026-07-24 02:12:39,838 | check_api_key took 2.07ms
2026-07-24 02:12:39,839 | blacklist took 2.50ms
2026-07-24 02:12:39,839 | log_requests took 2.62ms
2026-07-24 02:12:39,839 | timing took 2.71ms
2026-07-24 02:12:39,841 | authorization took 1.22ms
2026-07-24 02:12:39,841 | check_api_key took 1.44ms
2026-07-24 02:12:39,841 | blacklist took 1.63ms
2026-07-24 02:12:39,841 | log_requests took 1.75ms
2026-07-24 02:12:39,841 | timing took 1.86ms
2026-07-24 02:12:39,843 | authorization took 0.88ms
2026-07-24 02:12:39,843 | check_api_key took 0.97ms
2026-07-24 02:12:39,843 | blacklist took 1.15ms
2026-07-24 02:12:39,843 | log_requests took 1.28ms
2026-07-24 02:12:39,843 | timing took 1.37ms
2026-07-24 02:12:39,846 | authorization took 1.60ms
2026-07-24 02:12:39,846 | check_api_key took 1.69ms
2026-07-24 02:12:39,846 | blacklist took 1.87ms
2026-07-24 02:12:39,847 | log_requests took 1.98ms
2026-07-24 02:12:39,847 | timing took 2.07ms
2026-07-24 02:12:39,852 | authorization took 3.74ms
2026-07-24 02:12:39,852 | check_api_key took 3.98ms
2026-07-24 02:12:39,852 | blacklist took 4.18ms
2026-07-24 02:12:39,852 | log_requests took 4.30ms
2026-07-24 02:12:39,852 | timing took 4.39ms
2026-07-24 02:12:39,855 | authorization took 1.17ms
2026-07-24 02:12:39,855 | check_api_key took 1.27ms
2026-07-24 02:12:39,855 | blacklist took 1.45ms
2026-07-24 02:12:39,855 | log_requests took 1.56ms
2026-07-24 02:12:39,855 | timing took 1.66ms
2026-07-24 02:12:39,857 | authorization took 1.04ms
2026-07-24 02:12:39,857 | check_api_key took 1.14ms
2026-07-24 02:12:39,857 | blacklist took 1.32ms
2026-07-24 02:12:39,857 | log_requests took 1.44ms
2026-07-24 02:12:39,857 | timing took 1.53ms
2026-07-24 02:12:39,859 | authorization took 1.12ms
2026-07-24 02:12:39,859 | check_api_key took 1.23ms
2026-07-24 02:12:39,859 | blacklist took 1.41ms
2026-07-24 02:12:39,859 | log_requests took 1.53ms
2026-07-24 02:12:39,859 | timing took 1.63ms
2026-07-24 02:12:39,863 | authorization took 1.65ms
2026-07-24 02:12:39,863 | check_api_key took 1.75ms
2026-07-24 02:12:39,863 | blacklist took 1.94ms
2026-07-24 02:12:39,863 | log_requests took 2.06ms
2026-07-24 02:12:39,863 | timing took 2.15ms
2026-07-24 02:12:39,867 | authorization took 2.85ms
2026-07-24 02:12:39,867 | check_api_key took 3.07ms
2026-07-24 02:12:39,867 | blacklist took 3.26ms
2026-07-24 02:12:39,867 | log_requests took 3.37ms
2026-07-24 02:12:39,867 | timing took 3.46ms
2026-07-24 02:12:39,870 | authorization took 1.00ms
2026-07-24 02:12:39,870 | check_api_key took 1.22ms
2026-07-24 02:12:39,870 | blacklist took 1.39ms
2026-07-24 02:12:39,870 | log_requests took 1.50ms
2026-07-24 02:12:39,870 | timing took 1.59ms
2026-07-24 02:12:39,873 | authorization took 0.67ms
2026-07-24 02:12:39,873 | check_api_key took 0.90ms
2026-07-24 02:12:39,873 | blacklist took 1.11ms
2026-07-24 02:12:39,873 | log_requests took 1.22ms
2026-07-24 02:12:39,873 | timing took 1.31ms
2026-07-24 02:12:39,875 | authorization took 0.91ms
2026-07-24 02:12:39,875 | check_api_key took 1.12ms
2026-07-24 02:12:39,876 | blacklist took 1.31ms
2026-07-24 02:12:39,876 | log_requests took 1.42ms
2026-07-24 02:12:39,876 | timing took 1.50ms
2026-07-24 02:12:39,909 | authorization took 6.59ms
2026-07-24 02:12:39,909 | check_api_key took 6.96ms
2026-07-24 02:12:39,909 | blacklist took 12.52ms
2026-07-24 02:12:39,910 | log_requests took 13.06ms
2026-07-24 02:12:39,910 | timing took 13.32ms
2026-07-24 02:12:39,913 | authorization took 0.01ms
2026-07-24 02:12:39,913 | check_api_key took 0.30ms
2026-07-24 02:12:39,913 | blacklist took 0.48ms
2026-07-24 02:12:39,914 | log_requests took 0.61ms
2026-07-24 02:12:39,914 | timing took 0.72ms
2026-07-24 02:12:39,915 | check_api_key took 0.01ms
2026-07-24 02:12:39,915 | blacklist took 0.22ms
2026-07-24 02:12:39,915 | log_requests took 0.34ms
2026-07-24 02:12:39,915 | timing took 0.44ms
2026-07-24 02:12:39,917 | authorization took 0.01ms
2026-07-24 02:12:39,917 | check_api_key took 0.25ms
2026-07-24 02:12:39,917 | blacklist took 0.46ms
2026-07-24 02:12:39,917 | log_requests took 0.57ms
2026-07-24 02:12:39,917 | timing took 0.68ms
2026-07-24 02:12:39,922 | authorization took 1.94ms
2026-07-24 02:12:39,922 | check_api_key took 2.19ms
2026-07-24 02:12:39,922 | blacklist took 2.39ms
2026-07-24 02:12:39,922 | log_requests took 2.51ms
2026-07-24 02:12:39,922 | timing took 2.61ms
2026-07-24 02:12:39,926 | authorization took 2.05ms
2026-07-24 02:12:39,926 | check_api_key took 2.17ms
2026-07-24 02:12:39,926 | blacklist took 2.36ms
2026-07-24 02:12:39,926 | log_requests took 2.48ms
2026-07-24 02:12:39,926 | timing took 2.57ms
2026-07-24 02:12:39,930 | authorization took 2.97ms
2026-07-24 02:12:39,931 | check_api_key took 3.29ms
2026-07-24 02:12:39,931 | blacklist took 3.47ms
2026-07-24 02:12:39,931 | log_requests took 3.60ms
2026-07-24 02:12:39,931 | timing took 3.69ms
2026-07-24 02:12:39,933 | authorization took 1.33ms
2026-07-24 02:12:39,933 | check_api_key took 1.43ms
2026-07-24 02:12:39,933 | blacklist took 1.65ms
2026-07-24 02:12:39,933 | log_requests took 1.77ms
2026-07-24 02:12:39,933 | timing took 1.88ms
2026-07-24 02:12:39,937 | authorization took 1.91ms
2026-07-24 02:12:39,937 | check_api_key took 2.02ms
2026-07-24 02:12:39,937 | blacklist took 2.20ms
2026-07-24 02:12:39,937 | log_requests took 2.32ms
2026-07-24 02:12:39,937 | timing took 2.42ms
2026-07-24 02:12:39,941 | authorization took 2.15ms
2026-07-24 02:12:39,941 | check_api_key took 2.41ms
2026-07-24 02:12:39,941 | blacklist took 2.61ms
2026-07-24 02:12:39,941 | log_requests took 2.73ms
2026-07-24 02:12:39,941 | timing took 2.82ms
2026-07-24 02:12:39,947 | authorization took 3.64ms
2026-07-24 02:12:39,947 | check_api_key took 3.84ms
2026-07-24 02:12:39,947 | blacklist took 4.05ms
2026-07-24 02:12:39,947 | log_requests took 4.18ms
2026-07-24 02:12:39,947 | timing took 4.28ms
2026-07-24 02:12:39,951 | authorization took 1.77ms
2026-07-24 02:12:39,951 | check_api_key took 2.10ms
2026-07-24 02:12:39,951 | blacklist took 2.29ms
2026-07-24 02:12:39,951 | log_requests took 2.41ms
2026-07-24 02:12:39,951 | timing took 2.50ms
2026-07-24 02:12:39,952 | authorization took 0.54ms
2026-07-24 02:12:39,952 | check_api_key took 0.66ms
2026-07-24 02:12:39,953 | blacklist took 0.85ms
2026-07-24 02:12:39,953 | log_requests took 0.97ms
2026-07-24 02:12:39,953 | timing took 1.08ms
2026-07-24 02:12:39,958 | authorization took 3.05ms
2026-07-24 02:12:39,958 | check_api_key took 3.19ms
2026-07-24 02:12:39,958 | blacklist took 3.37ms
2026-07-24 02:12:39,958 | log_requests took 3.53ms
2026-07-24 02:12:39,958 | timing took 3.63ms
2026-07-24 02:12:39,961 | authorization took 0.63ms
2026-07-24 02:12:39,961 | check_api_key took 0.75ms
2026-07-24 02:12:39,961 | blacklist took 0.93ms
2026-07-24 02:12:39,961 | log_requests took 1.10ms
2026-07-24 02:12:39,961 | timing took 1.21ms
2026-07-24 02:12:39,966 | authorization took 3.55ms
2026-07-24 02:12:39,966 | check_api_key took 4.18ms
2026-07-24 02:12:39,966 | blacklist took 4.37ms
2026-07-24 02:12:39,967 | log_requests took 4.75ms
2026-07-24 02:12:39,967 | timing took 4.93ms
2026-07-24 02:12:39,982 | authorization took 2.54ms
2026-07-24 02:12:39,982 | check_api_key took 2.80ms
2026-07-24 02:12:39,982 | blacklist took 5.85ms
2026-07-24 02:12:39,983 | log_requests took 6.02ms
2026-07-24 02:12:39,984 | timing took 7.32ms
2026-07-24 02:12:39,990 | authorization took 3.92ms
2026-07-24 02:12:39,990 | check_api_key took 4.04ms
2026-07-24 02:12:39,990 | blacklist took 4.26ms
2026-07-24 02:12:39,990 | log_requests took 4.39ms
2026-07-24 02:12:39,990 | timing took 4.50ms
2026-07-24 02:12:39,994 | authorization took 1.94ms
2026-07-24 02:12:39,994 | check_api_key took 2.19ms
2026-07-24 02:12:39,994 | blacklist took 2.38ms
2026-07-24 02:12:39,994 | log_requests took 2.50ms
2026-07-24 02:12:39,995 | timing took 2.59ms
2026-07-24 02:12:39,997 | authorization took 1.24ms
2026-07-24 02:12:39,997 | check_api_key took 1.36ms
2026-07-24 02:12:39,997 | blacklist took 1.56ms
2026-07-24 02:12:39,997 | log_requests took 1.69ms
2026-07-24 02:12:39,997 | timing took 1.79ms
2026-07-24 02:12:40,001 | authorization took 2.07ms
2026-07-24 02:12:40,001 | check_api_key took 2.17ms
2026-07-24 02:12:40,001 | blacklist took 2.36ms
2026-07-24 02:12:40,001 | log_requests took 2.48ms
2026-07-24 02:12:40,001 | timing took 2.57ms
2026-07-24 02:12:40,003 | authorization took 0.96ms
2026-07-24 02:12:40,003 | check_api_key took 1.22ms
2026-07-24 02:12:40,003 | blacklist took 1.41ms
2026-07-24 02:12:40,004 | log_requests took 1.52ms
2026-07-24 02:12:40,004 | timing took 1.61ms
2026-07-24 02:12:40,008 | authorization took 2.34ms
2026-07-24 02:12:40,008 | check_api_key took 2.45ms
2026-07-24 02:12:40,008 | blacklist took 2.65ms
2026-07-24 02:12:40,008 | log_requests took 2.77ms
2026-07-24 02:12:40,008 | timing took 2.86ms
2026-07-24 02:12:40,009 | check_api_key took 0.02ms
2026-07-24 02:12:40,009 | blacklist took 0.19ms
2026-07-24 02:12:40,009 | log_requests took 0.30ms
2026-07-24 02:12:40,009 | timing took 0.39ms
2026-07-24 02:12:40,012 | authorization took 1.17ms
2026-07-24 02:12:40,012 | check_api_key took 1.42ms
2026-07-24 02:12:40,012 | blacklist took 1.62ms
2026-07-24 02:12:40,012 | log_requests took 1.74ms
2026-07-24 02:12:40,012 | timing took 1.83ms
2026-07-24 02:12:40,016 | authorization took 1.81ms
2026-07-24 02:12:40,016 | check_api_key took 1.92ms
2026-07-24 02:12:40,016 | blacklist took 2.15ms
2026-07-24 02:12:40,016 | log_requests took 2.27ms
2026-07-24 02:12:40,016 | timing took 2.36ms
2026-07-24 02:12:40,019 | authorization took 1.37ms
2026-07-24 02:12:40,019 | check_api_key took 1.64ms
2026-07-24 02:12:40,019 | blacklist took 1.82ms
2026-07-24 02:12:40,019 | log_requests took 1.94ms
2026-07-24 02:12:40,019 | timing took 2.04ms
2026-07-24 02:12:40,021 | authorization took 1.51ms
2026-07-24 02:12:40,021 | check_api_key took 1.73ms
2026-07-24 02:12:40,022 | blacklist took 1.93ms
2026-07-24 02:12:40,022 | log_requests took 2.05ms
2026-07-24 02:12:40,022 | timing took 2.14ms
2026-07-24 02:12:40,025 | authorization took 1.83ms
2026-07-24 02:12:40,025 | check_api_key took 1.93ms
2026-07-24 02:12:40,025 | blacklist took 2.11ms
2026-07-24 02:12:40,025 | log_requests took 2.23ms
2026-07-24 02:12:40,025 | timing took 2.31ms
2026-07-24 02:12:40,027 | authorization took 0.76ms
2026-07-24 02:12:40,027 | check_api_key took 0.99ms
2026-07-24 02:12:40,027 | blacklist took 1.17ms
2026-07-24 02:12:40,027 | log_requests took 1.28ms
2026-07-24 02:12:40,028 | timing took 1.36ms
2026-07-24 02:12:40,031 | authorization took 2.05ms
2026-07-24 02:12:40,031 | check_api_key took 2.16ms
2026-07-24 02:12:40,031 | blacklist took 2.32ms
2026-07-24 02:12:40,031 | log_requests took 2.44ms
2026-07-24 02:12:40,031 | timing took 2.53ms
2026-07-24 02:12:40,033 | authorization took 1.14ms
2026-07-24 02:12:40,033 | check_api_key took 1.24ms
2026-07-24 02:12:40,033 | blacklist took 1.41ms
2026-07-24 02:12:40,034 | log_requests took 1.52ms
2026-07-24 02:12:40,034 | timing took 1.62ms
2026-07-24 02:12:40,036 | authorization took 0.71ms
2026-07-24 02:12:40,036 | check_api_key took 0.81ms
2026-07-24 02:12:40,036 | blacklist took 0.99ms
2026-07-24 02:12:40,036 | log_requests took 1.11ms
2026-07-24 02:12:40,036 | timing took 1.19ms
2026-07-24 02:12:40,040 | authorization took 2.18ms
2026-07-24 02:12:40,040 | check_api_key took 2.28ms
2026-07-24 02:12:40,040 | blacklist took 2.46ms
2026-07-24 02:12:40,040 | log_requests took 2.58ms
2026-07-24 02:12:40,040 | timing took 2.67ms
2026-07-24 02:12:40,042 | authorization took 0.96ms
2026-07-24 02:12:40,042 | check_api_key took 1.17ms
2026-07-24 02:12:40,042 | blacklist took 1.36ms
2026-07-24 02:12:40,043 | log_requests took 1.47ms
2026-07-24 02:12:40,043 | timing took 1.56ms
2026-07-24 02:12:40,046 | authorization took 1.69ms
2026-07-24 02:12:40,046 | check_api_key took 1.80ms
2026-07-24 02:12:40,046 | blacklist took 2.00ms
2026-07-24 02:12:40,046 | log_requests took 2.13ms
2026-07-24 02:12:40,046 | timing took 2.23ms
2026-07-24 02:12:40,216 | authorization took 168.61ms
2026-07-24 02:12:40,216 | check_api_key took 168.89ms
2026-07-24 02:12:40,216 | blacklist took 169.08ms
2026-07-24 02:12:40,216 | log_requests took 169.20ms
2026-07-24 02:12:40,216 | timing took 169.29ms
2026-07-24 02:12:40,218 | authorization took 0.52ms
2026-07-24 02:12:40,218 | check_api_key took 0.63ms
2026-07-24 02:12:40,218 | blacklist took 0.84ms
2026-07-24 02:12:40,218 | log_requests took 0.96ms
2026-07-24 02:12:40,218 | timing took 1.05ms
2026-07-24 02:12:40,389 | authorization took 169.22ms
2026-07-24 02:12:40,389 | check_api_key took 169.36ms
2026-07-24 02:12:40,390 | blacklist took 169.60ms
2026-07-24 02:12:40,390 | log_requests took 169.72ms
2026-07-24 02:12:40,390 | timing took 169.81ms
2026-07-24 02:12:40,560 | authorization took 169.40ms
2026-07-24 02:12:40,560 | check_api_key took 169.55ms
2026-07-24 02:12:40,560 | blacklist took 169.75ms
2026-07-24 02:12:40,561 | log_requests took 169.89ms
2026-07-24 02:12:40,561 | timing took 170.00ms
2026-07-24 02:12:40,732 | authorization took 169.34ms
2026-07-24 02:12:40,732 | check_api_key took 169.48ms
2026-07-24 02:12:40,732 | blacklist took 169.71ms
2026-07-24 02:12:40,732 | log_requests took 169.83ms
2026-07-24 02:12:40,733 | timing took 169.93ms
2026-07-24 02:12:40,900 | authorization took 166.78ms
2026-07-24 02:12:40,900 | check_api_key took 166.90ms
2026-07-24 02:12:40,901 | blacklist took 167.10ms
2026-07-24 02:12:40,901 | log_requests took 167.22ms
2026-07-24 02:12:40,901 | timing took 167.31ms
2026-07-24 02:12:41,072 | authorization took 169.42ms
2026-07-24 02:12:41,072 | check_api_key took 169.55ms
2026-07-24 02:12:41,072 | blacklist took 169.76ms
2026-07-24 02:12:41,072 | log_requests took 169.88ms
2026-07-24 02:12:41,073 | timing took 169.97ms
2026-07-24 02:12:41,075 | authorization took 1.26ms
2026-07-24 02:12:41,075 | check_api_key took 1.51ms
2026-07-24 02:12:41,075 | blacklist took 1.71ms
2026-07-24 02:12:41,075 | log_requests took 1.83ms
2026-07-24 02:12:41,075 | timing took 1.92ms
2026-07-24 02:12:41,077 | authorization took 0.46ms
2026-07-24 02:12:41,077 | check_api_key took 0.56ms
2026-07-24 02:12:41,077 | blacklist took 0.73ms
2026-07-24 02:12:41,077 | log_requests took 0.85ms
2026-07-24 02:12:41,077 | timing took 0.94ms
2026-07-24 02:12:41,247 | authorization took 168.54ms
2026-07-24 02:12:41,247 | check_api_key took 168.68ms
2026-07-24 02:12:41,247 | blacklist took 168.86ms
2026-07-24 02:12:41,247 | log_requests took 168.99ms
2026-07-24 02:12:41,247 | timing took 169.08ms
2026-07-24 02:12:41,250 | authorization took 0.47ms
2026-07-24 02:12:41,250 | check_api_key took 0.56ms
2026-07-24 02:12:41,250 | blacklist took 0.75ms
2026-07-24 02:12:41,250 | log_requests took 0.87ms
2026-07-24 02:12:41,250 | timing took 0.96ms
2026-07-24 02:12:41,254 | authorization took 1.94ms
2026-07-24 02:12:41,254 | check_api_key took 2.04ms
2026-07-24 02:12:41,254 | blacklist took 2.23ms
2026-07-24 02:12:41,254 | log_requests took 2.34ms
2026-07-24 02:12:41,254 | timing took 2.43ms
2026-07-24 02:12:41,256 | authorization took 1.15ms
2026-07-24 02:12:41,256 | check_api_key took 1.26ms
2026-07-24 02:12:41,256 | blacklist took 1.44ms
2026-07-24 02:12:41,256 | log_requests took 1.56ms
2026-07-24 02:12:41,256 | timing took 1.65ms
2026-07-24 02:12:41,426 | authorization took 168.27ms
2026-07-24 02:12:41,426 | check_api_key took 168.53ms
2026-07-24 02:12:41,426 | blacklist took 168.74ms
2026-07-24 02:12:41,426 | log_requests took 168.86ms
2026-07-24 02:12:41,426 | timing took 168.96ms
2026-07-24 02:12:41,427 | authorization took 0.52ms
2026-07-24 02:12:41,428 | check_api_key took 0.63ms
2026-07-24 02:12:41,428 | blacklist took 0.87ms
2026-07-24 02:12:41,428 | log_requests took 0.99ms
2026-07-24 02:12:41,428 | timing took 1.09ms
2026-07-24 02:12:41,599 | authorization took 168.81ms
2026-07-24 02:12:41,599 | check_api_key took 168.97ms
2026-07-24 02:12:41,599 | blacklist took 169.18ms
2026-07-24 02:12:41,599 | log_requests took 169.31ms
2026-07-24 02:12:41,599 | timing took 169.40ms
2026-07-24 02:12:41,601 | authorization took 0.81ms
2026-07-24 02:12:41,601 | check_api_key took 0.92ms
2026-07-24 02:12:41,601 | blacklist took 1.11ms
2026-07-24 02:12:41,601 | log_requests took 1.23ms
2026-07-24 02:12:41,601 | timing took 1.32ms
2026-07-24 02:12:41,604 | authorization took 1.52ms
2026-07-24 02:12:41,604 | check_api_key took 1.75ms
2026-07-24 02:12:41,604 | blacklist took 1.93ms
2026-07-24 02:12:41,604 | log_requests took 2.04ms
2026-07-24 02:12:41,604 | timing took 2.12ms
2026-07-24 02:12:41,606 | authorization took 1.11ms
2026-07-24 02:12:41,606 | check_api_key took 1.21ms
2026-07-24 02:12:41,606 | blacklist took 1.38ms
2026-07-24 02:12:41,606 | log_requests took 1.50ms
2026-07-24 02:12:41,606 | timing took 1.59ms
2026-07-24 02:12:41,608 | authorization took 0.70ms
2026-07-24 02:12:41,608 | check_api_key took 0.80ms
2026-07-24 02:12:41,609 | blacklist took 0.97ms
2026-07-24 02:12:41,609 | log_requests took 1.08ms
2026-07-24 02:12:41,609 | timing took 1.16ms
2026-07-24 02:12:41,611 | authorization took 0.69ms
2026-07-24 02:12:41,611 | check_api_key took 0.79ms
2026-07-24 02:12:41,611 | blacklist took 0.97ms
2026-07-24 02:12:41,611 | log_requests took 1.08ms
2026-07-24 02:12:41,611 | timing took 1.17ms
2026-07-24 02:12:41,614 | authorization took 0.93ms
2026-07-24 02:12:41,614 | check_api_key took 1.04ms
2026-07-24 02:12:41,614 | blacklist took 1.23ms
2026-07-24 02:12:41,614 | log_requests took 1.34ms
2026-07-24 02:12:41,614 | timing took 1.42ms
2026-07-24 02:12:41,616 | authorization took 0.28ms
2026-07-24 02:12:41,616 | check_api_key took 0.37ms
2026-07-24 02:12:41,616 | blacklist took 0.54ms
2026-07-24 02:12:41,616 | log_requests took 0.65ms
2026-07-24 02:12:41,616 | timing took 0.74ms
2026-07-24 02:12:41,618 | authorization took 0.75ms
2026-07-24 02:12:41,618 | check_api_key took 0.85ms
2026-07-24 02:12:41,618 | blacklist took 1.03ms
2026-07-24 02:12:41,618 | log_requests took 1.14ms
2026-07-24 02:12:41,619 | timing took 1.23ms
2026-07-24 02:12:41,623 | authorization took 2.44ms
2026-07-24 02:12:41,623 | check_api_key took 2.54ms
2026-07-24 02:12:41,623 | blacklist took 2.72ms
2026-07-24 02:12:41,623 | log_requests took 2.84ms
2026-07-24 02:12:41,623 | timing took 2.92ms
2026-07-24 02:12:41,626 | authorization took 1.92ms
2026-07-24 02:12:41,626 | check_api_key took 2.02ms
2026-07-24 02:12:41,626 | blacklist took 2.21ms
2026-07-24 02:12:41,626 | log_requests took 2.33ms
2026-07-24 02:12:41,627 | timing took 2.42ms
2026-07-24 02:12:41,628 | authorization took 0.75ms
2026-07-24 02:12:41,628 | check_api_key took 0.84ms
2026-07-24 02:12:41,628 | blacklist took 1.02ms
2026-07-24 02:12:41,628 | log_requests took 1.13ms
2026-07-24 02:12:41,628 | timing took 1.22ms
2026-07-24 02:12:41,630 | check_api_key took 0.01ms
2026-07-24 02:12:41,630 | blacklist took 0.20ms
2026-07-24 02:12:41,630 | log_requests took 0.31ms
2026-07-24 02:12:41,630 | timing took 0.40ms
2026-07-24 02:12:41,634 | authorization took 2.13ms
2026-07-24 02:12:41,634 | check_api_key took 2.22ms
2026-07-24 02:12:41,634 | blacklist took 2.41ms
2026-07-24 02:12:41,634 | log_requests took 2.53ms
2026-07-24 02:12:41,634 | timing took 2.61ms
2026-07-24 02:12:41,637 | authorization took 1.72ms
2026-07-24 02:12:41,637 | check_api_key took 1.82ms
2026-07-24 02:12:41,637 | blacklist took 2.01ms
2026-07-24 02:12:41,637 | log_requests took 2.13ms
2026-07-24 02:12:41,637 | timing took 2.22ms
2026-07-24 02:12:41,645 | authorization took 7.25ms
2026-07-24 02:12:41,646 | check_api_key took 7.50ms
2026-07-24 02:12:41,646 | blacklist took 7.69ms
2026-07-24 02:12:41,646 | log_requests took 7.81ms
2026-07-24 02:12:41,646 | timing took 7.90ms
2026-07-24 02:12:41,817 | authorization took 169.27ms
2026-07-24 02:12:41,817 | check_api_key took 169.40ms
2026-07-24 02:12:41,817 | blacklist took 169.61ms
2026-07-24 02:12:41,817 | log_requests took 169.74ms
2026-07-24 02:12:41,817 | timing took 169.83ms
2026-07-24 02:12:41,820 | authorization took 1.46ms
2026-07-24 02:12:41,820 | check_api_key took 1.74ms
2026-07-24 02:12:41,820 | blacklist took 1.97ms
2026-07-24 02:12:41,820 | log_requests took 2.09ms
2026-07-24 02:12:41,820 | timing took 2.18ms
2026-07-24 02:12:41,824 | authorization took 1.75ms
2026-07-24 02:12:41,824 | check_api_key took 1.85ms
2026-07-24 02:12:41,824 | blacklist took 2.04ms
2026-07-24 02:12:41,824 | log_requests took 2.16ms
2026-07-24 02:12:41,824 | timing took 2.25ms
2026-07-24 02:12:41,827 | authorization took 2.25ms
2026-07-24 02:12:41,827 | check_api_key took 2.35ms
2026-07-24 02:12:41,827 | blacklist took 2.55ms
2026-07-24 02:12:41,828 | log_requests took 2.67ms
2026-07-24 02:12:41,828 | timing took 2.77ms
2026-07-24 02:12:41,830 | authorization took 1.74ms
2026-07-24 02:12:41,830 | check_api_key took 1.84ms
2026-07-24 02:12:41,831 | blacklist took 2.02ms
2026-07-24 02:12:41,831 | log_requests took 2.13ms
2026-07-24 02:12:41,831 | timing took 2.23ms
2026-07-24 02:12:41,833 | authorization took 1.59ms
2026-07-24 02:12:41,833 | check_api_key took 1.68ms
2026-07-24 02:12:41,833 | blacklist took 1.86ms
2026-07-24 02:12:41,833 | log_requests took 1.97ms
2026-07-24 02:12:41,833 | timing took 2.06ms
2026-07-24 02:12:41,836 | authorization took 1.55ms
2026-07-24 02:12:41,836 | check_api_key took 1.64ms
2026-07-24 02:12:41,836 | blacklist took 1.82ms
2026-07-24 02:12:41,836 | log_requests took 1.93ms
2026-07-24 02:12:41,836 | timing took 2.02ms
2026-07-24 02:12:41,839 | authorization took 2.22ms
2026-07-24 02:12:41,839 | check_api_key took 2.44ms
2026-07-24 02:12:41,840 | blacklist took 2.63ms
2026-07-24 02:12:41,840 | log_requests took 2.74ms
2026-07-24 02:12:41,840 | timing took 2.83ms
2026-07-24 02:12:41,843 | authorization took 1.62ms
2026-07-24 02:12:41,843 | check_api_key took 1.72ms
2026-07-24 02:12:41,843 | blacklist took 1.90ms
2026-07-24 02:12:41,843 | log_requests took 2.00ms
2026-07-24 02:12:41,843 | timing took 2.09ms
2026-07-24 02:12:41,846 | authorization took 1.88ms
2026-07-24 02:12:41,846 | check_api_key took 1.97ms
2026-07-24 02:12:41,846 | blacklist took 2.15ms
2026-07-24 02:12:41,846 | log_requests took 2.26ms
2026-07-24 02:12:41,846 | timing took 2.35ms
2026-07-24 02:12:41,849 | authorization took 1.93ms
2026-07-24 02:12:41,849 | check_api_key took 2.02ms
2026-07-24 02:12:41,849 | blacklist took 2.21ms
2026-07-24 02:12:41,849 | log_requests took 2.33ms
2026-07-24 02:12:41,849 | timing took 2.42ms
2026-07-24 02:12:41,852 | authorization took 1.76ms
2026-07-24 02:12:41,852 | check_api_key took 1.85ms
2026-07-24 02:12:41,852 | blacklist took 2.05ms
2026-07-24 02:12:41,852 | log_requests took 2.15ms
2026-07-24 02:12:41,852 | timing took 2.24ms
2026-07-24 02:12:41,855 | authorization took 1.51ms
2026-07-24 02:12:41,855 | check_api_key took 1.61ms
2026-07-24 02:12:41,855 | blacklist took 1.78ms
2026-07-24 02:12:41,855 | log_requests took 1.89ms
2026-07-24 02:12:41,855 | timing took 1.98ms
2026-07-24 02:12:41,858 | authorization took 2.10ms
2026-07-24 02:12:41,858 | check_api_key took 2.33ms
2026-07-24 02:12:41,858 | blacklist took 2.52ms
2026-07-24 02:12:41,858 | log_requests took 2.64ms
2026-07-24 02:12:41,858 | timing took 2.73ms
2026-07-24 02:12:41,861 | authorization took 1.91ms
2026-07-24 02:12:41,861 | check_api_key took 2.13ms
2026-07-24 02:12:41,862 | blacklist took 2.31ms
2026-07-24 02:12:41,862 | log_requests took 2.42ms
2026-07-24 02:12:41,862 | timing took 2.51ms
2026-07-24 02:12:41,865 | authorization took 1.80ms
2026-07-24 02:12:41,865 | check_api_key took 1.89ms
2026-07-24 02:12:41,865 | blacklist took 2.09ms
2026-07-24 02:12:41,865 | log_requests took 2.20ms
2026-07-24 02:12:41,866 | timing took 2.28ms
2026-07-24 02:12:41,868 | authorization took 1.55ms
2026-07-24 02:12:41,868 | check_api_key took 1.64ms
2026-07-24 02:12:41,868 | blacklist took 1.81ms
2026-07-24 02:12:41,868 | log_requests took 1.92ms
2026-07-24 02:12:41,868 | timing took 2.01ms
2026-07-24 02:12:41,871 | authorization took 1.54ms
2026-07-24 02:12:41,871 | check_api_key took 1.63ms
2026-07-24 02:12:41,871 | blacklist took 1.80ms
2026-07-24 02:12:41,871 | log_requests took 1.91ms
2026-07-24 02:12:41,871 | timing took 2.00ms
2026-07-24 02:12:41,874 | authorization took 1.88ms
2026-07-24 02:12:41,874 | check_api_key took 2.14ms
2026-07-24 02:12:41,874 | blacklist took 2.34ms
2026-07-24 02:12:41,874 | log_requests took 2.46ms
2026-07-24 02:12:41,874 | timing took 2.55ms
2026-07-24 02:12:41,877 | authorization took 1.22ms
2026-07-24 02:12:41,877 | check_api_key took 1.43ms
2026-07-24 02:12:41,877 | blacklist took 1.63ms
2026-07-24 02:12:41,878 | log_requests took 1.74ms
2026-07-24 02:12:41,878 | timing took 1.83ms
2026-07-24 02:12:41,880 | authorization took 0.55ms
2026-07-24 02:12:41,880 | check_api_key took 0.65ms
2026-07-24 02:12:41,880 | blacklist took 0.85ms
2026-07-24 02:12:41,880 | log_requests took 0.96ms
2026-07-24 02:12:41,880 | timing took 1.06ms
2026-07-24 02:12:41,882 | authorization took 0.28ms
2026-07-24 02:12:41,882 | check_api_key took 0.38ms
2026-07-24 02:12:41,882 | blacklist took 0.56ms
2026-07-24 02:12:41,882 | log_requests took 0.67ms
2026-07-24 02:12:41,882 | timing took 0.75ms
2026-07-24 02:12:41,884 | authorization took 0.23ms
2026-07-24 02:12:41,884 | check_api_key took 0.33ms
2026-07-24 02:12:41,884 | blacklist took 0.49ms
2026-07-24 02:12:41,884 | log_requests took 0.60ms
2026-07-24 02:12:41,884 | timing took 0.69ms
2026-07-24 02:12:41,886 | authorization took 0.26ms
2026-07-24 02:12:41,886 | check_api_key took 0.35ms
2026-07-24 02:12:41,886 | blacklist took 0.53ms
2026-07-24 02:12:41,886 | log_requests took 0.64ms
2026-07-24 02:12:41,886 | timing took 0.72ms
2026-07-24 02:12:41,888 | authorization took 0.31ms
2026-07-24 02:12:41,888 | check_api_key took 0.40ms
2026-07-24 02:12:41,888 | blacklist took 0.57ms
2026-07-24 02:12:41,888 | log_requests took 0.69ms
2026-07-24 02:12:41,888 | timing took 0.78ms
2026-07-24 02:12:41,892 | authorization took 2.06ms
2026-07-24 02:12:41,892 | check_api_key took 2.16ms
2026-07-24 02:12:41,892 | blacklist took 2.35ms
2026-07-24 02:12:41,892 | log_requests took 2.46ms
2026-07-24 02:12:41,892 | timing took 2.55ms
2026-07-24 02:12:41,894 | authorization took 1.19ms
2026-07-24 02:12:41,894 | check_api_key took 1.30ms
2026-07-24 02:12:41,894 | blacklist took 1.48ms
2026-07-24 02:12:41,895 | log_requests took 1.59ms
2026-07-24 02:12:41,895 | timing took 1.69ms
2026-07-24 02:12:41,898 | authorization took 1.58ms
2026-07-24 02:12:41,898 | check_api_key took 1.68ms
2026-07-24 02:12:41,898 | blacklist took 1.86ms
2026-07-24 02:12:41,898 | log_requests took 1.97ms
2026-07-24 02:12:41,898 | timing took 2.06ms
2026-07-24 02:12:41,900 | authorization took 0.82ms
2026-07-24 02:12:41,900 | check_api_key took 0.91ms
2026-07-24 02:12:41,901 | blacklist took 1.10ms
2026-07-24 02:12:41,901 | log_requests took 1.22ms
2026-07-24 02:12:41,901 | timing took 1.30ms
2026-07-24 02:12:41,902 | check_api_key took 0.01ms
2026-07-24 02:12:41,902 | blacklist took 0.19ms
2026-07-24 02:12:41,902 | log_requests took 0.31ms
2026-07-24 02:12:41,902 | timing took 0.40ms
2026-07-24 02:12:41,904 | check_api_key took 0.14ms
2026-07-24 02:12:41,904 | blacklist took 0.33ms
2026-07-24 02:12:41,904 | log_requests took 0.45ms
2026-07-24 02:12:41,904 | timing took 0.54ms
2026-07-24 02:12:41,907 | authorization took 1.55ms
2026-07-24 02:12:41,908 | check_api_key took 1.78ms
2026-07-24 02:12:41,908 | blacklist took 1.94ms
2026-07-24 02:12:41,908 | log_requests took 2.06ms
2026-07-24 02:12:41,908 | timing took 2.15ms
2026-07-24 02:12:41,909 | check_api_key took 0.13ms
2026-07-24 02:12:41,909 | blacklist took 0.31ms
2026-07-24 02:12:41,909 | log_requests took 0.42ms
2026-07-24 02:12:41,910 | timing took 0.51ms
2026-07-24 02:12:41,911 | blacklist took 0.08ms
2026-07-24 02:12:41,911 | log_requests took 0.19ms
2026-07-24 02:12:41,911 | timing took 0.27ms
2026-07-24 02:12:41,915 | authorization took 1.44ms
2026-07-24 02:12:41,915 | check_api_key took 1.65ms
2026-07-24 02:12:41,915 | blacklist took 1.82ms
2026-07-24 02:12:41,915 | log_requests took 1.93ms
2026-07-24 02:12:41,915 | timing took 2.03ms
2026-07-24 02:12:41,918 | authorization took 1.25ms
2026-07-24 02:12:41,918 | check_api_key took 1.45ms
2026-07-24 02:12:41,918 | blacklist took 1.64ms
2026-07-24 02:12:41,918 | log_requests took 1.75ms
2026-07-24 02:12:41,918 | timing took 1.83ms
2026-07-24 02:12:41,919 | blacklist took 0.07ms
2026-07-24 02:12:41,919 | log_requests took 0.18ms
2026-07-24 02:12:41,919 | timing took 0.26ms
2026-07-24 02:12:41,922 | authorization took 1.28ms
2026-07-24 02:12:41,922 | check_api_key took 1.50ms
2026-07-24 02:12:41,922 | blacklist took 1.68ms
2026-07-24 02:12:41,922 | log_requests took 1.80ms
2026-07-24 02:12:41,922 | timing took 1.89ms
2026-07-24 02:12:41,923 | blacklist took 0.07ms
2026-07-24 02:12:41,923 | log_requests took 0.19ms
2026-07-24 02:12:41,923 | timing took 0.28ms
2026-07-24 02:12:41,925 | blacklist took 0.07ms
2026-07-24 02:12:41,925 | log_requests took 0.18ms
2026-07-24 02:12:41,925 | timing took 0.26ms
2026-07-24 02:12:41,927 | authorization took 0.29ms
2026-07-24 02:12:41,927 | check_api_key took 0.38ms
2026-07-24 02:12:41,927 | blacklist took 0.54ms
2026-07-24 02:12:41,927 | log_requests took 0.65ms
2026-07-24 02:12:41,927 | timing took 0.73ms
2026-07-24 02:12:41,928 | check_api_key took 0.01ms
2026-07-24 02:12:41,928 | blacklist took 0.19ms
2026-07-24 02:12:41,928 | log_requests took 0.30ms
2026-07-24 02:12:41,928 | timing took 0.40ms
2026-07-24 02:12:41,932 | authorization took 2.10ms
2026-07-24 02:12:41,932 | check_api_key took 2.20ms
2026-07-24 02:12:41,932 | blacklist took 2.40ms
2026-07-24 02:12:41,932 | log_requests took 2.51ms
2026-07-24 02:12:41,932 | timing took 2.61ms
2026-07-24 02:12:41,934 | authorization took 1.14ms
2026-07-24 02:12:41,934 | check_api_key took 1.24ms
2026-07-24 02:12:41,934 | blacklist took 1.42ms
2026-07-24 02:12:41,935 | log_requests took 1.54ms
2026-07-24 02:12:41,935 | timing took 1.64ms
2026-07-24 02:15:03,241 | authorization took 8.34ms
2026-07-24 02:15:03,241 | check_api_key took 8.66ms
2026-07-24 02:15:03,241 | blacklist took 9.13ms
2026-07-24 02:15:03,242 | log_requests took 9.48ms
2026-07-24 02:15:03,242 | timing took 9.64ms
2026-07-24 02:15:03,245 | authorization took 2.11ms
2026-07-24 02:15:03,245 | check_api_key took 2.23ms
2026-07-24 02:15:03,246 | blacklist took 2.46ms
2026-07-24 02:15:03,246 | log_requests took 2.59ms
2026-07-24 02:15:03,246 | timing took 2.69ms
2026-07-24 02:15:03,251 | authorization took 2.36ms
2026-07-24 02:15:03,251 | check_api_key took 2.46ms
2026-07-24 02:15:03,251 | blacklist took 2.65ms
2026-07-24 02:15:03,251 | log_requests took 2.77ms
2026-07-24 02:15:03,251 | timing took 2.86ms
2026-07-24 02:15:03,254 | authorization took 1.81ms
2026-07-24 02:15:03,254 | check_api_key took 2.05ms
2026-07-24 02:15:03,254 | blacklist took 2.24ms
2026-07-24 02:15:03,254 | log_requests took 2.36ms
2026-07-24 02:15:03,254 | timing took 2.46ms
2026-07-24 02:15:03,255 | authorization took 0.51ms
2026-07-24 02:15:03,256 | check_api_key took 0.61ms
2026-07-24 02:15:03,256 | blacklist took 0.79ms
2026-07-24 02:15:03,256 | log_requests took 0.91ms
2026-07-24 02:15:03,256 | timing took 1.00ms
2026-07-24 02:15:03,259 | authorization took 1.16ms
2026-07-24 02:15:03,259 | check_api_key took 1.41ms
2026-07-24 02:15:03,259 | blacklist took 1.58ms
2026-07-24 02:15:03,259 | log_requests took 1.70ms
2026-07-24 02:15:03,259 | timing took 1.79ms
2026-07-24 02:15:03,262 | authorization took 0.96ms
2026-07-24 02:15:03,262 | check_api_key took 1.09ms
2026-07-24 02:15:03,262 | blacklist took 1.31ms
2026-07-24 02:15:03,262 | log_requests took 1.45ms
2026-07-24 02:15:03,262 | timing took 1.55ms
2026-07-24 02:15:03,266 | authorization took 2.37ms
2026-07-24 02:15:03,266 | check_api_key took 2.47ms
2026-07-24 02:15:03,266 | blacklist took 2.68ms
2026-07-24 02:15:03,266 | log_requests took 2.80ms
2026-07-24 02:15:03,266 | timing took 2.91ms
2026-07-24 02:15:03,269 | authorization took 1.16ms
2026-07-24 02:15:03,269 | check_api_key took 1.27ms
2026-07-24 02:15:03,269 | blacklist took 1.45ms
2026-07-24 02:15:03,269 | log_requests took 1.57ms
2026-07-24 02:15:03,269 | timing took 1.67ms
2026-07-24 02:15:03,271 | authorization took 1.70ms
2026-07-24 02:15:03,271 | check_api_key took 1.81ms
2026-07-24 02:15:03,272 | blacklist took 2.00ms
2026-07-24 02:15:03,272 | log_requests took 2.12ms
2026-07-24 02:15:03,272 | timing took 2.22ms
2026-07-24 02:15:03,276 | authorization took 2.44ms
2026-07-24 02:15:03,276 | check_api_key took 2.55ms
2026-07-24 02:15:03,276 | blacklist took 2.73ms
2026-07-24 02:15:03,276 | log_requests took 2.86ms
2026-07-24 02:15:03,276 | timing took 2.95ms
2026-07-24 02:15:03,278 | authorization took 1.52ms
2026-07-24 02:15:03,279 | check_api_key took 1.77ms
2026-07-24 02:15:03,279 | blacklist took 2.12ms
2026-07-24 02:15:03,279 | log_requests took 2.43ms
2026-07-24 02:15:03,279 | timing took 2.65ms
2026-07-24 02:15:03,284 | authorization took 2.19ms
2026-07-24 02:15:03,284 | check_api_key took 2.30ms
2026-07-24 02:15:03,284 | blacklist took 2.47ms
2026-07-24 02:15:03,284 | log_requests took 2.59ms
2026-07-24 02:15:03,284 | timing took 2.68ms
2026-07-24 02:15:03,287 | authorization took 2.21ms
2026-07-24 02:15:03,287 | check_api_key took 2.33ms
2026-07-24 02:15:03,287 | blacklist took 2.52ms
2026-07-24 02:15:03,288 | log_requests took 2.65ms
2026-07-24 02:15:03,288 | timing took 2.74ms
2026-07-24 02:15:03,290 | authorization took 1.31ms
2026-07-24 02:15:03,290 | check_api_key took 1.42ms
2026-07-24 02:15:03,290 | blacklist took 1.60ms
2026-07-24 02:15:03,290 | log_requests took 1.72ms
2026-07-24 02:15:03,290 | timing took 1.82ms
2026-07-24 02:15:03,292 | authorization took 1.23ms
2026-07-24 02:15:03,292 | check_api_key took 1.38ms
2026-07-24 02:15:03,292 | blacklist took 1.60ms
2026-07-24 02:15:03,293 | log_requests took 1.74ms
2026-07-24 02:15:03,293 | timing took 1.85ms
2026-07-24 02:15:03,295 | authorization took 1.21ms
2026-07-24 02:15:03,295 | check_api_key took 1.31ms
2026-07-24 02:15:03,295 | blacklist took 1.50ms
2026-07-24 02:15:03,295 | log_requests took 1.62ms
2026-07-24 02:15:03,295 | timing took 1.72ms
2026-07-24 02:15:03,299 | authorization took 2.11ms
2026-07-24 02:15:03,299 | check_api_key took 2.21ms
2026-07-24 02:15:03,299 | blacklist took 2.39ms
2026-07-24 02:15:03,299 | log_requests took 2.51ms
2026-07-24 02:15:03,299 | timing took 2.60ms
2026-07-24 02:15:03,302 | authorization took 2.09ms
2026-07-24 02:15:03,302 | check_api_key took 2.19ms
2026-07-24 02:15:03,302 | blacklist took 2.39ms
2026-07-24 02:15:03,303 | log_requests took 2.50ms
2026-07-24 02:15:03,303 | timing took 2.59ms
2026-07-24 02:15:03,306 | authorization took 1.99ms
2026-07-24 02:15:03,306 | check_api_key took 2.09ms
2026-07-24 02:15:03,307 | blacklist took 2.29ms
2026-07-24 02:15:03,307 | log_requests took 2.40ms
2026-07-24 02:15:03,307 | timing took 2.50ms
2026-07-24 02:15:03,309 | authorization took 1.27ms
2026-07-24 02:15:03,309 | check_api_key took 1.50ms
2026-07-24 02:15:03,309 | blacklist took 1.68ms
2026-07-24 02:15:03,309 | log_requests took 1.80ms
2026-07-24 02:15:03,309 | timing took 1.90ms
2026-07-24 02:15:03,311 | authorization took 0.47ms
2026-07-24 02:15:03,311 | check_api_key took 0.58ms
2026-07-24 02:15:03,311 | blacklist took 0.73ms
2026-07-24 02:15:03,311 | log_requests took 0.85ms
2026-07-24 02:15:03,311 | timing took 0.94ms
2026-07-24 02:15:03,315 | authorization took 1.99ms
2026-07-24 02:15:03,315 | check_api_key took 2.10ms
2026-07-24 02:15:03,315 | blacklist took 2.28ms
2026-07-24 02:15:03,315 | log_requests took 2.40ms
2026-07-24 02:15:03,315 | timing took 2.49ms
2026-07-24 02:15:03,318 | authorization took 1.81ms
2026-07-24 02:15:03,318 | check_api_key took 1.91ms
2026-07-24 02:15:03,318 | blacklist took 2.08ms
2026-07-24 02:15:03,319 | log_requests took 2.19ms
2026-07-24 02:15:03,319 | timing took 2.28ms
2026-07-24 02:15:03,321 | authorization took 1.03ms
2026-07-24 02:15:03,321 | check_api_key took 1.13ms
2026-07-24 02:15:03,321 | blacklist took 1.31ms
2026-07-24 02:15:03,321 | log_requests took 1.42ms
2026-07-24 02:15:03,321 | timing took 1.51ms
2026-07-24 02:15:03,325 | authorization took 1.98ms
2026-07-24 02:15:03,325 | check_api_key took 2.08ms
2026-07-24 02:15:03,325 | blacklist took 2.27ms
2026-07-24 02:15:03,325 | log_requests took 2.39ms
2026-07-24 02:15:03,325 | timing took 2.48ms
2026-07-24 02:15:03,328 | authorization took 1.35ms
2026-07-24 02:15:03,328 | check_api_key took 1.61ms
2026-07-24 02:15:03,328 | blacklist took 1.78ms
2026-07-24 02:15:03,328 | log_requests took 1.90ms
2026-07-24 02:15:03,328 | timing took 1.99ms
2026-07-24 02:15:03,330 | authorization took 0.44ms
2026-07-24 02:15:03,330 | check_api_key took 0.54ms
2026-07-24 02:15:03,330 | blacklist took 0.73ms
2026-07-24 02:15:03,330 | log_requests took 0.84ms
2026-07-24 02:15:03,330 | timing took 0.93ms
2026-07-24 02:15:03,333 | authorization took 1.93ms
2026-07-24 02:15:03,334 | check_api_key took 2.03ms
2026-07-24 02:15:03,334 | blacklist took 2.20ms
2026-07-24 02:15:03,334 | log_requests took 2.32ms
2026-07-24 02:15:03,334 | timing took 2.41ms
2026-07-24 02:15:03,335 | authorization took 0.64ms
2026-07-24 02:15:03,336 | check_api_key took 0.90ms
2026-07-24 02:15:03,336 | blacklist took 1.08ms
2026-07-24 02:15:03,336 | log_requests took 1.21ms
2026-07-24 02:15:03,336 | timing took 1.30ms
2026-07-24 02:15:03,339 | authorization took 1.51ms
2026-07-24 02:15:03,339 | check_api_key took 1.62ms
2026-07-24 02:15:03,339 | blacklist took 1.95ms
2026-07-24 02:15:03,339 | log_requests took 2.08ms
2026-07-24 02:15:03,339 | timing took 2.19ms
2026-07-24 02:15:03,343 | authorization took 1.87ms
2026-07-24 02:15:03,343 | check_api_key took 1.98ms
2026-07-24 02:15:03,343 | blacklist took 2.18ms
2026-07-24 02:15:03,343 | log_requests took 2.33ms
2026-07-24 02:15:03,343 | timing took 2.43ms
2026-07-24 02:15:03,344 | check_api_key took 0.02ms
2026-07-24 02:15:03,344 | blacklist took 0.21ms
2026-07-24 02:15:03,344 | log_requests took 0.33ms
2026-07-24 02:15:03,344 | timing took 0.42ms
2026-07-24 02:15:03,348 | authorization took 2.04ms
2026-07-24 02:15:03,348 | check_api_key took 2.14ms
2026-07-24 02:15:03,348 | blacklist took 2.34ms
2026-07-24 02:15:03,348 | log_requests took 2.46ms
2026-07-24 02:15:03,348 | timing took 2.55ms
2026-07-24 02:15:03,351 | authorization took 1.24ms
2026-07-24 02:15:03,351 | check_api_key took 1.47ms
2026-07-24 02:15:03,351 | blacklist took 1.65ms
2026-07-24 02:15:03,351 | log_requests took 1.77ms
2026-07-24 02:15:03,351 | timing took 1.88ms
2026-07-24 02:15:03,354 | authorization took 1.70ms
2026-07-24 02:15:03,354 | check_api_key took 1.80ms
2026-07-24 02:15:03,354 | blacklist took 2.02ms
2026-07-24 02:15:03,355 | log_requests took 2.13ms
2026-07-24 02:15:03,355 | timing took 2.22ms
2026-07-24 02:15:03,357 | authorization took 1.13ms
2026-07-24 02:15:03,357 | check_api_key took 1.24ms
2026-07-24 02:15:03,357 | blacklist took 1.42ms
2026-07-24 02:15:03,357 | log_requests took 1.54ms
2026-07-24 02:15:03,357 | timing took 1.64ms
2026-07-24 02:15:03,362 | authorization took 2.05ms
2026-07-24 02:15:03,362 | check_api_key took 2.16ms
2026-07-24 02:15:03,362 | blacklist took 2.35ms
2026-07-24 02:15:03,362 | log_requests took 2.47ms
2026-07-24 02:15:03,362 | timing took 2.56ms
2026-07-24 02:15:03,365 | authorization took 0.49ms
2026-07-24 02:15:03,365 | check_api_key took 0.59ms
2026-07-24 02:15:03,365 | blacklist took 0.78ms
2026-07-24 02:15:03,365 | log_requests took 0.89ms
2026-07-24 02:15:03,365 | timing took 0.98ms
2026-07-24 02:15:03,368 | authorization took 1.74ms
2026-07-24 02:15:03,368 | check_api_key took 2.10ms
2026-07-24 02:15:03,368 | blacklist took 2.28ms
2026-07-24 02:15:03,369 | log_requests took 2.39ms
2026-07-24 02:15:03,369 | timing took 2.48ms
2026-07-24 02:15:03,371 | authorization took 0.47ms
2026-07-24 02:15:03,371 | check_api_key took 0.57ms
2026-07-24 02:15:03,371 | blacklist took 0.75ms
2026-07-24 02:15:03,371 | log_requests took 0.87ms
2026-07-24 02:15:03,371 | timing took 0.95ms
2026-07-24 02:15:03,373 | authorization took 0.79ms
2026-07-24 02:15:03,373 | check_api_key took 0.89ms
2026-07-24 02:15:03,373 | blacklist took 1.08ms
2026-07-24 02:15:03,374 | log_requests took 1.21ms
2026-07-24 02:15:03,374 | timing took 1.31ms
2026-07-24 02:15:03,377 | authorization took 1.81ms
2026-07-24 02:15:03,377 | check_api_key took 1.92ms
2026-07-24 02:15:03,377 | blacklist took 2.11ms
2026-07-24 02:15:03,377 | log_requests took 2.23ms
2026-07-24 02:15:03,377 | timing took 2.32ms
2026-07-24 02:15:03,380 | authorization took 1.48ms
2026-07-24 02:15:03,380 | check_api_key took 1.58ms
2026-07-24 02:15:03,380 | blacklist took 1.77ms
2026-07-24 02:15:03,380 | log_requests took 1.89ms
2026-07-24 02:15:03,380 | timing took 1.99ms
2026-07-24 02:15:03,384 | authorization took 1.94ms
2026-07-24 02:15:03,384 | check_api_key took 2.04ms
2026-07-24 02:15:03,384 | blacklist took 2.23ms
2026-07-24 02:15:03,384 | log_requests took 2.35ms
2026-07-24 02:15:03,384 | timing took 2.44ms
2026-07-24 02:15:03,386 | authorization took 1.17ms
2026-07-24 02:15:03,386 | check_api_key took 1.29ms
2026-07-24 02:15:03,386 | blacklist took 1.47ms
2026-07-24 02:15:03,386 | log_requests took 1.60ms
2026-07-24 02:15:03,386 | timing took 1.70ms
2026-07-24 02:15:03,390 | authorization took 2.32ms
2026-07-24 02:15:03,390 | check_api_key took 2.45ms
2026-07-24 02:15:03,390 | blacklist took 2.69ms
2026-07-24 02:15:03,390 | log_requests took 2.82ms
2026-07-24 02:15:03,390 | timing took 2.92ms
2026-07-24 02:15:03,392 | authorization took 0.96ms
2026-07-24 02:15:03,393 | check_api_key took 1.07ms
2026-07-24 02:15:03,393 | blacklist took 1.30ms
2026-07-24 02:15:03,393 | log_requests took 1.42ms
2026-07-24 02:15:03,393 | timing took 1.52ms
2026-07-24 02:15:03,397 | authorization took 1.91ms
2026-07-24 02:15:03,397 | check_api_key took 2.03ms
2026-07-24 02:15:03,397 | blacklist took 2.50ms
2026-07-24 02:15:03,397 | log_requests took 2.62ms
2026-07-24 02:15:03,397 | timing took 2.72ms
2026-07-24 02:15:03,399 | authorization took 1.25ms
2026-07-24 02:15:03,399 | check_api_key took 1.47ms
2026-07-24 02:15:03,399 | blacklist took 1.66ms
2026-07-24 02:15:03,399 | log_requests took 1.77ms
2026-07-24 02:15:03,400 | timing took 1.86ms
2026-07-24 02:15:03,401 | authorization took 0.91ms
2026-07-24 02:15:03,401 | check_api_key took 1.01ms
2026-07-24 02:15:03,401 | blacklist took 1.19ms
2026-07-24 02:15:03,401 | log_requests took 1.30ms
2026-07-24 02:15:03,402 | timing took 1.39ms
2026-07-24 02:15:03,405 | authorization took 1.74ms
2026-07-24 02:15:03,405 | check_api_key took 1.84ms
2026-07-24 02:15:03,405 | blacklist took 2.04ms
2026-07-24 02:15:03,405 | log_requests took 2.15ms
2026-07-24 02:15:03,405 | timing took 2.24ms
2026-07-24 02:15:03,411 | authorization took 3.79ms
2026-07-24 02:15:03,411 | check_api_key took 4.05ms
2026-07-24 02:15:03,411 | blacklist took 4.24ms
2026-07-24 02:15:03,411 | log_requests took 4.37ms
2026-07-24 02:15:03,411 | timing took 4.46ms
2026-07-24 02:15:03,413 | authorization took 1.19ms
2026-07-24 02:15:03,413 | check_api_key took 1.29ms
2026-07-24 02:15:03,413 | blacklist took 1.47ms
2026-07-24 02:15:03,413 | log_requests took 1.59ms
2026-07-24 02:15:03,413 | timing took 1.69ms
2026-07-24 02:15:03,415 | authorization took 1.04ms
2026-07-24 02:15:03,415 | check_api_key took 1.15ms
2026-07-24 02:15:03,415 | blacklist took 1.34ms
2026-07-24 02:15:03,416 | log_requests took 1.45ms
2026-07-24 02:15:03,416 | timing took 1.55ms
2026-07-24 02:15:03,418 | authorization took 1.07ms
2026-07-24 02:15:03,418 | check_api_key took 1.17ms
2026-07-24 02:15:03,418 | blacklist took 1.36ms
2026-07-24 02:15:03,418 | log_requests took 1.47ms
2026-07-24 02:15:03,418 | timing took 1.57ms
2026-07-24 02:15:03,421 | authorization took 1.68ms
2026-07-24 02:15:03,421 | check_api_key took 1.78ms
2026-07-24 02:15:03,421 | blacklist took 1.99ms
2026-07-24 02:15:03,421 | log_requests took 2.12ms
2026-07-24 02:15:03,422 | timing took 2.22ms
2026-07-24 02:15:03,425 | authorization took 2.71ms
2026-07-24 02:15:03,425 | check_api_key took 2.93ms
2026-07-24 02:15:03,425 | blacklist took 3.13ms
2026-07-24 02:15:03,426 | log_requests took 3.25ms
2026-07-24 02:15:03,426 | timing took 3.35ms
2026-07-24 02:15:03,428 | authorization took 0.94ms
2026-07-24 02:15:03,428 | check_api_key took 1.16ms
2026-07-24 02:15:03,428 | blacklist took 1.33ms
2026-07-24 02:15:03,429 | log_requests took 1.45ms
2026-07-24 02:15:03,429 | timing took 1.54ms
2026-07-24 02:15:03,431 | authorization took 0.70ms
2026-07-24 02:15:03,431 | check_api_key took 0.91ms
2026-07-24 02:15:03,431 | blacklist took 1.10ms
2026-07-24 02:15:03,431 | log_requests took 1.21ms
2026-07-24 02:15:03,431 | timing took 1.29ms
2026-07-24 02:15:03,434 | authorization took 0.94ms
2026-07-24 02:15:03,434 | check_api_key took 1.16ms
2026-07-24 02:15:03,434 | blacklist took 1.34ms
2026-07-24 02:15:03,434 | log_requests took 1.46ms
2026-07-24 02:15:03,434 | timing took 1.55ms
2026-07-24 02:15:03,438 | authorization took 1.84ms
2026-07-24 02:15:03,438 | check_api_key took 2.06ms
2026-07-24 02:15:03,438 | blacklist took 2.27ms
2026-07-24 02:15:03,438 | log_requests took 2.38ms
2026-07-24 02:15:03,438 | timing took 2.47ms
2026-07-24 02:15:03,440 | authorization took 0.01ms
2026-07-24 02:15:03,440 | check_api_key took 0.25ms
2026-07-24 02:15:03,440 | blacklist took 0.43ms
2026-07-24 02:15:03,440 | log_requests took 0.54ms
2026-07-24 02:15:03,440 | timing took 0.64ms
2026-07-24 02:15:03,442 | check_api_key took 0.01ms
2026-07-24 02:15:03,442 | blacklist took 0.18ms
2026-07-24 02:15:03,442 | log_requests took 0.28ms
2026-07-24 02:15:03,442 | timing took 0.37ms
2026-07-24 02:15:03,445 | authorization took 0.01ms
2026-07-24 02:15:03,445 | check_api_key took 0.25ms
2026-07-24 02:15:03,445 | blacklist took 0.43ms
2026-07-24 02:15:03,445 | log_requests took 0.55ms
2026-07-24 02:15:03,445 | timing took 0.65ms
2026-07-24 02:15:03,449 | authorization took 1.76ms
2026-07-24 02:15:03,449 | check_api_key took 1.98ms
2026-07-24 02:15:03,449 | blacklist took 2.16ms
2026-07-24 02:15:03,449 | log_requests took 2.27ms
2026-07-24 02:15:03,449 | timing took 2.35ms
2026-07-24 02:15:03,453 | authorization took 1.97ms
2026-07-24 02:15:03,453 | check_api_key took 2.07ms
2026-07-24 02:15:03,453 | blacklist took 2.26ms
2026-07-24 02:15:03,453 | log_requests took 2.38ms
2026-07-24 02:15:03,453 | timing took 2.47ms
2026-07-24 02:15:03,456 | authorization took 2.13ms
2026-07-24 02:15:03,456 | check_api_key took 2.35ms
2026-07-24 02:15:03,456 | blacklist took 2.54ms
2026-07-24 02:15:03,457 | log_requests took 2.66ms
2026-07-24 02:15:03,457 | timing took 2.75ms
2026-07-24 02:15:03,459 | authorization took 1.13ms
2026-07-24 02:15:03,459 | check_api_key took 1.23ms
2026-07-24 02:15:03,459 | blacklist took 1.41ms
2026-07-24 02:15:03,459 | log_requests took 1.53ms
2026-07-24 02:15:03,459 | timing took 1.62ms
2026-07-24 02:15:03,462 | authorization took 1.72ms
2026-07-24 02:15:03,462 | check_api_key took 1.82ms
2026-07-24 02:15:03,462 | blacklist took 2.00ms
2026-07-24 02:15:03,462 | log_requests took 2.11ms
2026-07-24 02:15:03,462 | timing took 2.20ms
2026-07-24 02:15:03,465 | authorization took 1.96ms
2026-07-24 02:15:03,466 | check_api_key took 2.18ms
2026-07-24 02:15:03,466 | blacklist took 2.38ms
2026-07-24 02:15:03,466 | log_requests took 2.49ms
2026-07-24 02:15:03,466 | timing took 2.57ms
2026-07-24 02:15:03,469 | authorization took 1.71ms
2026-07-24 02:15:03,469 | check_api_key took 1.82ms
2026-07-24 02:15:03,469 | blacklist took 2.00ms
2026-07-24 02:15:03,469 | log_requests took 2.11ms
2026-07-24 02:15:03,470 | timing took 2.20ms
2026-07-24 02:15:03,472 | authorization took 1.46ms
2026-07-24 02:15:03,472 | check_api_key took 1.68ms
2026-07-24 02:15:03,472 | blacklist took 1.86ms
2026-07-24 02:15:03,472 | log_requests took 1.98ms
2026-07-24 02:15:03,472 | timing took 2.07ms
2026-07-24 02:15:03,474 | authorization took 0.43ms
2026-07-24 02:15:03,474 | check_api_key took 0.53ms
2026-07-24 02:15:03,474 | blacklist took 0.70ms
2026-07-24 02:15:03,474 | log_requests took 0.81ms
2026-07-24 02:15:03,474 | timing took 0.89ms
2026-07-24 02:15:03,478 | authorization took 2.41ms
2026-07-24 02:15:03,478 | check_api_key took 2.51ms
2026-07-24 02:15:03,478 | blacklist took 2.68ms
2026-07-24 02:15:03,478 | log_requests took 2.79ms
2026-07-24 02:15:03,478 | timing took 2.90ms
2026-07-24 02:15:03,480 | authorization took 0.43ms
2026-07-24 02:15:03,480 | check_api_key took 0.52ms
2026-07-24 02:15:03,480 | blacklist took 0.67ms
2026-07-24 02:15:03,480 | log_requests took 0.79ms
2026-07-24 02:15:03,480 | timing took 0.87ms
2026-07-24 02:15:03,483 | authorization took 1.47ms
2026-07-24 02:15:03,483 | check_api_key took 1.68ms
2026-07-24 02:15:03,483 | blacklist took 1.85ms
2026-07-24 02:15:03,483 | log_requests took 1.97ms
2026-07-24 02:15:03,483 | timing took 2.05ms
2026-07-24 02:15:03,485 | authorization took 1.13ms
2026-07-24 02:15:03,485 | check_api_key took 1.23ms
2026-07-24 02:15:03,485 | blacklist took 1.40ms
2026-07-24 02:15:03,485 | log_requests took 1.53ms
2026-07-24 02:15:03,485 | timing took 1.63ms
2026-07-24 02:15:03,494 | authorization took 7.38ms
2026-07-24 02:15:03,495 | check_api_key took 7.51ms
2026-07-24 02:15:03,495 | blacklist took 7.70ms
2026-07-24 02:15:03,495 | log_requests took 7.85ms
2026-07-24 02:15:03,495 | timing took 7.96ms
2026-07-24 02:15:03,499 | authorization took 1.59ms
2026-07-24 02:15:03,499 | check_api_key took 1.83ms
2026-07-24 02:15:03,499 | blacklist took 2.03ms
2026-07-24 02:15:03,499 | log_requests took 2.15ms
2026-07-24 02:15:03,499 | timing took 2.24ms
2026-07-24 02:15:03,501 | authorization took 1.11ms
2026-07-24 02:15:03,501 | check_api_key took 1.21ms
2026-07-24 02:15:03,501 | blacklist took 1.38ms
2026-07-24 02:15:03,501 | log_requests took 1.50ms
2026-07-24 02:15:03,501 | timing took 1.59ms
2026-07-24 02:15:03,505 | authorization took 1.77ms
2026-07-24 02:15:03,505 | check_api_key took 1.87ms
2026-07-24 02:15:03,505 | blacklist took 2.07ms
2026-07-24 02:15:03,505 | log_requests took 2.18ms
2026-07-24 02:15:03,505 | timing took 2.26ms
2026-07-24 02:15:03,507 | authorization took 0.89ms
2026-07-24 02:15:03,507 | check_api_key took 1.11ms
2026-07-24 02:15:03,507 | blacklist took 1.28ms
2026-07-24 02:15:03,507 | log_requests took 1.40ms
2026-07-24 02:15:03,507 | timing took 1.49ms
2026-07-24 02:15:03,511 | authorization took 2.02ms
2026-07-24 02:15:03,511 | check_api_key took 2.39ms
2026-07-24 02:15:03,511 | blacklist took 2.59ms
2026-07-24 02:15:03,511 | log_requests took 2.71ms
2026-07-24 02:15:03,512 | timing took 2.81ms
2026-07-24 02:15:03,512 | check_api_key took 0.02ms
2026-07-24 02:15:03,512 | blacklist took 0.20ms
2026-07-24 02:15:03,513 | log_requests took 0.30ms
2026-07-24 02:15:03,513 | timing took 0.39ms
2026-07-24 02:15:03,515 | authorization took 1.12ms
2026-07-24 02:15:03,515 | check_api_key took 1.34ms
2026-07-24 02:15:03,516 | blacklist took 1.52ms
2026-07-24 02:15:03,516 | log_requests took 1.64ms
2026-07-24 02:15:03,516 | timing took 1.73ms
2026-07-24 02:15:03,519 | authorization took 1.83ms
2026-07-24 02:15:03,519 | check_api_key took 1.93ms
2026-07-24 02:15:03,519 | blacklist took 2.12ms
2026-07-24 02:15:03,519 | log_requests took 2.24ms
2026-07-24 02:15:03,520 | timing took 2.32ms
2026-07-24 02:15:03,523 | authorization took 2.74ms
2026-07-24 02:15:03,523 | check_api_key took 2.99ms
2026-07-24 02:15:03,524 | blacklist took 3.23ms
2026-07-24 02:15:03,524 | log_requests took 3.35ms
2026-07-24 02:15:03,524 | timing took 3.45ms
2026-07-24 02:15:03,526 | authorization took 1.35ms
2026-07-24 02:15:03,526 | check_api_key took 1.58ms
2026-07-24 02:15:03,526 | blacklist took 1.82ms
2026-07-24 02:15:03,526 | log_requests took 1.95ms
2026-07-24 02:15:03,526 | timing took 2.05ms
2026-07-24 02:15:03,530 | authorization took 1.78ms
2026-07-24 02:15:03,530 | check_api_key took 1.89ms
2026-07-24 02:15:03,530 | blacklist took 2.07ms
2026-07-24 02:15:03,530 | log_requests took 2.19ms
2026-07-24 02:15:03,530 | timing took 2.27ms
2026-07-24 02:15:03,532 | authorization took 0.75ms
2026-07-24 02:15:03,532 | check_api_key took 0.99ms
2026-07-24 02:15:03,532 | blacklist took 1.17ms
2026-07-24 02:15:03,532 | log_requests took 1.29ms
2026-07-24 02:15:03,532 | timing took 1.37ms
2026-07-24 02:15:03,538 | authorization took 2.09ms
2026-07-24 02:15:03,538 | check_api_key took 2.19ms
2026-07-24 02:15:03,539 | blacklist took 4.68ms
2026-07-24 02:15:03,539 | log_requests took 4.79ms
2026-07-24 02:15:03,539 | timing took 4.88ms
2026-07-24 02:15:03,541 | authorization took 1.19ms
2026-07-24 02:15:03,541 | check_api_key took 1.29ms
2026-07-24 02:15:03,541 | blacklist took 1.47ms
2026-07-24 02:15:03,541 | log_requests took 1.58ms
2026-07-24 02:15:03,541 | timing took 1.68ms
2026-07-24 02:15:03,543 | authorization took 0.76ms
2026-07-24 02:15:03,543 | check_api_key took 0.87ms
2026-07-24 02:15:03,543 | blacklist took 1.04ms
2026-07-24 02:15:03,543 | log_requests took 1.16ms
2026-07-24 02:15:03,543 | timing took 1.25ms
2026-07-24 02:15:03,547 | authorization took 1.71ms
2026-07-24 02:15:03,547 | check_api_key took 1.81ms
2026-07-24 02:15:03,547 | blacklist took 1.99ms
2026-07-24 02:15:03,547 | log_requests took 2.11ms
2026-07-24 02:15:03,547 | timing took 2.19ms
2026-07-24 02:15:03,549 | authorization took 1.02ms
2026-07-24 02:15:03,549 | check_api_key took 1.24ms
2026-07-24 02:15:03,549 | blacklist took 1.41ms
2026-07-24 02:15:03,549 | log_requests took 1.53ms
2026-07-24 02:15:03,549 | timing took 1.62ms
2026-07-24 02:15:03,553 | authorization took 1.94ms
2026-07-24 02:15:03,553 | check_api_key took 2.05ms
2026-07-24 02:15:03,553 | blacklist took 2.24ms
2026-07-24 02:15:03,553 | log_requests took 2.36ms
2026-07-24 02:15:03,553 | timing took 2.45ms
2026-07-24 02:15:03,726 | authorization took 171.36ms
2026-07-24 02:15:03,726 | check_api_key took 171.61ms
2026-07-24 02:15:03,726 | blacklist took 171.81ms
2026-07-24 02:15:03,726 | log_requests took 171.93ms
2026-07-24 02:15:03,726 | timing took 172.02ms
2026-07-24 02:15:03,728 | authorization took 0.70ms
2026-07-24 02:15:03,728 | check_api_key took 0.84ms
2026-07-24 02:15:03,728 | blacklist took 1.04ms
2026-07-24 02:15:03,728 | log_requests took 1.17ms
2026-07-24 02:15:03,728 | timing took 1.27ms
2026-07-24 02:15:03,901 | authorization took 171.13ms
2026-07-24 02:15:03,901 | check_api_key took 171.30ms
2026-07-24 02:15:03,901 | blacklist took 171.50ms
2026-07-24 02:15:03,902 | log_requests took 171.63ms
2026-07-24 02:15:03,902 | timing took 171.73ms
2026-07-24 02:15:04,072 | authorization took 169.25ms
2026-07-24 02:15:04,072 | check_api_key took 169.40ms
2026-07-24 02:15:04,072 | blacklist took 169.61ms
2026-07-24 02:15:04,072 | log_requests took 169.75ms
2026-07-24 02:15:04,072 | timing took 169.87ms
2026-07-24 02:15:04,244 | authorization took 169.73ms
2026-07-24 02:15:04,244 | check_api_key took 169.87ms
2026-07-24 02:15:04,244 | blacklist took 170.11ms
2026-07-24 02:15:04,244 | log_requests took 170.24ms
2026-07-24 02:15:04,244 | timing took 170.34ms
2026-07-24 02:15:04,414 | authorization took 168.74ms
2026-07-24 02:15:04,414 | check_api_key took 168.90ms
2026-07-24 02:15:04,414 | blacklist took 169.11ms
2026-07-24 02:15:04,415 | log_requests took 169.25ms
2026-07-24 02:15:04,415 | timing took 169.34ms
2026-07-24 02:15:04,587 | authorization took 169.87ms
2026-07-24 02:15:04,587 | check_api_key took 170.02ms
2026-07-24 02:15:04,587 | blacklist took 170.25ms
2026-07-24 02:15:04,587 | log_requests took 170.38ms
2026-07-24 02:15:04,587 | timing took 170.47ms
2026-07-24 02:15:04,590 | authorization took 1.35ms
2026-07-24 02:15:04,590 | check_api_key took 1.67ms
2026-07-24 02:15:04,590 | blacklist took 1.92ms
2026-07-24 02:15:04,590 | log_requests took 2.04ms
2026-07-24 02:15:04,590 | timing took 2.14ms
2026-07-24 02:15:04,592 | authorization took 0.50ms
2026-07-24 02:15:04,592 | check_api_key took 0.60ms
2026-07-24 02:15:04,592 | blacklist took 0.79ms
2026-07-24 02:15:04,592 | log_requests took 0.90ms
2026-07-24 02:15:04,592 | timing took 0.99ms
2026-07-24 02:15:04,764 | authorization took 170.10ms
2026-07-24 02:15:04,764 | check_api_key took 170.27ms
2026-07-24 02:15:04,764 | blacklist took 170.49ms
2026-07-24 02:15:04,764 | log_requests took 170.64ms
2026-07-24 02:15:04,764 | timing took 170.75ms
2026-07-24 02:15:04,767 | authorization took 0.56ms
2026-07-24 02:15:04,767 | check_api_key took 0.68ms
2026-07-24 02:15:04,767 | blacklist took 0.86ms
2026-07-24 02:15:04,767 | log_requests took 0.98ms
2026-07-24 02:15:04,767 | timing took 1.08ms
2026-07-24 02:15:04,771 | authorization took 2.11ms
2026-07-24 02:15:04,771 | check_api_key took 2.21ms
2026-07-24 02:15:04,771 | blacklist took 2.40ms
2026-07-24 02:15:04,771 | log_requests took 2.53ms
2026-07-24 02:15:04,771 | timing took 2.62ms
2026-07-24 02:15:04,773 | authorization took 1.32ms
2026-07-24 02:15:04,773 | check_api_key took 1.43ms
2026-07-24 02:15:04,774 | blacklist took 1.64ms
2026-07-24 02:15:04,774 | log_requests took 1.76ms
2026-07-24 02:15:04,774 | timing took 1.88ms
2026-07-24 02:15:04,945 | authorization took 170.36ms
2026-07-24 02:15:04,945 | check_api_key took 170.64ms
2026-07-24 02:15:04,945 | blacklist took 170.85ms
2026-07-24 02:15:04,945 | log_requests took 170.98ms
2026-07-24 02:15:04,945 | timing took 171.08ms
2026-07-24 02:15:04,947 | authorization took 0.60ms
2026-07-24 02:15:04,947 | check_api_key took 0.73ms
2026-07-24 02:15:04,947 | blacklist took 0.95ms
2026-07-24 02:15:04,947 | log_requests took 1.07ms
2026-07-24 02:15:04,948 | timing took 1.17ms
2026-07-24 02:15:05,120 | authorization took 170.36ms
2026-07-24 02:15:05,120 | check_api_key took 170.50ms
2026-07-24 02:15:05,120 | blacklist took 170.69ms
2026-07-24 02:15:05,120 | log_requests took 170.83ms
2026-07-24 02:15:05,120 | timing took 170.92ms
2026-07-24 02:15:05,122 | authorization took 0.91ms
2026-07-24 02:15:05,122 | check_api_key took 1.02ms
2026-07-24 02:15:05,122 | blacklist took 1.26ms
2026-07-24 02:15:05,122 | log_requests took 1.38ms
2026-07-24 02:15:05,122 | timing took 1.48ms
2026-07-24 02:15:05,125 | authorization took 1.71ms
2026-07-24 02:15:05,125 | check_api_key took 1.98ms
2026-07-24 02:15:05,125 | blacklist took 2.20ms
2026-07-24 02:15:05,126 | log_requests took 2.32ms
2026-07-24 02:15:05,126 | timing took 2.41ms
2026-07-24 02:15:05,128 | authorization took 1.22ms
2026-07-24 02:15:05,128 | check_api_key took 1.32ms
2026-07-24 02:15:05,128 | blacklist took 1.52ms
2026-07-24 02:15:05,128 | log_requests took 1.64ms
2026-07-24 02:15:05,128 | timing took 1.75ms
2026-07-24 02:15:05,131 | authorization took 0.80ms
2026-07-24 02:15:05,131 | check_api_key took 0.91ms
2026-07-24 02:15:05,131 | blacklist took 1.11ms
2026-07-24 02:15:05,131 | log_requests took 1.23ms
2026-07-24 02:15:05,131 | timing took 1.33ms
2026-07-24 02:15:05,133 | authorization took 0.71ms
2026-07-24 02:15:05,133 | check_api_key took 0.81ms
2026-07-24 02:15:05,133 | blacklist took 0.99ms
2026-07-24 02:15:05,133 | log_requests took 1.10ms
2026-07-24 02:15:05,133 | timing took 1.19ms
2026-07-24 02:15:05,136 | authorization took 0.97ms
2026-07-24 02:15:05,136 | check_api_key took 1.07ms
2026-07-24 02:15:05,136 | blacklist took 1.25ms
2026-07-24 02:15:05,136 | log_requests took 1.36ms
2026-07-24 02:15:05,136 | timing took 1.45ms
2026-07-24 02:15:05,138 | authorization took 0.29ms
2026-07-24 02:15:05,138 | check_api_key took 0.38ms
2026-07-24 02:15:05,138 | blacklist took 0.56ms
2026-07-24 02:15:05,138 | log_requests took 0.67ms
2026-07-24 02:15:05,138 | timing took 0.76ms
2026-07-24 02:15:05,141 | authorization took 0.89ms
2026-07-24 02:15:05,141 | check_api_key took 0.99ms
2026-07-24 02:15:05,141 | blacklist took 1.18ms
2026-07-24 02:15:05,141 | log_requests took 1.29ms
2026-07-24 02:15:05,141 | timing took 1.38ms
2026-07-24 02:15:05,145 | authorization took 2.98ms
2026-07-24 02:15:05,145 | check_api_key took 3.09ms
2026-07-24 02:15:05,145 | blacklist took 3.28ms
2026-07-24 02:15:05,146 | log_requests took 3.40ms
2026-07-24 02:15:05,146 | timing took 3.50ms
2026-07-24 02:15:05,149 | authorization took 1.91ms
2026-07-24 02:15:05,149 | check_api_key took 2.00ms
2026-07-24 02:15:05,149 | blacklist took 2.19ms
2026-07-24 02:15:05,149 | log_requests took 2.30ms
2026-07-24 02:15:05,149 | timing took 2.39ms
2026-07-24 02:15:05,151 | authorization took 0.75ms
2026-07-24 02:15:05,151 | check_api_key took 0.86ms
2026-07-24 02:15:05,151 | blacklist took 1.03ms
2026-07-24 02:15:05,151 | log_requests took 1.15ms
2026-07-24 02:15:05,151 | timing took 1.23ms
2026-07-24 02:15:05,153 | check_api_key took 0.01ms
2026-07-24 02:15:05,153 | blacklist took 0.19ms
2026-07-24 02:15:05,153 | log_requests took 0.31ms
2026-07-24 02:15:05,153 | timing took 0.40ms
2026-07-24 02:15:05,157 | authorization took 2.26ms
2026-07-24 02:15:05,157 | check_api_key took 2.35ms
2026-07-24 02:15:05,157 | blacklist took 2.54ms
2026-07-24 02:15:05,157 | log_requests took 2.66ms
2026-07-24 02:15:05,157 | timing took 2.76ms
2026-07-24 02:15:05,160 | authorization took 1.67ms
2026-07-24 02:15:05,160 | check_api_key took 1.78ms
2026-07-24 02:15:05,160 | blacklist took 1.98ms
2026-07-24 02:15:05,160 | log_requests took 2.11ms
2026-07-24 02:15:05,160 | timing took 2.21ms
2026-07-24 02:15:05,169 | authorization took 8.06ms
2026-07-24 02:15:05,169 | check_api_key took 8.32ms
2026-07-24 02:15:05,169 | blacklist took 8.51ms
2026-07-24 02:15:05,169 | log_requests took 8.63ms
2026-07-24 02:15:05,170 | timing took 8.72ms
2026-07-24 02:15:05,343 | authorization took 171.51ms
2026-07-24 02:15:05,343 | check_api_key took 171.68ms
2026-07-24 02:15:05,343 | blacklist took 171.87ms
2026-07-24 02:15:05,343 | log_requests took 172.01ms
2026-07-24 02:15:05,343 | timing took 172.11ms
2026-07-24 02:15:05,346 | authorization took 1.65ms
2026-07-24 02:15:05,346 | check_api_key took 2.05ms
2026-07-24 02:15:05,346 | blacklist took 2.27ms
2026-07-24 02:15:05,347 | log_requests took 2.39ms
2026-07-24 02:15:05,347 | timing took 2.48ms
2026-07-24 02:15:05,351 | authorization took 1.93ms
2026-07-24 02:15:05,351 | check_api_key took 2.04ms
2026-07-24 02:15:05,351 | blacklist took 2.25ms
2026-07-24 02:15:05,351 | log_requests took 2.36ms
2026-07-24 02:15:05,351 | timing took 2.45ms
2026-07-24 02:15:05,354 | authorization took 2.00ms
2026-07-24 02:15:05,354 | check_api_key took 2.10ms
2026-07-24 02:15:05,354 | blacklist took 2.29ms
2026-07-24 02:15:05,354 | log_requests took 2.40ms
2026-07-24 02:15:05,354 | timing took 2.49ms
2026-07-24 02:15:05,357 | authorization took 1.63ms
2026-07-24 02:15:05,357 | check_api_key took 1.72ms
2026-07-24 02:15:05,357 | blacklist took 1.93ms
2026-07-24 02:15:05,357 | log_requests took 2.04ms
2026-07-24 02:15:05,357 | timing took 2.13ms
2026-07-24 02:15:05,360 | authorization took 1.61ms
2026-07-24 02:15:05,360 | check_api_key took 1.71ms
2026-07-24 02:15:05,360 | blacklist took 1.90ms
2026-07-24 02:15:05,360 | log_requests took 2.01ms
2026-07-24 02:15:05,360 | timing took 2.10ms
2026-07-24 02:15:05,362 | authorization took 1.71ms
2026-07-24 02:15:05,363 | check_api_key took 1.81ms
2026-07-24 02:15:05,363 | blacklist took 2.00ms
2026-07-24 02:15:05,363 | log_requests took 2.12ms
2026-07-24 02:15:05,363 | timing took 2.21ms
2026-07-24 02:15:05,366 | authorization took 2.35ms
2026-07-24 02:15:05,366 | check_api_key took 2.61ms
2026-07-24 02:15:05,366 | blacklist took 2.83ms
2026-07-24 02:15:05,366 | log_requests took 2.94ms
2026-07-24 02:15:05,367 | timing took 3.04ms
2026-07-24 02:15:05,370 | authorization took 1.76ms
2026-07-24 02:15:05,370 | check_api_key took 1.85ms
2026-07-24 02:15:05,370 | blacklist took 2.02ms
2026-07-24 02:15:05,370 | log_requests took 2.13ms
2026-07-24 02:15:05,370 | timing took 2.23ms
2026-07-24 02:15:05,373 | authorization took 2.02ms
2026-07-24 02:15:05,373 | check_api_key took 2.12ms
2026-07-24 02:15:05,373 | blacklist took 2.30ms
2026-07-24 02:15:05,373 | log_requests took 2.42ms
2026-07-24 02:15:05,373 | timing took 2.51ms
2026-07-24 02:15:05,376 | authorization took 1.76ms
2026-07-24 02:15:05,376 | check_api_key took 1.86ms
2026-07-24 02:15:05,376 | blacklist took 2.05ms
2026-07-24 02:15:05,376 | log_requests took 2.17ms
2026-07-24 02:15:05,376 | timing took 2.26ms
2026-07-24 02:15:05,380 | authorization took 2.23ms
2026-07-24 02:15:05,380 | check_api_key took 2.35ms
2026-07-24 02:15:05,380 | blacklist took 2.54ms
2026-07-24 02:15:05,380 | log_requests took 2.66ms
2026-07-24 02:15:05,380 | timing took 2.75ms
2026-07-24 02:15:05,383 | authorization took 1.74ms
2026-07-24 02:15:05,383 | check_api_key took 1.84ms
2026-07-24 02:15:05,383 | blacklist took 2.04ms
2026-07-24 02:15:05,383 | log_requests took 2.15ms
2026-07-24 02:15:05,383 | timing took 2.24ms
2026-07-24 02:15:05,386 | authorization took 2.12ms
2026-07-24 02:15:05,386 | check_api_key took 2.35ms
2026-07-24 02:15:05,386 | blacklist took 2.53ms
2026-07-24 02:15:05,386 | log_requests took 2.65ms
2026-07-24 02:15:05,386 | timing took 2.73ms
2026-07-24 02:15:05,389 | authorization took 1.97ms
2026-07-24 02:15:05,389 | check_api_key took 2.20ms
2026-07-24 02:15:05,390 | blacklist took 2.39ms
2026-07-24 02:15:05,390 | log_requests took 2.50ms
2026-07-24 02:15:05,390 | timing took 2.59ms
2026-07-24 02:15:05,393 | authorization took 1.65ms
2026-07-24 02:15:05,393 | check_api_key took 1.75ms
2026-07-24 02:15:05,393 | blacklist took 1.93ms
2026-07-24 02:15:05,393 | log_requests took 2.07ms
2026-07-24 02:15:05,393 | timing took 2.16ms
2026-07-24 02:15:05,397 | authorization took 2.08ms
2026-07-24 02:15:05,397 | check_api_key took 2.21ms
2026-07-24 02:15:05,397 | blacklist took 2.44ms
2026-07-24 02:15:05,397 | log_requests took 2.57ms
2026-07-24 02:15:05,397 | timing took 2.67ms
2026-07-24 02:15:05,400 | authorization took 1.67ms
2026-07-24 02:15:05,400 | check_api_key took 1.76ms
2026-07-24 02:15:05,400 | blacklist took 1.95ms
2026-07-24 02:15:05,400 | log_requests took 2.07ms
2026-07-24 02:15:05,400 | timing took 2.15ms
2026-07-24 02:15:05,403 | authorization took 1.96ms
2026-07-24 02:15:05,403 | check_api_key took 2.19ms
2026-07-24 02:15:05,403 | blacklist took 2.39ms
2026-07-24 02:15:05,403 | log_requests took 2.51ms
2026-07-24 02:15:05,403 | timing took 2.60ms
2026-07-24 02:15:05,407 | authorization took 1.26ms
2026-07-24 02:15:05,407 | check_api_key took 1.47ms
2026-07-24 02:15:05,407 | blacklist took 1.67ms
2026-07-24 02:15:05,407 | log_requests took 1.79ms
2026-07-24 02:15:05,407 | timing took 1.88ms
2026-07-24 02:15:05,409 | authorization took 0.49ms
2026-07-24 02:15:05,409 | check_api_key took 0.59ms
2026-07-24 02:15:05,409 | blacklist took 0.78ms
2026-07-24 02:15:05,409 | log_requests took 0.89ms
2026-07-24 02:15:05,409 | timing took 0.98ms
2026-07-24 02:15:05,411 | authorization took 0.32ms
2026-07-24 02:15:05,411 | check_api_key took 0.42ms
2026-07-24 02:15:05,411 | blacklist took 0.61ms
2026-07-24 02:15:05,411 | log_requests took 0.75ms
2026-07-24 02:15:05,411 | timing took 0.85ms
2026-07-24 02:15:05,413 | authorization took 0.27ms
2026-07-24 02:15:05,413 | check_api_key took 0.38ms
2026-07-24 02:15:05,413 | blacklist took 0.58ms
2026-07-24 02:15:05,414 | log_requests took 0.70ms
2026-07-24 02:15:05,414 | timing took 0.79ms
2026-07-24 02:15:05,415 | authorization took 0.26ms
2026-07-24 02:15:05,415 | check_api_key took 0.36ms
2026-07-24 02:15:05,416 | blacklist took 0.54ms
2026-07-24 02:15:05,416 | log_requests took 0.65ms
2026-07-24 02:15:05,416 | timing took 0.74ms
2026-07-24 02:15:05,417 | authorization took 0.32ms
2026-07-24 02:15:05,418 | check_api_key took 0.42ms
2026-07-24 02:15:05,418 | blacklist took 0.60ms
2026-07-24 02:15:05,418 | log_requests took 0.71ms
2026-07-24 02:15:05,418 | timing took 0.80ms
2026-07-24 02:15:05,421 | authorization took 2.10ms
2026-07-24 02:15:05,421 | check_api_key took 2.20ms
2026-07-24 02:15:05,421 | blacklist took 2.39ms
2026-07-24 02:15:05,422 | log_requests took 2.50ms
2026-07-24 02:15:05,422 | timing took 2.58ms
2026-07-24 02:15:05,424 | authorization took 1.26ms
2026-07-24 02:15:05,424 | check_api_key took 1.37ms
2026-07-24 02:15:05,424 | blacklist took 1.54ms
2026-07-24 02:15:05,424 | log_requests took 1.65ms
2026-07-24 02:15:05,424 | timing took 1.75ms
2026-07-24 02:15:05,427 | authorization took 1.69ms
2026-07-24 02:15:05,427 | check_api_key took 1.79ms
2026-07-24 02:15:05,427 | blacklist took 1.99ms
2026-07-24 02:15:05,427 | log_requests took 2.11ms
2026-07-24 02:15:05,427 | timing took 2.20ms
2026-07-24 02:15:05,430 | authorization took 0.98ms
2026-07-24 02:15:05,430 | check_api_key took 1.08ms
2026-07-24 02:15:05,430 | blacklist took 1.28ms
2026-07-24 02:15:05,430 | log_requests took 1.40ms
2026-07-24 02:15:05,430 | timing took 1.49ms
2026-07-24 02:15:05,432 | check_api_key took 0.01ms
2026-07-24 02:15:05,432 | blacklist took 0.21ms
2026-07-24 02:15:05,432 | log_requests took 0.32ms
2026-07-24 02:15:05,432 | timing took 0.42ms
2026-07-24 02:15:05,433 | check_api_key took 0.15ms
2026-07-24 02:15:05,433 | blacklist took 0.33ms
2026-07-24 02:15:05,433 | log_requests took 0.44ms
2026-07-24 02:15:05,434 | timing took 0.53ms
2026-07-24 02:15:05,437 | authorization took 1.56ms
2026-07-24 02:15:05,437 | check_api_key took 1.78ms
2026-07-24 02:15:05,437 | blacklist took 1.96ms
2026-07-24 02:15:05,437 | log_requests took 2.07ms
2026-07-24 02:15:05,437 | timing took 2.16ms
2026-07-24 02:15:05,439 | check_api_key took 0.12ms
2026-07-24 02:15:05,439 | blacklist took 0.30ms
2026-07-24 02:15:05,439 | log_requests took 0.41ms
2026-07-24 02:15:05,439 | timing took 0.49ms
2026-07-24 02:15:05,441 | blacklist took 0.08ms
2026-07-24 02:15:05,441 | log_requests took 0.20ms
2026-07-24 02:15:05,441 | timing took 0.28ms
2026-07-24 02:15:05,444 | authorization took 1.31ms
2026-07-24 02:15:05,444 | check_api_key took 1.57ms
2026-07-24 02:15:05,444 | blacklist took 1.78ms
2026-07-24 02:15:05,444 | log_requests took 1.90ms
2026-07-24 02:15:05,444 | timing took 2.00ms
2026-07-24 02:15:05,447 | authorization took 1.30ms
2026-07-24 02:15:05,448 | check_api_key took 1.50ms
2026-07-24 02:15:05,448 | blacklist took 1.67ms
2026-07-24 02:15:05,448 | log_requests took 1.77ms
2026-07-24 02:15:05,448 | timing took 1.86ms
2026-07-24 02:15:05,449 | blacklist took 0.09ms
2026-07-24 02:15:05,449 | log_requests took 0.21ms
2026-07-24 02:15:05,449 | timing took 0.29ms
2026-07-24 02:15:05,451 | authorization took 1.25ms
2026-07-24 02:15:05,451 | check_api_key took 1.47ms
2026-07-24 02:15:05,451 | blacklist took 1.65ms
2026-07-24 02:15:05,451 | log_requests took 1.77ms
2026-07-24 02:15:05,451 | timing took 1.85ms
2026-07-24 02:15:05,453 | blacklist took 0.08ms
2026-07-24 02:15:05,453 | log_requests took 0.20ms
2026-07-24 02:15:05,453 | timing took 0.28ms
2026-07-24 02:15:05,455 | blacklist took 0.09ms
2026-07-24 02:15:05,455 | log_requests took 0.22ms
2026-07-24 02:15:05,455 | timing took 0.32ms
2026-07-24 02:15:05,457 | authorization took 0.30ms
2026-07-24 02:15:05,457 | check_api_key took 0.40ms
2026-07-24 02:15:05,457 | blacklist took 0.57ms
2026-07-24 02:15:05,457 | log_requests took 0.68ms
2026-07-24 02:15:05,457 | timing took 0.76ms
2026-07-24 02:15:05,459 | check_api_key took 0.01ms
2026-07-24 02:15:05,459 | blacklist took 0.18ms
2026-07-24 02:15:05,459 | log_requests took 0.28ms
2026-07-24 02:15:05,459 | timing took 0.36ms
2026-07-24 02:15:05,462 | authorization took 2.04ms
2026-07-24 02:15:05,462 | check_api_key took 2.15ms
2026-07-24 02:15:05,462 | blacklist took 2.32ms
2026-07-24 02:15:05,463 | log_requests took 2.44ms
2026-07-24 02:15:05,463 | timing took 2.52ms
2026-07-24 02:15:05,465 | authorization took 1.20ms
2026-07-24 02:15:05,465 | check_api_key took 1.30ms
2026-07-24 02:15:05,465 | blacklist took 1.48ms
2026-07-24 02:15:05,465 | log_requests took 1.60ms
2026-07-24 02:15:05,465 | timing took 1.69ms
2026-07-24 02:43:23,535 | authorization took 5.76ms
2026-07-24 02:43:23,538 | check_api_key took 9.21ms
2026-07-24 02:43:23,541 | blacklist took 12.19ms
2026-07-24 02:43:23,542 | log_requests took 13.44ms
2026-07-24 02:43:23,542 | timing took 13.81ms
2026-07-24 02:43:27,654 | authorization took 14.42ms
2026-07-24 02:43:27,654 | check_api_key took 15.27ms
2026-07-24 02:43:27,654 | blacklist took 16.65ms
2026-07-24 02:43:27,655 | log_requests took 17.33ms
2026-07-24 02:43:27,655 | timing took 17.94ms
2026-07-24 02:51:15,932 | authorization took 11.76ms
2026-07-24 02:51:15,933 | check_api_key took 12.30ms
2026-07-24 02:51:15,933 | blacklist took 12.98ms
2026-07-24 02:51:15,933 | log_requests took 13.47ms
2026-07-24 02:51:15,933 | timing took 13.72ms
2026-07-24 02:51:15,959 | authorization took 9.25ms
2026-07-24 02:51:15,959 | check_api_key took 9.49ms
2026-07-24 02:51:15,959 | blacklist took 9.78ms
2026-07-24 02:51:15,959 | log_requests took 9.98ms
2026-07-24 02:51:15,959 | timing took 10.16ms
2026-07-24 02:51:56,542 | authorization took 10.17ms
2026-07-24 02:51:56,542 | check_api_key took 10.53ms
2026-07-24 02:51:56,542 | blacklist took 10.99ms
2026-07-24 02:51:56,543 | log_requests took 11.31ms
2026-07-24 02:51:56,543 | timing took 11.42ms
2026-07-24 02:51:56,546 | authorization took 1.97ms
2026-07-24 02:51:56,546 | check_api_key took 2.08ms
2026-07-24 02:51:56,546 | blacklist took 2.31ms
2026-07-24 02:51:56,546 | log_requests took 2.43ms
2026-07-24 02:51:56,546 | timing took 2.53ms
2026-07-24 02:51:56,552 | authorization took 2.82ms
2026-07-24 02:51:56,552 | check_api_key took 2.95ms
2026-07-24 02:51:56,552 | blacklist took 3.12ms
2026-07-24 02:51:56,552 | log_requests took 3.24ms
2026-07-24 02:51:56,552 | timing took 3.34ms
2026-07-24 02:51:56,555 | authorization took 1.95ms
2026-07-24 02:51:56,555 | check_api_key took 2.22ms
2026-07-24 02:51:56,555 | blacklist took 2.40ms
2026-07-24 02:51:56,555 | log_requests took 2.52ms
2026-07-24 02:51:56,555 | timing took 2.63ms
2026-07-24 02:51:56,557 | authorization took 0.51ms
2026-07-24 02:51:56,557 | check_api_key took 0.64ms
2026-07-24 02:51:56,557 | blacklist took 0.81ms
2026-07-24 02:51:56,557 | log_requests took 0.95ms
2026-07-24 02:51:56,557 | timing took 1.05ms
2026-07-24 02:51:56,560 | authorization took 1.00ms
2026-07-24 02:51:56,560 | check_api_key took 1.26ms
2026-07-24 02:51:56,560 | blacklist took 1.45ms
2026-07-24 02:51:56,560 | log_requests took 1.56ms
2026-07-24 02:51:56,560 | timing took 1.65ms
2026-07-24 02:51:56,563 | authorization took 0.94ms
2026-07-24 02:51:56,563 | check_api_key took 1.05ms
2026-07-24 02:51:56,563 | blacklist took 1.22ms
2026-07-24 02:51:56,563 | log_requests took 1.34ms
2026-07-24 02:51:56,563 | timing took 1.43ms
2026-07-24 02:51:56,568 | authorization took 2.78ms
2026-07-24 02:51:56,568 | check_api_key took 2.90ms
2026-07-24 02:51:56,568 | blacklist took 3.09ms
2026-07-24 02:51:56,568 | log_requests took 3.22ms
2026-07-24 02:51:56,568 | timing took 3.33ms
2026-07-24 02:51:56,570 | authorization took 1.45ms
2026-07-24 02:51:56,570 | check_api_key took 1.55ms
2026-07-24 02:51:56,571 | blacklist took 1.74ms
2026-07-24 02:51:56,571 | log_requests took 1.85ms
2026-07-24 02:51:56,571 | timing took 1.95ms
2026-07-24 02:51:56,573 | authorization took 1.14ms
2026-07-24 02:51:56,573 | check_api_key took 1.25ms
2026-07-24 02:51:56,573 | blacklist took 1.41ms
2026-07-24 02:51:56,573 | log_requests took 1.53ms
2026-07-24 02:51:56,573 | timing took 1.63ms
2026-07-24 02:51:56,577 | authorization took 2.90ms
2026-07-24 02:51:56,577 | check_api_key took 3.01ms
2026-07-24 02:51:56,578 | blacklist took 3.17ms
2026-07-24 02:51:56,578 | log_requests took 3.30ms
2026-07-24 02:51:56,578 | timing took 3.39ms
2026-07-24 02:51:56,580 | authorization took 1.41ms
2026-07-24 02:51:56,580 | check_api_key took 1.52ms
2026-07-24 02:51:56,580 | blacklist took 1.72ms
2026-07-24 02:51:56,580 | log_requests took 1.88ms
2026-07-24 02:51:56,580 | timing took 1.99ms
2026-07-24 02:51:56,584 | authorization took 1.98ms
2026-07-24 02:51:56,584 | check_api_key took 2.08ms
2026-07-24 02:51:56,584 | blacklist took 2.24ms
2026-07-24 02:51:56,584 | log_requests took 2.35ms
2026-07-24 02:51:56,584 | timing took 2.44ms
2026-07-24 02:51:56,587 | authorization took 1.85ms
2026-07-24 02:51:56,587 | check_api_key took 1.95ms
2026-07-24 02:51:56,587 | blacklist took 2.13ms
2026-07-24 02:51:56,587 | log_requests took 2.25ms
2026-07-24 02:51:56,587 | timing took 2.34ms
2026-07-24 02:51:56,590 | authorization took 1.31ms
2026-07-24 02:51:56,590 | check_api_key took 1.41ms
2026-07-24 02:51:56,590 | blacklist took 1.58ms
2026-07-24 02:51:56,590 | log_requests took 1.74ms
2026-07-24 02:51:56,590 | timing took 1.86ms
2026-07-24 02:51:56,592 | authorization took 1.35ms
2026-07-24 02:51:56,592 | check_api_key took 1.46ms
2026-07-24 02:51:56,592 | blacklist took 1.65ms
2026-07-24 02:51:56,592 | log_requests took 1.78ms
2026-07-24 02:51:56,592 | timing took 1.90ms
2026-07-24 02:51:56,595 | authorization took 1.25ms
2026-07-24 02:51:56,595 | check_api_key took 1.39ms
2026-07-24 02:51:56,595 | blacklist took 1.58ms
2026-07-24 02:51:56,595 | log_requests took 1.70ms
2026-07-24 02:51:56,595 | timing took 1.80ms
2026-07-24 02:51:56,599 | authorization took 2.06ms
2026-07-24 02:51:56,599 | check_api_key took 2.16ms
2026-07-24 02:51:56,599 | blacklist took 2.36ms
2026-07-24 02:51:56,599 | log_requests took 2.48ms
2026-07-24 02:51:56,599 | timing took 2.57ms
2026-07-24 02:51:56,602 | authorization took 1.88ms
2026-07-24 02:51:56,602 | check_api_key took 1.97ms
2026-07-24 02:51:56,602 | blacklist took 2.15ms
2026-07-24 02:51:56,602 | log_requests took 2.27ms
2026-07-24 02:51:56,602 | timing took 2.36ms
2026-07-24 02:51:56,606 | authorization took 2.14ms
2026-07-24 02:51:56,606 | check_api_key took 2.24ms
2026-07-24 02:51:56,606 | blacklist took 2.40ms
2026-07-24 02:51:56,606 | log_requests took 2.53ms
2026-07-24 02:51:56,606 | timing took 2.62ms
2026-07-24 02:51:56,609 | authorization took 1.28ms
2026-07-24 02:51:56,609 | check_api_key took 1.52ms
2026-07-24 02:51:56,609 | blacklist took 1.70ms
2026-07-24 02:51:56,609 | log_requests took 1.82ms
2026-07-24 02:51:56,609 | timing took 1.91ms
2026-07-24 02:51:56,610 | authorization took 0.48ms
2026-07-24 02:51:56,610 | check_api_key took 0.60ms
2026-07-24 02:51:56,611 | blacklist took 0.80ms
2026-07-24 02:51:56,611 | log_requests took 0.93ms
2026-07-24 02:51:56,611 | timing took 1.03ms
2026-07-24 02:51:56,615 | authorization took 2.02ms
2026-07-24 02:51:56,615 | check_api_key took 2.13ms
2026-07-24 02:51:56,615 | blacklist took 2.30ms
2026-07-24 02:51:56,615 | log_requests took 2.42ms
2026-07-24 02:51:56,615 | timing took 2.51ms
2026-07-24 02:51:56,618 | authorization took 1.83ms
2026-07-24 02:51:56,618 | check_api_key took 1.94ms
2026-07-24 02:51:56,619 | blacklist took 2.11ms
2026-07-24 02:51:56,619 | log_requests took 2.23ms
2026-07-24 02:51:56,619 | timing took 2.32ms
2026-07-24 02:51:56,621 | authorization took 1.08ms
2026-07-24 02:51:56,621 | check_api_key took 1.18ms
2026-07-24 02:51:56,621 | blacklist took 1.37ms
2026-07-24 02:51:56,621 | log_requests took 1.48ms
2026-07-24 02:51:56,622 | timing took 1.57ms
2026-07-24 02:51:56,625 | authorization took 2.12ms
2026-07-24 02:51:56,625 | check_api_key took 2.23ms
2026-07-24 02:51:56,625 | blacklist took 2.39ms
2026-07-24 02:51:56,625 | log_requests took 2.50ms
2026-07-24 02:51:56,625 | timing took 2.59ms
2026-07-24 02:51:56,628 | authorization took 1.38ms
2026-07-24 02:51:56,628 | check_api_key took 1.67ms
2026-07-24 02:51:56,628 | blacklist took 1.87ms
2026-07-24 02:51:56,628 | log_requests took 2.00ms
2026-07-24 02:51:56,628 | timing took 2.10ms
2026-07-24 02:51:56,630 | authorization took 0.44ms
2026-07-24 02:51:56,630 | check_api_key took 0.54ms
2026-07-24 02:51:56,630 | blacklist took 0.72ms
2026-07-24 02:51:56,630 | log_requests took 0.84ms
2026-07-24 02:51:56,630 | timing took 0.92ms
2026-07-24 02:51:56,634 | authorization took 2.69ms
2026-07-24 02:51:56,634 | check_api_key took 2.79ms
2026-07-24 02:51:56,634 | blacklist took 2.97ms
2026-07-24 02:51:56,634 | log_requests took 3.08ms
2026-07-24 02:51:56,635 | timing took 3.17ms
2026-07-24 02:51:56,636 | authorization took 0.65ms
2026-07-24 02:51:56,636 | check_api_key took 0.87ms
2026-07-24 02:51:56,636 | blacklist took 1.06ms
2026-07-24 02:51:56,636 | log_requests took 1.18ms
2026-07-24 02:51:56,637 | timing took 1.26ms
2026-07-24 02:51:56,639 | authorization took 1.15ms
2026-07-24 02:51:56,639 | check_api_key took 1.25ms
2026-07-24 02:51:56,639 | blacklist took 1.41ms
2026-07-24 02:51:56,639 | log_requests took 1.52ms
2026-07-24 02:51:56,639 | timing took 1.62ms
2026-07-24 02:51:56,642 | authorization took 1.79ms
2026-07-24 02:51:56,642 | check_api_key took 1.90ms
2026-07-24 02:51:56,643 | blacklist took 2.08ms
2026-07-24 02:51:56,643 | log_requests took 2.20ms
2026-07-24 02:51:56,643 | timing took 2.30ms
2026-07-24 02:51:56,644 | check_api_key took 0.02ms
2026-07-24 02:51:56,644 | blacklist took 0.21ms
2026-07-24 02:51:56,644 | log_requests took 0.33ms
2026-07-24 02:51:56,644 | timing took 0.42ms
2026-07-24 02:51:56,648 | authorization took 2.19ms
2026-07-24 02:51:56,648 | check_api_key took 2.29ms
2026-07-24 02:51:56,648 | blacklist took 2.47ms
2026-07-24 02:51:56,648 | log_requests took 2.59ms
2026-07-24 02:51:56,648 | timing took 2.67ms
2026-07-24 02:51:56,650 | authorization took 1.28ms
2026-07-24 02:51:56,650 | check_api_key took 1.50ms
2026-07-24 02:51:56,650 | blacklist took 1.68ms
2026-07-24 02:51:56,651 | log_requests took 1.80ms
2026-07-24 02:51:56,651 | timing took 1.90ms
2026-07-24 02:51:56,654 | authorization took 1.73ms
2026-07-24 02:51:56,654 | check_api_key took 1.82ms
2026-07-24 02:51:56,654 | blacklist took 1.99ms
2026-07-24 02:51:56,654 | log_requests took 2.10ms
2026-07-24 02:51:56,654 | timing took 2.19ms
2026-07-24 02:51:56,656 | authorization took 1.12ms
2026-07-24 02:51:56,656 | check_api_key took 1.22ms
2026-07-24 02:51:56,656 | blacklist took 1.39ms
2026-07-24 02:51:56,656 | log_requests took 1.51ms
2026-07-24 02:51:56,657 | timing took 1.60ms
2026-07-24 02:51:56,661 | authorization took 1.78ms
2026-07-24 02:51:56,661 | check_api_key took 1.90ms
2026-07-24 02:51:56,661 | blacklist took 2.10ms
2026-07-24 02:51:56,661 | log_requests took 2.22ms
2026-07-24 02:51:56,661 | timing took 2.32ms
2026-07-24 02:51:56,664 | authorization took 0.48ms
2026-07-24 02:51:56,664 | check_api_key took 0.58ms
2026-07-24 02:51:56,664 | blacklist took 0.78ms
2026-07-24 02:51:56,664 | log_requests took 0.89ms
2026-07-24 02:51:56,664 | timing took 0.98ms
2026-07-24 02:51:56,667 | authorization took 1.50ms
2026-07-24 02:51:56,667 | check_api_key took 1.87ms
2026-07-24 02:51:56,667 | blacklist took 2.05ms
2026-07-24 02:51:56,667 | log_requests took 2.17ms
2026-07-24 02:51:56,668 | timing took 2.26ms
2026-07-24 02:51:56,669 | authorization took 0.44ms
2026-07-24 02:51:56,670 | check_api_key took 0.54ms
2026-07-24 02:51:56,670 | blacklist took 0.70ms
2026-07-24 02:51:56,670 | log_requests took 0.81ms
2026-07-24 02:51:56,670 | timing took 0.90ms
2026-07-24 02:51:56,672 | authorization took 0.76ms
2026-07-24 02:51:56,672 | check_api_key took 0.86ms
2026-07-24 02:51:56,672 | blacklist took 1.04ms
2026-07-24 02:51:56,672 | log_requests took 1.16ms
2026-07-24 02:51:56,672 | timing took 1.25ms
2026-07-24 02:51:56,676 | authorization took 1.82ms
2026-07-24 02:51:56,676 | check_api_key took 1.93ms
2026-07-24 02:51:56,676 | blacklist took 2.09ms
2026-07-24 02:51:56,676 | log_requests took 2.21ms
2026-07-24 02:51:56,676 | timing took 2.30ms
2026-07-24 02:51:56,679 | authorization took 1.54ms
2026-07-24 02:51:56,679 | check_api_key took 1.65ms
2026-07-24 02:51:56,679 | blacklist took 1.84ms
2026-07-24 02:51:56,679 | log_requests took 1.97ms
2026-07-24 02:51:56,679 | timing took 2.06ms
2026-07-24 02:51:56,682 | authorization took 1.63ms
2026-07-24 02:51:56,682 | check_api_key took 1.73ms
2026-07-24 02:51:56,682 | blacklist took 1.91ms
2026-07-24 02:51:56,682 | log_requests took 2.03ms
2026-07-24 02:51:56,682 | timing took 2.13ms
2026-07-24 02:51:56,684 | authorization took 1.23ms
2026-07-24 02:51:56,684 | check_api_key took 1.35ms
2026-07-24 02:51:56,684 | blacklist took 1.55ms
2026-07-24 02:51:56,685 | log_requests took 1.69ms
2026-07-24 02:51:56,685 | timing took 1.79ms
2026-07-24 02:51:56,689 | authorization took 2.29ms
2026-07-24 02:51:56,689 | check_api_key took 2.40ms
2026-07-24 02:51:56,689 | blacklist took 2.61ms
2026-07-24 02:51:56,689 | log_requests took 2.73ms
2026-07-24 02:51:56,689 | timing took 2.84ms
2026-07-24 02:51:56,691 | authorization took 0.95ms
2026-07-24 02:51:56,691 | check_api_key took 1.06ms
2026-07-24 02:51:56,691 | blacklist took 1.25ms
2026-07-24 02:51:56,691 | log_requests took 1.37ms
2026-07-24 02:51:56,691 | timing took 1.46ms
2026-07-24 02:51:56,696 | authorization took 2.40ms
2026-07-24 02:51:56,696 | check_api_key took 2.53ms
2026-07-24 02:51:56,696 | blacklist took 3.06ms
2026-07-24 02:51:56,696 | log_requests took 3.18ms
2026-07-24 02:51:56,696 | timing took 3.29ms
2026-07-24 02:51:56,699 | authorization took 1.32ms
2026-07-24 02:51:56,699 | check_api_key took 1.59ms
2026-07-24 02:51:56,699 | blacklist took 1.78ms
2026-07-24 02:51:56,699 | log_requests took 1.91ms
2026-07-24 02:51:56,699 | timing took 2.01ms
2026-07-24 02:51:56,701 | authorization took 1.00ms
2026-07-24 02:51:56,701 | check_api_key took 1.11ms
2026-07-24 02:51:56,701 | blacklist took 1.31ms
2026-07-24 02:51:56,701 | log_requests took 1.43ms
2026-07-24 02:51:56,701 | timing took 1.52ms
2026-07-24 02:51:56,705 | authorization took 1.91ms
2026-07-24 02:51:56,705 | check_api_key took 2.04ms
2026-07-24 02:51:56,705 | blacklist took 2.22ms
2026-07-24 02:51:56,705 | log_requests took 2.35ms
2026-07-24 02:51:56,705 | timing took 2.44ms
2026-07-24 02:51:56,711 | authorization took 4.31ms
2026-07-24 02:51:56,711 | check_api_key took 4.61ms
2026-07-24 02:51:56,712 | blacklist took 4.82ms
2026-07-24 02:51:56,712 | log_requests took 4.96ms
2026-07-24 02:51:56,712 | timing took 5.06ms
2026-07-24 02:51:56,714 | authorization took 1.53ms
2026-07-24 02:51:56,714 | check_api_key took 1.65ms
2026-07-24 02:51:56,715 | blacklist took 1.87ms
2026-07-24 02:51:56,715 | log_requests took 2.00ms
2026-07-24 02:51:56,715 | timing took 2.10ms
2026-07-24 02:51:56,717 | authorization took 1.30ms
2026-07-24 02:51:56,717 | check_api_key took 1.42ms
2026-07-24 02:51:56,717 | blacklist took 1.63ms
2026-07-24 02:51:56,717 | log_requests took 1.77ms
2026-07-24 02:51:56,717 | timing took 1.87ms
2026-07-24 02:51:56,719 | authorization took 1.25ms
2026-07-24 02:51:56,719 | check_api_key took 1.36ms
2026-07-24 02:51:56,720 | blacklist took 1.57ms
2026-07-24 02:51:56,720 | log_requests took 1.70ms
2026-07-24 02:51:56,720 | timing took 1.80ms
2026-07-24 02:51:56,723 | authorization took 1.86ms
2026-07-24 02:51:56,723 | check_api_key took 1.97ms
2026-07-24 02:51:56,724 | blacklist took 2.16ms
2026-07-24 02:51:56,724 | log_requests took 2.28ms
2026-07-24 02:51:56,724 | timing took 2.37ms
2026-07-24 02:51:56,728 | authorization took 2.94ms
2026-07-24 02:51:56,728 | check_api_key took 3.21ms
2026-07-24 02:51:56,728 | blacklist took 3.40ms
2026-07-24 02:51:56,728 | log_requests took 3.53ms
2026-07-24 02:51:56,728 | timing took 3.63ms
2026-07-24 02:51:56,731 | authorization took 1.06ms
2026-07-24 02:51:56,731 | check_api_key took 1.30ms
2026-07-24 02:51:56,731 | blacklist took 1.49ms
2026-07-24 02:51:56,731 | log_requests took 1.61ms
2026-07-24 02:51:56,731 | timing took 1.70ms
2026-07-24 02:51:56,734 | authorization took 0.71ms
2026-07-24 02:51:56,734 | check_api_key took 0.93ms
2026-07-24 02:51:56,734 | blacklist took 1.11ms
2026-07-24 02:51:56,734 | log_requests took 1.22ms
2026-07-24 02:51:56,734 | timing took 1.31ms
2026-07-24 02:51:56,737 | authorization took 0.94ms
2026-07-24 02:51:56,737 | check_api_key took 1.18ms
2026-07-24 02:51:56,737 | blacklist took 1.36ms
2026-07-24 02:51:56,737 | log_requests took 1.48ms
2026-07-24 02:51:56,737 | timing took 1.57ms
2026-07-24 02:51:56,741 | authorization took 2.16ms
2026-07-24 02:51:56,741 | check_api_key took 2.37ms
2026-07-24 02:51:56,741 | blacklist took 2.56ms
2026-07-24 02:51:56,741 | log_requests took 2.68ms
2026-07-24 02:51:56,742 | timing took 2.77ms
2026-07-24 02:51:56,744 | authorization took 0.02ms
2026-07-24 02:51:56,744 | check_api_key took 0.34ms
2026-07-24 02:51:56,744 | blacklist took 0.56ms
2026-07-24 02:51:56,744 | log_requests took 0.71ms
2026-07-24 02:51:56,744 | timing took 0.82ms
2026-07-24 02:51:56,746 | check_api_key took 0.01ms
2026-07-24 02:51:56,746 | blacklist took 0.20ms
2026-07-24 02:51:56,746 | log_requests took 0.31ms
2026-07-24 02:51:56,746 | timing took 0.41ms
2026-07-24 02:51:56,749 | authorization took 0.01ms
2026-07-24 02:51:56,749 | check_api_key took 0.26ms
2026-07-24 02:51:56,749 | blacklist took 0.44ms
2026-07-24 02:51:56,749 | log_requests took 0.56ms
2026-07-24 02:51:56,749 | timing took 0.65ms
2026-07-24 02:51:56,753 | authorization took 1.66ms
2026-07-24 02:51:56,753 | check_api_key took 1.89ms
2026-07-24 02:51:56,753 | blacklist took 2.07ms
2026-07-24 02:51:56,753 | log_requests took 2.18ms
2026-07-24 02:51:56,753 | timing took 2.27ms
2026-07-24 02:51:56,757 | authorization took 2.00ms
2026-07-24 02:51:56,757 | check_api_key took 2.09ms
2026-07-24 02:51:56,757 | blacklist took 2.28ms
2026-07-24 02:51:56,757 | log_requests took 2.40ms
2026-07-24 02:51:56,757 | timing took 2.49ms
2026-07-24 02:51:56,760 | authorization took 2.20ms
2026-07-24 02:51:56,761 | check_api_key took 2.47ms
2026-07-24 02:51:56,761 | blacklist took 2.66ms
2026-07-24 02:51:56,761 | log_requests took 2.80ms
2026-07-24 02:51:56,761 | timing took 2.89ms
2026-07-24 02:51:56,763 | authorization took 1.24ms
2026-07-24 02:51:56,763 | check_api_key took 1.34ms
2026-07-24 02:51:56,763 | blacklist took 1.55ms
2026-07-24 02:51:56,763 | log_requests took 1.67ms
2026-07-24 02:51:56,763 | timing took 1.77ms
2026-07-24 02:51:56,768 | authorization took 2.56ms
2026-07-24 02:51:56,768 | check_api_key took 2.67ms
2026-07-24 02:51:56,768 | blacklist took 2.87ms
2026-07-24 02:51:56,768 | log_requests took 2.99ms
2026-07-24 02:51:56,768 | timing took 3.09ms
2026-07-24 02:51:56,771 | authorization took 1.91ms
2026-07-24 02:51:56,771 | check_api_key took 2.14ms
2026-07-24 02:51:56,771 | blacklist took 2.33ms
2026-07-24 02:51:56,771 | log_requests took 2.44ms
2026-07-24 02:51:56,771 | timing took 2.53ms
2026-07-24 02:51:56,775 | authorization took 1.67ms
2026-07-24 02:51:56,775 | check_api_key took 1.78ms
2026-07-24 02:51:56,775 | blacklist took 1.98ms
2026-07-24 02:51:56,775 | log_requests took 2.10ms
2026-07-24 02:51:56,775 | timing took 2.19ms
2026-07-24 02:51:56,778 | authorization took 1.69ms
2026-07-24 02:51:56,778 | check_api_key took 1.95ms
2026-07-24 02:51:56,778 | blacklist took 2.13ms
2026-07-24 02:51:56,778 | log_requests took 2.25ms
2026-07-24 02:51:56,778 | timing took 2.34ms
2026-07-24 02:51:56,780 | authorization took 0.48ms
2026-07-24 02:51:56,780 | check_api_key took 0.59ms
2026-07-24 02:51:56,780 | blacklist took 0.77ms
2026-07-24 02:51:56,780 | log_requests took 0.89ms
2026-07-24 02:51:56,780 | timing took 0.98ms
2026-07-24 02:51:56,784 | authorization took 2.16ms
2026-07-24 02:51:56,784 | check_api_key took 2.27ms
2026-07-24 02:51:56,784 | blacklist took 2.44ms
2026-07-24 02:51:56,784 | log_requests took 2.56ms
2026-07-24 02:51:56,784 | timing took 2.65ms
2026-07-24 02:51:56,786 | authorization took 0.45ms
2026-07-24 02:51:56,786 | check_api_key took 0.55ms
2026-07-24 02:51:56,786 | blacklist took 0.73ms
2026-07-24 02:51:56,786 | log_requests took 0.87ms
2026-07-24 02:51:56,786 | timing took 0.96ms
2026-07-24 02:51:56,789 | authorization took 1.59ms
2026-07-24 02:51:56,789 | check_api_key took 1.82ms
2026-07-24 02:51:56,789 | blacklist took 2.04ms
2026-07-24 02:51:56,789 | log_requests took 2.16ms
2026-07-24 02:51:56,789 | timing took 2.25ms
2026-07-24 02:51:56,791 | authorization took 1.14ms
2026-07-24 02:51:56,791 | check_api_key took 1.24ms
2026-07-24 02:51:56,791 | blacklist took 1.42ms
2026-07-24 02:51:56,791 | log_requests took 1.53ms
2026-07-24 02:51:56,792 | timing took 1.64ms
2026-07-24 02:51:56,796 | authorization took 2.57ms
2026-07-24 02:51:56,796 | check_api_key took 2.68ms
2026-07-24 02:51:56,796 | blacklist took 2.86ms
2026-07-24 02:51:56,796 | log_requests took 2.98ms
2026-07-24 02:51:56,796 | timing took 3.07ms
2026-07-24 02:51:56,800 | authorization took 1.66ms
2026-07-24 02:51:56,800 | check_api_key took 1.92ms
2026-07-24 02:51:56,800 | blacklist took 2.11ms
2026-07-24 02:51:56,800 | log_requests took 2.23ms
2026-07-24 02:51:56,800 | timing took 2.33ms
2026-07-24 02:51:56,802 | authorization took 1.16ms
2026-07-24 02:51:56,802 | check_api_key took 1.27ms
2026-07-24 02:51:56,802 | blacklist took 1.48ms
2026-07-24 02:51:56,802 | log_requests took 1.60ms
2026-07-24 02:51:56,802 | timing took 1.69ms
2026-07-24 02:51:56,806 | authorization took 1.91ms
2026-07-24 02:51:56,806 | check_api_key took 2.01ms
2026-07-24 02:51:56,806 | blacklist took 2.20ms
2026-07-24 02:51:56,806 | log_requests took 2.31ms
2026-07-24 02:51:56,806 | timing took 2.40ms
2026-07-24 02:51:56,808 | authorization took 0.92ms
2026-07-24 02:51:56,808 | check_api_key took 1.14ms
2026-07-24 02:51:56,808 | blacklist took 1.32ms
2026-07-24 02:51:56,808 | log_requests took 1.44ms
2026-07-24 02:51:56,809 | timing took 1.53ms
2026-07-24 02:51:56,812 | authorization took 1.83ms
2026-07-24 02:51:56,813 | check_api_key took 2.26ms
2026-07-24 02:51:56,813 | blacklist took 2.48ms
2026-07-24 02:51:56,813 | log_requests took 2.61ms
2026-07-24 02:51:56,813 | timing took 2.70ms
2026-07-24 02:51:56,814 | check_api_key took 0.01ms
2026-07-24 02:51:56,814 | blacklist took 0.18ms
2026-07-24 02:51:56,814 | log_requests took 0.29ms
2026-07-24 02:51:56,814 | timing took 0.39ms
2026-07-24 02:51:56,817 | authorization took 1.10ms
2026-07-24 02:51:56,817 | check_api_key took 1.31ms
2026-07-24 02:51:56,817 | blacklist took 1.48ms
2026-07-24 02:51:56,817 | log_requests took 1.60ms
2026-07-24 02:51:56,817 | timing took 1.69ms
2026-07-24 02:51:56,820 | authorization took 1.84ms
2026-07-24 02:51:56,820 | check_api_key took 1.94ms
2026-07-24 02:51:56,820 | blacklist took 2.10ms
2026-07-24 02:51:56,821 | log_requests took 2.21ms
2026-07-24 02:51:56,821 | timing took 2.30ms
2026-07-24 02:51:56,823 | authorization took 1.21ms
2026-07-24 02:51:56,823 | check_api_key took 1.42ms
2026-07-24 02:51:56,823 | blacklist took 1.59ms
2026-07-24 02:51:56,823 | log_requests took 1.70ms
2026-07-24 02:51:56,823 | timing took 1.80ms
2026-07-24 02:51:56,825 | authorization took 1.42ms
2026-07-24 02:51:56,826 | check_api_key took 1.64ms
2026-07-24 02:51:56,826 | blacklist took 1.82ms
2026-07-24 02:51:56,826 | log_requests took 1.93ms
2026-07-24 02:51:56,826 | timing took 2.03ms
2026-07-24 02:51:56,830 | authorization took 2.01ms
2026-07-24 02:51:56,830 | check_api_key took 2.12ms
2026-07-24 02:51:56,830 | blacklist took 2.33ms
2026-07-24 02:51:56,830 | log_requests took 2.45ms
2026-07-24 02:51:56,830 | timing took 2.55ms
2026-07-24 02:51:56,832 | authorization took 0.80ms
2026-07-24 02:51:56,832 | check_api_key took 1.03ms
2026-07-24 02:51:56,832 | blacklist took 1.21ms
2026-07-24 02:51:56,832 | log_requests took 1.32ms
2026-07-24 02:51:56,832 | timing took 1.42ms
2026-07-24 02:51:56,836 | authorization took 2.10ms
2026-07-24 02:51:56,836 | check_api_key took 2.20ms
2026-07-24 02:51:56,836 | blacklist took 2.36ms
2026-07-24 02:51:56,836 | log_requests took 2.48ms
2026-07-24 02:51:56,836 | timing took 2.56ms
2026-07-24 02:51:56,838 | authorization took 1.21ms
2026-07-24 02:51:56,838 | check_api_key took 1.32ms
2026-07-24 02:51:56,838 | blacklist took 1.49ms
2026-07-24 02:51:56,838 | log_requests took 1.60ms
2026-07-24 02:51:56,838 | timing took 1.70ms
2026-07-24 02:51:56,840 | authorization took 0.69ms
2026-07-24 02:51:56,840 | check_api_key took 0.79ms
2026-07-24 02:51:56,840 | blacklist took 0.96ms
2026-07-24 02:51:56,840 | log_requests took 1.07ms
2026-07-24 02:51:56,841 | timing took 1.16ms
2026-07-24 02:51:56,844 | authorization took 1.98ms
2026-07-24 02:51:56,844 | check_api_key took 2.11ms
2026-07-24 02:51:56,844 | blacklist took 2.37ms
2026-07-24 02:51:56,844 | log_requests took 2.50ms
2026-07-24 02:51:56,845 | timing took 2.59ms
2026-07-24 02:51:56,847 | authorization took 1.02ms
2026-07-24 02:51:56,847 | check_api_key took 1.26ms
2026-07-24 02:51:56,847 | blacklist took 1.45ms
2026-07-24 02:51:56,847 | log_requests took 1.57ms
2026-07-24 02:51:56,847 | timing took 1.66ms
2026-07-24 02:51:56,851 | authorization took 1.94ms
2026-07-24 02:51:56,851 | check_api_key took 2.04ms
2026-07-24 02:51:56,851 | blacklist took 2.22ms
2026-07-24 02:51:56,851 | log_requests took 2.33ms
2026-07-24 02:51:56,851 | timing took 2.42ms
2026-07-24 02:51:57,025 | authorization took 173.34ms
2026-07-24 02:51:57,025 | check_api_key took 173.62ms
2026-07-24 02:51:57,025 | blacklist took 173.81ms
2026-07-24 02:51:57,025 | log_requests took 173.95ms
2026-07-24 02:51:57,026 | timing took 174.05ms
2026-07-24 02:51:57,027 | authorization took 0.61ms
2026-07-24 02:51:57,027 | check_api_key took 0.74ms
2026-07-24 02:51:57,027 | blacklist took 0.95ms
2026-07-24 02:51:57,028 | log_requests took 1.08ms
2026-07-24 02:51:57,028 | timing took 1.18ms
2026-07-24 02:51:57,200 | authorization took 170.12ms
2026-07-24 02:51:57,200 | check_api_key took 170.26ms
2026-07-24 02:51:57,200 | blacklist took 170.45ms
2026-07-24 02:51:57,200 | log_requests took 170.58ms
2026-07-24 02:51:57,200 | timing took 170.68ms
2026-07-24 02:51:57,369 | authorization took 167.84ms
2026-07-24 02:51:57,369 | check_api_key took 167.96ms
2026-07-24 02:51:57,369 | blacklist took 168.17ms
2026-07-24 02:51:57,369 | log_requests took 168.30ms
2026-07-24 02:51:57,369 | timing took 168.41ms
2026-07-24 02:51:57,540 | authorization took 168.93ms
2026-07-24 02:51:57,540 | check_api_key took 169.05ms
2026-07-24 02:51:57,540 | blacklist took 169.25ms
2026-07-24 02:51:57,540 | log_requests took 169.38ms
2026-07-24 02:51:57,540 | timing took 169.47ms
2026-07-24 02:51:57,708 | authorization took 166.80ms
2026-07-24 02:51:57,708 | check_api_key took 166.94ms
2026-07-24 02:51:57,708 | blacklist took 167.13ms
2026-07-24 02:51:57,708 | log_requests took 167.25ms
2026-07-24 02:51:57,708 | timing took 167.34ms
2026-07-24 02:51:57,892 | authorization took 181.46ms
2026-07-24 02:51:57,892 | check_api_key took 181.64ms
2026-07-24 02:51:57,892 | blacklist took 181.88ms
2026-07-24 02:51:57,892 | log_requests took 182.03ms
2026-07-24 02:51:57,892 | timing took 182.13ms
2026-07-24 02:51:57,897 | authorization took 2.62ms
2026-07-24 02:51:57,897 | check_api_key took 3.10ms
2026-07-24 02:51:57,897 | blacklist took 3.38ms
2026-07-24 02:51:57,897 | log_requests took 3.52ms
2026-07-24 02:51:57,897 | timing took 3.64ms
2026-07-24 02:51:57,900 | authorization took 0.69ms
2026-07-24 02:51:57,900 | check_api_key took 0.82ms
2026-07-24 02:51:57,900 | blacklist took 1.23ms
2026-07-24 02:51:57,900 | log_requests took 1.36ms
2026-07-24 02:51:57,900 | timing took 1.46ms
2026-07-24 02:51:58,073 | authorization took 170.77ms
2026-07-24 02:51:58,074 | check_api_key took 170.93ms
2026-07-24 02:51:58,074 | blacklist took 171.45ms
2026-07-24 02:51:58,074 | log_requests took 171.58ms
2026-07-24 02:51:58,074 | timing took 171.68ms
2026-07-24 02:51:58,076 | authorization took 0.55ms
2026-07-24 02:51:58,076 | check_api_key took 0.66ms
2026-07-24 02:51:58,076 | blacklist took 0.85ms
2026-07-24 02:51:58,076 | log_requests took 0.97ms
2026-07-24 02:51:58,077 | timing took 1.06ms
2026-07-24 02:51:58,081 | authorization took 2.69ms
2026-07-24 02:51:58,081 | check_api_key took 2.83ms
2026-07-24 02:51:58,081 | blacklist took 3.06ms
2026-07-24 02:51:58,082 | log_requests took 3.21ms
2026-07-24 02:51:58,082 | timing took 3.32ms
2026-07-24 02:51:58,084 | authorization took 1.53ms
2026-07-24 02:51:58,084 | check_api_key took 1.65ms
2026-07-24 02:51:58,084 | blacklist took 1.88ms
2026-07-24 02:51:58,085 | log_requests took 2.02ms
2026-07-24 02:51:58,085 | timing took 2.14ms
2026-07-24 02:51:58,255 | authorization took 169.11ms
2026-07-24 02:51:58,255 | check_api_key took 169.41ms
2026-07-24 02:51:58,255 | blacklist took 169.62ms
2026-07-24 02:51:58,255 | log_requests took 169.75ms
2026-07-24 02:51:58,255 | timing took 169.85ms
2026-07-24 02:51:58,257 | authorization took 0.49ms
2026-07-24 02:51:58,257 | check_api_key took 0.60ms
2026-07-24 02:51:58,257 | blacklist took 0.80ms
2026-07-24 02:51:58,257 | log_requests took 0.91ms
2026-07-24 02:51:58,257 | timing took 1.00ms
2026-07-24 02:51:58,429 | authorization took 170.22ms
2026-07-24 02:51:58,429 | check_api_key took 170.35ms
2026-07-24 02:51:58,429 | blacklist took 170.56ms
2026-07-24 02:51:58,429 | log_requests took 170.68ms
2026-07-24 02:51:58,429 | timing took 170.78ms
2026-07-24 02:51:58,431 | authorization took 0.85ms
2026-07-24 02:51:58,431 | check_api_key took 0.96ms
2026-07-24 02:51:58,432 | blacklist took 1.17ms
2026-07-24 02:51:58,432 | log_requests took 1.29ms
2026-07-24 02:51:58,432 | timing took 1.38ms
2026-07-24 02:51:58,435 | authorization took 1.80ms
2026-07-24 02:51:58,435 | check_api_key took 2.03ms
2026-07-24 02:51:58,435 | blacklist took 2.22ms
2026-07-24 02:51:58,435 | log_requests took 2.33ms
2026-07-24 02:51:58,435 | timing took 2.42ms
2026-07-24 02:51:58,437 | authorization took 1.12ms
2026-07-24 02:51:58,437 | check_api_key took 1.21ms
2026-07-24 02:51:58,437 | blacklist took 1.39ms
2026-07-24 02:51:58,437 | log_requests took 1.51ms
2026-07-24 02:51:58,437 | timing took 1.61ms
2026-07-24 02:51:58,440 | authorization took 0.73ms
2026-07-24 02:51:58,440 | check_api_key took 0.83ms
2026-07-24 02:51:58,440 | blacklist took 1.03ms
2026-07-24 02:51:58,440 | log_requests took 1.14ms
2026-07-24 02:51:58,440 | timing took 1.23ms
2026-07-24 02:51:58,442 | authorization took 0.76ms
2026-07-24 02:51:58,442 | check_api_key took 0.87ms
2026-07-24 02:51:58,442 | blacklist took 1.06ms
2026-07-24 02:51:58,442 | log_requests took 1.18ms
2026-07-24 02:51:58,442 | timing took 1.27ms
2026-07-24 02:51:58,445 | authorization took 0.92ms
2026-07-24 02:51:58,445 | check_api_key took 1.02ms
2026-07-24 02:51:58,445 | blacklist took 1.20ms
2026-07-24 02:51:58,445 | log_requests took 1.31ms
2026-07-24 02:51:58,445 | timing took 1.39ms
2026-07-24 02:51:58,447 | authorization took 0.31ms
2026-07-24 02:51:58,447 | check_api_key took 0.42ms
2026-07-24 02:51:58,447 | blacklist took 0.59ms
2026-07-24 02:51:58,447 | log_requests took 0.71ms
2026-07-24 02:51:58,447 | timing took 0.80ms
2026-07-24 02:51:58,449 | authorization took 0.77ms
2026-07-24 02:51:58,449 | check_api_key took 0.87ms
2026-07-24 02:51:58,449 | blacklist took 1.04ms
2026-07-24 02:51:58,450 | log_requests took 1.16ms
2026-07-24 02:51:58,450 | timing took 1.24ms
2026-07-24 02:51:58,454 | authorization took 3.08ms
2026-07-24 02:51:58,454 | check_api_key took 3.18ms
2026-07-24 02:51:58,454 | blacklist took 3.36ms
2026-07-24 02:51:58,454 | log_requests took 3.49ms
2026-07-24 02:51:58,454 | timing took 3.58ms
2026-07-24 02:51:58,458 | authorization took 1.97ms
2026-07-24 02:51:58,458 | check_api_key took 2.07ms
2026-07-24 02:51:58,458 | blacklist took 2.27ms
2026-07-24 02:51:58,458 | log_requests took 2.38ms
2026-07-24 02:51:58,458 | timing took 2.46ms
2026-07-24 02:51:58,460 | authorization took 0.78ms
2026-07-24 02:51:58,460 | check_api_key took 0.88ms
2026-07-24 02:51:58,460 | blacklist took 1.10ms
2026-07-24 02:51:58,460 | log_requests took 1.21ms
2026-07-24 02:51:58,460 | timing took 1.30ms
2026-07-24 02:51:58,462 | check_api_key took 0.01ms
2026-07-24 02:51:58,462 | blacklist took 0.21ms
2026-07-24 02:51:58,462 | log_requests took 0.34ms
2026-07-24 02:51:58,462 | timing took 0.44ms
2026-07-24 02:51:58,466 | authorization took 1.95ms
2026-07-24 02:51:58,466 | check_api_key took 2.05ms
2026-07-24 02:51:58,466 | blacklist took 2.25ms
2026-07-24 02:51:58,466 | log_requests took 2.37ms
2026-07-24 02:51:58,466 | timing took 2.46ms
2026-07-24 02:51:58,469 | authorization took 1.87ms
2026-07-24 02:51:58,469 | check_api_key took 1.97ms
2026-07-24 02:51:58,469 | blacklist took 2.14ms
2026-07-24 02:51:58,469 | log_requests took 2.26ms
2026-07-24 02:51:58,469 | timing took 2.35ms
2026-07-24 02:51:58,478 | authorization took 8.10ms
2026-07-24 02:51:58,478 | check_api_key took 8.36ms
2026-07-24 02:51:58,479 | blacklist took 8.56ms
2026-07-24 02:51:58,479 | log_requests took 8.69ms
2026-07-24 02:51:58,479 | timing took 8.78ms
2026-07-24 02:51:58,669 | authorization took 188.41ms
2026-07-24 02:51:58,669 | check_api_key took 188.58ms
2026-07-24 02:51:58,669 | blacklist took 188.81ms
2026-07-24 02:51:58,670 | log_requests took 188.95ms
2026-07-24 02:51:58,670 | timing took 189.05ms
2026-07-24 02:51:58,673 | authorization took 1.58ms
2026-07-24 02:51:58,673 | check_api_key took 1.96ms
2026-07-24 02:51:58,673 | blacklist took 2.19ms
2026-07-24 02:51:58,673 | log_requests took 2.31ms
2026-07-24 02:51:58,673 | timing took 2.41ms
2026-07-24 02:51:58,677 | authorization took 1.91ms
2026-07-24 02:51:58,677 | check_api_key took 2.03ms
2026-07-24 02:51:58,677 | blacklist took 2.25ms
2026-07-24 02:51:58,677 | log_requests took 2.39ms
2026-07-24 02:51:58,677 | timing took 2.50ms
2026-07-24 02:51:58,681 | authorization took 2.37ms
2026-07-24 02:51:58,681 | check_api_key took 2.48ms
2026-07-24 02:51:58,681 | blacklist took 2.68ms
2026-07-24 02:51:58,681 | log_requests took 2.81ms
2026-07-24 02:51:58,681 | timing took 2.90ms
2026-07-24 02:51:58,684 | authorization took 1.73ms
2026-07-24 02:51:58,684 | check_api_key took 1.83ms
2026-07-24 02:51:58,684 | blacklist took 2.04ms
2026-07-24 02:51:58,684 | log_requests took 2.15ms
2026-07-24 02:51:58,684 | timing took 2.24ms
2026-07-24 02:51:58,687 | authorization took 1.78ms
2026-07-24 02:51:58,687 | check_api_key took 1.88ms
2026-07-24 02:51:58,687 | blacklist took 2.06ms
2026-07-24 02:51:58,687 | log_requests took 2.17ms
2026-07-24 02:51:58,687 | timing took 2.25ms
2026-07-24 02:51:58,690 | authorization took 1.81ms
2026-07-24 02:51:58,690 | check_api_key took 1.91ms
2026-07-24 02:51:58,690 | blacklist took 2.08ms
2026-07-24 02:51:58,690 | log_requests took 2.19ms
2026-07-24 02:51:58,690 | timing took 2.28ms
2026-07-24 02:51:58,693 | authorization took 2.36ms
2026-07-24 02:51:58,693 | check_api_key took 2.61ms
2026-07-24 02:51:58,693 | blacklist took 2.80ms
2026-07-24 02:51:58,694 | log_requests took 2.92ms
2026-07-24 02:51:58,694 | timing took 3.01ms
2026-07-24 02:51:58,697 | authorization took 1.82ms
2026-07-24 02:51:58,697 | check_api_key took 1.91ms
2026-07-24 02:51:58,697 | blacklist took 2.08ms
2026-07-24 02:51:58,697 | log_requests took 2.19ms
2026-07-24 02:51:58,697 | timing took 2.28ms
2026-07-24 02:51:58,700 | authorization took 1.76ms
2026-07-24 02:51:58,700 | check_api_key took 1.85ms
2026-07-24 02:51:58,700 | blacklist took 2.04ms
2026-07-24 02:51:58,700 | log_requests took 2.15ms
2026-07-24 02:51:58,700 | timing took 2.23ms
2026-07-24 02:51:58,703 | authorization took 1.61ms
2026-07-24 02:51:58,703 | check_api_key took 1.73ms
2026-07-24 02:51:58,703 | blacklist took 1.91ms
2026-07-24 02:51:58,703 | log_requests took 2.03ms
2026-07-24 02:51:58,703 | timing took 2.12ms
2026-07-24 02:51:58,706 | authorization took 1.99ms
2026-07-24 02:51:58,706 | check_api_key took 2.09ms
2026-07-24 02:51:58,706 | blacklist took 2.26ms
2026-07-24 02:51:58,706 | log_requests took 2.38ms
2026-07-24 02:51:58,706 | timing took 2.47ms
2026-07-24 02:51:58,709 | authorization took 1.65ms
2026-07-24 02:51:58,709 | check_api_key took 1.75ms
2026-07-24 02:51:58,709 | blacklist took 1.92ms
2026-07-24 02:51:58,709 | log_requests took 2.04ms
2026-07-24 02:51:58,709 | timing took 2.13ms
2026-07-24 02:51:58,713 | authorization took 2.33ms
2026-07-24 02:51:58,713 | check_api_key took 2.58ms
2026-07-24 02:51:58,713 | blacklist took 2.77ms
2026-07-24 02:51:58,713 | log_requests took 2.89ms
2026-07-24 02:51:58,713 | timing took 2.98ms
2026-07-24 02:51:58,716 | authorization took 1.97ms
2026-07-24 02:51:58,716 | check_api_key took 2.21ms
2026-07-24 02:51:58,716 | blacklist took 2.45ms
2026-07-24 02:51:58,716 | log_requests took 2.57ms
2026-07-24 02:51:58,716 | timing took 2.66ms
2026-07-24 02:51:58,720 | authorization took 2.17ms
2026-07-24 02:51:58,720 | check_api_key took 2.28ms
2026-07-24 02:51:58,721 | blacklist took 2.48ms
2026-07-24 02:51:58,721 | log_requests took 2.60ms
2026-07-24 02:51:58,721 | timing took 2.69ms
2026-07-24 02:51:58,723 | authorization took 1.89ms
2026-07-24 02:51:58,724 | check_api_key took 1.99ms
2026-07-24 02:51:58,724 | blacklist took 2.16ms
2026-07-24 02:51:58,724 | log_requests took 2.27ms
2026-07-24 02:51:58,724 | timing took 2.36ms
2026-07-24 02:51:58,727 | authorization took 1.89ms
2026-07-24 02:51:58,727 | check_api_key took 1.99ms
2026-07-24 02:51:58,727 | blacklist took 2.16ms
2026-07-24 02:51:58,727 | log_requests took 2.29ms
2026-07-24 02:51:58,727 | timing took 2.38ms
2026-07-24 02:51:58,730 | authorization took 2.00ms
2026-07-24 02:51:58,730 | check_api_key took 2.28ms
2026-07-24 02:51:58,730 | blacklist took 2.49ms
2026-07-24 02:51:58,730 | log_requests took 2.61ms
2026-07-24 02:51:58,730 | timing took 2.71ms
2026-07-24 02:51:58,734 | authorization took 1.27ms
2026-07-24 02:51:58,734 | check_api_key took 1.48ms
2026-07-24 02:51:58,734 | blacklist took 1.67ms
2026-07-24 02:51:58,734 | log_requests took 1.79ms
2026-07-24 02:51:58,734 | timing took 1.87ms
2026-07-24 02:51:58,736 | authorization took 0.54ms
2026-07-24 02:51:58,736 | check_api_key took 0.65ms
2026-07-24 02:51:58,736 | blacklist took 0.83ms
2026-07-24 02:51:58,736 | log_requests took 0.95ms
2026-07-24 02:51:58,736 | timing took 1.04ms
2026-07-24 02:51:58,738 | authorization took 0.29ms
2026-07-24 02:51:58,738 | check_api_key took 0.39ms
2026-07-24 02:51:58,738 | blacklist took 0.56ms
2026-07-24 02:51:58,738 | log_requests took 0.68ms
2026-07-24 02:51:58,738 | timing took 0.76ms
2026-07-24 02:51:58,740 | authorization took 0.24ms
2026-07-24 02:51:58,740 | check_api_key took 0.35ms
2026-07-24 02:51:58,740 | blacklist took 0.54ms
2026-07-24 02:51:58,740 | log_requests took 0.65ms
2026-07-24 02:51:58,740 | timing took 0.75ms
2026-07-24 02:51:58,742 | authorization took 0.25ms
2026-07-24 02:51:58,742 | check_api_key took 0.35ms
2026-07-24 02:51:58,742 | blacklist took 0.53ms
2026-07-24 02:51:58,742 | log_requests took 0.64ms
2026-07-24 02:51:58,743 | timing took 0.73ms
2026-07-24 02:51:58,744 | authorization took 0.32ms
2026-07-24 02:51:58,745 | check_api_key took 0.42ms
2026-07-24 02:51:58,745 | blacklist took 0.61ms
2026-07-24 02:51:58,745 | log_requests took 0.73ms
2026-07-24 02:51:58,745 | timing took 0.82ms
2026-07-24 02:51:58,749 | authorization took 2.32ms
2026-07-24 02:51:58,749 | check_api_key took 2.42ms
2026-07-24 02:51:58,749 | blacklist took 2.62ms
2026-07-24 02:51:58,749 | log_requests took 2.73ms
2026-07-24 02:51:58,749 | timing took 2.82ms
2026-07-24 02:51:58,751 | authorization took 1.45ms
2026-07-24 02:51:58,751 | check_api_key took 1.56ms
2026-07-24 02:51:58,751 | blacklist took 1.76ms
2026-07-24 02:51:58,752 | log_requests took 1.87ms
2026-07-24 02:51:58,752 | timing took 1.97ms
2026-07-24 02:51:58,755 | authorization took 1.59ms
2026-07-24 02:51:58,755 | check_api_key took 1.69ms
2026-07-24 02:51:58,755 | blacklist took 1.87ms
2026-07-24 02:51:58,755 | log_requests took 1.98ms
2026-07-24 02:51:58,755 | timing took 2.07ms
2026-07-24 02:51:58,757 | authorization took 0.82ms
2026-07-24 02:51:58,757 | check_api_key took 0.91ms
2026-07-24 02:51:58,757 | blacklist took 1.08ms
2026-07-24 02:51:58,758 | log_requests took 1.20ms
2026-07-24 02:51:58,758 | timing took 1.30ms
2026-07-24 02:51:58,759 | check_api_key took 0.01ms
2026-07-24 02:51:58,759 | blacklist took 0.19ms
2026-07-24 02:51:58,759 | log_requests took 0.30ms
2026-07-24 02:51:58,759 | timing took 0.39ms
2026-07-24 02:51:58,761 | check_api_key took 0.18ms
2026-07-24 02:51:58,761 | blacklist took 0.36ms
2026-07-24 02:51:58,761 | log_requests took 0.48ms
2026-07-24 02:51:58,761 | timing took 0.57ms
2026-07-24 02:51:58,764 | authorization took 1.55ms
2026-07-24 02:51:58,764 | check_api_key took 1.76ms
2026-07-24 02:51:58,764 | blacklist took 1.93ms
2026-07-24 02:51:58,764 | log_requests took 2.04ms
2026-07-24 02:51:58,764 | timing took 2.13ms
2026-07-24 02:51:58,766 | check_api_key took 0.13ms
2026-07-24 02:51:58,766 | blacklist took 0.31ms
2026-07-24 02:51:58,766 | log_requests took 0.42ms
2026-07-24 02:51:58,766 | timing took 0.51ms
2026-07-24 02:51:58,769 | blacklist took 0.10ms
2026-07-24 02:51:58,769 | log_requests took 0.24ms
2026-07-24 02:51:58,769 | timing took 0.32ms
2026-07-24 02:51:58,772 | authorization took 1.31ms
2026-07-24 02:51:58,772 | check_api_key took 1.52ms
2026-07-24 02:51:58,772 | blacklist took 1.71ms
2026-07-24 02:51:58,772 | log_requests took 1.82ms
2026-07-24 02:51:58,772 | timing took 1.90ms
2026-07-24 02:51:58,775 | authorization took 1.26ms
2026-07-24 02:51:58,775 | check_api_key took 1.48ms
2026-07-24 02:51:58,776 | blacklist took 1.66ms
2026-07-24 02:51:58,776 | log_requests took 1.78ms
2026-07-24 02:51:58,776 | timing took 1.87ms
2026-07-24 02:51:58,777 | blacklist took 0.09ms
2026-07-24 02:51:58,777 | log_requests took 0.21ms
2026-07-24 02:51:58,777 | timing took 0.29ms
2026-07-24 02:51:58,779 | authorization took 1.24ms
2026-07-24 02:51:58,779 | check_api_key took 1.47ms
2026-07-24 02:51:58,779 | blacklist took 1.64ms
2026-07-24 02:51:58,779 | log_requests took 1.76ms
2026-07-24 02:51:58,779 | timing took 1.84ms
2026-07-24 02:51:58,781 | blacklist took 0.09ms
2026-07-24 02:51:58,781 | log_requests took 0.21ms
2026-07-24 02:51:58,781 | timing took 0.30ms
2026-07-24 02:51:58,783 | blacklist took 0.10ms
2026-07-24 02:51:58,783 | log_requests took 0.22ms
2026-07-24 02:51:58,783 | timing took 0.30ms
2026-07-24 02:51:58,785 | authorization took 0.31ms
2026-07-24 02:51:58,785 | check_api_key took 0.41ms
2026-07-24 02:51:58,785 | blacklist took 0.59ms
2026-07-24 02:51:58,785 | log_requests took 0.72ms
2026-07-24 02:51:58,785 | timing took 0.82ms
2026-07-24 02:51:58,787 | check_api_key took 0.02ms
2026-07-24 02:51:58,787 | blacklist took 0.19ms
2026-07-24 02:51:58,787 | log_requests took 0.30ms
2026-07-24 02:51:58,787 | timing took 0.39ms
2026-07-24 02:51:58,790 | authorization took 1.88ms
2026-07-24 02:51:58,790 | check_api_key took 1.97ms
2026-07-24 02:51:58,790 | blacklist took 2.14ms
2026-07-24 02:51:58,790 | log_requests took 2.25ms
2026-07-24 02:51:58,790 | timing took 2.34ms
2026-07-24 02:51:58,793 | authorization took 1.40ms
2026-07-24 02:51:58,793 | check_api_key took 1.50ms
2026-07-24 02:51:58,793 | blacklist took 1.67ms
2026-07-24 02:51:58,793 | log_requests took 1.80ms
2026-07-24 02:51:58,793 | timing took 1.89ms
2026-07-24 02:54:50,600 | authorization took 14.69ms
2026-07-24 02:54:50,600 | check_api_key took 15.38ms
2026-07-24 02:54:50,601 | blacklist took 15.96ms
2026-07-24 02:54:50,601 | log_requests took 16.54ms
2026-07-24 02:54:50,601 | timing took 16.82ms
2026-07-24 02:55:03,558 | authorization took 6.91ms
2026-07-24 02:55:03,579 | check_api_key took 29.28ms
2026-07-24 02:55:03,579 | blacklist took 33.55ms
2026-07-24 02:55:03,580 | log_requests took 35.57ms
2026-07-24 02:55:03,580 | timing took 37.55ms
2026-07-24 02:55:05,283 | authorization took 7.44ms
2026-07-24 02:55:05,284 | check_api_key took 8.18ms
2026-07-24 02:55:05,284 | blacklist took 9.69ms
2026-07-24 02:55:05,284 | log_requests took 10.47ms
2026-07-24 02:55:05,285 | timing took 11.11ms
2026-07-24 02:55:06,461 | authorization took 2.85ms
2026-07-24 02:55:06,462 | check_api_key took 3.72ms
2026-07-24 02:55:06,462 | blacklist took 5.00ms
2026-07-24 02:55:06,463 | log_requests took 5.96ms
2026-07-24 02:55:06,463 | timing took 6.63ms
2026-07-24 02:55:07,836 | authorization took 1.65ms
2026-07-24 02:55:07,837 | check_api_key took 2.25ms
2026-07-24 02:55:07,837 | blacklist took 3.43ms
2026-07-24 02:55:07,838 | log_requests took 4.22ms
2026-07-24 02:55:07,838 | timing took 4.75ms
2026-07-24 02:55:09,015 | authorization took 3.44ms
2026-07-24 02:55:09,016 | check_api_key took 4.59ms
2026-07-24 02:55:09,016 | blacklist took 6.31ms
2026-07-24 02:55:09,017 | log_requests took 7.24ms
2026-07-24 02:55:09,017 | timing took 7.98ms
2026-07-24 03:12:30,801 | authorization took 35.05ms
2026-07-24 03:12:30,801 | check_api_key took 35.89ms
2026-07-24 03:12:30,801 | blacklist took 37.58ms
2026-07-24 03:12:30,802 | log_requests took 38.20ms
2026-07-24 03:12:30,802 | timing took 38.62ms
2026-07-29 18:59:22,234 | authorization took 23.90ms
2026-07-29 18:59:22,235 | check_api_key took 24.55ms
2026-07-29 18:59:22,235 | blacklist took 26.02ms
2026-07-29 18:59:22,235 | log_requests took 26.59ms
2026-07-29 18:59:22,235 | timing took 26.89ms
2026-07-29 18:59:49,688 | authorization took 31.72ms
2026-07-29 18:59:49,691 | check_api_key took 35.60ms
2026-07-29 18:59:49,691 | blacklist took 37.64ms
2026-07-29 18:59:49,692 | log_requests took 38.80ms
2026-07-29 18:59:49,692 | timing took 39.40ms
2026-07-29 19:04:54,787 | authorization took 19.93ms
2026-07-29 19:04:54,788 | check_api_key took 21.56ms
2026-07-29 19:04:54,788 | blacklist took 24.54ms
2026-07-29 19:04:54,788 | log_requests took 25.36ms
2026-07-29 19:04:54,788 | timing took 25.89ms
2026-07-30 21:54:51,415 | authorization took 8.02ms
2026-07-30 21:54:51,415 | check_api_key took 8.19ms
2026-07-30 21:54:51,415 | blacklist took 8.65ms
2026-07-30 21:54:51,415 | log_requests took 8.82ms
2026-07-30 21:54:51,415 | timing took 8.94ms
2026-07-30 21:54:51,419 | authorization took 2.78ms
2026-07-30 21:54:51,419 | check_api_key took 2.90ms
2026-07-30 21:54:51,419 | blacklist took 3.09ms
2026-07-30 21:54:51,420 | log_requests took 3.21ms
2026-07-30 21:54:51,420 | timing took 3.32ms
2026-07-30 21:54:51,422 | authorization took 1.20ms
2026-07-30 21:54:51,422 | check_api_key took 1.30ms
2026-07-30 21:54:51,422 | blacklist took 1.50ms
2026-07-30 21:54:51,422 | log_requests took 1.61ms
2026-07-30 21:54:51,422 | timing took 1.71ms
2026-07-30 21:54:51,424 | authorization took 1.33ms
2026-07-30 21:54:51,424 | check_api_key took 1.43ms
2026-07-30 21:54:51,425 | blacklist took 1.62ms
2026-07-30 21:54:51,425 | log_requests took 1.73ms
2026-07-30 21:54:51,425 | timing took 1.82ms
2026-07-30 21:55:24,398 | authorization took 7.31ms
2026-07-30 21:55:24,398 | check_api_key took 7.48ms
2026-07-30 21:55:24,398 | blacklist took 8.02ms
2026-07-30 21:55:24,398 | log_requests took 8.17ms
2026-07-30 21:55:24,398 | timing took 8.28ms
2026-07-30 21:55:24,402 | authorization took 2.46ms
2026-07-30 21:55:24,402 | check_api_key took 2.58ms
2026-07-30 21:55:24,402 | blacklist took 2.78ms
2026-07-30 21:55:24,402 | log_requests took 2.90ms
2026-07-30 21:55:24,402 | timing took 3.00ms
2026-07-30 21:55:24,404 | authorization took 0.76ms
2026-07-30 21:55:24,404 | check_api_key took 1.06ms
2026-07-30 21:55:24,405 | blacklist took 1.24ms
2026-07-30 21:55:24,405 | log_requests took 1.35ms
2026-07-30 21:55:24,405 | timing took 1.44ms
2026-07-30 21:56:11,943 | authorization took 8.01ms
2026-07-30 21:56:11,943 | check_api_key took 8.35ms
2026-07-30 21:56:11,944 | blacklist took 8.94ms
2026-07-30 21:56:11,944 | log_requests took 9.35ms
2026-07-30 21:56:11,944 | timing took 9.51ms
2026-07-30 21:56:11,948 | authorization took 2.16ms
2026-07-30 21:56:11,948 | check_api_key took 2.28ms
2026-07-30 21:56:11,948 | blacklist took 2.52ms
2026-07-30 21:56:11,948 | log_requests took 2.64ms
2026-07-30 21:56:11,948 | timing took 2.75ms
2026-07-30 21:56:11,950 | authorization took 1.09ms
2026-07-30 21:56:11,950 | check_api_key took 1.19ms
2026-07-30 21:56:11,950 | blacklist took 1.38ms
2026-07-30 21:56:11,950 | log_requests took 1.50ms
2026-07-30 21:56:11,950 | timing took 1.61ms
2026-07-30 21:56:11,952 | authorization took 1.05ms
2026-07-30 21:56:11,952 | check_api_key took 1.16ms
2026-07-30 21:56:11,952 | blacklist took 1.35ms
2026-07-30 21:56:11,952 | log_requests took 1.47ms
2026-07-30 21:56:11,952 | timing took 1.58ms
2026-07-30 21:56:11,981 | authorization took 2.08ms
2026-07-30 21:56:11,981 | check_api_key took 2.21ms
2026-07-30 21:56:11,981 | blacklist took 2.41ms
2026-07-30 21:56:11,981 | log_requests took 2.54ms
2026-07-30 21:56:11,981 | timing took 2.63ms
2026-07-30 21:56:11,984 | authorization took 1.41ms
2026-07-30 21:56:11,984 | check_api_key took 1.62ms
2026-07-30 21:56:11,984 | blacklist took 1.82ms
2026-07-30 21:56:11,984 | log_requests took 1.96ms
2026-07-30 21:56:11,984 | timing took 2.07ms
2026-07-30 21:56:11,988 | authorization took 2.38ms
2026-07-30 21:56:11,988 | check_api_key took 2.82ms
2026-07-30 21:56:11,988 | blacklist took 3.09ms
2026-07-30 21:56:11,988 | log_requests took 3.23ms
2026-07-30 21:56:11,988 | timing took 3.34ms
2026-07-30 21:56:11,990 | authorization took 0.49ms
2026-07-30 21:56:11,990 | check_api_key took 0.60ms
2026-07-30 21:56:11,990 | blacklist took 0.81ms
2026-07-30 21:56:11,990 | log_requests took 0.93ms
2026-07-30 21:56:11,990 | timing took 1.02ms
2026-07-30 21:56:11,995 | authorization took 2.06ms
2026-07-30 21:56:11,995 | check_api_key took 2.17ms
2026-07-30 21:56:11,995 | blacklist took 2.34ms
2026-07-30 21:56:11,995 | log_requests took 2.46ms
2026-07-30 21:56:11,995 | timing took 2.55ms
2026-07-30 21:56:11,998 | authorization took 1.42ms
2026-07-30 21:56:11,998 | check_api_key took 1.53ms
2026-07-30 21:56:11,998 | blacklist took 1.75ms
2026-07-30 21:56:11,998 | log_requests took 1.87ms
2026-07-30 21:56:11,998 | timing took 1.98ms
2026-07-30 21:56:12,001 | authorization took 1.82ms
2026-07-30 21:56:12,001 | check_api_key took 2.06ms
2026-07-30 21:56:12,001 | blacklist took 2.26ms
2026-07-30 21:56:12,001 | log_requests took 2.39ms
2026-07-30 21:56:12,001 | timing took 2.49ms
2026-07-30 21:56:12,003 | authorization took 1.09ms
2026-07-30 21:56:12,003 | check_api_key took 1.18ms
2026-07-30 21:56:12,003 | blacklist took 1.38ms
2026-07-30 21:56:12,003 | log_requests took 1.50ms
2026-07-30 21:56:12,003 | timing took 1.59ms
2026-07-30 21:56:12,008 | authorization took 2.07ms
2026-07-30 21:56:12,008 | check_api_key took 2.19ms
2026-07-30 21:56:12,009 | blacklist took 2.38ms
2026-07-30 21:56:12,009 | log_requests took 2.49ms
2026-07-30 21:56:12,009 | timing took 2.58ms
2026-07-30 21:56:12,011 | authorization took 1.42ms
2026-07-30 21:56:12,011 | check_api_key took 1.53ms
2026-07-30 21:56:12,011 | blacklist took 1.70ms
2026-07-30 21:56:12,011 | log_requests took 1.82ms
2026-07-30 21:56:12,011 | timing took 1.91ms
2026-07-30 21:56:12,013 | authorization took 0.59ms
2026-07-30 21:56:12,013 | check_api_key took 0.82ms
2026-07-30 21:56:12,013 | blacklist took 0.99ms
2026-07-30 21:56:12,013 | log_requests took 1.11ms
2026-07-30 21:56:12,013 | timing took 1.21ms
2026-07-30 21:56:12,194 | authorization took 170.23ms
2026-07-30 21:56:12,194 | check_api_key took 170.37ms
2026-07-30 21:56:12,194 | blacklist took 170.56ms
2026-07-30 21:56:12,194 | log_requests took 170.69ms
2026-07-30 21:56:12,194 | timing took 170.79ms
2026-07-30 21:56:12,364 | authorization took 168.64ms
2026-07-30 21:56:12,364 | check_api_key took 168.79ms
2026-07-30 21:56:12,364 | blacklist took 169.01ms
2026-07-30 21:56:12,364 | log_requests took 169.15ms
2026-07-30 21:56:12,364 | timing took 169.26ms
2026-07-30 21:56:12,533 | authorization took 167.82ms
2026-07-30 21:56:12,533 | check_api_key took 167.98ms
2026-07-30 21:56:12,533 | blacklist took 168.19ms
2026-07-30 21:56:12,533 | log_requests took 168.32ms
2026-07-30 21:56:12,533 | timing took 168.42ms
2026-07-30 22:00:20,489 | authorization took 8.40ms
2026-07-30 22:00:20,489 | check_api_key took 8.96ms
2026-07-30 22:00:20,489 | blacklist took 9.65ms
2026-07-30 22:00:20,490 | log_requests took 10.09ms
2026-07-30 22:00:20,490 | timing took 10.21ms
2026-07-30 22:00:20,493 | authorization took 2.26ms
2026-07-30 22:00:20,493 | check_api_key took 2.38ms
2026-07-30 22:00:20,493 | blacklist took 2.59ms
2026-07-30 22:00:20,493 | log_requests took 2.71ms
2026-07-30 22:00:20,493 | timing took 2.81ms
2026-07-30 22:00:20,499 | authorization took 2.66ms
2026-07-30 22:00:20,499 | check_api_key took 2.78ms
2026-07-30 22:00:20,499 | blacklist took 2.99ms
2026-07-30 22:00:20,499 | log_requests took 3.12ms
2026-07-30 22:00:20,499 | timing took 3.21ms
2026-07-30 22:00:20,502 | authorization took 1.80ms
2026-07-30 22:00:20,502 | check_api_key took 2.05ms
2026-07-30 22:00:20,502 | blacklist took 2.32ms
2026-07-30 22:00:20,502 | log_requests took 2.44ms
2026-07-30 22:00:20,502 | timing took 2.54ms
2026-07-30 22:00:20,504 | authorization took 0.47ms
2026-07-30 22:00:20,504 | check_api_key took 0.58ms
2026-07-30 22:00:20,504 | blacklist took 0.75ms
2026-07-30 22:00:20,504 | log_requests took 0.86ms
2026-07-30 22:00:20,504 | timing took 0.95ms
2026-07-30 22:00:20,507 | authorization took 1.00ms
2026-07-30 22:00:20,507 | check_api_key took 1.26ms
2026-07-30 22:00:20,507 | blacklist took 1.42ms
2026-07-30 22:00:20,507 | log_requests took 1.54ms
2026-07-30 22:00:20,507 | timing took 1.62ms
2026-07-30 22:00:20,509 | authorization took 0.84ms
2026-07-30 22:00:20,509 | check_api_key took 0.94ms
2026-07-30 22:00:20,509 | blacklist took 1.09ms
2026-07-30 22:00:20,509 | log_requests took 1.20ms
2026-07-30 22:00:20,510 | timing took 1.29ms
2026-07-30 22:00:20,514 | authorization took 2.90ms
2026-07-30 22:00:20,514 | check_api_key took 3.03ms
2026-07-30 22:00:20,514 | blacklist took 3.22ms
2026-07-30 22:00:20,514 | log_requests took 3.35ms
2026-07-30 22:00:20,514 | timing took 3.44ms
2026-07-30 22:00:20,517 | authorization took 1.22ms
2026-07-30 22:00:20,517 | check_api_key took 1.35ms
2026-07-30 22:00:20,517 | blacklist took 1.59ms
2026-07-30 22:00:20,517 | log_requests took 1.73ms
2026-07-30 22:00:20,517 | timing took 1.84ms
2026-07-30 22:00:20,519 | authorization took 0.99ms
2026-07-30 22:00:20,519 | check_api_key took 1.09ms
2026-07-30 22:00:20,519 | blacklist took 1.29ms
2026-07-30 22:00:20,519 | log_requests took 1.41ms
2026-07-30 22:00:20,519 | timing took 1.51ms
2026-07-30 22:00:20,523 | authorization took 2.06ms
2026-07-30 22:00:20,523 | check_api_key took 2.16ms
2026-07-30 22:00:20,523 | blacklist took 2.35ms
2026-07-30 22:00:20,523 | log_requests took 2.46ms
2026-07-30 22:00:20,523 | timing took 2.55ms
2026-07-30 22:00:20,525 | authorization took 1.14ms
2026-07-30 22:00:20,525 | check_api_key took 1.25ms
2026-07-30 22:00:20,526 | blacklist took 1.43ms
2026-07-30 22:00:20,526 | log_requests took 1.55ms
2026-07-30 22:00:20,526 | timing took 1.65ms
2026-07-30 22:00:20,529 | authorization took 2.26ms
2026-07-30 22:00:20,530 | check_api_key took 2.38ms
2026-07-30 22:00:20,530 | blacklist took 2.59ms
2026-07-30 22:00:20,530 | log_requests took 2.71ms
2026-07-30 22:00:20,530 | timing took 2.80ms
2026-07-30 22:00:20,533 | authorization took 2.19ms
2026-07-30 22:00:20,533 | check_api_key took 2.31ms
2026-07-30 22:00:20,533 | blacklist took 2.55ms
2026-07-30 22:00:20,533 | log_requests took 2.67ms
2026-07-30 22:00:20,533 | timing took 2.76ms
2026-07-30 22:00:20,536 | authorization took 1.18ms
2026-07-30 22:00:20,536 | check_api_key took 1.28ms
2026-07-30 22:00:20,536 | blacklist took 1.48ms
2026-07-30 22:00:20,536 | log_requests took 1.61ms
2026-07-30 22:00:20,536 | timing took 1.71ms
2026-07-30 22:00:20,538 | authorization took 1.23ms
2026-07-30 22:00:20,538 | check_api_key took 1.34ms
2026-07-30 22:00:20,538 | blacklist took 1.55ms
2026-07-30 22:00:20,538 | log_requests took 1.67ms
2026-07-30 22:00:20,538 | timing took 1.77ms
2026-07-30 22:00:20,540 | authorization took 1.04ms
2026-07-30 22:00:20,540 | check_api_key took 1.13ms
2026-07-30 22:00:20,540 | blacklist took 1.31ms
2026-07-30 22:00:20,540 | log_requests took 1.42ms
2026-07-30 22:00:20,540 | timing took 1.52ms
2026-07-30 22:00:20,544 | authorization took 1.91ms
2026-07-30 22:00:20,544 | check_api_key took 2.02ms
2026-07-30 22:00:20,544 | blacklist took 2.19ms
2026-07-30 22:00:20,544 | log_requests took 2.32ms
2026-07-30 22:00:20,544 | timing took 2.41ms
2026-07-30 22:00:20,547 | authorization took 1.75ms
2026-07-30 22:00:20,547 | check_api_key took 1.85ms
2026-07-30 22:00:20,547 | blacklist took 2.05ms
2026-07-30 22:00:20,547 | log_requests took 2.18ms
2026-07-30 22:00:20,547 | timing took 2.27ms
2026-07-30 22:00:20,551 | authorization took 2.07ms
2026-07-30 22:00:20,551 | check_api_key took 2.17ms
2026-07-30 22:00:20,552 | blacklist took 2.37ms
2026-07-30 22:00:20,552 | log_requests took 2.49ms
2026-07-30 22:00:20,552 | timing took 2.60ms
2026-07-30 22:00:20,554 | authorization took 1.22ms
2026-07-30 22:00:20,554 | check_api_key took 1.44ms
2026-07-30 22:00:20,554 | blacklist took 1.61ms
2026-07-30 22:00:20,554 | log_requests took 1.72ms
2026-07-30 22:00:20,554 | timing took 1.81ms
2026-07-30 22:00:20,555 | authorization took 0.43ms
2026-07-30 22:00:20,555 | check_api_key took 0.53ms
2026-07-30 22:00:20,555 | blacklist took 0.70ms
2026-07-30 22:00:20,556 | log_requests took 0.80ms
2026-07-30 22:00:20,556 | timing took 0.89ms
2026-07-30 22:00:20,559 | authorization took 1.94ms
2026-07-30 22:00:20,559 | check_api_key took 2.04ms
2026-07-30 22:00:20,559 | blacklist took 2.21ms
2026-07-30 22:00:20,559 | log_requests took 2.33ms
2026-07-30 22:00:20,560 | timing took 2.42ms
2026-07-30 22:00:20,564 | authorization took 2.20ms
2026-07-30 22:00:20,564 | check_api_key took 2.31ms
2026-07-30 22:00:20,564 | blacklist took 2.54ms
2026-07-30 22:00:20,564 | log_requests took 2.66ms
2026-07-30 22:00:20,564 | timing took 2.75ms
2026-07-30 22:00:20,567 | authorization took 1.10ms
2026-07-30 22:00:20,567 | check_api_key took 1.20ms
2026-07-30 22:00:20,567 | blacklist took 1.39ms
2026-07-30 22:00:20,567 | log_requests took 1.50ms
2026-07-30 22:00:20,567 | timing took 1.59ms
2026-07-30 22:00:20,570 | authorization took 1.89ms
2026-07-30 22:00:20,571 | check_api_key took 1.99ms
2026-07-30 22:00:20,571 | blacklist took 2.18ms
2026-07-30 22:00:20,571 | log_requests took 2.30ms
2026-07-30 22:00:20,571 | timing took 2.40ms
2026-07-30 22:00:20,573 | authorization took 1.24ms
2026-07-30 22:00:20,573 | check_api_key took 1.47ms
2026-07-30 22:00:20,573 | blacklist took 1.66ms
2026-07-30 22:00:20,573 | log_requests took 1.78ms
2026-07-30 22:00:20,573 | timing took 1.88ms
2026-07-30 22:00:20,575 | authorization took 0.43ms
2026-07-30 22:00:20,575 | check_api_key took 0.53ms
2026-07-30 22:00:20,575 | blacklist took 0.72ms
2026-07-30 22:00:20,575 | log_requests took 0.83ms
2026-07-30 22:00:20,575 | timing took 0.92ms
2026-07-30 22:00:20,579 | authorization took 2.46ms
2026-07-30 22:00:20,579 | check_api_key took 2.58ms
2026-07-30 22:00:20,579 | blacklist took 2.76ms
2026-07-30 22:00:20,579 | log_requests took 2.89ms
2026-07-30 22:00:20,580 | timing took 2.98ms
2026-07-30 22:00:20,581 | authorization took 0.62ms
2026-07-30 22:00:20,581 | check_api_key took 0.88ms
2026-07-30 22:00:20,581 | blacklist took 1.07ms
2026-07-30 22:00:20,582 | log_requests took 1.18ms
2026-07-30 22:00:20,582 | timing took 1.28ms
2026-07-30 22:00:20,584 | authorization took 1.30ms
2026-07-30 22:00:20,584 | check_api_key took 1.40ms
2026-07-30 22:00:20,584 | blacklist took 1.60ms
2026-07-30 22:00:20,584 | log_requests took 1.71ms
2026-07-30 22:00:20,584 | timing took 1.81ms
2026-07-30 22:00:20,588 | authorization took 1.85ms
2026-07-30 22:00:20,588 | check_api_key took 1.95ms
2026-07-30 22:00:20,588 | blacklist took 2.14ms
2026-07-30 22:00:20,588 | log_requests took 2.25ms
2026-07-30 22:00:20,588 | timing took 2.34ms
2026-07-30 22:00:20,589 | check_api_key took 0.02ms
2026-07-30 22:00:20,589 | blacklist took 0.18ms
2026-07-30 22:00:20,589 | log_requests took 0.28ms
2026-07-30 22:00:20,589 | timing took 0.37ms
2026-07-30 22:00:20,593 | authorization took 2.09ms
2026-07-30 22:00:20,593 | check_api_key took 2.19ms
2026-07-30 22:00:20,593 | blacklist took 2.37ms
2026-07-30 22:00:20,593 | log_requests took 2.49ms
2026-07-30 22:00:20,593 | timing took 2.58ms
2026-07-30 22:00:20,595 | authorization took 1.28ms
2026-07-30 22:00:20,596 | check_api_key took 1.52ms
2026-07-30 22:00:20,596 | blacklist took 1.76ms
2026-07-30 22:00:20,596 | log_requests took 1.87ms
2026-07-30 22:00:20,596 | timing took 1.97ms
2026-07-30 22:00:20,599 | authorization took 2.11ms
2026-07-30 22:00:20,599 | check_api_key took 2.21ms
2026-07-30 22:00:20,600 | blacklist took 2.39ms
2026-07-30 22:00:20,600 | log_requests took 2.50ms
2026-07-30 22:00:20,600 | timing took 2.58ms
2026-07-30 22:00:20,602 | authorization took 1.06ms
2026-07-30 22:00:20,602 | check_api_key took 1.16ms
2026-07-30 22:00:20,602 | blacklist took 1.33ms
2026-07-30 22:00:20,602 | log_requests took 1.44ms
2026-07-30 22:00:20,602 | timing took 1.54ms
2026-07-30 22:00:20,606 | authorization took 1.93ms
2026-07-30 22:00:20,606 | check_api_key took 2.03ms
2026-07-30 22:00:20,606 | blacklist took 2.21ms
2026-07-30 22:00:20,606 | log_requests took 2.32ms
2026-07-30 22:00:20,606 | timing took 2.41ms
2026-07-30 22:00:20,609 | authorization took 0.51ms
2026-07-30 22:00:20,609 | check_api_key took 0.61ms
2026-07-30 22:00:20,609 | blacklist took 0.78ms
2026-07-30 22:00:20,609 | log_requests took 0.90ms
2026-07-30 22:00:20,609 | timing took 0.99ms
2026-07-30 22:00:20,613 | authorization took 2.02ms
2026-07-30 22:00:20,613 | check_api_key took 2.44ms
2026-07-30 22:00:20,613 | blacklist took 2.70ms
2026-07-30 22:00:20,613 | log_requests took 2.81ms
2026-07-30 22:00:20,613 | timing took 2.91ms
2026-07-30 22:00:20,615 | authorization took 0.46ms
2026-07-30 22:00:20,615 | check_api_key took 0.56ms
2026-07-30 22:00:20,615 | blacklist took 0.72ms
2026-07-30 22:00:20,615 | log_requests took 0.85ms
2026-07-30 22:00:20,615 | timing took 0.94ms
2026-07-30 22:00:20,618 | authorization took 0.79ms
2026-07-30 22:00:20,618 | check_api_key took 0.89ms
2026-07-30 22:00:20,618 | blacklist took 1.08ms
2026-07-30 22:00:20,618 | log_requests took 1.21ms
2026-07-30 22:00:20,618 | timing took 1.30ms
2026-07-30 22:00:20,658 | authorization took 37.94ms
2026-07-30 22:00:20,662 | check_api_key took 42.26ms
2026-07-30 22:00:20,662 | blacklist took 42.76ms
2026-07-30 22:00:20,666 | log_requests took 43.01ms
2026-07-30 22:00:20,666 | timing took 46.62ms
2026-07-30 22:00:20,718 | authorization took 7.07ms
2026-07-30 22:00:20,718 | check_api_key took 7.42ms
2026-07-30 22:00:20,718 | blacklist took 19.05ms
2026-07-30 22:00:20,718 | log_requests took 19.32ms
2026-07-30 22:00:20,718 | timing took 19.59ms
2026-07-30 22:00:20,724 | authorization took 3.58ms
2026-07-30 22:00:20,724 | check_api_key took 3.77ms
2026-07-30 22:00:20,724 | blacklist took 4.01ms
2026-07-30 22:00:20,724 | log_requests took 4.17ms
2026-07-30 22:00:20,725 | timing took 4.28ms
2026-07-30 22:00:20,728 | authorization took 1.95ms
2026-07-30 22:00:20,728 | check_api_key took 2.12ms
2026-07-30 22:00:20,729 | blacklist took 2.43ms
2026-07-30 22:00:20,729 | log_requests took 2.58ms
2026-07-30 22:00:20,729 | timing took 2.69ms
2026-07-30 22:00:20,738 | authorization took 5.65ms
2026-07-30 22:00:20,739 | check_api_key took 6.04ms
2026-07-30 22:00:20,739 | blacklist took 6.61ms
2026-07-30 22:00:20,739 | log_requests took 7.04ms
2026-07-30 22:00:20,739 | timing took 7.23ms
2026-07-30 22:00:20,744 | authorization took 3.74ms
2026-07-30 22:00:20,745 | check_api_key took 4.14ms
2026-07-30 22:00:20,745 | blacklist took 4.63ms
2026-07-30 22:00:20,745 | log_requests took 4.94ms
2026-07-30 22:00:20,745 | timing took 5.06ms
2026-07-30 22:00:20,751 | authorization took 2.63ms
2026-07-30 22:00:20,751 | check_api_key took 2.83ms
2026-07-30 22:00:20,751 | blacklist took 3.49ms
2026-07-30 22:00:20,752 | log_requests took 3.64ms
2026-07-30 22:00:20,752 | timing took 3.75ms
2026-07-30 22:00:20,755 | authorization took 1.98ms
2026-07-30 22:00:20,755 | check_api_key took 2.52ms
2026-07-30 22:00:20,756 | blacklist took 2.77ms
2026-07-30 22:00:20,756 | log_requests took 3.21ms
2026-07-30 22:00:20,756 | timing took 3.49ms
2026-07-30 22:00:20,760 | authorization took 1.69ms
2026-07-30 22:00:20,760 | check_api_key took 1.86ms
2026-07-30 22:00:20,760 | blacklist took 2.12ms
2026-07-30 22:00:20,760 | log_requests took 2.26ms
2026-07-30 22:00:20,760 | timing took 2.36ms
2026-07-30 22:00:20,766 | authorization took 3.02ms
2026-07-30 22:00:20,766 | check_api_key took 3.17ms
2026-07-30 22:00:20,766 | blacklist took 3.39ms
2026-07-30 22:00:20,766 | log_requests took 3.54ms
2026-07-30 22:00:20,766 | timing took 3.64ms
2026-07-30 22:00:20,774 | authorization took 5.06ms
2026-07-30 22:00:20,774 | check_api_key took 5.38ms
2026-07-30 22:00:20,774 | blacklist took 5.61ms
2026-07-30 22:00:20,774 | log_requests took 5.75ms
2026-07-30 22:00:20,774 | timing took 5.84ms
2026-07-30 22:00:20,777 | authorization took 1.36ms
2026-07-30 22:00:20,777 | check_api_key took 1.48ms
2026-07-30 22:00:20,777 | blacklist took 1.68ms
2026-07-30 22:00:20,777 | log_requests took 1.81ms
2026-07-30 22:00:20,777 | timing took 1.92ms
2026-07-30 22:00:20,779 | authorization took 1.22ms
2026-07-30 22:00:20,779 | check_api_key took 1.35ms
2026-07-30 22:00:20,779 | blacklist took 1.55ms
2026-07-30 22:00:20,779 | log_requests took 1.67ms
2026-07-30 22:00:20,779 | timing took 1.78ms
2026-07-30 22:00:20,781 | authorization took 1.14ms
2026-07-30 22:00:20,781 | check_api_key took 1.25ms
2026-07-30 22:00:20,781 | blacklist took 1.43ms
2026-07-30 22:00:20,782 | log_requests took 1.55ms
2026-07-30 22:00:20,782 | timing took 1.65ms
2026-07-30 22:00:20,786 | authorization took 2.27ms
2026-07-30 22:00:20,786 | check_api_key took 2.37ms
2026-07-30 22:00:20,786 | blacklist took 2.58ms
2026-07-30 22:00:20,786 | log_requests took 2.69ms
2026-07-30 22:00:20,786 | timing took 2.78ms
2026-07-30 22:00:20,790 | authorization took 2.56ms
2026-07-30 22:00:20,790 | check_api_key took 2.81ms
2026-07-30 22:00:20,790 | blacklist took 3.00ms
2026-07-30 22:00:20,790 | log_requests took 3.12ms
2026-07-30 22:00:20,790 | timing took 3.21ms
2026-07-30 22:00:20,793 | authorization took 1.18ms
2026-07-30 22:00:20,793 | check_api_key took 1.47ms
2026-07-30 22:00:20,793 | blacklist took 1.66ms
2026-07-30 22:00:20,793 | log_requests took 1.79ms
2026-07-30 22:00:20,793 | timing took 1.89ms
2026-07-30 22:00:20,797 | authorization took 0.71ms
2026-07-30 22:00:20,797 | check_api_key took 0.95ms
2026-07-30 22:00:20,797 | blacklist took 1.16ms
2026-07-30 22:00:20,797 | log_requests took 1.30ms
2026-07-30 22:00:20,797 | timing took 1.39ms
2026-07-30 22:00:20,800 | authorization took 0.95ms
2026-07-30 22:00:20,800 | check_api_key took 1.16ms
2026-07-30 22:00:20,800 | blacklist took 1.35ms
2026-07-30 22:00:20,800 | log_requests took 1.47ms
2026-07-30 22:00:20,800 | timing took 1.56ms
2026-07-30 22:00:20,805 | authorization took 2.55ms
2026-07-30 22:00:20,805 | check_api_key took 2.77ms
2026-07-30 22:00:20,805 | blacklist took 2.95ms
2026-07-30 22:00:20,805 | log_requests took 3.07ms
2026-07-30 22:00:20,805 | timing took 3.16ms
2026-07-30 22:00:20,807 | authorization took 0.01ms
2026-07-30 22:00:20,807 | check_api_key took 0.24ms
2026-07-30 22:00:20,807 | blacklist took 0.40ms
2026-07-30 22:00:20,807 | log_requests took 0.51ms
2026-07-30 22:00:20,807 | timing took 0.61ms
2026-07-30 22:00:20,808 | check_api_key took 0.01ms
2026-07-30 22:00:20,808 | blacklist took 0.17ms
2026-07-30 22:00:20,808 | log_requests took 0.27ms
2026-07-30 22:00:20,808 | timing took 0.36ms
2026-07-30 22:00:20,812 | authorization took 0.01ms
2026-07-30 22:00:20,812 | check_api_key took 0.28ms
2026-07-30 22:00:20,812 | blacklist took 0.48ms
2026-07-30 22:00:20,812 | log_requests took 0.60ms
2026-07-30 22:00:20,812 | timing took 0.69ms
2026-07-30 22:00:20,816 | authorization took 1.69ms
2026-07-30 22:00:20,816 | check_api_key took 1.93ms
2026-07-30 22:00:20,816 | blacklist took 2.09ms
2026-07-30 22:00:20,816 | log_requests took 2.21ms
2026-07-30 22:00:20,816 | timing took 2.31ms
2026-07-30 22:00:20,820 | authorization took 2.22ms
2026-07-30 22:00:20,820 | check_api_key took 2.32ms
2026-07-30 22:00:20,820 | blacklist took 2.52ms
2026-07-30 22:00:20,820 | log_requests took 2.64ms
2026-07-30 22:00:20,820 | timing took 2.73ms
2026-07-30 22:00:20,823 | authorization took 2.06ms
2026-07-30 22:00:20,823 | check_api_key took 2.31ms
2026-07-30 22:00:20,824 | blacklist took 2.50ms
2026-07-30 22:00:20,824 | log_requests took 2.62ms
2026-07-30 22:00:20,824 | timing took 2.71ms
2026-07-30 22:00:20,826 | authorization took 1.20ms
2026-07-30 22:00:20,826 | check_api_key took 1.31ms
2026-07-30 22:00:20,826 | blacklist took 1.50ms
2026-07-30 22:00:20,826 | log_requests took 1.62ms
2026-07-30 22:00:20,826 | timing took 1.72ms
2026-07-30 22:00:20,830 | authorization took 2.31ms
2026-07-30 22:00:20,830 | check_api_key took 2.42ms
2026-07-30 22:00:20,830 | blacklist took 2.61ms
2026-07-30 22:00:20,830 | log_requests took 2.73ms
2026-07-30 22:00:20,830 | timing took 2.83ms
2026-07-30 22:00:20,834 | authorization took 2.13ms
2026-07-30 22:00:20,834 | check_api_key took 2.39ms
2026-07-30 22:00:20,834 | blacklist took 2.61ms
2026-07-30 22:00:20,834 | log_requests took 2.73ms
2026-07-30 22:00:20,834 | timing took 2.82ms
2026-07-30 22:00:20,838 | authorization took 1.83ms
2026-07-30 22:00:20,838 | check_api_key took 1.93ms
2026-07-30 22:00:20,838 | blacklist took 2.13ms
2026-07-30 22:00:20,838 | log_requests took 2.25ms
2026-07-30 22:00:20,838 | timing took 2.34ms
2026-07-30 22:00:20,841 | authorization took 1.68ms
2026-07-30 22:00:20,841 | check_api_key took 1.91ms
2026-07-30 22:00:20,841 | blacklist took 2.08ms
2026-07-30 22:00:20,841 | log_requests took 2.20ms
2026-07-30 22:00:20,841 | timing took 2.29ms
2026-07-30 22:00:20,843 | authorization took 0.47ms
2026-07-30 22:00:20,843 | check_api_key took 0.58ms
2026-07-30 22:00:20,843 | blacklist took 0.76ms
2026-07-30 22:00:20,843 | log_requests took 0.88ms
2026-07-30 22:00:20,843 | timing took 0.97ms
2026-07-30 22:00:20,847 | authorization took 2.23ms
2026-07-30 22:00:20,847 | check_api_key took 2.34ms
2026-07-30 22:00:20,847 | blacklist took 2.53ms
2026-07-30 22:00:20,847 | log_requests took 2.65ms
2026-07-30 22:00:20,847 | timing took 2.74ms
2026-07-30 22:00:20,849 | authorization took 0.44ms
2026-07-30 22:00:20,849 | check_api_key took 0.54ms
2026-07-30 22:00:20,849 | blacklist took 0.72ms
2026-07-30 22:00:20,849 | log_requests took 0.83ms
2026-07-30 22:00:20,849 | timing took 0.91ms
2026-07-30 22:00:20,852 | authorization took 1.55ms
2026-07-30 22:00:20,852 | check_api_key took 1.76ms
2026-07-30 22:00:20,852 | blacklist took 1.92ms
2026-07-30 22:00:20,852 | log_requests took 2.03ms
2026-07-30 22:00:20,852 | timing took 2.12ms
2026-07-30 22:00:20,854 | authorization took 1.18ms
2026-07-30 22:00:20,854 | check_api_key took 1.29ms
2026-07-30 22:00:20,854 | blacklist took 1.47ms
2026-07-30 22:00:20,854 | log_requests took 1.60ms
2026-07-30 22:00:20,854 | timing took 1.71ms
2026-07-30 22:00:20,858 | authorization took 2.15ms
2026-07-30 22:00:20,858 | check_api_key took 2.24ms
2026-07-30 22:00:20,858 | blacklist took 2.43ms
2026-07-30 22:00:20,859 | log_requests took 2.55ms
2026-07-30 22:00:20,859 | timing took 2.64ms
2026-07-30 22:00:20,862 | authorization took 1.90ms
2026-07-30 22:00:20,862 | check_api_key took 2.13ms
2026-07-30 22:00:20,862 | blacklist took 2.30ms
2026-07-30 22:00:20,862 | log_requests took 2.42ms
2026-07-30 22:00:20,862 | timing took 2.51ms
2026-07-30 22:00:20,864 | authorization took 1.12ms
2026-07-30 22:00:20,865 | check_api_key took 1.22ms
2026-07-30 22:00:20,865 | blacklist took 1.40ms
2026-07-30 22:00:20,865 | log_requests took 1.52ms
2026-07-30 22:00:20,865 | timing took 1.62ms
2026-07-30 22:00:20,868 | authorization took 1.96ms
2026-07-30 22:00:20,869 | check_api_key took 2.07ms
2026-07-30 22:00:20,869 | blacklist took 2.27ms
2026-07-30 22:00:20,869 | log_requests took 2.38ms
2026-07-30 22:00:20,869 | timing took 2.48ms
2026-07-30 22:00:20,871 | authorization took 0.88ms
2026-07-30 22:00:20,871 | check_api_key took 1.09ms
2026-07-30 22:00:20,871 | blacklist took 1.28ms
2026-07-30 22:00:20,871 | log_requests took 1.39ms
2026-07-30 22:00:20,871 | timing took 1.48ms
2026-07-30 22:00:20,874 | authorization took 1.94ms
2026-07-30 22:00:20,875 | check_api_key took 2.05ms
2026-07-30 22:00:20,875 | blacklist took 2.23ms
2026-07-30 22:00:20,875 | log_requests took 2.36ms
2026-07-30 22:00:20,875 | timing took 2.46ms
2026-07-30 22:00:20,876 | check_api_key took 0.02ms
2026-07-30 22:00:20,876 | blacklist took 0.20ms
2026-07-30 22:00:20,876 | log_requests took 0.30ms
2026-07-30 22:00:20,876 | timing took 0.39ms
2026-07-30 22:00:20,879 | authorization took 1.25ms
2026-07-30 22:00:20,879 | check_api_key took 1.49ms
2026-07-30 22:00:20,879 | blacklist took 1.69ms
2026-07-30 22:00:20,879 | log_requests took 1.81ms
2026-07-30 22:00:20,879 | timing took 1.90ms
2026-07-30 22:00:20,883 | authorization took 2.10ms
2026-07-30 22:00:20,883 | check_api_key took 2.20ms
2026-07-30 22:00:20,883 | blacklist took 2.38ms
2026-07-30 22:00:20,883 | log_requests took 2.49ms
2026-07-30 22:00:20,883 | timing took 2.58ms
2026-07-30 22:00:20,886 | authorization took 1.19ms
2026-07-30 22:00:20,886 | check_api_key took 1.42ms
2026-07-30 22:00:20,886 | blacklist took 1.62ms
2026-07-30 22:00:20,886 | log_requests took 1.73ms
2026-07-30 22:00:20,886 | timing took 1.83ms
2026-07-30 22:00:20,888 | authorization took 1.40ms
2026-07-30 22:00:20,888 | check_api_key took 1.61ms
2026-07-30 22:00:20,888 | blacklist took 1.78ms
2026-07-30 22:00:20,888 | log_requests took 1.89ms
2026-07-30 22:00:20,888 | timing took 1.98ms
2026-07-30 22:00:20,892 | authorization took 1.70ms
2026-07-30 22:00:20,892 | check_api_key took 1.80ms
2026-07-30 22:00:20,892 | blacklist took 1.99ms
2026-07-30 22:00:20,892 | log_requests took 2.10ms
2026-07-30 22:00:20,892 | timing took 2.19ms
2026-07-30 22:00:20,894 | authorization took 0.76ms
2026-07-30 22:00:20,894 | check_api_key took 0.98ms
2026-07-30 22:00:20,894 | blacklist took 1.18ms
2026-07-30 22:00:20,894 | log_requests took 1.30ms
2026-07-30 22:00:20,894 | timing took 1.39ms
2026-07-30 22:00:20,898 | authorization took 1.95ms
2026-07-30 22:00:20,898 | check_api_key took 2.04ms
2026-07-30 22:00:20,898 | blacklist took 2.23ms
2026-07-30 22:00:20,898 | log_requests took 2.34ms
2026-07-30 22:00:20,898 | timing took 2.43ms
2026-07-30 22:00:20,900 | authorization took 1.16ms
2026-07-30 22:00:20,900 | check_api_key took 1.27ms
2026-07-30 22:00:20,900 | blacklist took 1.44ms
2026-07-30 22:00:20,900 | log_requests took 1.56ms
2026-07-30 22:00:20,900 | timing took 1.66ms
2026-07-30 22:00:20,903 | authorization took 0.76ms
2026-07-30 22:00:20,903 | check_api_key took 0.86ms
2026-07-30 22:00:20,903 | blacklist took 1.05ms
2026-07-30 22:00:20,903 | log_requests took 1.16ms
2026-07-30 22:00:20,903 | timing took 1.24ms
2026-07-30 22:00:20,907 | authorization took 1.95ms
2026-07-30 22:00:20,907 | check_api_key took 2.04ms
2026-07-30 22:00:20,907 | blacklist took 2.21ms
2026-07-30 22:00:20,907 | log_requests took 2.32ms
2026-07-30 22:00:20,907 | timing took 2.41ms
2026-07-30 22:00:20,909 | authorization took 0.92ms
2026-07-30 22:00:20,909 | check_api_key took 1.14ms
2026-07-30 22:00:20,909 | blacklist took 1.32ms
2026-07-30 22:00:20,909 | log_requests took 1.44ms
2026-07-30 22:00:20,909 | timing took 1.52ms
2026-07-30 22:00:20,912 | authorization took 1.88ms
2026-07-30 22:00:20,913 | check_api_key took 1.99ms
2026-07-30 22:00:20,913 | blacklist took 2.17ms
2026-07-30 22:00:20,913 | log_requests took 2.28ms
2026-07-30 22:00:20,913 | timing took 2.37ms
2026-07-30 22:00:21,087 | authorization took 173.42ms
2026-07-30 22:00:21,087 | check_api_key took 173.69ms
2026-07-30 22:00:21,087 | blacklist took 173.89ms
2026-07-30 22:00:21,088 | log_requests took 174.02ms
2026-07-30 22:00:21,088 | timing took 174.11ms
2026-07-30 22:00:21,089 | authorization took 0.53ms
2026-07-30 22:00:21,089 | check_api_key took 0.64ms
2026-07-30 22:00:21,089 | blacklist took 0.85ms
2026-07-30 22:00:21,089 | log_requests took 0.96ms
2026-07-30 22:00:21,089 | timing took 1.05ms
2026-07-30 22:00:21,265 | authorization took 173.76ms
2026-07-30 22:00:21,265 | check_api_key took 173.89ms
2026-07-30 22:00:21,265 | blacklist took 174.09ms
2026-07-30 22:00:21,265 | log_requests took 174.21ms
2026-07-30 22:00:21,265 | timing took 174.31ms
2026-07-30 22:00:21,437 | authorization took 170.11ms
2026-07-30 22:00:21,437 | check_api_key took 170.23ms
2026-07-30 22:00:21,437 | blacklist took 170.45ms
2026-07-30 22:00:21,437 | log_requests took 170.58ms
2026-07-30 22:00:21,437 | timing took 170.68ms
2026-07-30 22:00:21,615 | authorization took 176.30ms
2026-07-30 22:00:21,615 | check_api_key took 176.44ms
2026-07-30 22:00:21,615 | blacklist took 176.64ms
2026-07-30 22:00:21,615 | log_requests took 176.77ms
2026-07-30 22:00:21,615 | timing took 176.86ms
2026-07-30 22:00:21,786 | authorization took 169.12ms
2026-07-30 22:00:21,786 | check_api_key took 169.27ms
2026-07-30 22:00:21,786 | blacklist took 169.49ms
2026-07-30 22:00:21,786 | log_requests took 169.63ms
2026-07-30 22:00:21,786 | timing took 169.72ms
2026-07-30 22:00:21,959 | authorization took 170.28ms
2026-07-30 22:00:21,959 | check_api_key took 170.41ms
2026-07-30 22:00:21,959 | blacklist took 170.65ms
2026-07-30 22:00:21,959 | log_requests took 170.78ms
2026-07-30 22:00:21,959 | timing took 170.87ms
2026-07-30 22:00:21,961 | authorization took 1.35ms
2026-07-30 22:00:21,962 | check_api_key took 1.66ms
2026-07-30 22:00:21,962 | blacklist took 1.88ms
2026-07-30 22:00:21,962 | log_requests took 2.00ms
2026-07-30 22:00:21,962 | timing took 2.11ms
2026-07-30 22:00:21,963 | authorization took 0.46ms
2026-07-30 22:00:21,963 | check_api_key took 0.57ms
2026-07-30 22:00:21,963 | blacklist took 0.77ms
2026-07-30 22:00:21,963 | log_requests took 0.88ms
2026-07-30 22:00:21,963 | timing took 0.97ms
2026-07-30 22:00:22,138 | authorization took 172.93ms
2026-07-30 22:00:22,138 | check_api_key took 173.06ms
2026-07-30 22:00:22,138 | blacklist took 173.26ms
2026-07-30 22:00:22,138 | log_requests took 173.39ms
2026-07-30 22:00:22,138 | timing took 173.48ms
2026-07-30 22:00:22,141 | authorization took 0.50ms
2026-07-30 22:00:22,141 | check_api_key took 0.61ms
2026-07-30 22:00:22,141 | blacklist took 0.82ms
2026-07-30 22:00:22,141 | log_requests took 0.94ms
2026-07-30 22:00:22,141 | timing took 1.04ms
2026-07-30 22:00:22,145 | authorization took 2.09ms
2026-07-30 22:00:22,145 | check_api_key took 2.19ms
2026-07-30 22:00:22,145 | blacklist took 2.39ms
2026-07-30 22:00:22,145 | log_requests took 2.50ms
2026-07-30 22:00:22,145 | timing took 2.59ms
2026-07-30 22:00:22,147 | authorization took 1.23ms
2026-07-30 22:00:22,148 | check_api_key took 1.33ms
2026-07-30 22:00:22,148 | blacklist took 1.54ms
2026-07-30 22:00:22,148 | log_requests took 1.66ms
2026-07-30 22:00:22,148 | timing took 1.76ms
2026-07-30 22:00:22,321 | authorization took 172.53ms
2026-07-30 22:00:22,321 | check_api_key took 172.82ms
2026-07-30 22:00:22,322 | blacklist took 173.06ms
2026-07-30 22:00:22,322 | log_requests took 173.19ms
2026-07-30 22:00:22,322 | timing took 173.30ms
2026-07-30 22:00:22,323 | authorization took 0.55ms
2026-07-30 22:00:22,323 | check_api_key took 0.65ms
2026-07-30 22:00:22,323 | blacklist took 0.87ms
2026-07-30 22:00:22,324 | log_requests took 0.99ms
2026-07-30 22:00:22,324 | timing took 1.08ms
2026-07-30 22:00:22,497 | authorization took 171.62ms
2026-07-30 22:00:22,497 | check_api_key took 171.76ms
2026-07-30 22:00:22,497 | blacklist took 171.97ms
2026-07-30 22:00:22,497 | log_requests took 172.10ms
2026-07-30 22:00:22,497 | timing took 172.19ms
2026-07-30 22:00:22,499 | authorization took 0.88ms
2026-07-30 22:00:22,500 | check_api_key took 0.98ms
2026-07-30 22:00:22,500 | blacklist took 1.20ms
2026-07-30 22:00:22,500 | log_requests took 1.31ms
2026-07-30 22:00:22,500 | timing took 1.41ms
2026-07-30 22:00:22,502 | authorization took 1.61ms
2026-07-30 22:00:22,502 | check_api_key took 1.84ms
2026-07-30 22:00:22,503 | blacklist took 2.08ms
2026-07-30 22:00:22,503 | log_requests took 2.19ms
2026-07-30 22:00:22,503 | timing took 2.27ms
2026-07-30 22:00:22,505 | authorization took 1.06ms
2026-07-30 22:00:22,505 | check_api_key took 1.15ms
2026-07-30 22:00:22,505 | blacklist took 1.35ms
2026-07-30 22:00:22,505 | log_requests took 1.46ms
2026-07-30 22:00:22,505 | timing took 1.56ms
2026-07-30 22:00:22,507 | authorization took 0.73ms
2026-07-30 22:00:22,507 | check_api_key took 0.82ms
2026-07-30 22:00:22,507 | blacklist took 0.99ms
2026-07-30 22:00:22,507 | log_requests took 1.13ms
2026-07-30 22:00:22,507 | timing took 1.23ms
2026-07-30 22:00:22,510 | authorization took 0.68ms
2026-07-30 22:00:22,510 | check_api_key took 0.78ms
2026-07-30 22:00:22,510 | blacklist took 0.94ms
2026-07-30 22:00:22,510 | log_requests took 1.05ms
2026-07-30 22:00:22,510 | timing took 1.14ms
2026-07-30 22:00:22,512 | authorization took 0.95ms
2026-07-30 22:00:22,512 | check_api_key took 1.04ms
2026-07-30 22:00:22,512 | blacklist took 1.24ms
2026-07-30 22:00:22,512 | log_requests took 1.35ms
2026-07-30 22:00:22,512 | timing took 1.43ms
2026-07-30 22:00:22,514 | authorization took 0.29ms
2026-07-30 22:00:22,514 | check_api_key took 0.39ms
2026-07-30 22:00:22,514 | blacklist took 0.56ms
2026-07-30 22:00:22,514 | log_requests took 0.67ms
2026-07-30 22:00:22,514 | timing took 0.75ms
2026-07-30 22:00:22,517 | authorization took 0.83ms
2026-07-30 22:00:22,517 | check_api_key took 0.93ms
2026-07-30 22:00:22,517 | blacklist took 1.10ms
2026-07-30 22:00:22,517 | log_requests took 1.22ms
2026-07-30 22:00:22,517 | timing took 1.31ms
2026-07-30 22:00:22,521 | authorization took 2.84ms
2026-07-30 22:00:22,522 | check_api_key took 2.94ms
2026-07-30 22:00:22,522 | blacklist took 3.10ms
2026-07-30 22:00:22,522 | log_requests took 3.21ms
2026-07-30 22:00:22,522 | timing took 3.30ms
2026-07-30 22:00:22,525 | authorization took 1.86ms
2026-07-30 22:00:22,525 | check_api_key took 1.96ms
2026-07-30 22:00:22,525 | blacklist took 2.15ms
2026-07-30 22:00:22,525 | log_requests took 2.26ms
2026-07-30 22:00:22,525 | timing took 2.35ms
2026-07-30 22:00:22,527 | authorization took 0.72ms
2026-07-30 22:00:22,527 | check_api_key took 0.82ms
2026-07-30 22:00:22,527 | blacklist took 1.01ms
2026-07-30 22:00:22,527 | log_requests took 1.12ms
2026-07-30 22:00:22,527 | timing took 1.20ms
2026-07-30 22:00:22,529 | check_api_key took 0.01ms
2026-07-30 22:00:22,529 | blacklist took 0.20ms
2026-07-30 22:00:22,529 | log_requests took 0.31ms
2026-07-30 22:00:22,529 | timing took 0.40ms
2026-07-30 22:00:22,532 | authorization took 1.69ms
2026-07-30 22:00:22,532 | check_api_key took 1.79ms
2026-07-30 22:00:22,533 | blacklist took 1.99ms
2026-07-30 22:00:22,533 | log_requests took 2.11ms
2026-07-30 22:00:22,533 | timing took 2.20ms
2026-07-30 22:00:22,536 | authorization took 1.90ms
2026-07-30 22:00:22,536 | check_api_key took 2.00ms
2026-07-30 22:00:22,536 | blacklist took 2.20ms
2026-07-30 22:00:22,536 | log_requests took 2.32ms
2026-07-30 22:00:22,536 | timing took 2.41ms
2026-07-30 22:00:22,545 | authorization took 7.76ms
2026-07-30 22:00:22,545 | check_api_key took 7.99ms
2026-07-30 22:00:22,545 | blacklist took 8.17ms
2026-07-30 22:00:22,545 | log_requests took 8.28ms
2026-07-30 22:00:22,545 | timing took 8.37ms
2026-07-30 22:00:22,718 | authorization took 171.35ms
2026-07-30 22:00:22,718 | check_api_key took 171.48ms
2026-07-30 22:00:22,718 | blacklist took 171.69ms
2026-07-30 22:00:22,718 | log_requests took 171.81ms
2026-07-30 22:00:22,718 | timing took 171.91ms
2026-07-30 22:00:22,721 | authorization took 1.49ms
2026-07-30 22:00:22,721 | check_api_key took 1.77ms
2026-07-30 22:00:22,721 | blacklist took 1.97ms
2026-07-30 22:00:22,721 | log_requests took 2.09ms
2026-07-30 22:00:22,721 | timing took 2.18ms
2026-07-30 22:00:22,725 | authorization took 1.73ms
2026-07-30 22:00:22,725 | check_api_key took 1.82ms
2026-07-30 22:00:22,725 | blacklist took 2.01ms
2026-07-30 22:00:22,725 | log_requests took 2.12ms
2026-07-30 22:00:22,725 | timing took 2.21ms
2026-07-30 22:00:22,728 | authorization took 1.90ms
2026-07-30 22:00:22,728 | check_api_key took 1.99ms
2026-07-30 22:00:22,728 | blacklist took 2.17ms
2026-07-30 22:00:22,728 | log_requests took 2.29ms
2026-07-30 22:00:22,728 | timing took 2.38ms
2026-07-30 22:00:22,731 | authorization took 1.80ms
2026-07-30 22:00:22,731 | check_api_key took 1.90ms
2026-07-30 22:00:22,731 | blacklist took 2.12ms
2026-07-30 22:00:22,731 | log_requests took 2.24ms
2026-07-30 22:00:22,731 | timing took 2.33ms
2026-07-30 22:00:22,734 | authorization took 1.67ms
2026-07-30 22:00:22,734 | check_api_key took 1.76ms
2026-07-30 22:00:22,734 | blacklist took 1.96ms
2026-07-30 22:00:22,734 | log_requests took 2.08ms
2026-07-30 22:00:22,734 | timing took 2.16ms
2026-07-30 22:00:22,737 | authorization took 1.67ms
2026-07-30 22:00:22,737 | check_api_key took 1.76ms
2026-07-30 22:00:22,737 | blacklist took 1.95ms
2026-07-30 22:00:22,737 | log_requests took 2.06ms
2026-07-30 22:00:22,737 | timing took 2.15ms
2026-07-30 22:00:22,740 | authorization took 2.28ms
2026-07-30 22:00:22,740 | check_api_key took 2.50ms
2026-07-30 22:00:22,740 | blacklist took 2.68ms
2026-07-30 22:00:22,740 | log_requests took 2.79ms
2026-07-30 22:00:22,740 | timing took 2.88ms
2026-07-30 22:00:22,744 | authorization took 1.87ms
2026-07-30 22:00:22,744 | check_api_key took 1.98ms
2026-07-30 22:00:22,744 | blacklist took 2.19ms
2026-07-30 22:00:22,744 | log_requests took 2.31ms
2026-07-30 22:00:22,744 | timing took 2.40ms
2026-07-30 22:00:22,747 | authorization took 1.84ms
2026-07-30 22:00:22,747 | check_api_key took 1.94ms
2026-07-30 22:00:22,747 | blacklist took 2.11ms
2026-07-30 22:00:22,747 | log_requests took 2.22ms
2026-07-30 22:00:22,747 | timing took 2.30ms
2026-07-30 22:00:22,750 | authorization took 1.65ms
2026-07-30 22:00:22,750 | check_api_key took 1.75ms
2026-07-30 22:00:22,750 | blacklist took 1.91ms
2026-07-30 22:00:22,750 | log_requests took 2.02ms
2026-07-30 22:00:22,750 | timing took 2.11ms
2026-07-30 22:00:22,753 | authorization took 1.88ms
2026-07-30 22:00:22,753 | check_api_key took 1.98ms
2026-07-30 22:00:22,753 | blacklist took 2.19ms
2026-07-30 22:00:22,753 | log_requests took 2.30ms
2026-07-30 22:00:22,753 | timing took 2.40ms
2026-07-30 22:00:22,756 | authorization took 1.60ms
2026-07-30 22:00:22,756 | check_api_key took 1.69ms
2026-07-30 22:00:22,756 | blacklist took 1.88ms
2026-07-30 22:00:22,756 | log_requests took 1.99ms
2026-07-30 22:00:22,756 | timing took 2.07ms
2026-07-30 22:00:22,759 | authorization took 2.16ms
2026-07-30 22:00:22,759 | check_api_key took 2.37ms
2026-07-30 22:00:22,759 | blacklist took 2.54ms
2026-07-30 22:00:22,759 | log_requests took 2.66ms
2026-07-30 22:00:22,759 | timing took 2.75ms
2026-07-30 22:00:22,763 | authorization took 2.21ms
2026-07-30 22:00:22,763 | check_api_key took 2.45ms
2026-07-30 22:00:22,763 | blacklist took 2.65ms
2026-07-30 22:00:22,763 | log_requests took 2.77ms
2026-07-30 22:00:22,763 | timing took 2.86ms
2026-07-30 22:00:22,767 | authorization took 1.78ms
2026-07-30 22:00:22,767 | check_api_key took 1.88ms
2026-07-30 22:00:22,767 | blacklist took 2.08ms
2026-07-30 22:00:22,767 | log_requests took 2.19ms
2026-07-30 22:00:22,767 | timing took 2.28ms
2026-07-30 22:00:22,770 | authorization took 1.71ms
2026-07-30 22:00:22,770 | check_api_key took 1.80ms
2026-07-30 22:00:22,770 | blacklist took 2.00ms
2026-07-30 22:00:22,770 | log_requests took 2.10ms
2026-07-30 22:00:22,770 | timing took 2.19ms
2026-07-30 22:00:22,772 | authorization took 1.69ms
2026-07-30 22:00:22,772 | check_api_key took 1.78ms
2026-07-30 22:00:22,773 | blacklist took 1.95ms
2026-07-30 22:00:22,773 | log_requests took 2.06ms
2026-07-30 22:00:22,773 | timing took 2.15ms
2026-07-30 22:00:22,776 | authorization took 1.93ms
2026-07-30 22:00:22,776 | check_api_key took 2.17ms
2026-07-30 22:00:22,776 | blacklist took 2.36ms
2026-07-30 22:00:22,776 | log_requests took 2.49ms
2026-07-30 22:00:22,776 | timing took 2.58ms
2026-07-30 22:00:22,779 | authorization took 1.35ms
2026-07-30 22:00:22,779 | check_api_key took 1.59ms
2026-07-30 22:00:22,779 | blacklist took 1.80ms
2026-07-30 22:00:22,780 | log_requests took 1.92ms
2026-07-30 22:00:22,780 | timing took 2.01ms
2026-07-30 22:00:22,782 | authorization took 0.51ms
2026-07-30 22:00:22,782 | check_api_key took 0.60ms
2026-07-30 22:00:22,782 | blacklist took 0.79ms
2026-07-30 22:00:22,782 | log_requests took 0.90ms
2026-07-30 22:00:22,782 | timing took 0.99ms
2026-07-30 22:00:22,784 | authorization took 0.28ms
2026-07-30 22:00:22,784 | check_api_key took 0.38ms
2026-07-30 22:00:22,784 | blacklist took 0.58ms
2026-07-30 22:00:22,784 | log_requests took 0.69ms
2026-07-30 22:00:22,784 | timing took 0.78ms
2026-07-30 22:00:22,786 | authorization took 0.27ms
2026-07-30 22:00:22,786 | check_api_key took 0.37ms
2026-07-30 22:00:22,786 | blacklist took 0.56ms
2026-07-30 22:00:22,786 | log_requests took 0.67ms
2026-07-30 22:00:22,786 | timing took 0.76ms
2026-07-30 22:00:22,788 | authorization took 0.25ms
2026-07-30 22:00:22,788 | check_api_key took 0.35ms
2026-07-30 22:00:22,788 | blacklist took 0.56ms
2026-07-30 22:00:22,788 | log_requests took 0.67ms
2026-07-30 22:00:22,789 | timing took 0.76ms
2026-07-30 22:00:22,790 | authorization took 0.30ms
2026-07-30 22:00:22,790 | check_api_key took 0.39ms
2026-07-30 22:00:22,791 | blacklist took 0.57ms
2026-07-30 22:00:22,791 | log_requests took 0.69ms
2026-07-30 22:00:22,791 | timing took 0.77ms
2026-07-30 22:00:22,794 | authorization took 2.13ms
2026-07-30 22:00:22,794 | check_api_key took 2.23ms
2026-07-30 22:00:22,794 | blacklist took 2.43ms
2026-07-30 22:00:22,795 | log_requests took 2.56ms
2026-07-30 22:00:22,795 | timing took 2.65ms
2026-07-30 22:00:22,797 | authorization took 1.28ms
2026-07-30 22:00:22,797 | check_api_key took 1.39ms
2026-07-30 22:00:22,797 | blacklist took 1.62ms
2026-07-30 22:00:22,797 | log_requests took 1.75ms
2026-07-30 22:00:22,797 | timing took 1.84ms
2026-07-30 22:00:22,800 | authorization took 1.72ms
2026-07-30 22:00:22,801 | check_api_key took 1.81ms
2026-07-30 22:00:22,801 | blacklist took 2.00ms
2026-07-30 22:00:22,801 | log_requests took 2.12ms
2026-07-30 22:00:22,801 | timing took 2.21ms
2026-07-30 22:00:22,803 | authorization took 0.83ms
2026-07-30 22:00:22,803 | check_api_key took 0.93ms
2026-07-30 22:00:22,803 | blacklist took 1.11ms
2026-07-30 22:00:22,803 | log_requests took 1.23ms
2026-07-30 22:00:22,803 | timing took 1.32ms
2026-07-30 22:00:22,805 | check_api_key took 0.01ms
2026-07-30 22:00:22,805 | blacklist took 0.19ms
2026-07-30 22:00:22,805 | log_requests took 0.30ms
2026-07-30 22:00:22,805 | timing took 0.39ms
2026-07-30 22:00:22,807 | check_api_key took 0.13ms
2026-07-30 22:00:22,807 | blacklist took 0.31ms
2026-07-30 22:00:22,807 | log_requests took 0.42ms
2026-07-30 22:00:22,807 | timing took 0.50ms
2026-07-30 22:00:22,810 | authorization took 1.61ms
2026-07-30 22:00:22,810 | check_api_key took 1.83ms
2026-07-30 22:00:22,810 | blacklist took 2.01ms
2026-07-30 22:00:22,810 | log_requests took 2.13ms
2026-07-30 22:00:22,810 | timing took 2.21ms
2026-07-30 22:00:22,812 | check_api_key took 0.16ms
2026-07-30 22:00:22,812 | blacklist took 0.34ms
2026-07-30 22:00:22,812 | log_requests took 0.45ms
2026-07-30 22:00:22,812 | timing took 0.55ms
2026-07-30 22:00:22,814 | blacklist took 0.09ms
2026-07-30 22:00:22,814 | log_requests took 0.20ms
2026-07-30 22:00:22,814 | timing took 0.29ms
2026-07-30 22:00:22,818 | authorization took 1.33ms
2026-07-30 22:00:22,818 | check_api_key took 1.55ms
2026-07-30 22:00:22,818 | blacklist took 1.75ms
2026-07-30 22:00:22,818 | log_requests took 1.86ms
2026-07-30 22:00:22,818 | timing took 1.96ms
2026-07-30 22:00:22,821 | authorization took 1.25ms
2026-07-30 22:00:22,821 | check_api_key took 1.45ms
2026-07-30 22:00:22,821 | blacklist took 1.62ms
2026-07-30 22:00:22,821 | log_requests took 1.73ms
2026-07-30 22:00:22,821 | timing took 1.82ms
2026-07-30 22:00:22,822 | blacklist took 0.08ms
2026-07-30 22:00:22,822 | log_requests took 0.20ms
2026-07-30 22:00:22,822 | timing took 0.29ms
2026-07-30 22:00:22,825 | authorization took 1.24ms
2026-07-30 22:00:22,825 | check_api_key took 1.46ms
2026-07-30 22:00:22,825 | blacklist took 1.63ms
2026-07-30 22:00:22,825 | log_requests took 1.74ms
2026-07-30 22:00:22,825 | timing took 1.83ms
2026-07-30 22:00:22,827 | blacklist took 0.09ms
2026-07-30 22:00:22,827 | log_requests took 0.22ms
2026-07-30 22:00:22,827 | timing took 0.30ms
2026-07-30 22:00:22,829 | blacklist took 0.09ms
2026-07-30 22:00:22,829 | log_requests took 0.21ms
2026-07-30 22:00:22,829 | timing took 0.30ms
2026-07-30 22:00:22,831 | authorization took 0.33ms
2026-07-30 22:00:22,831 | check_api_key took 0.42ms
2026-07-30 22:00:22,831 | blacklist took 0.58ms
2026-07-30 22:00:22,831 | log_requests took 0.70ms
2026-07-30 22:00:22,831 | timing took 0.79ms
2026-07-30 22:00:22,854 | check_api_key took 0.02ms
2026-07-30 22:00:22,854 | blacklist took 0.25ms
2026-07-30 22:00:22,855 | log_requests took 0.37ms
2026-07-30 22:00:22,855 | timing took 0.46ms
2026-07-30 22:00:22,866 | authorization took 2.02ms
2026-07-30 22:00:22,866 | check_api_key took 2.14ms
2026-07-30 22:00:22,866 | blacklist took 2.34ms
2026-07-30 22:00:22,866 | log_requests took 2.46ms
2026-07-30 22:00:22,866 | timing took 2.55ms
2026-07-30 22:00:22,869 | authorization took 1.25ms
2026-07-30 22:00:22,869 | check_api_key took 1.35ms
2026-07-30 22:00:22,869 | blacklist took 1.54ms
2026-07-30 22:00:22,869 | log_requests took 1.66ms
2026-07-30 22:00:22,869 | timing took 1.75ms
2026-07-30 22:00:22,880 | authorization took 2.06ms
2026-07-30 22:00:22,881 | check_api_key took 2.18ms
2026-07-30 22:00:22,881 | blacklist took 2.38ms
2026-07-30 22:00:22,881 | log_requests took 2.51ms
2026-07-30 22:00:22,881 | timing took 2.61ms
2026-07-30 22:00:22,883 | authorization took 1.22ms
2026-07-30 22:00:22,883 | check_api_key took 1.33ms
2026-07-30 22:00:22,883 | blacklist took 1.52ms
2026-07-30 22:00:22,883 | log_requests took 1.64ms
2026-07-30 22:00:22,883 | timing took 1.75ms
2026-07-30 22:00:22,885 | authorization took 0.95ms
2026-07-30 22:00:22,885 | check_api_key took 1.05ms
2026-07-30 22:00:22,885 | blacklist took 1.24ms
2026-07-30 22:00:22,885 | log_requests took 1.36ms
2026-07-30 22:00:22,885 | timing took 1.46ms
2026-07-30 22:00:22,887 | authorization took 1.03ms
2026-07-30 22:00:22,887 | check_api_key took 1.13ms
2026-07-30 22:00:22,887 | blacklist took 1.32ms
2026-07-30 22:00:22,887 | log_requests took 1.44ms
2026-07-30 22:00:22,888 | timing took 1.54ms
2026-07-30 22:00:22,899 | authorization took 1.99ms
2026-07-30 22:00:22,899 | check_api_key took 2.11ms
2026-07-30 22:00:22,900 | blacklist took 2.31ms
2026-07-30 22:00:22,900 | log_requests took 2.43ms
2026-07-30 22:00:22,900 | timing took 2.53ms
2026-07-30 22:00:22,902 | authorization took 1.15ms
2026-07-30 22:00:22,902 | check_api_key took 1.26ms
2026-07-30 22:00:22,902 | blacklist took 1.44ms
2026-07-30 22:00:22,902 | log_requests took 1.57ms
2026-07-30 22:00:22,902 | timing took 1.66ms
2026-07-30 22:00:22,904 | authorization took 1.14ms
2026-07-30 22:00:22,904 | check_api_key took 1.36ms
2026-07-30 22:00:22,904 | blacklist took 1.55ms
2026-07-30 22:00:22,904 | log_requests took 1.66ms
2026-07-30 22:00:22,905 | timing took 1.76ms
2026-07-30 22:00:22,906 | authorization took 0.44ms
2026-07-30 22:00:22,906 | check_api_key took 0.53ms
2026-07-30 22:00:22,906 | blacklist took 0.72ms
2026-07-30 22:00:22,906 | log_requests took 0.83ms
2026-07-30 22:00:22,906 | timing took 0.92ms
2026-07-30 22:00:22,910 | authorization took 2.07ms
2026-07-30 22:00:22,910 | check_api_key took 2.18ms
2026-07-30 22:00:22,910 | blacklist took 2.38ms
2026-07-30 22:00:22,910 | log_requests took 2.50ms
2026-07-30 22:00:22,910 | timing took 2.60ms
2026-07-30 22:00:22,912 | authorization took 1.23ms
2026-07-30 22:00:22,912 | check_api_key took 1.34ms
2026-07-30 22:00:22,912 | blacklist took 1.54ms
2026-07-30 22:00:22,912 | log_requests took 1.66ms
2026-07-30 22:00:22,913 | timing took 1.75ms
2026-07-30 22:00:22,915 | authorization took 1.91ms
2026-07-30 22:00:22,916 | check_api_key took 2.14ms
2026-07-30 22:00:22,916 | blacklist took 2.31ms
2026-07-30 22:00:22,916 | log_requests took 2.43ms
2026-07-30 22:00:22,916 | timing took 2.52ms
2026-07-30 22:00:22,918 | authorization took 1.10ms
2026-07-30 22:00:22,918 | check_api_key took 1.20ms
2026-07-30 22:00:22,918 | blacklist took 1.37ms
2026-07-30 22:00:22,918 | log_requests took 1.48ms
2026-07-30 22:00:22,918 | timing took 1.57ms
2026-07-30 22:00:22,922 | authorization took 1.73ms
2026-07-30 22:00:22,922 | check_api_key took 1.82ms
2026-07-30 22:00:22,922 | blacklist took 2.00ms
2026-07-30 22:00:22,922 | log_requests took 2.11ms
2026-07-30 22:00:22,922 | timing took 2.20ms
2026-07-30 22:00:22,924 | authorization took 1.04ms
2026-07-30 22:00:22,924 | check_api_key took 1.14ms
2026-07-30 22:00:22,924 | blacklist took 1.32ms
2026-07-30 22:00:22,924 | log_requests took 1.44ms
2026-07-30 22:00:22,924 | timing took 1.54ms
2026-07-30 22:00:22,926 | authorization took 0.85ms
2026-07-30 22:00:22,926 | check_api_key took 1.08ms
2026-07-30 22:00:22,926 | blacklist took 1.29ms
2026-07-30 22:00:22,926 | log_requests took 1.40ms
2026-07-30 22:00:22,926 | timing took 1.50ms
2026-07-30 22:00:23,103 | authorization took 174.79ms
2026-07-30 22:00:23,103 | check_api_key took 174.92ms
2026-07-30 22:00:23,103 | blacklist took 175.12ms
2026-07-30 22:00:23,103 | log_requests took 175.24ms
2026-07-30 22:00:23,103 | timing took 175.33ms
2026-07-30 22:00:23,276 | authorization took 171.90ms
2026-07-30 22:00:23,276 | check_api_key took 172.02ms
2026-07-30 22:00:23,276 | blacklist took 172.26ms
2026-07-30 22:00:23,276 | log_requests took 172.39ms
2026-07-30 22:00:23,276 | timing took 172.49ms
2026-07-30 22:00:23,446 | authorization took 169.23ms
2026-07-30 22:00:23,446 | check_api_key took 169.35ms
2026-07-30 22:00:23,447 | blacklist took 169.59ms
2026-07-30 22:00:23,447 | log_requests took 169.71ms
2026-07-30 22:00:23,447 | timing took 169.80ms
2026-07-30 22:01:00,859 | authorization took 11.19ms
2026-07-30 22:01:00,860 | check_api_key took 11.57ms
2026-07-30 22:01:00,860 | blacklist took 12.01ms
2026-07-30 22:01:00,860 | log_requests took 12.35ms
2026-07-30 22:01:00,860 | timing took 12.50ms
2026-07-30 22:01:00,864 | authorization took 2.58ms
2026-07-30 22:01:00,864 | check_api_key took 2.74ms
2026-07-30 22:01:00,864 | blacklist took 2.99ms
2026-07-30 22:01:00,864 | log_requests took 3.13ms
2026-07-30 22:01:00,864 | timing took 3.25ms
2026-07-30 22:01:00,870 | authorization took 2.72ms
2026-07-30 22:01:00,870 | check_api_key took 2.86ms
2026-07-30 22:01:00,870 | blacklist took 3.08ms
2026-07-30 22:01:00,870 | log_requests took 3.22ms
2026-07-30 22:01:00,871 | timing took 3.32ms
2026-07-30 22:01:00,874 | authorization took 2.48ms
2026-07-30 22:01:00,875 | check_api_key took 2.92ms
2026-07-30 22:01:00,875 | blacklist took 3.18ms
2026-07-30 22:01:00,875 | log_requests took 3.32ms
2026-07-30 22:01:00,875 | timing took 3.43ms
2026-07-30 22:01:00,876 | authorization took 0.58ms
2026-07-30 22:01:00,876 | check_api_key took 0.70ms
2026-07-30 22:01:00,876 | blacklist took 0.92ms
2026-07-30 22:01:00,877 | log_requests took 1.04ms
2026-07-30 22:01:00,877 | timing took 1.14ms
2026-07-30 22:01:00,881 | authorization took 1.48ms
2026-07-30 22:01:00,881 | check_api_key took 1.79ms
2026-07-30 22:01:00,881 | blacklist took 2.24ms
2026-07-30 22:01:00,881 | log_requests took 2.37ms
2026-07-30 22:01:00,881 | timing took 2.47ms
2026-07-30 22:01:00,890 | authorization took 0.99ms
2026-07-30 22:01:00,890 | check_api_key took 1.12ms
2026-07-30 22:01:00,890 | blacklist took 6.15ms
2026-07-30 22:01:00,890 | log_requests took 6.27ms
2026-07-30 22:01:00,890 | timing took 6.37ms
2026-07-30 22:01:00,894 | authorization took 2.71ms
2026-07-30 22:01:00,894 | check_api_key took 2.85ms
2026-07-30 22:01:00,894 | blacklist took 3.07ms
2026-07-30 22:01:00,895 | log_requests took 3.21ms
2026-07-30 22:01:00,895 | timing took 3.32ms
2026-07-30 22:01:00,898 | authorization took 1.51ms
2026-07-30 22:01:00,898 | check_api_key took 1.63ms
2026-07-30 22:01:00,898 | blacklist took 1.89ms
2026-07-30 22:01:00,898 | log_requests took 2.02ms
2026-07-30 22:01:00,898 | timing took 2.12ms
2026-07-30 22:01:00,900 | authorization took 1.09ms
2026-07-30 22:01:00,900 | check_api_key took 1.19ms
2026-07-30 22:01:00,900 | blacklist took 1.41ms
2026-07-30 22:01:00,900 | log_requests took 1.54ms
2026-07-30 22:01:00,900 | timing took 1.64ms
2026-07-30 22:01:00,905 | authorization took 2.40ms
2026-07-30 22:01:00,905 | check_api_key took 2.51ms
2026-07-30 22:01:00,905 | blacklist took 2.70ms
2026-07-30 22:01:00,905 | log_requests took 2.83ms
2026-07-30 22:01:00,905 | timing took 2.93ms
2026-07-30 22:01:00,907 | authorization took 1.33ms
2026-07-30 22:01:00,907 | check_api_key took 1.44ms
2026-07-30 22:01:00,907 | blacklist took 1.62ms
2026-07-30 22:01:00,907 | log_requests took 1.74ms
2026-07-30 22:01:00,907 | timing took 1.84ms
2026-07-30 22:01:00,911 | authorization took 2.23ms
2026-07-30 22:01:00,911 | check_api_key took 2.37ms
2026-07-30 22:01:00,912 | blacklist took 2.60ms
2026-07-30 22:01:00,912 | log_requests took 2.74ms
2026-07-30 22:01:00,912 | timing took 2.84ms
2026-07-30 22:01:00,915 | authorization took 2.47ms
2026-07-30 22:01:00,915 | check_api_key took 2.59ms
2026-07-30 22:01:00,915 | blacklist took 2.82ms
2026-07-30 22:01:00,916 | log_requests took 2.94ms
2026-07-30 22:01:00,916 | timing took 3.03ms
2026-07-30 22:01:00,918 | authorization took 1.36ms
2026-07-30 22:01:00,918 | check_api_key took 1.48ms
2026-07-30 22:01:00,918 | blacklist took 1.68ms
2026-07-30 22:01:00,918 | log_requests took 1.81ms
2026-07-30 22:01:00,918 | timing took 1.91ms
2026-07-30 22:01:00,921 | authorization took 1.37ms
2026-07-30 22:01:00,921 | check_api_key took 1.48ms
2026-07-30 22:01:00,921 | blacklist took 1.68ms
2026-07-30 22:01:00,921 | log_requests took 1.80ms
2026-07-30 22:01:00,921 | timing took 1.90ms
2026-07-30 22:01:00,923 | authorization took 1.09ms
2026-07-30 22:01:00,923 | check_api_key took 1.23ms
2026-07-30 22:01:00,923 | blacklist took 1.46ms
2026-07-30 22:01:00,923 | log_requests took 1.60ms
2026-07-30 22:01:00,923 | timing took 1.71ms
2026-07-30 22:01:00,928 | authorization took 2.42ms
2026-07-30 22:01:00,928 | check_api_key took 2.54ms
2026-07-30 22:01:00,928 | blacklist took 2.75ms
2026-07-30 22:01:00,928 | log_requests took 2.88ms
2026-07-30 22:01:00,928 | timing took 2.98ms
2026-07-30 22:01:00,931 | authorization took 1.91ms
2026-07-30 22:01:00,931 | check_api_key took 2.02ms
2026-07-30 22:01:00,931 | blacklist took 2.23ms
2026-07-30 22:01:00,931 | log_requests took 2.36ms
2026-07-30 22:01:00,931 | timing took 2.46ms
2026-07-30 22:01:00,936 | authorization took 2.48ms
2026-07-30 22:01:00,936 | check_api_key took 2.59ms
2026-07-30 22:01:00,936 | blacklist took 2.77ms
2026-07-30 22:01:00,936 | log_requests took 2.89ms
2026-07-30 22:01:00,936 | timing took 2.98ms
2026-07-30 22:01:00,939 | authorization took 1.37ms
2026-07-30 22:01:00,939 | check_api_key took 1.63ms
2026-07-30 22:01:00,939 | blacklist took 1.82ms
2026-07-30 22:01:00,939 | log_requests took 1.94ms
2026-07-30 22:01:00,939 | timing took 2.03ms
2026-07-30 22:01:00,940 | authorization took 0.57ms
2026-07-30 22:01:00,940 | check_api_key took 0.69ms
2026-07-30 22:01:00,940 | blacklist took 0.87ms
2026-07-30 22:01:00,941 | log_requests took 1.00ms
2026-07-30 22:01:00,941 | timing took 1.09ms
2026-07-30 22:01:00,945 | authorization took 2.44ms
2026-07-30 22:01:00,945 | check_api_key took 2.59ms
2026-07-30 22:01:00,945 | blacklist took 2.78ms
2026-07-30 22:01:00,945 | log_requests took 2.92ms
2026-07-30 22:01:00,945 | timing took 3.01ms
2026-07-30 22:01:00,949 | authorization took 2.01ms
2026-07-30 22:01:00,949 | check_api_key took 2.12ms
2026-07-30 22:01:00,949 | blacklist took 2.31ms
2026-07-30 22:01:00,950 | log_requests took 2.43ms
2026-07-30 22:01:00,950 | timing took 2.53ms
2026-07-30 22:01:00,954 | authorization took 1.19ms
2026-07-30 22:01:00,954 | check_api_key took 1.30ms
2026-07-30 22:01:00,954 | blacklist took 1.51ms
2026-07-30 22:01:00,954 | log_requests took 1.62ms
2026-07-30 22:01:00,954 | timing took 1.72ms
2026-07-30 22:01:00,959 | authorization took 2.76ms
2026-07-30 22:01:00,959 | check_api_key took 2.88ms
2026-07-30 22:01:00,959 | blacklist took 3.08ms
2026-07-30 22:01:00,959 | log_requests took 3.25ms
2026-07-30 22:01:00,959 | timing took 3.35ms
2026-07-30 22:01:00,962 | authorization took 1.50ms
2026-07-30 22:01:00,962 | check_api_key took 1.84ms
2026-07-30 22:01:00,962 | blacklist took 2.04ms
2026-07-30 22:01:00,962 | log_requests took 2.18ms
2026-07-30 22:01:00,962 | timing took 2.29ms
2026-07-30 22:01:00,964 | authorization took 0.52ms
2026-07-30 22:01:00,964 | check_api_key took 0.63ms
2026-07-30 22:01:00,964 | blacklist took 0.86ms
2026-07-30 22:01:00,964 | log_requests took 0.98ms
2026-07-30 22:01:00,964 | timing took 1.07ms
2026-07-30 22:01:00,969 | authorization took 2.56ms
2026-07-30 22:01:00,969 | check_api_key took 2.68ms
2026-07-30 22:01:00,969 | blacklist took 2.88ms
2026-07-30 22:01:00,969 | log_requests took 3.00ms
2026-07-30 22:01:00,969 | timing took 3.09ms
2026-07-30 22:01:00,971 | authorization took 0.65ms
2026-07-30 22:01:00,971 | check_api_key took 0.93ms
2026-07-30 22:01:00,971 | blacklist took 1.10ms
2026-07-30 22:01:00,971 | log_requests took 1.22ms
2026-07-30 22:01:00,971 | timing took 1.31ms
2026-07-30 22:01:00,974 | authorization took 1.26ms
2026-07-30 22:01:00,974 | check_api_key took 1.36ms
2026-07-30 22:01:00,974 | blacklist took 1.55ms
2026-07-30 22:01:00,974 | log_requests took 1.67ms
2026-07-30 22:01:00,974 | timing took 1.77ms
2026-07-30 22:01:00,978 | authorization took 2.39ms
2026-07-30 22:01:00,978 | check_api_key took 2.52ms
2026-07-30 22:01:00,978 | blacklist took 2.73ms
2026-07-30 22:01:00,978 | log_requests took 2.87ms
2026-07-30 22:01:00,978 | timing took 2.98ms
2026-07-30 22:01:00,980 | check_api_key took 0.02ms
2026-07-30 22:01:00,980 | blacklist took 0.23ms
2026-07-30 22:01:00,980 | log_requests took 0.34ms
2026-07-30 22:01:00,980 | timing took 0.43ms
2026-07-30 22:01:00,984 | authorization took 1.99ms
2026-07-30 22:01:00,984 | check_api_key took 2.10ms
2026-07-30 22:01:00,984 | blacklist took 2.29ms
2026-07-30 22:01:00,984 | log_requests took 2.41ms
2026-07-30 22:01:00,984 | timing took 2.50ms
2026-07-30 22:01:00,986 | authorization took 1.31ms
2026-07-30 22:01:00,986 | check_api_key took 1.56ms
2026-07-30 22:01:00,987 | blacklist took 1.77ms
2026-07-30 22:01:00,987 | log_requests took 1.89ms
2026-07-30 22:01:00,987 | timing took 1.99ms
2026-07-30 22:01:00,990 | authorization took 2.00ms
2026-07-30 22:01:00,991 | check_api_key took 2.13ms
2026-07-30 22:01:00,991 | blacklist took 2.32ms
2026-07-30 22:01:00,991 | log_requests took 2.44ms
2026-07-30 22:01:00,991 | timing took 2.55ms
2026-07-30 22:01:00,993 | authorization took 1.25ms
2026-07-30 22:01:00,993 | check_api_key took 1.37ms
2026-07-30 22:01:00,993 | blacklist took 1.56ms
2026-07-30 22:01:00,993 | log_requests took 1.69ms
2026-07-30 22:01:00,993 | timing took 1.80ms
2026-07-30 22:01:00,998 | authorization took 2.00ms
2026-07-30 22:01:00,998 | check_api_key took 2.11ms
2026-07-30 22:01:00,998 | blacklist took 2.29ms
2026-07-30 22:01:00,998 | log_requests took 2.42ms
2026-07-30 22:01:00,998 | timing took 2.51ms
2026-07-30 22:01:01,001 | authorization took 0.81ms
2026-07-30 22:01:01,001 | check_api_key took 0.95ms
2026-07-30 22:01:01,001 | blacklist took 1.16ms
2026-07-30 22:01:01,001 | log_requests took 1.30ms
2026-07-30 22:01:01,001 | timing took 1.40ms
2026-07-30 22:01:01,006 | authorization took 2.15ms
2026-07-30 22:01:01,006 | check_api_key took 2.65ms
2026-07-30 22:01:01,006 | blacklist took 2.87ms
2026-07-30 22:01:01,006 | log_requests took 3.00ms
2026-07-30 22:01:01,006 | timing took 3.09ms
2026-07-30 22:01:01,009 | authorization took 0.52ms
2026-07-30 22:01:01,009 | check_api_key took 0.63ms
2026-07-30 22:01:01,009 | blacklist took 0.80ms
2026-07-30 22:01:01,009 | log_requests took 0.92ms
2026-07-30 22:01:01,009 | timing took 1.01ms
2026-07-30 22:01:01,012 | authorization took 0.83ms
2026-07-30 22:01:01,012 | check_api_key took 0.94ms
2026-07-30 22:01:01,012 | blacklist took 1.17ms
2026-07-30 22:01:01,012 | log_requests took 1.30ms
2026-07-30 22:01:01,012 | timing took 1.40ms
2026-07-30 22:01:01,016 | authorization took 2.23ms
2026-07-30 22:01:01,016 | check_api_key took 2.34ms
2026-07-30 22:01:01,016 | blacklist took 2.53ms
2026-07-30 22:01:01,016 | log_requests took 2.65ms
2026-07-30 22:01:01,016 | timing took 2.75ms
2026-07-30 22:01:01,019 | authorization took 1.71ms
2026-07-30 22:01:01,019 | check_api_key took 1.82ms
2026-07-30 22:01:01,019 | blacklist took 2.03ms
2026-07-30 22:01:01,019 | log_requests took 2.16ms
2026-07-30 22:01:01,019 | timing took 2.27ms
2026-07-30 22:01:01,024 | authorization took 2.33ms
2026-07-30 22:01:01,024 | check_api_key took 2.43ms
2026-07-30 22:01:01,024 | blacklist took 2.62ms
2026-07-30 22:01:01,024 | log_requests took 2.74ms
2026-07-30 22:01:01,024 | timing took 2.84ms
2026-07-30 22:01:01,026 | authorization took 1.29ms
2026-07-30 22:01:01,026 | check_api_key took 1.39ms
2026-07-30 22:01:01,026 | blacklist took 1.59ms
2026-07-30 22:01:01,026 | log_requests took 1.71ms
2026-07-30 22:01:01,026 | timing took 1.81ms
2026-07-30 22:01:01,030 | authorization took 2.32ms
2026-07-30 22:01:01,030 | check_api_key took 2.44ms
2026-07-30 22:01:01,030 | blacklist took 2.64ms
2026-07-30 22:01:01,031 | log_requests took 2.77ms
2026-07-30 22:01:01,031 | timing took 2.87ms
2026-07-30 22:01:01,033 | authorization took 0.96ms
2026-07-30 22:01:01,033 | check_api_key took 1.06ms
2026-07-30 22:01:01,033 | blacklist took 1.26ms
2026-07-30 22:01:01,033 | log_requests took 1.38ms
2026-07-30 22:01:01,033 | timing took 1.47ms
2026-07-30 22:01:01,037 | authorization took 2.21ms
2026-07-30 22:01:01,037 | check_api_key took 2.32ms
2026-07-30 22:01:01,037 | blacklist took 2.98ms
2026-07-30 22:01:01,038 | log_requests took 3.10ms
2026-07-30 22:01:01,038 | timing took 3.19ms
2026-07-30 22:01:01,040 | authorization took 1.42ms
2026-07-30 22:01:01,040 | check_api_key took 1.79ms
2026-07-30 22:01:01,040 | blacklist took 1.98ms
2026-07-30 22:01:01,040 | log_requests took 2.11ms
2026-07-30 22:01:01,040 | timing took 2.22ms
2026-07-30 22:01:01,042 | authorization took 0.99ms
2026-07-30 22:01:01,042 | check_api_key took 1.10ms
2026-07-30 22:01:01,043 | blacklist took 1.28ms
2026-07-30 22:01:01,043 | log_requests took 1.40ms
2026-07-30 22:01:01,043 | timing took 1.50ms
2026-07-30 22:01:01,047 | authorization took 2.42ms
2026-07-30 22:01:01,047 | check_api_key took 2.53ms
2026-07-30 22:01:01,047 | blacklist took 2.71ms
2026-07-30 22:01:01,047 | log_requests took 2.84ms
2026-07-30 22:01:01,047 | timing took 2.95ms
2026-07-30 22:01:01,055 | authorization took 5.74ms
2026-07-30 22:01:01,055 | check_api_key took 6.03ms
2026-07-30 22:01:01,055 | blacklist took 6.25ms
2026-07-30 22:01:01,055 | log_requests took 6.38ms
2026-07-30 22:01:01,055 | timing took 6.49ms
2026-07-30 22:01:01,058 | authorization took 1.39ms
2026-07-30 22:01:01,058 | check_api_key took 1.51ms
2026-07-30 22:01:01,058 | blacklist took 1.71ms
2026-07-30 22:01:01,058 | log_requests took 1.88ms
2026-07-30 22:01:01,058 | timing took 2.00ms
2026-07-30 22:01:01,060 | authorization took 1.22ms
2026-07-30 22:01:01,060 | check_api_key took 1.34ms
2026-07-30 22:01:01,060 | blacklist took 1.53ms
2026-07-30 22:01:01,060 | log_requests took 1.66ms
2026-07-30 22:01:01,060 | timing took 1.77ms
2026-07-30 22:01:01,063 | authorization took 1.39ms
2026-07-30 22:01:01,063 | check_api_key took 1.52ms
2026-07-30 22:01:01,063 | blacklist took 1.73ms
2026-07-30 22:01:01,063 | log_requests took 1.86ms
2026-07-30 22:01:01,063 | timing took 1.97ms
2026-07-30 22:01:01,067 | authorization took 1.98ms
2026-07-30 22:01:01,067 | check_api_key took 2.09ms
2026-07-30 22:01:01,067 | blacklist took 2.28ms
2026-07-30 22:01:01,067 | log_requests took 2.40ms
2026-07-30 22:01:01,067 | timing took 2.50ms
2026-07-30 22:01:01,072 | authorization took 3.14ms
2026-07-30 22:01:01,072 | check_api_key took 3.40ms
2026-07-30 22:01:01,072 | blacklist took 3.57ms
2026-07-30 22:01:01,072 | log_requests took 3.70ms
2026-07-30 22:01:01,072 | timing took 3.79ms
2026-07-30 22:01:01,082 | authorization took 7.87ms
2026-07-30 22:01:01,082 | check_api_key took 8.15ms
2026-07-30 22:01:01,082 | blacklist took 8.34ms
2026-07-30 22:01:01,082 | log_requests took 8.49ms
2026-07-30 22:01:01,082 | timing took 8.60ms
2026-07-30 22:01:01,085 | authorization took 0.85ms
2026-07-30 22:01:01,085 | check_api_key took 1.16ms
2026-07-30 22:01:01,085 | blacklist took 1.35ms
2026-07-30 22:01:01,085 | log_requests took 1.48ms
2026-07-30 22:01:01,085 | timing took 1.59ms
2026-07-30 22:01:01,089 | authorization took 1.45ms
2026-07-30 22:01:01,089 | check_api_key took 1.70ms
2026-07-30 22:01:01,089 | blacklist took 1.88ms
2026-07-30 22:01:01,089 | log_requests took 2.00ms
2026-07-30 22:01:01,089 | timing took 2.10ms
2026-07-30 22:01:01,094 | authorization took 2.23ms
2026-07-30 22:01:01,094 | check_api_key took 2.55ms
2026-07-30 22:01:01,094 | blacklist took 2.79ms
2026-07-30 22:01:01,094 | log_requests took 2.94ms
2026-07-30 22:01:01,094 | timing took 3.05ms
2026-07-30 22:01:01,096 | authorization took 0.01ms
2026-07-30 22:01:01,096 | check_api_key took 0.28ms
2026-07-30 22:01:01,096 | blacklist took 0.47ms
2026-07-30 22:01:01,097 | log_requests took 0.60ms
2026-07-30 22:01:01,097 | timing took 0.71ms
2026-07-30 22:01:01,098 | check_api_key took 0.01ms
2026-07-30 22:01:01,098 | blacklist took 0.19ms
2026-07-30 22:01:01,098 | log_requests took 0.30ms
2026-07-30 22:01:01,098 | timing took 0.39ms
2026-07-30 22:01:01,102 | authorization took 0.01ms
2026-07-30 22:01:01,102 | check_api_key took 0.29ms
2026-07-30 22:01:01,102 | blacklist took 0.48ms
2026-07-30 22:01:01,102 | log_requests took 0.60ms
2026-07-30 22:01:01,102 | timing took 0.71ms
2026-07-30 22:01:01,106 | authorization took 2.19ms
2026-07-30 22:01:01,107 | check_api_key took 2.47ms
2026-07-30 22:01:01,107 | blacklist took 2.68ms
2026-07-30 22:01:01,107 | log_requests took 2.81ms
2026-07-30 22:01:01,107 | timing took 2.91ms
2026-07-30 22:01:01,111 | authorization took 2.14ms
2026-07-30 22:01:01,111 | check_api_key took 2.26ms
2026-07-30 22:01:01,111 | blacklist took 2.45ms
2026-07-30 22:01:01,111 | log_requests took 2.59ms
2026-07-30 22:01:01,111 | timing took 2.69ms
2026-07-30 22:01:01,115 | authorization took 2.33ms
2026-07-30 22:01:01,115 | check_api_key took 2.65ms
2026-07-30 22:01:01,115 | blacklist took 2.84ms
2026-07-30 22:01:01,115 | log_requests took 2.97ms
2026-07-30 22:01:01,115 | timing took 3.06ms
2026-07-30 22:01:01,117 | authorization took 1.24ms
2026-07-30 22:01:01,117 | check_api_key took 1.36ms
2026-07-30 22:01:01,117 | blacklist took 1.54ms
2026-07-30 22:01:01,118 | log_requests took 1.67ms
2026-07-30 22:01:01,118 | timing took 1.77ms
2026-07-30 22:01:01,121 | authorization took 2.26ms
2026-07-30 22:01:01,122 | check_api_key took 2.36ms
2026-07-30 22:01:01,122 | blacklist took 2.52ms
2026-07-30 22:01:01,122 | log_requests took 2.64ms
2026-07-30 22:01:01,122 | timing took 2.73ms
2026-07-30 22:01:01,125 | authorization took 1.95ms
2026-07-30 22:01:01,125 | check_api_key took 2.22ms
2026-07-30 22:01:01,125 | blacklist took 2.43ms
2026-07-30 22:01:01,125 | log_requests took 2.55ms
2026-07-30 22:01:01,125 | timing took 2.64ms
2026-07-30 22:01:01,130 | authorization took 2.76ms
2026-07-30 22:01:01,130 | check_api_key took 2.88ms
2026-07-30 22:01:01,130 | blacklist took 3.09ms
2026-07-30 22:01:01,130 | log_requests took 3.22ms
2026-07-30 22:01:01,130 | timing took 3.32ms
2026-07-30 22:01:01,133 | authorization took 1.66ms
2026-07-30 22:01:01,133 | check_api_key took 1.92ms
2026-07-30 22:01:01,133 | blacklist took 2.12ms
2026-07-30 22:01:01,133 | log_requests took 2.24ms
2026-07-30 22:01:01,133 | timing took 2.34ms
2026-07-30 22:01:01,135 | authorization took 0.81ms
2026-07-30 22:01:01,135 | check_api_key took 0.92ms
2026-07-30 22:01:01,135 | blacklist took 1.09ms
2026-07-30 22:01:01,135 | log_requests took 1.21ms
2026-07-30 22:01:01,135 | timing took 1.30ms
2026-07-30 22:01:01,139 | authorization took 1.82ms
2026-07-30 22:01:01,139 | check_api_key took 1.93ms
2026-07-30 22:01:01,139 | blacklist took 2.13ms
2026-07-30 22:01:01,139 | log_requests took 2.28ms
2026-07-30 22:01:01,139 | timing took 2.37ms
2026-07-30 22:01:01,142 | authorization took 0.53ms
2026-07-30 22:01:01,142 | check_api_key took 0.64ms
2026-07-30 22:01:01,142 | blacklist took 0.84ms
2026-07-30 22:01:01,142 | log_requests took 0.97ms
2026-07-30 22:01:01,142 | timing took 1.08ms
2026-07-30 22:01:01,145 | authorization took 1.74ms
2026-07-30 22:01:01,145 | check_api_key took 1.99ms
2026-07-30 22:01:01,145 | blacklist took 2.18ms
2026-07-30 22:01:01,145 | log_requests took 2.31ms
2026-07-30 22:01:01,145 | timing took 2.40ms
2026-07-30 22:01:01,148 | authorization took 1.57ms
2026-07-30 22:01:01,148 | check_api_key took 1.67ms
2026-07-30 22:01:01,148 | blacklist took 1.85ms
2026-07-30 22:01:01,148 | log_requests took 1.98ms
2026-07-30 22:01:01,148 | timing took 2.08ms
2026-07-30 22:01:01,152 | authorization took 2.05ms
2026-07-30 22:01:01,152 | check_api_key took 2.22ms
2026-07-30 22:01:01,152 | blacklist took 2.41ms
2026-07-30 22:01:01,152 | log_requests took 2.55ms
2026-07-30 22:01:01,152 | timing took 2.65ms
2026-07-30 22:01:01,156 | authorization took 1.75ms
2026-07-30 22:01:01,156 | check_api_key took 2.02ms
2026-07-30 22:01:01,156 | blacklist took 2.24ms
2026-07-30 22:01:01,156 | log_requests took 2.36ms
2026-07-30 22:01:01,156 | timing took 2.49ms
2026-07-30 22:01:01,158 | authorization took 1.25ms
2026-07-30 22:01:01,159 | check_api_key took 1.37ms
2026-07-30 22:01:01,159 | blacklist took 1.55ms
2026-07-30 22:01:01,159 | log_requests took 1.72ms
2026-07-30 22:01:01,159 | timing took 1.83ms
2026-07-30 22:01:01,163 | authorization took 2.45ms
2026-07-30 22:01:01,163 | check_api_key took 2.57ms
2026-07-30 22:01:01,164 | blacklist took 2.79ms
2026-07-30 22:01:01,164 | log_requests took 2.91ms
2026-07-30 22:01:01,164 | timing took 3.01ms
2026-07-30 22:01:01,166 | authorization took 0.95ms
2026-07-30 22:01:01,166 | check_api_key took 1.19ms
2026-07-30 22:01:01,166 | blacklist took 1.36ms
2026-07-30 22:01:01,166 | log_requests took 1.48ms
2026-07-30 22:01:01,166 | timing took 1.57ms
2026-07-30 22:01:01,169 | authorization took 1.81ms
2026-07-30 22:01:01,170 | check_api_key took 1.91ms
2026-07-30 22:01:01,170 | blacklist took 2.09ms
2026-07-30 22:01:01,170 | log_requests took 2.22ms
2026-07-30 22:01:01,170 | timing took 2.32ms
2026-07-30 22:01:01,171 | check_api_key took 0.02ms
2026-07-30 22:01:01,171 | blacklist took 0.22ms
2026-07-30 22:01:01,171 | log_requests took 0.34ms
2026-07-30 22:01:01,171 | timing took 0.43ms
2026-07-30 22:01:01,174 | authorization took 1.55ms
2026-07-30 22:01:01,174 | check_api_key took 1.81ms
2026-07-30 22:01:01,175 | blacklist took 1.99ms
2026-07-30 22:01:01,175 | log_requests took 2.12ms
2026-07-30 22:01:01,175 | timing took 2.21ms
2026-07-30 22:01:01,179 | authorization took 2.07ms
2026-07-30 22:01:01,179 | check_api_key took 2.21ms
2026-07-30 22:01:01,179 | blacklist took 2.44ms
2026-07-30 22:01:01,179 | log_requests took 2.58ms
2026-07-30 22:01:01,179 | timing took 2.68ms
2026-07-30 22:01:01,182 | authorization took 1.33ms
2026-07-30 22:01:01,182 | check_api_key took 1.62ms
2026-07-30 22:01:01,182 | blacklist took 1.83ms
2026-07-30 22:01:01,182 | log_requests took 1.96ms
2026-07-30 22:01:01,182 | timing took 2.06ms
2026-07-30 22:01:01,184 | authorization took 1.24ms
2026-07-30 22:01:01,184 | check_api_key took 1.49ms
2026-07-30 22:01:01,184 | blacklist took 1.68ms
2026-07-30 22:01:01,184 | log_requests took 1.80ms
2026-07-30 22:01:01,184 | timing took 1.90ms
2026-07-30 22:01:01,189 | authorization took 2.30ms
2026-07-30 22:01:01,189 | check_api_key took 2.41ms
2026-07-30 22:01:01,189 | blacklist took 2.61ms
2026-07-30 22:01:01,189 | log_requests took 2.73ms
2026-07-30 22:01:01,189 | timing took 2.83ms
2026-07-30 22:01:01,191 | authorization took 0.79ms
2026-07-30 22:01:01,191 | check_api_key took 1.06ms
2026-07-30 22:01:01,191 | blacklist took 1.24ms
2026-07-30 22:01:01,191 | log_requests took 1.38ms
2026-07-30 22:01:01,191 | timing took 1.51ms
2026-07-30 22:01:01,195 | authorization took 1.98ms
2026-07-30 22:01:01,195 | check_api_key took 2.10ms
2026-07-30 22:01:01,195 | blacklist took 2.32ms
2026-07-30 22:01:01,195 | log_requests took 2.46ms
2026-07-30 22:01:01,195 | timing took 2.55ms
2026-07-30 22:01:01,198 | authorization took 1.38ms
2026-07-30 22:01:01,198 | check_api_key took 1.49ms
2026-07-30 22:01:01,198 | blacklist took 1.71ms
2026-07-30 22:01:01,198 | log_requests took 1.83ms
2026-07-30 22:01:01,198 | timing took 1.93ms
2026-07-30 22:01:01,201 | authorization took 1.13ms
2026-07-30 22:01:01,201 | check_api_key took 1.24ms
2026-07-30 22:01:01,201 | blacklist took 1.46ms
2026-07-30 22:01:01,201 | log_requests took 1.58ms
2026-07-30 22:01:01,201 | timing took 1.68ms
2026-07-30 22:01:01,205 | authorization took 2.23ms
2026-07-30 22:01:01,205 | check_api_key took 2.34ms
2026-07-30 22:01:01,205 | blacklist took 2.52ms
2026-07-30 22:01:01,205 | log_requests took 2.65ms
2026-07-30 22:01:01,205 | timing took 2.74ms
2026-07-30 22:01:01,207 | authorization took 0.84ms
2026-07-30 22:01:01,208 | check_api_key took 1.15ms
2026-07-30 22:01:01,208 | blacklist took 1.34ms
2026-07-30 22:01:01,208 | log_requests took 1.48ms
2026-07-30 22:01:01,208 | timing took 1.59ms
2026-07-30 22:01:01,212 | authorization took 2.58ms
2026-07-30 22:01:01,212 | check_api_key took 2.71ms
2026-07-30 22:01:01,212 | blacklist took 2.91ms
2026-07-30 22:01:01,212 | log_requests took 3.03ms
2026-07-30 22:01:01,213 | timing took 3.13ms
2026-07-30 22:01:01,401 | authorization took 187.71ms
2026-07-30 22:01:01,401 | check_api_key took 188.01ms
2026-07-30 22:01:01,402 | blacklist took 188.22ms
2026-07-30 22:01:01,402 | log_requests took 188.36ms
2026-07-30 22:01:01,402 | timing took 188.45ms
2026-07-30 22:01:01,404 | authorization took 0.64ms
2026-07-30 22:01:01,404 | check_api_key took 0.77ms
2026-07-30 22:01:01,404 | blacklist took 0.99ms
2026-07-30 22:01:01,404 | log_requests took 1.12ms
2026-07-30 22:01:01,404 | timing took 1.22ms
2026-07-30 22:01:01,594 | authorization took 188.04ms
2026-07-30 22:01:01,594 | check_api_key took 188.21ms
2026-07-30 22:01:01,594 | blacklist took 188.44ms
2026-07-30 22:01:01,594 | log_requests took 188.59ms
2026-07-30 22:01:01,594 | timing took 188.68ms
2026-07-30 22:01:01,783 | authorization took 187.16ms
2026-07-30 22:01:01,783 | check_api_key took 187.33ms
2026-07-30 22:01:01,783 | blacklist took 187.58ms
2026-07-30 22:01:01,783 | log_requests took 187.74ms
2026-07-30 22:01:01,783 | timing took 187.86ms
2026-07-30 22:01:01,973 | authorization took 187.71ms
2026-07-30 22:01:01,973 | check_api_key took 187.92ms
2026-07-30 22:01:01,973 | blacklist took 188.16ms
2026-07-30 22:01:01,973 | log_requests took 188.32ms
2026-07-30 22:01:01,974 | timing took 188.43ms
2026-07-30 22:01:02,161 | authorization took 185.84ms
2026-07-30 22:01:02,161 | check_api_key took 186.05ms
2026-07-30 22:01:02,161 | blacklist took 186.29ms
2026-07-30 22:01:02,161 | log_requests took 186.44ms
2026-07-30 22:01:02,161 | timing took 186.54ms
2026-07-30 22:01:02,350 | authorization took 185.85ms
2026-07-30 22:01:02,350 | check_api_key took 186.03ms
2026-07-30 22:01:02,350 | blacklist took 186.28ms
2026-07-30 22:01:02,350 | log_requests took 186.43ms
2026-07-30 22:01:02,350 | timing took 186.54ms
2026-07-30 22:01:02,353 | authorization took 1.84ms
2026-07-30 22:01:02,353 | check_api_key took 2.25ms
2026-07-30 22:01:02,354 | blacklist took 2.50ms
2026-07-30 22:01:02,354 | log_requests took 2.63ms
2026-07-30 22:01:02,354 | timing took 2.74ms
2026-07-30 22:01:02,355 | authorization took 0.51ms
2026-07-30 22:01:02,355 | check_api_key took 0.63ms
2026-07-30 22:01:02,355 | blacklist took 0.82ms
2026-07-30 22:01:02,355 | log_requests took 0.94ms
2026-07-30 22:01:02,355 | timing took 1.04ms
2026-07-30 22:01:02,545 | authorization took 187.16ms
2026-07-30 22:01:02,545 | check_api_key took 187.32ms
2026-07-30 22:01:02,545 | blacklist took 187.58ms
2026-07-30 22:01:02,545 | log_requests took 187.72ms
2026-07-30 22:01:02,545 | timing took 187.82ms
2026-07-30 22:01:02,548 | authorization took 0.61ms
2026-07-30 22:01:02,548 | check_api_key took 0.74ms
2026-07-30 22:01:02,548 | blacklist took 0.97ms
2026-07-30 22:01:02,548 | log_requests took 1.09ms
2026-07-30 22:01:02,548 | timing took 1.19ms
2026-07-30 22:01:02,552 | authorization took 2.41ms
2026-07-30 22:01:02,552 | check_api_key took 2.53ms
2026-07-30 22:01:02,552 | blacklist took 2.70ms
2026-07-30 22:01:02,552 | log_requests took 2.83ms
2026-07-30 22:01:02,553 | timing took 2.93ms
2026-07-30 22:01:02,555 | authorization took 1.37ms
2026-07-30 22:01:02,555 | check_api_key took 1.48ms
2026-07-30 22:01:02,555 | blacklist took 1.69ms
2026-07-30 22:01:02,555 | log_requests took 1.82ms
2026-07-30 22:01:02,555 | timing took 1.92ms
2026-07-30 22:01:02,748 | authorization took 192.02ms
2026-07-30 22:01:02,748 | check_api_key took 192.36ms
2026-07-30 22:01:02,749 | blacklist took 192.61ms
2026-07-30 22:01:02,749 | log_requests took 192.80ms
2026-07-30 22:01:02,749 | timing took 192.92ms
2026-07-30 22:01:02,753 | authorization took 0.72ms
2026-07-30 22:01:02,753 | check_api_key took 0.84ms
2026-07-30 22:01:02,753 | blacklist took 1.11ms
2026-07-30 22:01:02,753 | log_requests took 1.24ms
2026-07-30 22:01:02,753 | timing took 1.36ms
2026-07-30 22:01:02,943 | authorization took 187.35ms
2026-07-30 22:01:02,943 | check_api_key took 187.51ms
2026-07-30 22:01:02,943 | blacklist took 187.72ms
2026-07-30 22:01:02,943 | log_requests took 187.86ms
2026-07-30 22:01:02,943 | timing took 187.96ms
2026-07-30 22:01:02,945 | authorization took 1.02ms
2026-07-30 22:01:02,946 | check_api_key took 1.13ms
2026-07-30 22:01:02,946 | blacklist took 1.35ms
2026-07-30 22:01:02,946 | log_requests took 1.48ms
2026-07-30 22:01:02,946 | timing took 1.58ms
2026-07-30 22:01:02,949 | authorization took 1.86ms
2026-07-30 22:01:02,949 | check_api_key took 2.18ms
2026-07-30 22:01:02,949 | blacklist took 2.38ms
2026-07-30 22:01:02,949 | log_requests took 2.51ms
2026-07-30 22:01:02,949 | timing took 2.61ms
2026-07-30 22:01:02,951 | authorization took 1.31ms
2026-07-30 22:01:02,952 | check_api_key took 1.43ms
2026-07-30 22:01:02,952 | blacklist took 1.64ms
2026-07-30 22:01:02,952 | log_requests took 1.77ms
2026-07-30 22:01:02,952 | timing took 1.87ms
2026-07-30 22:01:02,954 | authorization took 0.83ms
2026-07-30 22:01:02,954 | check_api_key took 0.94ms
2026-07-30 22:01:02,954 | blacklist took 1.14ms
2026-07-30 22:01:02,955 | log_requests took 1.26ms
2026-07-30 22:01:02,955 | timing took 1.35ms
2026-07-30 22:01:02,957 | authorization took 0.81ms
2026-07-30 22:01:02,957 | check_api_key took 0.91ms
2026-07-30 22:01:02,957 | blacklist took 1.10ms
2026-07-30 22:01:02,957 | log_requests took 1.22ms
2026-07-30 22:01:02,957 | timing took 1.31ms
2026-07-30 22:01:02,960 | authorization took 1.06ms
2026-07-30 22:01:02,960 | check_api_key took 1.17ms
2026-07-30 22:01:02,960 | blacklist took 1.37ms
2026-07-30 22:01:02,960 | log_requests took 1.49ms
2026-07-30 22:01:02,960 | timing took 1.59ms
2026-07-30 22:01:02,962 | authorization took 0.34ms
2026-07-30 22:01:02,962 | check_api_key took 0.46ms
2026-07-30 22:01:02,962 | blacklist took 0.66ms
2026-07-30 22:01:02,962 | log_requests took 0.79ms
2026-07-30 22:01:02,962 | timing took 0.88ms
2026-07-30 22:01:02,965 | authorization took 1.02ms
2026-07-30 22:01:02,965 | check_api_key took 1.16ms
2026-07-30 22:01:02,965 | blacklist took 1.33ms
2026-07-30 22:01:02,965 | log_requests took 1.45ms
2026-07-30 22:01:02,965 | timing took 1.54ms
2026-07-30 22:01:02,970 | authorization took 3.01ms
2026-07-30 22:01:02,970 | check_api_key took 3.13ms
2026-07-30 22:01:02,970 | blacklist took 3.42ms
2026-07-30 22:01:02,970 | log_requests took 3.54ms
2026-07-30 22:01:02,970 | timing took 3.64ms
2026-07-30 22:01:02,974 | authorization took 2.12ms
2026-07-30 22:01:02,974 | check_api_key took 2.31ms
2026-07-30 22:01:02,974 | blacklist took 2.50ms
2026-07-30 22:01:02,974 | log_requests took 2.62ms
2026-07-30 22:01:02,974 | timing took 2.71ms
2026-07-30 22:01:02,976 | authorization took 0.90ms
2026-07-30 22:01:02,976 | check_api_key took 1.02ms
2026-07-30 22:01:02,977 | blacklist took 1.22ms
2026-07-30 22:01:02,977 | log_requests took 1.35ms
2026-07-30 22:01:02,977 | timing took 1.44ms
2026-07-30 22:01:02,978 | check_api_key took 0.02ms
2026-07-30 22:01:02,978 | blacklist took 0.22ms
2026-07-30 22:01:02,979 | log_requests took 0.33ms
2026-07-30 22:01:02,979 | timing took 0.42ms
2026-07-30 22:01:02,983 | authorization took 2.14ms
2026-07-30 22:01:02,983 | check_api_key took 2.27ms
2026-07-30 22:01:02,983 | blacklist took 2.47ms
2026-07-30 22:01:02,983 | log_requests took 2.60ms
2026-07-30 22:01:02,983 | timing took 2.70ms
2026-07-30 22:01:02,986 | authorization took 2.16ms
2026-07-30 22:01:02,986 | check_api_key took 2.26ms
2026-07-30 22:01:02,986 | blacklist took 2.47ms
2026-07-30 22:01:02,986 | log_requests took 2.59ms
2026-07-30 22:01:02,986 | timing took 2.68ms
2026-07-30 22:01:02,995 | authorization took 7.94ms
2026-07-30 22:01:02,996 | check_api_key took 8.33ms
2026-07-30 22:01:02,996 | blacklist took 8.53ms
2026-07-30 22:01:02,996 | log_requests took 8.68ms
2026-07-30 22:01:02,996 | timing took 8.78ms
2026-07-30 22:01:03,189 | authorization took 190.50ms
2026-07-30 22:01:03,189 | check_api_key took 190.67ms
2026-07-30 22:01:03,189 | blacklist took 190.91ms
2026-07-30 22:01:03,189 | log_requests took 191.06ms
2026-07-30 22:01:03,189 | timing took 191.16ms
2026-07-30 22:01:03,192 | authorization took 1.81ms
2026-07-30 22:01:03,193 | check_api_key took 2.25ms
2026-07-30 22:01:03,193 | blacklist took 2.52ms
2026-07-30 22:01:03,193 | log_requests took 2.65ms
2026-07-30 22:01:03,193 | timing took 2.75ms
2026-07-30 22:01:03,197 | authorization took 1.92ms
2026-07-30 22:01:03,197 | check_api_key took 2.02ms
2026-07-30 22:01:03,197 | blacklist took 2.22ms
2026-07-30 22:01:03,197 | log_requests took 2.34ms
2026-07-30 22:01:03,197 | timing took 2.44ms
2026-07-30 22:01:03,200 | authorization took 2.46ms
2026-07-30 22:01:03,201 | check_api_key took 2.59ms
2026-07-30 22:01:03,201 | blacklist took 2.79ms
2026-07-30 22:01:03,201 | log_requests took 2.93ms
2026-07-30 22:01:03,201 | timing took 3.03ms
2026-07-30 22:01:03,204 | authorization took 1.85ms
2026-07-30 22:01:03,204 | check_api_key took 1.96ms
2026-07-30 22:01:03,204 | blacklist took 2.20ms
2026-07-30 22:01:03,204 | log_requests took 2.32ms
2026-07-30 22:01:03,204 | timing took 2.41ms
2026-07-30 22:01:03,207 | authorization took 1.79ms
2026-07-30 22:01:03,207 | check_api_key took 1.90ms
2026-07-30 22:01:03,207 | blacklist took 2.09ms
2026-07-30 22:01:03,207 | log_requests took 2.21ms
2026-07-30 22:01:03,207 | timing took 2.30ms
2026-07-30 22:01:03,210 | authorization took 1.88ms
2026-07-30 22:01:03,210 | check_api_key took 1.98ms
2026-07-30 22:01:03,210 | blacklist took 2.18ms
2026-07-30 22:01:03,210 | log_requests took 2.30ms
2026-07-30 22:01:03,210 | timing took 2.40ms
2026-07-30 22:01:03,214 | authorization took 2.50ms
2026-07-30 22:01:03,214 | check_api_key took 2.77ms
2026-07-30 22:01:03,214 | blacklist took 2.98ms
2026-07-30 22:01:03,214 | log_requests took 3.11ms
2026-07-30 22:01:03,214 | timing took 3.20ms
2026-07-30 22:01:03,218 | authorization took 1.97ms
2026-07-30 22:01:03,218 | check_api_key took 2.08ms
2026-07-30 22:01:03,218 | blacklist took 2.27ms
2026-07-30 22:01:03,218 | log_requests took 2.39ms
2026-07-30 22:01:03,218 | timing took 2.49ms
2026-07-30 22:01:03,221 | authorization took 1.74ms
2026-07-30 22:01:03,221 | check_api_key took 1.84ms
2026-07-30 22:01:03,221 | blacklist took 2.04ms
2026-07-30 22:01:03,221 | log_requests took 2.15ms
2026-07-30 22:01:03,221 | timing took 2.25ms
2026-07-30 22:01:03,225 | authorization took 1.85ms
2026-07-30 22:01:03,225 | check_api_key took 1.96ms
2026-07-30 22:01:03,225 | blacklist took 2.20ms
2026-07-30 22:01:03,225 | log_requests took 2.32ms
2026-07-30 22:01:03,225 | timing took 2.41ms
2026-07-30 22:01:03,228 | authorization took 2.02ms
2026-07-30 22:01:03,228 | check_api_key took 2.12ms
2026-07-30 22:01:03,228 | blacklist took 2.32ms
2026-07-30 22:01:03,228 | log_requests took 2.45ms
2026-07-30 22:01:03,228 | timing took 2.54ms
2026-07-30 22:01:03,231 | authorization took 1.86ms
2026-07-30 22:01:03,231 | check_api_key took 1.97ms
2026-07-30 22:01:03,231 | blacklist took 2.17ms
2026-07-30 22:01:03,231 | log_requests took 2.30ms
2026-07-30 22:01:03,231 | timing took 2.40ms
2026-07-30 22:01:03,235 | authorization took 2.38ms
2026-07-30 22:01:03,235 | check_api_key took 2.62ms
2026-07-30 22:01:03,235 | blacklist took 2.82ms
2026-07-30 22:01:03,235 | log_requests took 2.95ms
2026-07-30 22:01:03,235 | timing took 3.05ms
2026-07-30 22:01:03,238 | authorization took 2.13ms
2026-07-30 22:01:03,239 | check_api_key took 2.37ms
2026-07-30 22:01:03,239 | blacklist took 2.58ms
2026-07-30 22:01:03,239 | log_requests took 2.71ms
2026-07-30 22:01:03,239 | timing took 2.80ms
2026-07-30 22:01:03,243 | authorization took 2.14ms
2026-07-30 22:01:03,243 | check_api_key took 2.25ms
2026-07-30 22:01:03,243 | blacklist took 2.46ms
2026-07-30 22:01:03,243 | log_requests took 2.59ms
2026-07-30 22:01:03,243 | timing took 2.69ms
2026-07-30 22:01:03,247 | authorization took 2.44ms
2026-07-30 22:01:03,247 | check_api_key took 2.55ms
2026-07-30 22:01:03,247 | blacklist took 2.75ms
2026-07-30 22:01:03,247 | log_requests took 2.87ms
2026-07-30 22:01:03,247 | timing took 2.97ms
2026-07-30 22:01:03,250 | authorization took 2.05ms
2026-07-30 22:01:03,250 | check_api_key took 2.16ms
2026-07-30 22:01:03,250 | blacklist took 2.37ms
2026-07-30 22:01:03,250 | log_requests took 2.49ms
2026-07-30 22:01:03,250 | timing took 2.59ms
2026-07-30 22:01:03,254 | authorization took 2.13ms
2026-07-30 22:01:03,254 | check_api_key took 2.38ms
2026-07-30 22:01:03,254 | blacklist took 2.67ms
2026-07-30 22:01:03,254 | log_requests took 2.79ms
2026-07-30 22:01:03,254 | timing took 2.88ms
2026-07-30 22:01:03,257 | authorization took 1.30ms
2026-07-30 22:01:03,257 | check_api_key took 1.53ms
2026-07-30 22:01:03,257 | blacklist took 1.71ms
2026-07-30 22:01:03,257 | log_requests took 1.83ms
2026-07-30 22:01:03,257 | timing took 1.92ms
2026-07-30 22:01:03,260 | authorization took 0.56ms
2026-07-30 22:01:03,260 | check_api_key took 0.68ms
2026-07-30 22:01:03,260 | blacklist took 0.85ms
2026-07-30 22:01:03,260 | log_requests took 0.98ms
2026-07-30 22:01:03,260 | timing took 1.07ms
2026-07-30 22:01:03,262 | authorization took 0.32ms
2026-07-30 22:01:03,262 | check_api_key took 0.43ms
2026-07-30 22:01:03,262 | blacklist took 0.63ms
2026-07-30 22:01:03,262 | log_requests took 0.75ms
2026-07-30 22:01:03,262 | timing took 0.84ms
2026-07-30 22:01:03,264 | authorization took 0.26ms
2026-07-30 22:01:03,264 | check_api_key took 0.37ms
2026-07-30 22:01:03,264 | blacklist took 0.56ms
2026-07-30 22:01:03,264 | log_requests took 0.68ms
2026-07-30 22:01:03,265 | timing took 0.78ms
2026-07-30 22:01:03,266 | authorization took 0.26ms
2026-07-30 22:01:03,266 | check_api_key took 0.36ms
2026-07-30 22:01:03,267 | blacklist took 0.55ms
2026-07-30 22:01:03,267 | log_requests took 0.67ms
2026-07-30 22:01:03,267 | timing took 0.76ms
2026-07-30 22:01:03,269 | authorization took 0.34ms
2026-07-30 22:01:03,269 | check_api_key took 0.46ms
2026-07-30 22:01:03,269 | blacklist took 0.67ms
2026-07-30 22:01:03,269 | log_requests took 0.79ms
2026-07-30 22:01:03,269 | timing took 0.88ms
2026-07-30 22:01:03,273 | authorization took 2.19ms
2026-07-30 22:01:03,273 | check_api_key took 2.29ms
2026-07-30 22:01:03,273 | blacklist took 2.47ms
2026-07-30 22:01:03,273 | log_requests took 2.59ms
2026-07-30 22:01:03,273 | timing took 2.69ms
2026-07-30 22:01:03,275 | authorization took 1.24ms
2026-07-30 22:01:03,275 | check_api_key took 1.35ms
2026-07-30 22:01:03,275 | blacklist took 1.53ms
2026-07-30 22:01:03,275 | log_requests took 1.65ms
2026-07-30 22:01:03,275 | timing took 1.77ms
2026-07-30 22:01:03,279 | authorization took 1.94ms
2026-07-30 22:01:03,279 | check_api_key took 2.05ms
2026-07-30 22:01:03,279 | blacklist took 2.26ms
2026-07-30 22:01:03,279 | log_requests took 2.39ms
2026-07-30 22:01:03,279 | timing took 2.49ms
2026-07-30 22:01:03,282 | authorization took 0.84ms
2026-07-30 22:01:03,282 | check_api_key took 0.93ms
2026-07-30 22:01:03,282 | blacklist took 1.13ms
2026-07-30 22:01:03,282 | log_requests took 1.25ms
2026-07-30 22:01:03,282 | timing took 1.34ms
2026-07-30 22:01:03,284 | check_api_key took 0.01ms
2026-07-30 22:01:03,284 | blacklist took 0.19ms
2026-07-30 22:01:03,284 | log_requests took 0.30ms
2026-07-30 22:01:03,284 | timing took 0.40ms
2026-07-30 22:01:03,285 | check_api_key took 0.12ms
2026-07-30 22:01:03,286 | blacklist took 0.31ms
2026-07-30 22:01:03,286 | log_requests took 0.43ms
2026-07-30 22:01:03,286 | timing took 0.52ms
2026-07-30 22:01:03,289 | authorization took 1.69ms
2026-07-30 22:01:03,289 | check_api_key took 1.92ms
2026-07-30 22:01:03,289 | blacklist took 2.10ms
2026-07-30 22:01:03,289 | log_requests took 2.22ms
2026-07-30 22:01:03,289 | timing took 2.31ms
2026-07-30 22:01:03,291 | check_api_key took 0.12ms
2026-07-30 22:01:03,291 | blacklist took 0.31ms
2026-07-30 22:01:03,291 | log_requests took 0.45ms
2026-07-30 22:01:03,291 | timing took 0.55ms
2026-07-30 22:01:03,293 | blacklist took 0.09ms
2026-07-30 22:01:03,293 | log_requests took 0.21ms
2026-07-30 22:01:03,293 | timing took 0.30ms
2026-07-30 22:01:03,297 | authorization took 1.49ms
2026-07-30 22:01:03,297 | check_api_key took 1.73ms
2026-07-30 22:01:03,297 | blacklist took 1.93ms
2026-07-30 22:01:03,297 | log_requests took 2.05ms
2026-07-30 22:01:03,297 | timing took 2.14ms
2026-07-30 22:01:03,300 | authorization took 1.37ms
2026-07-30 22:01:03,301 | check_api_key took 1.60ms
2026-07-30 22:01:03,301 | blacklist took 1.82ms
2026-07-30 22:01:03,301 | log_requests took 1.95ms
2026-07-30 22:01:03,301 | timing took 2.05ms
2026-07-30 22:01:03,302 | blacklist took 0.07ms
2026-07-30 22:01:03,302 | log_requests took 0.19ms
2026-07-30 22:01:03,302 | timing took 0.27ms
2026-07-30 22:01:03,304 | authorization took 1.30ms
2026-07-30 22:01:03,304 | check_api_key took 1.53ms
2026-07-30 22:01:03,304 | blacklist took 1.68ms
2026-07-30 22:01:03,304 | log_requests took 1.80ms
2026-07-30 22:01:03,305 | timing took 1.88ms
2026-07-30 22:01:03,306 | blacklist took 0.09ms
2026-07-30 22:01:03,306 | log_requests took 0.22ms
2026-07-30 22:01:03,306 | timing took 0.31ms
2026-07-30 22:01:03,308 | blacklist took 0.09ms
2026-07-30 22:01:03,308 | log_requests took 0.22ms
2026-07-30 22:01:03,308 | timing took 0.31ms
2026-07-30 22:01:03,310 | authorization took 0.33ms
2026-07-30 22:01:03,310 | check_api_key took 0.43ms
2026-07-30 22:01:03,310 | blacklist took 0.62ms
2026-07-30 22:01:03,310 | log_requests took 0.73ms
2026-07-30 22:01:03,311 | timing took 0.83ms
2026-07-30 22:01:03,312 | check_api_key took 0.01ms
2026-07-30 22:01:03,312 | blacklist took 0.17ms
2026-07-30 22:01:03,312 | log_requests took 0.29ms
2026-07-30 22:01:03,312 | timing took 0.37ms
2026-07-30 22:01:03,316 | authorization took 2.15ms
2026-07-30 22:01:03,316 | check_api_key took 2.25ms
2026-07-30 22:01:03,316 | blacklist took 2.44ms
2026-07-30 22:01:03,316 | log_requests took 2.56ms
2026-07-30 22:01:03,316 | timing took 2.65ms
2026-07-30 22:01:03,318 | authorization took 1.34ms
2026-07-30 22:01:03,318 | check_api_key took 1.45ms
2026-07-30 22:01:03,318 | blacklist took 1.63ms
2026-07-30 22:01:03,319 | log_requests took 1.75ms
2026-07-30 22:01:03,319 | timing took 1.85ms
2026-07-30 22:01:03,322 | authorization took 1.69ms
2026-07-30 22:01:03,322 | check_api_key took 1.79ms
2026-07-30 22:01:03,322 | blacklist took 1.96ms
2026-07-30 22:01:03,322 | log_requests took 2.08ms
2026-07-30 22:01:03,322 | timing took 2.17ms
2026-07-30 22:01:03,324 | authorization took 1.16ms
2026-07-30 22:01:03,324 | check_api_key took 1.26ms
2026-07-30 22:01:03,324 | blacklist took 1.45ms
2026-07-30 22:01:03,324 | log_requests took 1.60ms
2026-07-30 22:01:03,325 | timing took 1.71ms
2026-07-30 22:01:03,327 | authorization took 1.08ms
2026-07-30 22:01:03,327 | check_api_key took 1.18ms
2026-07-30 22:01:03,327 | blacklist took 1.34ms
2026-07-30 22:01:03,327 | log_requests took 1.46ms
2026-07-30 22:01:03,327 | timing took 1.56ms
2026-07-30 22:01:03,329 | authorization took 1.10ms
2026-07-30 22:01:03,329 | check_api_key took 1.21ms
2026-07-30 22:01:03,329 | blacklist took 1.43ms
2026-07-30 22:01:03,329 | log_requests took 1.55ms
2026-07-30 22:01:03,329 | timing took 1.65ms
2026-07-30 22:01:03,355 | authorization took 2.14ms
2026-07-30 22:01:03,355 | check_api_key took 2.27ms
2026-07-30 22:01:03,355 | blacklist took 2.49ms
2026-07-30 22:01:03,355 | log_requests took 2.62ms
2026-07-30 22:01:03,355 | timing took 2.73ms
2026-07-30 22:01:03,358 | authorization took 1.32ms
2026-07-30 22:01:03,358 | check_api_key took 1.43ms
2026-07-30 22:01:03,358 | blacklist took 1.63ms
2026-07-30 22:01:03,358 | log_requests took 1.75ms
2026-07-30 22:01:03,358 | timing took 1.85ms
2026-07-30 22:01:03,360 | authorization took 1.28ms
2026-07-30 22:01:03,360 | check_api_key took 1.54ms
2026-07-30 22:01:03,361 | blacklist took 1.70ms
2026-07-30 22:01:03,361 | log_requests took 1.83ms
2026-07-30 22:01:03,361 | timing took 1.93ms
2026-07-30 22:01:03,362 | authorization took 0.45ms
2026-07-30 22:01:03,362 | check_api_key took 0.56ms
2026-07-30 22:01:03,362 | blacklist took 0.74ms
2026-07-30 22:01:03,362 | log_requests took 0.85ms
2026-07-30 22:01:03,362 | timing took 0.94ms
2026-07-30 22:01:03,366 | authorization took 2.07ms
2026-07-30 22:01:03,366 | check_api_key took 2.16ms
2026-07-30 22:01:03,366 | blacklist took 2.33ms
2026-07-30 22:01:03,366 | log_requests took 2.45ms
2026-07-30 22:01:03,366 | timing took 2.53ms
2026-07-30 22:01:03,368 | authorization took 1.17ms
2026-07-30 22:01:03,368 | check_api_key took 1.27ms
2026-07-30 22:01:03,368 | blacklist took 1.45ms
2026-07-30 22:01:03,369 | log_requests took 1.57ms
2026-07-30 22:01:03,369 | timing took 1.67ms
2026-07-30 22:01:03,371 | authorization took 1.59ms
2026-07-30 22:01:03,371 | check_api_key took 1.82ms
2026-07-30 22:01:03,371 | blacklist took 2.01ms
2026-07-30 22:01:03,371 | log_requests took 2.13ms
2026-07-30 22:01:03,372 | timing took 2.22ms
2026-07-30 22:01:03,374 | authorization took 1.21ms
2026-07-30 22:01:03,374 | check_api_key took 1.30ms
2026-07-30 22:01:03,374 | blacklist took 1.47ms
2026-07-30 22:01:03,374 | log_requests took 1.59ms
2026-07-30 22:01:03,374 | timing took 1.70ms
2026-07-30 22:01:03,378 | authorization took 1.88ms
2026-07-30 22:01:03,378 | check_api_key took 1.98ms
2026-07-30 22:01:03,378 | blacklist took 2.16ms
2026-07-30 22:01:03,378 | log_requests took 2.28ms
2026-07-30 22:01:03,378 | timing took 2.37ms
2026-07-30 22:01:03,380 | authorization took 1.07ms
2026-07-30 22:01:03,380 | check_api_key took 1.17ms
2026-07-30 22:01:03,380 | blacklist took 1.33ms
2026-07-30 22:01:03,380 | log_requests took 1.45ms
2026-07-30 22:01:03,380 | timing took 1.54ms
2026-07-30 22:01:03,382 | authorization took 0.85ms
2026-07-30 22:01:03,382 | check_api_key took 1.08ms
2026-07-30 22:01:03,382 | blacklist took 1.23ms
2026-07-30 22:01:03,382 | log_requests took 1.34ms
2026-07-30 22:01:03,382 | timing took 1.43ms
2026-07-30 22:01:03,571 | authorization took 187.53ms
2026-07-30 22:01:03,571 | check_api_key took 187.66ms
2026-07-30 22:01:03,572 | blacklist took 187.85ms
2026-07-30 22:01:03,572 | log_requests took 187.99ms
2026-07-30 22:01:03,572 | timing took 188.09ms
2026-07-30 22:01:03,757 | authorization took 183.60ms
2026-07-30 22:01:03,757 | check_api_key took 183.77ms
2026-07-30 22:01:03,757 | blacklist took 184.01ms
2026-07-30 22:01:03,757 | log_requests took 184.16ms
2026-07-30 22:01:03,757 | timing took 184.28ms
2026-07-30 22:01:03,937 | authorization took 178.61ms
2026-07-30 22:01:03,937 | check_api_key took 178.74ms
2026-07-30 22:01:03,937 | blacklist took 178.99ms
2026-07-30 22:01:03,937 | log_requests took 179.12ms
2026-07-30 22:01:03,937 | timing took 179.23ms
2026-07-30 22:26:44,928 | authorization took 8.79ms
2026-07-30 22:26:44,928 | check_api_key took 9.00ms
2026-07-30 22:26:44,928 | blacklist took 9.49ms
2026-07-30 22:26:44,928 | log_requests took 9.90ms
2026-07-30 22:26:44,928 | timing took 10.02ms
2026-07-30 22:26:44,932 | authorization took 2.03ms
2026-07-30 22:26:44,932 | check_api_key took 2.15ms
2026-07-30 22:26:44,932 | blacklist took 2.37ms
2026-07-30 22:26:44,932 | log_requests took 2.50ms
2026-07-30 22:26:44,932 | timing took 2.61ms
2026-07-30 22:26:44,938 | authorization took 2.67ms
2026-07-30 22:26:44,938 | check_api_key took 2.79ms
2026-07-30 22:26:44,938 | blacklist took 2.99ms
2026-07-30 22:26:44,938 | log_requests took 3.11ms
2026-07-30 22:26:44,938 | timing took 3.20ms
2026-07-30 22:26:44,941 | authorization took 1.85ms
2026-07-30 22:26:44,941 | check_api_key took 2.10ms
2026-07-30 22:26:44,941 | blacklist took 2.30ms
2026-07-30 22:26:44,941 | log_requests took 2.43ms
2026-07-30 22:26:44,941 | timing took 2.53ms
2026-07-30 22:26:44,943 | authorization took 0.51ms
2026-07-30 22:26:44,943 | check_api_key took 0.61ms
2026-07-30 22:26:44,943 | blacklist took 0.80ms
2026-07-30 22:26:44,943 | log_requests took 0.93ms
2026-07-30 22:26:44,943 | timing took 1.02ms
2026-07-30 22:26:44,946 | authorization took 1.00ms
2026-07-30 22:26:44,946 | check_api_key took 1.23ms
2026-07-30 22:26:44,946 | blacklist took 1.42ms
2026-07-30 22:26:44,946 | log_requests took 1.54ms
2026-07-30 22:26:44,946 | timing took 1.62ms
2026-07-30 22:26:44,948 | authorization took 0.73ms
2026-07-30 22:26:44,948 | check_api_key took 0.83ms
2026-07-30 22:26:44,948 | blacklist took 1.01ms
2026-07-30 22:26:44,948 | log_requests took 1.12ms
2026-07-30 22:26:44,948 | timing took 1.21ms
2026-07-30 22:26:44,953 | authorization took 2.61ms
2026-07-30 22:26:44,953 | check_api_key took 2.75ms
2026-07-30 22:26:44,953 | blacklist took 2.94ms
2026-07-30 22:26:44,953 | log_requests took 3.09ms
2026-07-30 22:26:44,953 | timing took 3.21ms
2026-07-30 22:26:44,955 | authorization took 1.16ms
2026-07-30 22:26:44,955 | check_api_key took 1.27ms
2026-07-30 22:26:44,955 | blacklist took 1.47ms
2026-07-30 22:26:44,956 | log_requests took 1.59ms
2026-07-30 22:26:44,956 | timing took 1.70ms
2026-07-30 22:26:44,957 | authorization took 0.31ms
2026-07-30 22:26:44,957 | check_api_key took 0.41ms
2026-07-30 22:26:44,957 | blacklist took 0.59ms
2026-07-30 22:26:44,957 | log_requests took 0.71ms
2026-07-30 22:26:44,957 | timing took 0.81ms
2026-07-30 22:26:44,983 | authorization took 2.43ms
2026-07-30 22:26:44,983 | check_api_key took 2.58ms
2026-07-30 22:26:44,983 | blacklist took 2.78ms
2026-07-30 22:26:44,983 | log_requests took 2.92ms
2026-07-30 22:26:44,983 | timing took 3.02ms
2026-07-30 22:26:44,985 | authorization took 1.31ms
2026-07-30 22:26:44,985 | check_api_key took 1.42ms
2026-07-30 22:26:44,985 | blacklist took 1.62ms
2026-07-30 22:26:44,985 | log_requests took 1.74ms
2026-07-30 22:26:44,986 | timing took 1.84ms
2026-07-30 22:26:44,989 | authorization took 2.24ms
2026-07-30 22:26:44,989 | check_api_key took 2.34ms
2026-07-30 22:26:44,989 | blacklist took 2.54ms
2026-07-30 22:26:44,990 | log_requests took 2.65ms
2026-07-30 22:26:44,990 | timing took 2.73ms
2026-07-30 22:26:44,993 | authorization took 1.87ms
2026-07-30 22:26:44,993 | check_api_key took 1.97ms
2026-07-30 22:26:44,993 | blacklist took 2.19ms
2026-07-30 22:26:44,993 | log_requests took 2.31ms
2026-07-30 22:26:44,993 | timing took 2.40ms
2026-07-30 22:26:44,995 | authorization took 1.31ms
2026-07-30 22:26:44,995 | check_api_key took 1.42ms
2026-07-30 22:26:44,995 | blacklist took 1.60ms
2026-07-30 22:26:44,995 | log_requests took 1.72ms
2026-07-30 22:26:44,995 | timing took 1.83ms
2026-07-30 22:26:44,997 | authorization took 1.24ms
2026-07-30 22:26:44,997 | check_api_key took 1.34ms
2026-07-30 22:26:44,998 | blacklist took 1.52ms
2026-07-30 22:26:44,998 | log_requests took 1.64ms
2026-07-30 22:26:44,998 | timing took 1.73ms
2026-07-30 22:26:44,999 | authorization took 0.34ms
2026-07-30 22:26:44,999 | check_api_key took 0.45ms
2026-07-30 22:26:44,999 | blacklist took 0.64ms
2026-07-30 22:26:44,999 | log_requests took 0.75ms
2026-07-30 22:26:44,999 | timing took 0.85ms
2026-07-30 22:26:45,012 | authorization took 2.14ms
2026-07-30 22:26:45,012 | check_api_key took 2.26ms
2026-07-30 22:26:45,012 | blacklist took 2.47ms
2026-07-30 22:26:45,012 | log_requests took 2.60ms
2026-07-30 22:26:45,012 | timing took 2.69ms
2026-07-30 22:26:45,014 | authorization took 1.60ms
2026-07-30 22:26:45,015 | check_api_key took 1.70ms
2026-07-30 22:26:45,015 | blacklist took 1.90ms
2026-07-30 22:26:45,015 | log_requests took 2.01ms
2026-07-30 22:26:45,015 | timing took 2.10ms
2026-07-30 22:26:45,020 | authorization took 2.86ms
2026-07-30 22:26:45,020 | check_api_key took 2.99ms
2026-07-30 22:26:45,020 | blacklist took 3.19ms
2026-07-30 22:26:45,020 | log_requests took 3.32ms
2026-07-30 22:26:45,020 | timing took 3.42ms
2026-07-30 22:26:45,023 | authorization took 1.46ms
2026-07-30 22:26:45,023 | check_api_key took 1.70ms
2026-07-30 22:26:45,023 | blacklist took 1.89ms
2026-07-30 22:26:45,023 | log_requests took 2.00ms
2026-07-30 22:26:45,023 | timing took 2.11ms
2026-07-30 22:26:45,024 | authorization took 0.47ms
2026-07-30 22:26:45,025 | check_api_key took 0.57ms
2026-07-30 22:26:45,025 | blacklist took 0.76ms
2026-07-30 22:26:45,025 | log_requests took 0.87ms
2026-07-30 22:26:45,025 | timing took 0.96ms
2026-07-30 22:26:45,028 | authorization took 1.97ms
2026-07-30 22:26:45,029 | check_api_key took 2.06ms
2026-07-30 22:26:45,029 | blacklist took 2.24ms
2026-07-30 22:26:45,029 | log_requests took 2.35ms
2026-07-30 22:26:45,029 | timing took 2.43ms
2026-07-30 22:26:45,032 | authorization took 1.95ms
2026-07-30 22:26:45,032 | check_api_key took 2.06ms
2026-07-30 22:26:45,032 | blacklist took 2.26ms
2026-07-30 22:26:45,033 | log_requests took 2.40ms
2026-07-30 22:26:45,033 | timing took 2.49ms
2026-07-30 22:26:45,035 | authorization took 1.04ms
2026-07-30 22:26:45,035 | check_api_key took 1.15ms
2026-07-30 22:26:45,036 | blacklist took 1.33ms
2026-07-30 22:26:45,036 | log_requests took 1.45ms
2026-07-30 22:26:45,036 | timing took 1.54ms
2026-07-30 22:26:45,039 | authorization took 1.95ms
2026-07-30 22:26:45,039 | check_api_key took 2.05ms
2026-07-30 22:26:45,039 | blacklist took 2.25ms
2026-07-30 22:26:45,039 | log_requests took 2.36ms
2026-07-30 22:26:45,039 | timing took 2.44ms
2026-07-30 22:26:45,042 | authorization took 1.30ms
2026-07-30 22:26:45,042 | check_api_key took 1.53ms
2026-07-30 22:26:45,042 | blacklist took 1.74ms
2026-07-30 22:26:45,042 | log_requests took 1.85ms
2026-07-30 22:26:45,042 | timing took 1.95ms
2026-07-30 22:26:45,043 | authorization took 0.46ms
2026-07-30 22:26:45,044 | check_api_key took 0.56ms
2026-07-30 22:26:45,044 | blacklist took 0.75ms
2026-07-30 22:26:45,044 | log_requests took 0.86ms
2026-07-30 22:26:45,044 | timing took 0.95ms
2026-07-30 22:26:45,048 | authorization took 2.23ms
2026-07-30 22:26:45,048 | check_api_key took 2.32ms
2026-07-30 22:26:45,048 | blacklist took 2.50ms
2026-07-30 22:26:45,048 | log_requests took 2.61ms
2026-07-30 22:26:45,048 | timing took 2.70ms
2026-07-30 22:26:45,050 | authorization took 0.59ms
2026-07-30 22:26:45,050 | check_api_key took 0.82ms
2026-07-30 22:26:45,050 | blacklist took 1.00ms
2026-07-30 22:26:45,050 | log_requests took 1.13ms
2026-07-30 22:26:45,050 | timing took 1.22ms
2026-07-30 22:26:45,052 | authorization took 1.12ms
2026-07-30 22:26:45,052 | check_api_key took 1.22ms
2026-07-30 22:26:45,052 | blacklist took 1.40ms
2026-07-30 22:26:45,052 | log_requests took 1.51ms
2026-07-30 22:26:45,052 | timing took 1.61ms
2026-07-30 22:26:45,056 | authorization took 1.99ms
2026-07-30 22:26:45,056 | check_api_key took 2.09ms
2026-07-30 22:26:45,056 | blacklist took 2.26ms
2026-07-30 22:26:45,056 | log_requests took 2.38ms
2026-07-30 22:26:45,056 | timing took 2.46ms
2026-07-30 22:26:45,057 | check_api_key took 0.01ms
2026-07-30 22:26:45,057 | blacklist took 0.19ms
2026-07-30 22:26:45,057 | log_requests took 0.30ms
2026-07-30 22:26:45,057 | timing took 0.39ms
2026-07-30 22:26:45,061 | authorization took 1.86ms
2026-07-30 22:26:45,061 | check_api_key took 1.95ms
2026-07-30 22:26:45,061 | blacklist took 2.13ms
2026-07-30 22:26:45,061 | log_requests took 2.24ms
2026-07-30 22:26:45,061 | timing took 2.33ms
2026-07-30 22:26:45,063 | authorization took 1.17ms
2026-07-30 22:26:45,063 | check_api_key took 1.40ms
2026-07-30 22:26:45,063 | blacklist took 1.58ms
2026-07-30 22:26:45,063 | log_requests took 1.69ms
2026-07-30 22:26:45,063 | timing took 1.78ms
2026-07-30 22:26:45,067 | authorization took 2.01ms
2026-07-30 22:26:45,067 | check_api_key took 2.11ms
2026-07-30 22:26:45,067 | blacklist took 2.29ms
2026-07-30 22:26:45,067 | log_requests took 2.40ms
2026-07-30 22:26:45,067 | timing took 2.49ms
2026-07-30 22:26:45,069 | authorization took 1.09ms
2026-07-30 22:26:45,069 | check_api_key took 1.19ms
2026-07-30 22:26:45,069 | blacklist took 1.36ms
2026-07-30 22:26:45,069 | log_requests took 1.47ms
2026-07-30 22:26:45,070 | timing took 1.56ms
2026-07-30 22:26:45,073 | authorization took 1.77ms
2026-07-30 22:26:45,073 | check_api_key took 1.87ms
2026-07-30 22:26:45,074 | blacklist took 2.05ms
2026-07-30 22:26:45,074 | log_requests took 2.16ms
2026-07-30 22:26:45,074 | timing took 2.25ms
2026-07-30 22:26:45,076 | authorization took 0.50ms
2026-07-30 22:26:45,076 | check_api_key took 0.61ms
2026-07-30 22:26:45,076 | blacklist took 0.79ms
2026-07-30 22:26:45,076 | log_requests took 0.90ms
2026-07-30 22:26:45,076 | timing took 1.00ms
2026-07-30 22:26:45,080 | authorization took 1.81ms
2026-07-30 22:26:45,080 | check_api_key took 2.17ms
2026-07-30 22:26:45,080 | blacklist took 2.37ms
2026-07-30 22:26:45,080 | log_requests took 2.49ms
2026-07-30 22:26:45,080 | timing took 2.57ms
2026-07-30 22:26:45,082 | authorization took 0.48ms
2026-07-30 22:26:45,082 | check_api_key took 0.58ms
2026-07-30 22:26:45,082 | blacklist took 0.76ms
2026-07-30 22:26:45,082 | log_requests took 0.88ms
2026-07-30 22:26:45,083 | timing took 0.97ms
2026-07-30 22:26:45,085 | authorization took 0.73ms
2026-07-30 22:26:45,085 | check_api_key took 0.82ms
2026-07-30 22:26:45,085 | blacklist took 1.00ms
2026-07-30 22:26:45,085 | log_requests took 1.11ms
2026-07-30 22:26:45,085 | timing took 1.20ms
2026-07-30 22:26:45,088 | authorization took 1.63ms
2026-07-30 22:26:45,088 | check_api_key took 1.73ms
2026-07-30 22:26:45,088 | blacklist took 1.93ms
2026-07-30 22:26:45,089 | log_requests took 2.04ms
2026-07-30 22:26:45,089 | timing took 2.13ms
2026-07-30 22:26:45,091 | authorization took 1.39ms
2026-07-30 22:26:45,091 | check_api_key took 1.50ms
2026-07-30 22:26:45,091 | blacklist took 1.69ms
2026-07-30 22:26:45,091 | log_requests took 1.80ms
2026-07-30 22:26:45,091 | timing took 1.90ms
2026-07-30 22:26:45,094 | authorization took 1.77ms
2026-07-30 22:26:45,095 | check_api_key took 1.86ms
2026-07-30 22:26:45,095 | blacklist took 2.04ms
2026-07-30 22:26:45,095 | log_requests took 2.14ms
2026-07-30 22:26:45,095 | timing took 2.22ms
2026-07-30 22:26:45,097 | authorization took 1.20ms
2026-07-30 22:26:45,097 | check_api_key took 1.31ms
2026-07-30 22:26:45,097 | blacklist took 1.49ms
2026-07-30 22:26:45,097 | log_requests took 1.61ms
2026-07-30 22:26:45,097 | timing took 1.71ms
2026-07-30 22:26:45,100 | authorization took 1.79ms
2026-07-30 22:26:45,101 | check_api_key took 1.92ms
2026-07-30 22:26:45,101 | blacklist took 2.13ms
2026-07-30 22:26:45,101 | log_requests took 2.25ms
2026-07-30 22:26:45,101 | timing took 2.34ms
2026-07-30 22:26:45,103 | authorization took 0.94ms
2026-07-30 22:26:45,103 | check_api_key took 1.04ms
2026-07-30 22:26:45,103 | blacklist took 1.22ms
2026-07-30 22:26:45,103 | log_requests took 1.34ms
2026-07-30 22:26:45,103 | timing took 1.42ms
2026-07-30 22:26:45,107 | authorization took 2.12ms
2026-07-30 22:26:45,107 | check_api_key took 2.22ms
2026-07-30 22:26:45,107 | blacklist took 2.65ms
2026-07-30 22:26:45,107 | log_requests took 2.76ms
2026-07-30 22:26:45,107 | timing took 2.85ms
2026-07-30 22:26:45,109 | authorization took 1.22ms
2026-07-30 22:26:45,110 | check_api_key took 1.44ms
2026-07-30 22:26:45,110 | blacklist took 1.63ms
2026-07-30 22:26:45,110 | log_requests took 1.75ms
2026-07-30 22:26:45,110 | timing took 1.85ms
2026-07-30 22:26:45,112 | authorization took 0.87ms
2026-07-30 22:26:45,112 | check_api_key took 0.97ms
2026-07-30 22:26:45,112 | blacklist took 1.17ms
2026-07-30 22:26:45,112 | log_requests took 1.28ms
2026-07-30 22:26:45,112 | timing took 1.38ms
2026-07-30 22:26:45,115 | authorization took 1.82ms
2026-07-30 22:26:45,115 | check_api_key took 1.92ms
2026-07-30 22:26:45,115 | blacklist took 2.10ms
2026-07-30 22:26:45,115 | log_requests took 2.23ms
2026-07-30 22:26:45,115 | timing took 2.32ms
2026-07-30 22:26:45,121 | authorization took 3.89ms
2026-07-30 22:26:45,121 | check_api_key took 4.11ms
2026-07-30 22:26:45,121 | blacklist took 4.27ms
2026-07-30 22:26:45,121 | log_requests took 4.40ms
2026-07-30 22:26:45,121 | timing took 4.49ms
2026-07-30 22:26:45,124 | authorization took 1.20ms
2026-07-30 22:26:45,124 | check_api_key took 1.30ms
2026-07-30 22:26:45,124 | blacklist took 1.48ms
2026-07-30 22:26:45,124 | log_requests took 1.61ms
2026-07-30 22:26:45,124 | timing took 1.70ms
2026-07-30 22:26:45,126 | authorization took 1.19ms
2026-07-30 22:26:45,126 | check_api_key took 1.30ms
2026-07-30 22:26:45,126 | blacklist took 1.50ms
2026-07-30 22:26:45,126 | log_requests took 1.63ms
2026-07-30 22:26:45,126 | timing took 1.73ms
2026-07-30 22:26:45,128 | authorization took 1.07ms
2026-07-30 22:26:45,128 | check_api_key took 1.17ms
2026-07-30 22:26:45,128 | blacklist took 1.35ms
2026-07-30 22:26:45,128 | log_requests took 1.47ms
2026-07-30 22:26:45,128 | timing took 1.56ms
2026-07-30 22:26:45,132 | authorization took 1.67ms
2026-07-30 22:26:45,132 | check_api_key took 1.77ms
2026-07-30 22:26:45,132 | blacklist took 1.96ms
2026-07-30 22:26:45,132 | log_requests took 2.10ms
2026-07-30 22:26:45,132 | timing took 2.20ms
2026-07-30 22:26:45,136 | authorization took 2.59ms
2026-07-30 22:26:45,136 | check_api_key took 2.82ms
2026-07-30 22:26:45,136 | blacklist took 3.01ms
2026-07-30 22:26:45,136 | log_requests took 3.12ms
2026-07-30 22:26:45,136 | timing took 3.21ms
2026-07-30 22:26:45,139 | authorization took 0.91ms
2026-07-30 22:26:45,139 | check_api_key took 1.12ms
2026-07-30 22:26:45,139 | blacklist took 1.29ms
2026-07-30 22:26:45,139 | log_requests took 1.40ms
2026-07-30 22:26:45,139 | timing took 1.49ms
2026-07-30 22:26:45,141 | authorization took 0.69ms
2026-07-30 22:26:45,141 | check_api_key took 0.91ms
2026-07-30 22:26:45,141 | blacklist took 1.12ms
2026-07-30 22:26:45,141 | log_requests took 1.23ms
2026-07-30 22:26:45,142 | timing took 1.32ms
2026-07-30 22:26:45,144 | authorization took 0.86ms
2026-07-30 22:26:45,144 | check_api_key took 1.08ms
2026-07-30 22:26:45,144 | blacklist took 1.27ms
2026-07-30 22:26:45,144 | log_requests took 1.38ms
2026-07-30 22:26:45,144 | timing took 1.46ms
2026-07-30 22:26:45,148 | authorization took 1.76ms
2026-07-30 22:26:45,148 | check_api_key took 1.97ms
2026-07-30 22:26:45,148 | blacklist took 2.15ms
2026-07-30 22:26:45,148 | log_requests took 2.27ms
2026-07-30 22:26:45,148 | timing took 2.36ms
2026-07-30 22:26:45,150 | authorization took 0.01ms
2026-07-30 22:26:45,150 | check_api_key took 0.26ms
2026-07-30 22:26:45,150 | blacklist took 0.41ms
2026-07-30 22:26:45,150 | log_requests took 0.53ms
2026-07-30 22:26:45,150 | timing took 0.63ms
2026-07-30 22:26:45,152 | check_api_key took 0.01ms
2026-07-30 22:26:45,152 | blacklist took 0.18ms
2026-07-30 22:26:45,152 | log_requests took 0.29ms
2026-07-30 22:26:45,152 | timing took 0.38ms
2026-07-30 22:26:45,155 | authorization took 0.01ms
2026-07-30 22:26:45,155 | check_api_key took 0.25ms
2026-07-30 22:26:45,155 | blacklist took 0.43ms
2026-07-30 22:26:45,155 | log_requests took 0.54ms
2026-07-30 22:26:45,155 | timing took 0.64ms
2026-07-30 22:26:45,159 | authorization took 1.70ms
2026-07-30 22:26:45,159 | check_api_key took 1.93ms
2026-07-30 22:26:45,159 | blacklist took 2.13ms
2026-07-30 22:26:45,159 | log_requests took 2.24ms
2026-07-30 22:26:45,159 | timing took 2.33ms
2026-07-30 22:26:45,163 | authorization took 1.85ms
2026-07-30 22:26:45,163 | check_api_key took 1.95ms
2026-07-30 22:26:45,163 | blacklist took 2.13ms
2026-07-30 22:26:45,163 | log_requests took 2.25ms
2026-07-30 22:26:45,163 | timing took 2.34ms
2026-07-30 22:26:45,166 | authorization took 2.09ms
2026-07-30 22:26:45,166 | check_api_key took 2.33ms
2026-07-30 22:26:45,166 | blacklist took 2.52ms
2026-07-30 22:26:45,166 | log_requests took 2.64ms
2026-07-30 22:26:45,166 | timing took 2.73ms
2026-07-30 22:26:45,169 | authorization took 1.18ms
2026-07-30 22:26:45,169 | check_api_key took 1.28ms
2026-07-30 22:26:45,169 | blacklist took 1.47ms
2026-07-30 22:26:45,169 | log_requests took 1.59ms
2026-07-30 22:26:45,169 | timing took 1.69ms
2026-07-30 22:26:45,172 | authorization took 1.74ms
2026-07-30 22:26:45,172 | check_api_key took 1.84ms
2026-07-30 22:26:45,172 | blacklist took 2.05ms
2026-07-30 22:26:45,172 | log_requests took 2.16ms
2026-07-30 22:26:45,172 | timing took 2.26ms
2026-07-30 22:26:45,175 | authorization took 1.87ms
2026-07-30 22:26:45,175 | check_api_key took 2.09ms
2026-07-30 22:26:45,176 | blacklist took 2.26ms
2026-07-30 22:26:45,176 | log_requests took 2.38ms
2026-07-30 22:26:45,176 | timing took 2.46ms
2026-07-30 22:26:45,179 | authorization took 1.77ms
2026-07-30 22:26:45,179 | check_api_key took 1.87ms
2026-07-30 22:26:45,179 | blacklist took 2.14ms
2026-07-30 22:26:45,179 | log_requests took 2.25ms
2026-07-30 22:26:45,180 | timing took 2.34ms
2026-07-30 22:26:45,182 | authorization took 1.50ms
2026-07-30 22:26:45,182 | check_api_key took 1.74ms
2026-07-30 22:26:45,182 | blacklist took 1.93ms
2026-07-30 22:26:45,182 | log_requests took 2.06ms
2026-07-30 22:26:45,182 | timing took 2.15ms
2026-07-30 22:26:45,184 | authorization took 0.49ms
2026-07-30 22:26:45,184 | check_api_key took 0.60ms
2026-07-30 22:26:45,184 | blacklist took 0.76ms
2026-07-30 22:26:45,184 | log_requests took 0.87ms
2026-07-30 22:26:45,184 | timing took 0.98ms
2026-07-30 22:26:45,188 | authorization took 2.22ms
2026-07-30 22:26:45,188 | check_api_key took 2.32ms
2026-07-30 22:26:45,188 | blacklist took 2.49ms
2026-07-30 22:26:45,188 | log_requests took 2.60ms
2026-07-30 22:26:45,188 | timing took 2.69ms
2026-07-30 22:26:45,190 | authorization took 0.45ms
2026-07-30 22:26:45,190 | check_api_key took 0.55ms
2026-07-30 22:26:45,190 | blacklist took 0.72ms
2026-07-30 22:26:45,190 | log_requests took 0.84ms
2026-07-30 22:26:45,190 | timing took 0.92ms
2026-07-30 22:26:45,193 | authorization took 1.49ms
2026-07-30 22:26:45,193 | check_api_key took 1.74ms
2026-07-30 22:26:45,193 | blacklist took 1.94ms
2026-07-30 22:26:45,193 | log_requests took 2.06ms
2026-07-30 22:26:45,193 | timing took 2.15ms
2026-07-30 22:26:45,195 | authorization took 1.09ms
2026-07-30 22:26:45,195 | check_api_key took 1.18ms
2026-07-30 22:26:45,195 | blacklist took 1.36ms
2026-07-30 22:26:45,195 | log_requests took 1.47ms
2026-07-30 22:26:45,196 | timing took 1.57ms
2026-07-30 22:26:45,199 | authorization took 1.64ms
2026-07-30 22:26:45,199 | check_api_key took 1.74ms
2026-07-30 22:26:45,199 | blacklist took 1.92ms
2026-07-30 22:26:45,199 | log_requests took 2.04ms
2026-07-30 22:26:45,199 | timing took 2.14ms
2026-07-30 22:26:45,203 | authorization took 1.80ms
2026-07-30 22:26:45,203 | check_api_key took 2.03ms
2026-07-30 22:26:45,203 | blacklist took 2.24ms
2026-07-30 22:26:45,203 | log_requests took 2.35ms
2026-07-30 22:26:45,203 | timing took 2.44ms
2026-07-30 22:26:45,205 | authorization took 1.12ms
2026-07-30 22:26:45,205 | check_api_key took 1.22ms
2026-07-30 22:26:45,205 | blacklist took 1.40ms
2026-07-30 22:26:45,205 | log_requests took 1.51ms
2026-07-30 22:26:45,205 | timing took 1.61ms
2026-07-30 22:26:45,209 | authorization took 1.67ms
2026-07-30 22:26:45,209 | check_api_key took 1.77ms
2026-07-30 22:26:45,209 | blacklist took 1.97ms
2026-07-30 22:26:45,209 | log_requests took 2.09ms
2026-07-30 22:26:45,209 | timing took 2.18ms
2026-07-30 22:26:45,211 | authorization took 0.85ms
2026-07-30 22:26:45,211 | check_api_key took 1.07ms
2026-07-30 22:26:45,211 | blacklist took 1.25ms
2026-07-30 22:26:45,211 | log_requests took 1.37ms
2026-07-30 22:26:45,211 | timing took 1.45ms
2026-07-30 22:26:45,215 | authorization took 2.06ms
2026-07-30 22:26:45,215 | check_api_key took 2.16ms
2026-07-30 22:26:45,215 | blacklist took 2.34ms
2026-07-30 22:26:45,215 | log_requests took 2.46ms
2026-07-30 22:26:45,215 | timing took 2.57ms
2026-07-30 22:26:45,216 | check_api_key took 0.02ms
2026-07-30 22:26:45,216 | blacklist took 0.18ms
2026-07-30 22:26:45,216 | log_requests took 0.29ms
2026-07-30 22:26:45,216 | timing took 0.38ms
2026-07-30 22:26:45,219 | authorization took 1.07ms
2026-07-30 22:26:45,219 | check_api_key took 1.28ms
2026-07-30 22:26:45,219 | blacklist took 1.44ms
2026-07-30 22:26:45,219 | log_requests took 1.56ms
2026-07-30 22:26:45,219 | timing took 1.65ms
2026-07-30 22:26:45,223 | authorization took 1.69ms
2026-07-30 22:26:45,223 | check_api_key took 1.79ms
2026-07-30 22:26:45,223 | blacklist took 1.97ms
2026-07-30 22:26:45,223 | log_requests took 2.08ms
2026-07-30 22:26:45,223 | timing took 2.17ms
2026-07-30 22:26:45,225 | authorization took 1.18ms
2026-07-30 22:26:45,225 | check_api_key took 1.39ms
2026-07-30 22:26:45,225 | blacklist took 1.56ms
2026-07-30 22:26:45,226 | log_requests took 1.67ms
2026-07-30 22:26:45,226 | timing took 1.77ms
2026-07-30 22:26:45,228 | authorization took 1.34ms
2026-07-30 22:26:45,228 | check_api_key took 1.56ms
2026-07-30 22:26:45,228 | blacklist took 1.74ms
2026-07-30 22:26:45,228 | log_requests took 1.86ms
2026-07-30 22:26:45,228 | timing took 1.96ms
2026-07-30 22:26:45,232 | authorization took 1.97ms
2026-07-30 22:26:45,232 | check_api_key took 2.06ms
2026-07-30 22:26:45,232 | blacklist took 2.26ms
2026-07-30 22:26:45,232 | log_requests took 2.37ms
2026-07-30 22:26:45,232 | timing took 2.45ms
2026-07-30 22:26:45,234 | authorization took 0.77ms
2026-07-30 22:26:45,234 | check_api_key took 1.01ms
2026-07-30 22:26:45,234 | blacklist took 1.19ms
2026-07-30 22:26:45,234 | log_requests took 1.31ms
2026-07-30 22:26:45,234 | timing took 1.41ms
2026-07-30 22:26:45,238 | authorization took 2.21ms
2026-07-30 22:26:45,238 | check_api_key took 2.31ms
2026-07-30 22:26:45,238 | blacklist took 2.51ms
2026-07-30 22:26:45,238 | log_requests took 2.63ms
2026-07-30 22:26:45,238 | timing took 2.72ms
2026-07-30 22:26:45,240 | authorization took 1.26ms
2026-07-30 22:26:45,240 | check_api_key took 1.36ms
2026-07-30 22:26:45,241 | blacklist took 1.54ms
2026-07-30 22:26:45,241 | log_requests took 1.67ms
2026-07-30 22:26:45,241 | timing took 1.77ms
2026-07-30 22:26:45,243 | authorization took 0.75ms
2026-07-30 22:26:45,243 | check_api_key took 0.84ms
2026-07-30 22:26:45,243 | blacklist took 1.02ms
2026-07-30 22:26:45,243 | log_requests took 1.13ms
2026-07-30 22:26:45,243 | timing took 1.21ms
2026-07-30 22:26:45,247 | authorization took 1.80ms
2026-07-30 22:26:45,247 | check_api_key took 1.89ms
2026-07-30 22:26:45,247 | blacklist took 2.07ms
2026-07-30 22:26:45,247 | log_requests took 2.18ms
2026-07-30 22:26:45,247 | timing took 2.27ms
2026-07-30 22:26:45,249 | authorization took 0.95ms
2026-07-30 22:26:45,249 | check_api_key took 1.19ms
2026-07-30 22:26:45,249 | blacklist took 1.39ms
2026-07-30 22:26:45,249 | log_requests took 1.50ms
2026-07-30 22:26:45,249 | timing took 1.59ms
2026-07-30 22:26:45,253 | authorization took 1.89ms
2026-07-30 22:26:45,253 | check_api_key took 2.00ms
2026-07-30 22:26:45,253 | blacklist took 2.21ms
2026-07-30 22:26:45,253 | log_requests took 2.33ms
2026-07-30 22:26:45,253 | timing took 2.42ms
2026-07-30 22:26:45,425 | authorization took 170.63ms
2026-07-30 22:26:45,425 | check_api_key took 170.89ms
2026-07-30 22:26:45,425 | blacklist took 171.10ms
2026-07-30 22:26:45,425 | log_requests took 171.24ms
2026-07-30 22:26:45,425 | timing took 171.33ms
2026-07-30 22:26:45,427 | authorization took 0.58ms
2026-07-30 22:26:45,427 | check_api_key took 0.70ms
2026-07-30 22:26:45,427 | blacklist took 0.95ms
2026-07-30 22:26:45,427 | log_requests took 1.07ms
2026-07-30 22:26:45,427 | timing took 1.18ms
2026-07-30 22:26:45,599 | authorization took 170.21ms
2026-07-30 22:26:45,599 | check_api_key took 170.36ms
2026-07-30 22:26:45,599 | blacklist took 170.56ms
2026-07-30 22:26:45,600 | log_requests took 170.70ms
2026-07-30 22:26:45,600 | timing took 170.79ms
2026-07-30 22:26:45,794 | authorization took 193.18ms
2026-07-30 22:26:45,794 | check_api_key took 193.35ms
2026-07-30 22:26:45,794 | blacklist took 193.57ms
2026-07-30 22:26:45,794 | log_requests took 193.77ms
2026-07-30 22:26:45,794 | timing took 193.88ms
2026-07-30 22:26:45,967 | authorization took 170.20ms
2026-07-30 22:26:45,967 | check_api_key took 170.34ms
2026-07-30 22:26:45,967 | blacklist took 170.57ms
2026-07-30 22:26:45,967 | log_requests took 170.72ms
2026-07-30 22:26:45,967 | timing took 170.83ms
2026-07-30 22:26:46,137 | authorization took 168.45ms
2026-07-30 22:26:46,137 | check_api_key took 168.62ms
2026-07-30 22:26:46,137 | blacklist took 168.87ms
2026-07-30 22:26:46,137 | log_requests took 169.01ms
2026-07-30 22:26:46,137 | timing took 169.12ms
2026-07-30 22:26:46,310 | authorization took 170.32ms
2026-07-30 22:26:46,310 | check_api_key took 170.46ms
2026-07-30 22:26:46,310 | blacklist took 170.68ms
2026-07-30 22:26:46,310 | log_requests took 170.83ms
2026-07-30 22:26:46,310 | timing took 170.93ms
2026-07-30 22:26:46,313 | authorization took 1.47ms
2026-07-30 22:26:46,313 | check_api_key took 1.83ms
2026-07-30 22:26:46,313 | blacklist took 2.05ms
2026-07-30 22:26:46,314 | log_requests took 2.18ms
2026-07-30 22:26:46,314 | timing took 2.29ms
2026-07-30 22:26:46,315 | authorization took 0.46ms
2026-07-30 22:26:46,315 | check_api_key took 0.56ms
2026-07-30 22:26:46,315 | blacklist took 0.74ms
2026-07-30 22:26:46,315 | log_requests took 0.85ms
2026-07-30 22:26:46,315 | timing took 0.94ms
2026-07-30 22:26:46,490 | authorization took 173.53ms
2026-07-30 22:26:46,491 | check_api_key took 173.67ms
2026-07-30 22:26:46,491 | blacklist took 173.85ms
2026-07-30 22:26:46,491 | log_requests took 173.99ms
2026-07-30 22:26:46,491 | timing took 174.10ms
2026-07-30 22:26:46,493 | authorization took 0.56ms
2026-07-30 22:26:46,493 | check_api_key took 0.67ms
2026-07-30 22:26:46,493 | blacklist took 0.86ms
2026-07-30 22:26:46,494 | log_requests took 0.99ms
2026-07-30 22:26:46,494 | timing took 1.08ms
2026-07-30 22:26:46,498 | authorization took 2.13ms
2026-07-30 22:26:46,498 | check_api_key took 2.23ms
2026-07-30 22:26:46,498 | blacklist took 2.42ms
2026-07-30 22:26:46,498 | log_requests took 2.54ms
2026-07-30 22:26:46,498 | timing took 2.63ms
2026-07-30 22:26:46,500 | authorization took 1.34ms
2026-07-30 22:26:46,500 | check_api_key took 1.48ms
2026-07-30 22:26:46,500 | blacklist took 1.70ms
2026-07-30 22:26:46,500 | log_requests took 1.84ms
2026-07-30 22:26:46,501 | timing took 1.95ms
2026-07-30 22:26:46,672 | authorization took 169.81ms
2026-07-30 22:26:46,672 | check_api_key took 170.12ms
2026-07-30 22:26:46,672 | blacklist took 170.33ms
2026-07-30 22:26:46,672 | log_requests took 170.47ms
2026-07-30 22:26:46,672 | timing took 170.56ms
2026-07-30 22:26:46,674 | authorization took 0.60ms
2026-07-30 22:26:46,674 | check_api_key took 0.71ms
2026-07-30 22:26:46,674 | blacklist took 0.91ms
2026-07-30 22:26:46,674 | log_requests took 1.03ms
2026-07-30 22:26:46,674 | timing took 1.12ms
2026-07-30 22:26:46,846 | authorization took 169.99ms
2026-07-30 22:26:46,846 | check_api_key took 170.12ms
2026-07-30 22:26:46,846 | blacklist took 170.33ms
2026-07-30 22:26:46,846 | log_requests took 170.46ms
2026-07-30 22:26:46,846 | timing took 170.55ms
2026-07-30 22:26:46,848 | authorization took 0.94ms
2026-07-30 22:26:46,848 | check_api_key took 1.06ms
2026-07-30 22:26:46,848 | blacklist took 1.27ms
2026-07-30 22:26:46,848 | log_requests took 1.39ms
2026-07-30 22:26:46,848 | timing took 1.48ms
2026-07-30 22:26:46,851 | authorization took 1.79ms
2026-07-30 22:26:46,851 | check_api_key took 2.06ms
2026-07-30 22:26:46,851 | blacklist took 2.25ms
2026-07-30 22:26:46,852 | log_requests took 2.38ms
2026-07-30 22:26:46,852 | timing took 2.47ms
2026-07-30 22:26:46,854 | authorization took 1.19ms
2026-07-30 22:26:46,854 | check_api_key took 1.29ms
2026-07-30 22:26:46,854 | blacklist took 1.47ms
2026-07-30 22:26:46,854 | log_requests took 1.59ms
2026-07-30 22:26:46,854 | timing took 1.69ms
2026-07-30 22:26:46,856 | authorization took 0.73ms
2026-07-30 22:26:46,856 | check_api_key took 0.83ms
2026-07-30 22:26:46,856 | blacklist took 1.02ms
2026-07-30 22:26:46,856 | log_requests took 1.14ms
2026-07-30 22:26:46,857 | timing took 1.23ms
2026-07-30 22:26:46,859 | authorization took 0.70ms
2026-07-30 22:26:46,859 | check_api_key took 0.79ms
2026-07-30 22:26:46,859 | blacklist took 0.98ms
2026-07-30 22:26:46,859 | log_requests took 1.09ms
2026-07-30 22:26:46,859 | timing took 1.18ms
2026-07-30 22:26:46,862 | authorization took 1.00ms
2026-07-30 22:26:46,862 | check_api_key took 1.11ms
2026-07-30 22:26:46,862 | blacklist took 1.34ms
2026-07-30 22:26:46,862 | log_requests took 1.46ms
2026-07-30 22:26:46,862 | timing took 1.55ms
2026-07-30 22:26:46,864 | authorization took 0.28ms
2026-07-30 22:26:46,864 | check_api_key took 0.37ms
2026-07-30 22:26:46,864 | blacklist took 0.54ms
2026-07-30 22:26:46,864 | log_requests took 0.65ms
2026-07-30 22:26:46,864 | timing took 0.73ms
2026-07-30 22:26:46,866 | authorization took 0.78ms
2026-07-30 22:26:46,866 | check_api_key took 0.88ms
2026-07-30 22:26:46,866 | blacklist took 1.05ms
2026-07-30 22:26:46,866 | log_requests took 1.16ms
2026-07-30 22:26:46,867 | timing took 1.25ms
2026-07-30 22:26:46,871 | authorization took 3.04ms
2026-07-30 22:26:46,871 | check_api_key took 3.16ms
2026-07-30 22:26:46,871 | blacklist took 3.37ms
2026-07-30 22:26:46,871 | log_requests took 3.50ms
2026-07-30 22:26:46,871 | timing took 3.61ms
2026-07-30 22:26:46,875 | authorization took 2.21ms
2026-07-30 22:26:46,875 | check_api_key took 2.30ms
2026-07-30 22:26:46,875 | blacklist took 2.48ms
2026-07-30 22:26:46,875 | log_requests took 2.59ms
2026-07-30 22:26:46,875 | timing took 2.68ms
2026-07-30 22:26:46,877 | authorization took 0.79ms
2026-07-30 22:26:46,877 | check_api_key took 0.89ms
2026-07-30 22:26:46,877 | blacklist took 1.06ms
2026-07-30 22:26:46,877 | log_requests took 1.18ms
2026-07-30 22:26:46,877 | timing took 1.27ms
2026-07-30 22:26:46,879 | check_api_key took 0.01ms
2026-07-30 22:26:46,879 | blacklist took 0.22ms
2026-07-30 22:26:46,879 | log_requests took 0.33ms
2026-07-30 22:26:46,879 | timing took 0.42ms
2026-07-30 22:26:46,883 | authorization took 1.95ms
2026-07-30 22:26:46,883 | check_api_key took 2.05ms
2026-07-30 22:26:46,883 | blacklist took 2.23ms
2026-07-30 22:26:46,883 | log_requests took 2.35ms
2026-07-30 22:26:46,883 | timing took 2.44ms
2026-07-30 22:26:46,886 | authorization took 1.69ms
2026-07-30 22:26:46,886 | check_api_key took 1.79ms
2026-07-30 22:26:46,886 | blacklist took 1.96ms
2026-07-30 22:26:46,886 | log_requests took 2.07ms
2026-07-30 22:26:46,886 | timing took 2.16ms
2026-07-30 22:26:46,895 | authorization took 8.36ms
2026-07-30 22:26:46,895 | check_api_key took 8.61ms
2026-07-30 22:26:46,895 | blacklist took 8.79ms
2026-07-30 22:26:46,896 | log_requests took 8.90ms
2026-07-30 22:26:46,896 | timing took 8.98ms
2026-07-30 22:26:47,067 | authorization took 169.90ms
2026-07-30 22:26:47,067 | check_api_key took 170.02ms
2026-07-30 22:26:47,067 | blacklist took 170.22ms
2026-07-30 22:26:47,068 | log_requests took 170.35ms
2026-07-30 22:26:47,068 | timing took 170.44ms
2026-07-30 22:26:47,070 | authorization took 1.57ms
2026-07-30 22:26:47,071 | check_api_key took 1.91ms
2026-07-30 22:26:47,071 | blacklist took 2.12ms
2026-07-30 22:26:47,071 | log_requests took 2.24ms
2026-07-30 22:26:47,071 | timing took 2.33ms
2026-07-30 22:26:47,074 | authorization took 1.77ms
2026-07-30 22:26:47,074 | check_api_key took 1.88ms
2026-07-30 22:26:47,074 | blacklist took 2.07ms
2026-07-30 22:26:47,075 | log_requests took 2.19ms
2026-07-30 22:26:47,075 | timing took 2.28ms
2026-07-30 22:26:47,078 | authorization took 2.06ms
2026-07-30 22:26:47,078 | check_api_key took 2.17ms
2026-07-30 22:26:47,078 | blacklist took 2.35ms
2026-07-30 22:26:47,078 | log_requests took 2.47ms
2026-07-30 22:26:47,078 | timing took 2.57ms
2026-07-30 22:26:47,081 | authorization took 1.68ms
2026-07-30 22:26:47,081 | check_api_key took 1.78ms
2026-07-30 22:26:47,081 | blacklist took 2.00ms
2026-07-30 22:26:47,081 | log_requests took 2.12ms
2026-07-30 22:26:47,081 | timing took 2.21ms
2026-07-30 22:26:47,083 | authorization took 1.57ms
2026-07-30 22:26:47,083 | check_api_key took 1.67ms
2026-07-30 22:26:47,083 | blacklist took 1.86ms
2026-07-30 22:26:47,084 | log_requests took 1.99ms
2026-07-30 22:26:47,084 | timing took 2.08ms
2026-07-30 22:26:47,086 | authorization took 1.73ms
2026-07-30 22:26:47,086 | check_api_key took 1.82ms
2026-07-30 22:26:47,086 | blacklist took 2.00ms
2026-07-30 22:26:47,087 | log_requests took 2.12ms
2026-07-30 22:26:47,087 | timing took 2.20ms
2026-07-30 22:26:47,090 | authorization took 2.29ms
2026-07-30 22:26:47,090 | check_api_key took 2.51ms
2026-07-30 22:26:47,090 | blacklist took 3.01ms
2026-07-30 22:26:47,090 | log_requests took 3.12ms
2026-07-30 22:26:47,090 | timing took 3.21ms
2026-07-30 22:26:47,094 | authorization took 1.67ms
2026-07-30 22:26:47,094 | check_api_key took 1.76ms
2026-07-30 22:26:47,094 | blacklist took 1.94ms
2026-07-30 22:26:47,094 | log_requests took 2.05ms
2026-07-30 22:26:47,094 | timing took 2.15ms
2026-07-30 22:26:47,097 | authorization took 1.66ms
2026-07-30 22:26:47,097 | check_api_key took 1.75ms
2026-07-30 22:26:47,097 | blacklist took 1.94ms
2026-07-30 22:26:47,097 | log_requests took 2.05ms
2026-07-30 22:26:47,097 | timing took 2.14ms
2026-07-30 22:26:47,099 | authorization took 1.58ms
2026-07-30 22:26:47,099 | check_api_key took 1.67ms
2026-07-30 22:26:47,100 | blacklist took 1.84ms
2026-07-30 22:26:47,100 | log_requests took 1.95ms
2026-07-30 22:26:47,100 | timing took 2.04ms
2026-07-30 22:26:47,103 | authorization took 2.21ms
2026-07-30 22:26:47,103 | check_api_key took 2.33ms
2026-07-30 22:26:47,103 | blacklist took 2.51ms
2026-07-30 22:26:47,103 | log_requests took 2.64ms
2026-07-30 22:26:47,103 | timing took 2.74ms
2026-07-30 22:26:47,106 | authorization took 1.66ms
2026-07-30 22:26:47,106 | check_api_key took 1.75ms
2026-07-30 22:26:47,106 | blacklist took 1.95ms
2026-07-30 22:26:47,106 | log_requests took 2.06ms
2026-07-30 22:26:47,106 | timing took 2.15ms
2026-07-30 22:26:47,109 | authorization took 2.10ms
2026-07-30 22:26:47,109 | check_api_key took 2.32ms
2026-07-30 22:26:47,109 | blacklist took 2.50ms
2026-07-30 22:26:47,109 | log_requests took 2.61ms
2026-07-30 22:26:47,109 | timing took 2.70ms
2026-07-30 22:26:47,112 | authorization took 2.02ms
2026-07-30 22:26:47,113 | check_api_key took 2.24ms
2026-07-30 22:26:47,113 | blacklist took 2.42ms
2026-07-30 22:26:47,113 | log_requests took 2.53ms
2026-07-30 22:26:47,113 | timing took 2.62ms
2026-07-30 22:26:47,116 | authorization took 1.63ms
2026-07-30 22:26:47,116 | check_api_key took 1.72ms
2026-07-30 22:26:47,116 | blacklist took 1.90ms
2026-07-30 22:26:47,116 | log_requests took 2.02ms
2026-07-30 22:26:47,116 | timing took 2.10ms
2026-07-30 22:26:47,119 | authorization took 1.77ms
2026-07-30 22:26:47,119 | check_api_key took 1.87ms
2026-07-30 22:26:47,119 | blacklist took 2.04ms
2026-07-30 22:26:47,119 | log_requests took 2.15ms
2026-07-30 22:26:47,119 | timing took 2.24ms
2026-07-30 22:26:47,122 | authorization took 1.58ms
2026-07-30 22:26:47,122 | check_api_key took 1.67ms
2026-07-30 22:26:47,122 | blacklist took 1.85ms
2026-07-30 22:26:47,122 | log_requests took 1.96ms
2026-07-30 22:26:47,122 | timing took 2.05ms
2026-07-30 22:26:47,125 | authorization took 1.95ms
2026-07-30 22:26:47,125 | check_api_key took 2.17ms
2026-07-30 22:26:47,125 | blacklist took 2.36ms
2026-07-30 22:26:47,125 | log_requests took 2.48ms
2026-07-30 22:26:47,125 | timing took 2.57ms
2026-07-30 22:26:47,129 | authorization took 1.28ms
2026-07-30 22:26:47,129 | check_api_key took 1.49ms
2026-07-30 22:26:47,129 | blacklist took 1.67ms
2026-07-30 22:26:47,129 | log_requests took 1.79ms
2026-07-30 22:26:47,129 | timing took 1.88ms
2026-07-30 22:26:47,131 | authorization took 0.48ms
2026-07-30 22:26:47,131 | check_api_key took 0.57ms
2026-07-30 22:26:47,131 | blacklist took 0.75ms
2026-07-30 22:26:47,131 | log_requests took 0.86ms
2026-07-30 22:26:47,131 | timing took 0.94ms
2026-07-30 22:26:47,133 | authorization took 0.29ms
2026-07-30 22:26:47,133 | check_api_key took 0.39ms
2026-07-30 22:26:47,133 | blacklist took 0.57ms
2026-07-30 22:26:47,133 | log_requests took 0.69ms
2026-07-30 22:26:47,133 | timing took 0.77ms
2026-07-30 22:26:47,135 | authorization took 0.27ms
2026-07-30 22:26:47,135 | check_api_key took 0.38ms
2026-07-30 22:26:47,135 | blacklist took 0.57ms
2026-07-30 22:26:47,135 | log_requests took 0.69ms
2026-07-30 22:26:47,135 | timing took 0.79ms
2026-07-30 22:26:47,137 | authorization took 0.24ms
2026-07-30 22:26:47,137 | check_api_key took 0.34ms
2026-07-30 22:26:47,137 | blacklist took 0.55ms
2026-07-30 22:26:47,137 | log_requests took 0.66ms
2026-07-30 22:26:47,137 | timing took 0.75ms
2026-07-30 22:26:47,139 | authorization took 0.32ms
2026-07-30 22:26:47,139 | check_api_key took 0.41ms
2026-07-30 22:26:47,139 | blacklist took 0.60ms
2026-07-30 22:26:47,139 | log_requests took 0.70ms
2026-07-30 22:26:47,139 | timing took 0.79ms
2026-07-30 22:26:47,143 | authorization took 2.05ms
2026-07-30 22:26:47,143 | check_api_key took 2.15ms
2026-07-30 22:26:47,143 | blacklist took 2.35ms
2026-07-30 22:26:47,143 | log_requests took 2.46ms
2026-07-30 22:26:47,143 | timing took 2.55ms
2026-07-30 22:26:47,146 | authorization took 1.32ms
2026-07-30 22:26:47,146 | check_api_key took 1.44ms
2026-07-30 22:26:47,146 | blacklist took 1.63ms
2026-07-30 22:26:47,146 | log_requests took 1.76ms
2026-07-30 22:26:47,146 | timing took 1.88ms
2026-07-30 22:26:47,149 | authorization took 1.59ms
2026-07-30 22:26:47,149 | check_api_key took 1.69ms
2026-07-30 22:26:47,149 | blacklist took 1.86ms
2026-07-30 22:26:47,149 | log_requests took 1.98ms
2026-07-30 22:26:47,149 | timing took 2.07ms
2026-07-30 22:26:47,152 | authorization took 0.87ms
2026-07-30 22:26:47,152 | check_api_key took 0.98ms
2026-07-30 22:26:47,152 | blacklist took 1.15ms
2026-07-30 22:26:47,152 | log_requests took 1.27ms
2026-07-30 22:26:47,152 | timing took 1.36ms
2026-07-30 22:26:47,153 | check_api_key took 0.02ms
2026-07-30 22:26:47,154 | blacklist took 0.20ms
2026-07-30 22:26:47,154 | log_requests took 0.31ms
2026-07-30 22:26:47,154 | timing took 0.42ms
2026-07-30 22:26:47,155 | check_api_key took 0.17ms
2026-07-30 22:26:47,155 | blacklist took 0.35ms
2026-07-30 22:26:47,155 | log_requests took 0.47ms
2026-07-30 22:26:47,155 | timing took 0.56ms
2026-07-30 22:26:47,159 | authorization took 1.56ms
2026-07-30 22:26:47,159 | check_api_key took 1.81ms
2026-07-30 22:26:47,159 | blacklist took 1.99ms
2026-07-30 22:26:47,159 | log_requests took 2.10ms
2026-07-30 22:26:47,159 | timing took 2.18ms
2026-07-30 22:26:47,160 | check_api_key took 0.12ms
2026-07-30 22:26:47,160 | blacklist took 0.27ms
2026-07-30 22:26:47,160 | log_requests took 0.38ms
2026-07-30 22:26:47,161 | timing took 0.47ms
2026-07-30 22:26:47,162 | blacklist took 0.07ms
2026-07-30 22:26:47,162 | log_requests took 0.19ms
2026-07-30 22:26:47,162 | timing took 0.27ms
2026-07-30 22:26:47,166 | authorization took 1.33ms
2026-07-30 22:26:47,166 | check_api_key took 1.55ms
2026-07-30 22:26:47,166 | blacklist took 1.71ms
2026-07-30 22:26:47,166 | log_requests took 1.82ms
2026-07-30 22:26:47,166 | timing took 1.90ms
2026-07-30 22:26:47,169 | authorization took 1.38ms
2026-07-30 22:26:47,169 | check_api_key took 1.60ms
2026-07-30 22:26:47,169 | blacklist took 1.76ms
2026-07-30 22:26:47,169 | log_requests took 1.88ms
2026-07-30 22:26:47,169 | timing took 1.97ms
2026-07-30 22:26:47,170 | blacklist took 0.09ms
2026-07-30 22:26:47,170 | log_requests took 0.20ms
2026-07-30 22:26:47,170 | timing took 0.29ms
2026-07-30 22:26:47,173 | authorization took 1.23ms
2026-07-30 22:26:47,173 | check_api_key took 1.44ms
2026-07-30 22:26:47,173 | blacklist took 1.59ms
2026-07-30 22:26:47,173 | log_requests took 1.70ms
2026-07-30 22:26:47,173 | timing took 1.79ms
2026-07-30 22:26:47,174 | blacklist took 0.09ms
2026-07-30 22:26:47,175 | log_requests took 0.21ms
2026-07-30 22:26:47,175 | timing took 0.29ms
2026-07-30 22:26:47,176 | blacklist took 0.06ms
2026-07-30 22:26:47,176 | log_requests took 0.18ms
2026-07-30 22:26:47,176 | timing took 0.26ms
2026-07-30 22:26:47,178 | authorization took 0.33ms
2026-07-30 22:26:47,178 | check_api_key took 0.45ms
2026-07-30 22:26:47,178 | blacklist took 0.61ms
2026-07-30 22:26:47,178 | log_requests took 0.74ms
2026-07-30 22:26:47,178 | timing took 0.85ms
2026-07-30 22:26:47,180 | check_api_key took 0.01ms
2026-07-30 22:26:47,180 | blacklist took 0.18ms
2026-07-30 22:26:47,180 | log_requests took 0.29ms
2026-07-30 22:26:47,180 | timing took 0.38ms
2026-07-30 22:26:47,183 | authorization took 1.97ms
2026-07-30 22:26:47,183 | check_api_key took 2.06ms
2026-07-30 22:26:47,183 | blacklist took 2.24ms
2026-07-30 22:26:47,183 | log_requests took 2.36ms
2026-07-30 22:26:47,183 | timing took 2.44ms
2026-07-30 22:26:47,186 | authorization took 1.21ms
2026-07-30 22:26:47,186 | check_api_key took 1.32ms
2026-07-30 22:26:47,186 | blacklist took 1.48ms
2026-07-30 22:26:47,186 | log_requests took 1.61ms
2026-07-30 22:26:47,186 | timing took 1.71ms
2026-07-30 22:26:47,189 | authorization took 1.59ms
2026-07-30 22:26:47,189 | check_api_key took 1.68ms
2026-07-30 22:26:47,189 | blacklist took 1.85ms
2026-07-30 22:26:47,189 | log_requests took 1.97ms
2026-07-30 22:26:47,189 | timing took 2.05ms
2026-07-30 22:26:47,191 | authorization took 1.11ms
2026-07-30 22:26:47,191 | check_api_key took 1.21ms
2026-07-30 22:26:47,191 | blacklist took 1.38ms
2026-07-30 22:26:47,192 | log_requests took 1.50ms
2026-07-30 22:26:47,192 | timing took 1.59ms
2026-07-30 22:26:47,193 | authorization took 0.31ms
2026-07-30 22:26:47,193 | check_api_key took 0.40ms
2026-07-30 22:26:47,193 | blacklist took 0.56ms
2026-07-30 22:26:47,193 | log_requests took 0.67ms
2026-07-30 22:26:47,193 | timing took 0.76ms
2026-07-30 22:26:47,194 | authorization took 0.32ms
2026-07-30 22:26:47,194 | check_api_key took 0.41ms
2026-07-30 22:26:47,194 | blacklist took 0.58ms
2026-07-30 22:26:47,194 | log_requests took 0.69ms
2026-07-30 22:26:47,194 | timing took 0.79ms
2026-07-30 22:26:47,197 | authorization took 1.65ms
2026-07-30 22:26:47,197 | check_api_key took 1.74ms
2026-07-30 22:26:47,198 | blacklist took 1.91ms
2026-07-30 22:26:47,198 | log_requests took 2.03ms
2026-07-30 22:26:47,198 | timing took 2.13ms
2026-07-30 22:26:47,200 | authorization took 1.30ms
2026-07-30 22:26:47,200 | check_api_key took 1.40ms
2026-07-30 22:26:47,200 | blacklist took 1.58ms
2026-07-30 22:26:47,200 | log_requests took 1.69ms
2026-07-30 22:26:47,200 | timing took 1.79ms
2026-07-30 22:26:47,202 | authorization took 1.17ms
2026-07-30 22:26:47,202 | check_api_key took 1.43ms
2026-07-30 22:26:47,203 | blacklist took 1.58ms
2026-07-30 22:26:47,203 | log_requests took 1.70ms
2026-07-30 22:26:47,203 | timing took 1.79ms
2026-07-30 22:26:47,204 | authorization took 0.44ms
2026-07-30 22:26:47,204 | check_api_key took 0.53ms
2026-07-30 22:26:47,204 | blacklist took 0.71ms
2026-07-30 22:26:47,204 | log_requests took 0.82ms
2026-07-30 22:26:47,204 | timing took 0.91ms
2026-07-30 22:26:47,208 | authorization took 1.76ms
2026-07-30 22:26:47,208 | check_api_key took 1.86ms
2026-07-30 22:26:47,208 | blacklist took 2.04ms
2026-07-30 22:26:47,208 | log_requests took 2.16ms
2026-07-30 22:26:47,208 | timing took 2.24ms
2026-07-30 22:26:47,210 | authorization took 1.12ms
2026-07-30 22:26:47,210 | check_api_key took 1.22ms
2026-07-30 22:26:47,210 | blacklist took 1.41ms
2026-07-30 22:26:47,210 | log_requests took 1.53ms
2026-07-30 22:26:47,210 | timing took 1.62ms
2026-07-30 22:26:47,213 | authorization took 1.69ms
2026-07-30 22:26:47,213 | check_api_key took 1.91ms
2026-07-30 22:26:47,213 | blacklist took 2.08ms
2026-07-30 22:26:47,213 | log_requests took 2.20ms
2026-07-30 22:26:47,213 | timing took 2.28ms
2026-07-30 22:26:47,215 | authorization took 1.06ms
2026-07-30 22:26:47,215 | check_api_key took 1.16ms
2026-07-30 22:26:47,215 | blacklist took 1.34ms
2026-07-30 22:26:47,215 | log_requests took 1.45ms
2026-07-30 22:26:47,215 | timing took 1.55ms
2026-07-30 22:26:47,219 | authorization took 1.85ms
2026-07-30 22:26:47,219 | check_api_key took 1.95ms
2026-07-30 22:26:47,219 | blacklist took 2.13ms
2026-07-30 22:26:47,219 | log_requests took 2.25ms
2026-07-30 22:26:47,219 | timing took 2.33ms
2026-07-30 22:26:47,221 | authorization took 1.23ms
2026-07-30 22:26:47,221 | check_api_key took 1.33ms
2026-07-30 22:26:47,221 | blacklist took 1.53ms
2026-07-30 22:26:47,221 | log_requests took 1.65ms
2026-07-30 22:26:47,221 | timing took 1.74ms
2026-07-30 22:26:47,223 | authorization took 0.57ms
2026-07-30 22:26:47,223 | check_api_key took 0.79ms
2026-07-30 22:26:47,223 | blacklist took 0.96ms
2026-07-30 22:26:47,223 | log_requests took 1.07ms
2026-07-30 22:26:47,223 | timing took 1.16ms
2026-07-30 22:26:47,396 | authorization took 171.49ms
2026-07-30 22:26:47,397 | check_api_key took 171.63ms
2026-07-30 22:26:47,397 | blacklist took 171.81ms
2026-07-30 22:26:47,397 | log_requests took 171.94ms
2026-07-30 22:26:47,397 | timing took 172.03ms
2026-07-30 22:26:47,570 | authorization took 172.21ms
2026-07-30 22:26:47,570 | check_api_key took 172.37ms
2026-07-30 22:26:47,570 | blacklist took 172.61ms
2026-07-30 22:26:47,570 | log_requests took 172.76ms
2026-07-30 22:26:47,571 | timing took 172.87ms
2026-07-30 22:26:47,740 | authorization took 168.41ms
2026-07-30 22:26:47,740 | check_api_key took 168.58ms
2026-07-30 22:26:47,740 | blacklist took 168.81ms
2026-07-30 22:26:47,740 | log_requests took 168.94ms
2026-07-30 22:26:47,740 | timing took 169.04ms
2026-07-30 22:27:08,833 | authorization took 8.29ms
2026-07-30 22:27:08,833 | check_api_key took 8.48ms
2026-07-30 22:27:08,833 | blacklist took 8.98ms
2026-07-30 22:27:08,833 | log_requests took 9.16ms
2026-07-30 22:27:08,833 | timing took 9.29ms
2026-07-30 22:27:08,837 | authorization took 2.09ms
2026-07-30 22:27:08,837 | check_api_key took 2.24ms
2026-07-30 22:27:08,837 | blacklist took 2.45ms
2026-07-30 22:27:08,837 | log_requests took 2.60ms
2026-07-30 22:27:08,837 | timing took 2.72ms
2026-07-30 22:27:08,840 | authorization took 0.40ms
2026-07-30 22:27:08,840 | check_api_key took 0.52ms
2026-07-30 22:27:08,840 | blacklist took 0.77ms
2026-07-30 22:27:08,840 | log_requests took 0.89ms
2026-07-30 22:27:08,840 | timing took 1.00ms
2026-07-30 22:27:08,866 | authorization took 2.45ms
2026-07-30 22:27:08,867 | check_api_key took 2.59ms
2026-07-30 22:27:08,867 | blacklist took 2.80ms
2026-07-30 22:27:08,867 | log_requests took 2.93ms
2026-07-30 22:27:08,867 | timing took 3.03ms
2026-07-30 22:27:08,870 | authorization took 1.94ms
2026-07-30 22:27:08,870 | check_api_key took 2.06ms
2026-07-30 22:27:08,870 | blacklist took 2.25ms
2026-07-30 22:27:08,870 | log_requests took 2.39ms
2026-07-30 22:27:08,870 | timing took 2.49ms
2026-07-30 22:27:08,872 | authorization took 1.31ms
2026-07-30 22:27:08,872 | check_api_key took 1.42ms
2026-07-30 22:27:08,872 | blacklist took 1.59ms
2026-07-30 22:27:08,873 | log_requests took 1.70ms
2026-07-30 22:27:08,873 | timing took 1.80ms
2026-07-30 22:27:08,875 | authorization took 1.29ms
2026-07-30 22:27:08,875 | check_api_key took 1.39ms
2026-07-30 22:27:08,875 | blacklist took 1.57ms
2026-07-30 22:27:08,875 | log_requests took 1.68ms
2026-07-30 22:27:08,875 | timing took 1.78ms
2026-07-30 22:27:08,876 | authorization took 0.33ms
2026-07-30 22:27:08,876 | check_api_key took 0.42ms
2026-07-30 22:27:08,876 | blacklist took 0.58ms
2026-07-30 22:27:08,876 | log_requests took 0.69ms
2026-07-30 22:27:08,876 | timing took 0.79ms
2026-07-30 22:28:04,521 | authorization took 8.47ms
2026-07-30 22:28:04,522 | check_api_key took 9.07ms
2026-07-30 22:28:04,522 | blacklist took 9.30ms
2026-07-30 22:28:04,522 | log_requests took 9.75ms
2026-07-30 22:28:04,522 | timing took 9.86ms
2026-07-30 22:28:04,526 | authorization took 2.56ms
2026-07-30 22:28:04,526 | check_api_key took 2.70ms
2026-07-30 22:28:04,526 | blacklist took 2.93ms
2026-07-30 22:28:04,526 | log_requests took 3.07ms
2026-07-30 22:28:04,526 | timing took 3.17ms
2026-07-30 22:28:04,533 | authorization took 3.31ms
2026-07-30 22:28:04,533 | check_api_key took 3.52ms
2026-07-30 22:28:04,533 | blacklist took 3.73ms
2026-07-30 22:28:04,533 | log_requests took 3.87ms
2026-07-30 22:28:04,533 | timing took 3.97ms
2026-07-30 22:28:04,537 | authorization took 1.89ms
2026-07-30 22:28:04,538 | check_api_key took 2.23ms
2026-07-30 22:28:04,538 | blacklist took 3.43ms
2026-07-30 22:28:04,538 | log_requests took 3.56ms
2026-07-30 22:28:04,538 | timing took 3.66ms
2026-07-30 22:28:04,539 | authorization took 0.51ms
2026-07-30 22:28:04,539 | check_api_key took 0.61ms
2026-07-30 22:28:04,539 | blacklist took 0.81ms
2026-07-30 22:28:04,539 | log_requests took 0.93ms
2026-07-30 22:28:04,540 | timing took 1.02ms
2026-07-30 22:28:04,543 | authorization took 1.05ms
2026-07-30 22:28:04,543 | check_api_key took 1.28ms
2026-07-30 22:28:04,543 | blacklist took 1.48ms
2026-07-30 22:28:04,543 | log_requests took 1.60ms
2026-07-30 22:28:04,543 | timing took 1.69ms
2026-07-30 22:28:04,546 | authorization took 0.99ms
2026-07-30 22:28:04,546 | check_api_key took 1.09ms
2026-07-30 22:28:04,546 | blacklist took 1.28ms
2026-07-30 22:28:04,546 | log_requests took 1.39ms
2026-07-30 22:28:04,546 | timing took 1.48ms
2026-07-30 22:28:04,550 | authorization took 2.16ms
2026-07-30 22:28:04,550 | check_api_key took 2.26ms
2026-07-30 22:28:04,550 | blacklist took 2.46ms
2026-07-30 22:28:04,550 | log_requests took 2.58ms
2026-07-30 22:28:04,550 | timing took 2.67ms
2026-07-30 22:28:04,552 | authorization took 1.41ms
2026-07-30 22:28:04,552 | check_api_key took 1.51ms
2026-07-30 22:28:04,552 | blacklist took 1.72ms
2026-07-30 22:28:04,553 | log_requests took 1.84ms
2026-07-30 22:28:04,553 | timing took 1.94ms
2026-07-30 22:28:04,554 | authorization took 0.32ms
2026-07-30 22:28:04,554 | check_api_key took 0.41ms
2026-07-30 22:28:04,554 | blacklist took 0.62ms
2026-07-30 22:28:04,554 | log_requests took 0.74ms
2026-07-30 22:28:04,554 | timing took 0.84ms
2026-07-30 22:28:04,559 | authorization took 2.28ms
2026-07-30 22:28:04,559 | check_api_key took 2.42ms
2026-07-30 22:28:04,559 | blacklist took 2.61ms
2026-07-30 22:28:04,559 | log_requests took 2.75ms
2026-07-30 22:28:04,559 | timing took 2.84ms
2026-07-30 22:28:04,562 | authorization took 1.47ms
2026-07-30 22:28:04,562 | check_api_key took 1.59ms
2026-07-30 22:28:04,562 | blacklist took 1.79ms
2026-07-30 22:28:04,562 | log_requests took 1.91ms
2026-07-30 22:28:04,562 | timing took 2.02ms
2026-07-30 22:28:04,566 | authorization took 2.07ms
2026-07-30 22:28:04,566 | check_api_key took 2.18ms
2026-07-30 22:28:04,566 | blacklist took 2.39ms
2026-07-30 22:28:04,566 | log_requests took 2.50ms
2026-07-30 22:28:04,566 | timing took 2.59ms
2026-07-30 22:28:04,569 | authorization took 1.79ms
2026-07-30 22:28:04,569 | check_api_key took 1.89ms
2026-07-30 22:28:04,569 | blacklist took 2.08ms
2026-07-30 22:28:04,569 | log_requests took 2.19ms
2026-07-30 22:28:04,569 | timing took 2.28ms
2026-07-30 22:28:04,571 | authorization took 1.13ms
2026-07-30 22:28:04,571 | check_api_key took 1.25ms
2026-07-30 22:28:04,572 | blacklist took 1.44ms
2026-07-30 22:28:04,572 | log_requests took 1.57ms
2026-07-30 22:28:04,572 | timing took 1.67ms
2026-07-30 22:28:04,574 | authorization took 1.21ms
2026-07-30 22:28:04,574 | check_api_key took 1.32ms
2026-07-30 22:28:04,574 | blacklist took 1.52ms
2026-07-30 22:28:04,574 | log_requests took 1.65ms
2026-07-30 22:28:04,574 | timing took 1.76ms
2026-07-30 22:28:04,575 | authorization took 0.34ms
2026-07-30 22:28:04,575 | check_api_key took 0.43ms
2026-07-30 22:28:04,575 | blacklist took 0.61ms
2026-07-30 22:28:04,576 | log_requests took 0.73ms
2026-07-30 22:28:04,576 | timing took 0.83ms
2026-07-30 22:28:04,581 | authorization took 2.38ms
2026-07-30 22:28:04,581 | check_api_key took 2.48ms
2026-07-30 22:28:04,581 | blacklist took 2.69ms
2026-07-30 22:28:04,581 | log_requests took 2.81ms
2026-07-30 22:28:04,581 | timing took 2.91ms
2026-07-30 22:28:04,583 | authorization took 1.59ms
2026-07-30 22:28:04,583 | check_api_key took 1.69ms
2026-07-30 22:28:04,583 | blacklist took 1.88ms
2026-07-30 22:28:04,584 | log_requests took 1.99ms
2026-07-30 22:28:04,584 | timing took 2.08ms
2026-07-30 22:28:04,588 | authorization took 2.08ms
2026-07-30 22:28:04,588 | check_api_key took 2.18ms
2026-07-30 22:28:04,588 | blacklist took 2.38ms
2026-07-30 22:28:04,588 | log_requests took 2.50ms
2026-07-30 22:28:04,588 | timing took 2.59ms
2026-07-30 22:28:04,590 | authorization took 1.24ms
2026-07-30 22:28:04,590 | check_api_key took 1.49ms
2026-07-30 22:28:04,590 | blacklist took 1.68ms
2026-07-30 22:28:04,590 | log_requests took 1.80ms
2026-07-30 22:28:04,591 | timing took 1.91ms
2026-07-30 22:28:04,592 | authorization took 0.44ms
2026-07-30 22:28:04,592 | check_api_key took 0.54ms
2026-07-30 22:28:04,592 | blacklist took 0.73ms
2026-07-30 22:28:04,592 | log_requests took 0.84ms
2026-07-30 22:28:04,592 | timing took 0.92ms
2026-07-30 22:28:04,596 | authorization took 2.08ms
2026-07-30 22:28:04,596 | check_api_key took 2.19ms
2026-07-30 22:28:04,596 | blacklist took 2.38ms
2026-07-30 22:28:04,596 | log_requests took 2.50ms
2026-07-30 22:28:04,596 | timing took 2.59ms
2026-07-30 22:28:04,600 | authorization took 1.99ms
2026-07-30 22:28:04,600 | check_api_key took 2.10ms
2026-07-30 22:28:04,600 | blacklist took 2.32ms
2026-07-30 22:28:04,600 | log_requests took 2.45ms
2026-07-30 22:28:04,600 | timing took 2.56ms
2026-07-30 22:28:04,603 | authorization took 0.82ms
2026-07-30 22:28:04,603 | check_api_key took 0.91ms
2026-07-30 22:28:04,603 | blacklist took 1.09ms
2026-07-30 22:28:04,603 | log_requests took 1.21ms
2026-07-30 22:28:04,603 | timing took 1.31ms
2026-07-30 22:28:04,607 | authorization took 2.22ms
2026-07-30 22:28:04,607 | check_api_key took 2.32ms
2026-07-30 22:28:04,608 | blacklist took 2.51ms
2026-07-30 22:28:04,608 | log_requests took 2.63ms
2026-07-30 22:28:04,608 | timing took 2.72ms
2026-07-30 22:28:04,610 | authorization took 1.29ms
2026-07-30 22:28:04,610 | check_api_key took 1.52ms
2026-07-30 22:28:04,610 | blacklist took 1.74ms
2026-07-30 22:28:04,610 | log_requests took 1.86ms
2026-07-30 22:28:04,610 | timing took 1.97ms
2026-07-30 22:28:04,612 | authorization took 0.47ms
2026-07-30 22:28:04,612 | check_api_key took 0.58ms
2026-07-30 22:28:04,612 | blacklist took 0.93ms
2026-07-30 22:28:04,612 | log_requests took 1.05ms
2026-07-30 22:28:04,612 | timing took 1.14ms
2026-07-30 22:28:04,618 | authorization took 2.01ms
2026-07-30 22:28:04,618 | check_api_key took 2.11ms
2026-07-30 22:28:04,618 | blacklist took 2.31ms
2026-07-30 22:28:04,618 | log_requests took 2.43ms
2026-07-30 22:28:04,618 | timing took 2.52ms
2026-07-30 22:28:04,620 | authorization took 0.62ms
2026-07-30 22:28:04,620 | check_api_key took 0.86ms
2026-07-30 22:28:04,620 | blacklist took 1.05ms
2026-07-30 22:28:04,620 | log_requests took 1.17ms
2026-07-30 22:28:04,620 | timing took 1.26ms
2026-07-30 22:28:04,623 | authorization took 1.74ms
2026-07-30 22:28:04,623 | check_api_key took 1.84ms
2026-07-30 22:28:04,623 | blacklist took 2.07ms
2026-07-30 22:28:04,623 | log_requests took 2.21ms
2026-07-30 22:28:04,623 | timing took 2.31ms
2026-07-30 22:28:04,627 | authorization took 1.99ms
2026-07-30 22:28:04,627 | check_api_key took 2.10ms
2026-07-30 22:28:04,627 | blacklist took 2.30ms
2026-07-30 22:28:04,627 | log_requests took 2.43ms
2026-07-30 22:28:04,627 | timing took 2.52ms
2026-07-30 22:28:04,628 | check_api_key took 0.02ms
2026-07-30 22:28:04,628 | blacklist took 0.21ms
2026-07-30 22:28:04,628 | log_requests took 0.33ms
2026-07-30 22:28:04,628 | timing took 0.41ms
2026-07-30 22:28:04,632 | authorization took 2.06ms
2026-07-30 22:28:04,632 | check_api_key took 2.16ms
2026-07-30 22:28:04,632 | blacklist took 2.33ms
2026-07-30 22:28:04,632 | log_requests took 2.45ms
2026-07-30 22:28:04,632 | timing took 2.54ms
2026-07-30 22:28:04,634 | authorization took 1.29ms
2026-07-30 22:28:04,635 | check_api_key took 1.53ms
2026-07-30 22:28:04,635 | blacklist took 1.73ms
2026-07-30 22:28:04,635 | log_requests took 1.84ms
2026-07-30 22:28:04,635 | timing took 1.94ms
2026-07-30 22:28:04,639 | authorization took 2.25ms
2026-07-30 22:28:04,639 | check_api_key took 2.35ms
2026-07-30 22:28:04,639 | blacklist took 2.61ms
2026-07-30 22:28:04,639 | log_requests took 2.73ms
2026-07-30 22:28:04,639 | timing took 2.83ms
2026-07-30 22:28:04,641 | authorization took 1.23ms
2026-07-30 22:28:04,641 | check_api_key took 1.33ms
2026-07-30 22:28:04,641 | blacklist took 1.51ms
2026-07-30 22:28:04,641 | log_requests took 1.63ms
2026-07-30 22:28:04,642 | timing took 1.74ms
2026-07-30 22:28:04,646 | authorization took 1.79ms
2026-07-30 22:28:04,646 | check_api_key took 1.89ms
2026-07-30 22:28:04,646 | blacklist took 2.06ms
2026-07-30 22:28:04,646 | log_requests took 2.18ms
2026-07-30 22:28:04,646 | timing took 2.27ms
2026-07-30 22:28:04,648 | authorization took 0.52ms
2026-07-30 22:28:04,648 | check_api_key took 0.63ms
2026-07-30 22:28:04,649 | blacklist took 0.82ms
2026-07-30 22:28:04,649 | log_requests took 0.94ms
2026-07-30 22:28:04,649 | timing took 1.03ms
2026-07-30 22:28:04,652 | authorization took 2.19ms
2026-07-30 22:28:04,653 | check_api_key took 2.29ms
2026-07-30 22:28:04,653 | blacklist took 2.47ms
2026-07-30 22:28:04,653 | log_requests took 2.59ms
2026-07-30 22:28:04,653 | timing took 2.68ms
2026-07-30 22:28:04,655 | authorization took 0.45ms
2026-07-30 22:28:04,655 | check_api_key took 0.55ms
2026-07-30 22:28:04,655 | blacklist took 0.73ms
2026-07-30 22:28:04,655 | log_requests took 0.85ms
2026-07-30 22:28:04,655 | timing took 0.94ms
2026-07-30 22:28:04,658 | authorization took 0.81ms
2026-07-30 22:28:04,658 | check_api_key took 0.92ms
2026-07-30 22:28:04,658 | blacklist took 1.11ms
2026-07-30 22:28:04,658 | log_requests took 1.23ms
2026-07-30 22:28:04,658 | timing took 1.31ms
2026-07-30 22:28:04,661 | authorization took 1.84ms
2026-07-30 22:28:04,661 | check_api_key took 1.94ms
2026-07-30 22:28:04,662 | blacklist took 2.14ms
2026-07-30 22:28:04,662 | log_requests took 2.26ms
2026-07-30 22:28:04,662 | timing took 2.35ms
2026-07-30 22:28:04,665 | authorization took 1.84ms
2026-07-30 22:28:04,665 | check_api_key took 1.95ms
2026-07-30 22:28:04,665 | blacklist took 2.15ms
2026-07-30 22:28:04,665 | log_requests took 2.27ms
2026-07-30 22:28:04,665 | timing took 2.37ms
2026-07-30 22:28:04,668 | authorization took 1.90ms
2026-07-30 22:28:04,668 | check_api_key took 2.00ms
2026-07-30 22:28:04,669 | blacklist took 2.21ms
2026-07-30 22:28:04,669 | log_requests took 2.35ms
2026-07-30 22:28:04,669 | timing took 2.45ms
2026-07-30 22:28:04,671 | authorization took 1.16ms
2026-07-30 22:28:04,671 | check_api_key took 1.27ms
2026-07-30 22:28:04,671 | blacklist took 1.47ms
2026-07-30 22:28:04,671 | log_requests took 1.58ms
2026-07-30 22:28:04,671 | timing took 1.68ms
2026-07-30 22:28:04,675 | authorization took 1.94ms
2026-07-30 22:28:04,675 | check_api_key took 2.03ms
2026-07-30 22:28:04,675 | blacklist took 2.23ms
2026-07-30 22:28:04,675 | log_requests took 2.35ms
2026-07-30 22:28:04,675 | timing took 2.44ms
2026-07-30 22:28:04,678 | authorization took 1.89ms
2026-07-30 22:28:04,678 | check_api_key took 2.02ms
2026-07-30 22:28:04,678 | blacklist took 2.23ms
2026-07-30 22:28:04,678 | log_requests took 2.36ms
2026-07-30 22:28:04,678 | timing took 2.45ms
2026-07-30 22:28:04,682 | authorization took 2.20ms
2026-07-30 22:28:04,682 | check_api_key took 2.31ms
2026-07-30 22:28:04,682 | blacklist took 2.53ms
2026-07-30 22:28:04,682 | log_requests took 2.65ms
2026-07-30 22:28:04,682 | timing took 2.74ms
2026-07-30 22:28:04,685 | authorization took 1.22ms
2026-07-30 22:28:04,685 | check_api_key took 1.46ms
2026-07-30 22:28:04,685 | blacklist took 1.64ms
2026-07-30 22:28:04,685 | log_requests took 1.75ms
2026-07-30 22:28:04,685 | timing took 1.85ms
2026-07-30 22:28:04,687 | authorization took 0.95ms
2026-07-30 22:28:04,687 | check_api_key took 1.05ms
2026-07-30 22:28:04,687 | blacklist took 1.23ms
2026-07-30 22:28:04,687 | log_requests took 1.34ms
2026-07-30 22:28:04,687 | timing took 1.43ms
2026-07-30 22:28:04,697 | authorization took 7.97ms
2026-07-30 22:28:04,697 | check_api_key took 8.10ms
2026-07-30 22:28:04,697 | blacklist took 8.28ms
2026-07-30 22:28:04,697 | log_requests took 8.41ms
2026-07-30 22:28:04,697 | timing took 8.51ms
2026-07-30 22:28:04,706 | authorization took 6.89ms
2026-07-30 22:28:04,706 | check_api_key took 7.16ms
2026-07-30 22:28:04,706 | blacklist took 7.39ms
2026-07-30 22:28:04,706 | log_requests took 7.52ms
2026-07-30 22:28:04,706 | timing took 7.63ms
2026-07-30 22:28:04,709 | authorization took 1.25ms
2026-07-30 22:28:04,709 | check_api_key took 1.36ms
2026-07-30 22:28:04,709 | blacklist took 1.58ms
2026-07-30 22:28:04,709 | log_requests took 1.70ms
2026-07-30 22:28:04,709 | timing took 1.81ms
2026-07-30 22:28:04,711 | authorization took 1.14ms
2026-07-30 22:28:04,711 | check_api_key took 1.24ms
2026-07-30 22:28:04,711 | blacklist took 1.46ms
2026-07-30 22:28:04,711 | log_requests took 1.59ms
2026-07-30 22:28:04,711 | timing took 1.68ms
2026-07-30 22:28:04,713 | authorization took 1.26ms
2026-07-30 22:28:04,714 | check_api_key took 1.36ms
2026-07-30 22:28:04,714 | blacklist took 1.56ms
2026-07-30 22:28:04,714 | log_requests took 1.69ms
2026-07-30 22:28:04,714 | timing took 1.79ms
2026-07-30 22:28:04,718 | authorization took 2.26ms
2026-07-30 22:28:04,718 | check_api_key took 2.36ms
2026-07-30 22:28:04,718 | blacklist took 2.56ms
2026-07-30 22:28:04,718 | log_requests took 2.68ms
2026-07-30 22:28:04,718 | timing took 2.77ms
2026-07-30 22:28:04,722 | authorization took 2.66ms
2026-07-30 22:28:04,722 | check_api_key took 2.90ms
2026-07-30 22:28:04,722 | blacklist took 3.10ms
2026-07-30 22:28:04,722 | log_requests took 3.22ms
2026-07-30 22:28:04,722 | timing took 3.32ms
2026-07-30 22:28:04,725 | authorization took 0.74ms
2026-07-30 22:28:04,725 | check_api_key took 0.97ms
2026-07-30 22:28:04,725 | blacklist took 1.16ms
2026-07-30 22:28:04,725 | log_requests took 1.28ms
2026-07-30 22:28:04,725 | timing took 1.37ms
2026-07-30 22:28:04,728 | authorization took 0.75ms
2026-07-30 22:28:04,731 | check_api_key took 4.41ms
2026-07-30 22:28:04,731 | blacklist took 4.60ms
2026-07-30 22:28:04,731 | log_requests took 4.72ms
2026-07-30 22:28:04,731 | timing took 4.82ms
2026-07-30 22:28:04,734 | authorization took 1.19ms
2026-07-30 22:28:04,734 | check_api_key took 1.41ms
2026-07-30 22:28:04,735 | blacklist took 2.07ms
2026-07-30 22:28:04,735 | log_requests took 2.23ms
2026-07-30 22:28:04,740 | timing took 6.97ms
2026-07-30 22:28:04,747 | authorization took 1.86ms
2026-07-30 22:28:04,747 | check_api_key took 2.09ms
2026-07-30 22:28:04,747 | blacklist took 2.28ms
2026-07-30 22:28:04,747 | log_requests took 2.43ms
2026-07-30 22:28:04,747 | timing took 2.53ms
2026-07-30 22:28:04,749 | authorization took 0.01ms
2026-07-30 22:28:04,749 | check_api_key took 0.24ms
2026-07-30 22:28:04,749 | blacklist took 0.43ms
2026-07-30 22:28:04,749 | log_requests took 0.54ms
2026-07-30 22:28:04,749 | timing took 0.64ms
2026-07-30 22:28:04,751 | check_api_key took 0.01ms
2026-07-30 22:28:04,751 | blacklist took 0.20ms
2026-07-30 22:28:04,751 | log_requests took 0.30ms
2026-07-30 22:28:04,751 | timing took 0.39ms
2026-07-30 22:28:04,754 | authorization took 0.01ms
2026-07-30 22:28:04,754 | check_api_key took 0.24ms
2026-07-30 22:28:04,754 | blacklist took 0.41ms
2026-07-30 22:28:04,755 | log_requests took 0.52ms
2026-07-30 22:28:04,755 | timing took 0.62ms
2026-07-30 22:28:04,759 | authorization took 2.25ms
2026-07-30 22:28:04,759 | check_api_key took 2.48ms
2026-07-30 22:28:04,759 | blacklist took 2.66ms
2026-07-30 22:28:04,759 | log_requests took 2.77ms
2026-07-30 22:28:04,759 | timing took 2.86ms
2026-07-30 22:28:04,763 | authorization took 1.97ms
2026-07-30 22:28:04,763 | check_api_key took 2.08ms
2026-07-30 22:28:04,763 | blacklist took 2.27ms
2026-07-30 22:28:04,763 | log_requests took 2.39ms
2026-07-30 22:28:04,763 | timing took 2.48ms
2026-07-30 22:28:04,766 | authorization took 2.25ms
2026-07-30 22:28:04,766 | check_api_key took 2.50ms
2026-07-30 22:28:04,766 | blacklist took 2.73ms
2026-07-30 22:28:04,767 | log_requests took 2.86ms
2026-07-30 22:28:04,767 | timing took 2.97ms
2026-07-30 22:28:04,769 | authorization took 1.18ms
2026-07-30 22:28:04,769 | check_api_key took 1.28ms
2026-07-30 22:28:04,769 | blacklist took 1.46ms
2026-07-30 22:28:04,769 | log_requests took 1.57ms
2026-07-30 22:28:04,769 | timing took 1.67ms
2026-07-30 22:28:04,773 | authorization took 2.24ms
2026-07-30 22:28:04,773 | check_api_key took 2.34ms
2026-07-30 22:28:04,773 | blacklist took 2.53ms
2026-07-30 22:28:04,773 | log_requests took 2.65ms
2026-07-30 22:28:04,773 | timing took 2.74ms
2026-07-30 22:28:04,776 | authorization took 1.71ms
2026-07-30 22:28:04,776 | check_api_key took 1.95ms
2026-07-30 22:28:04,776 | blacklist took 2.13ms
2026-07-30 22:28:04,776 | log_requests took 2.25ms
2026-07-30 22:28:04,776 | timing took 2.34ms
2026-07-30 22:28:04,780 | authorization took 1.76ms
2026-07-30 22:28:04,780 | check_api_key took 1.87ms
2026-07-30 22:28:04,780 | blacklist took 2.10ms
2026-07-30 22:28:04,780 | log_requests took 2.22ms
2026-07-30 22:28:04,780 | timing took 2.32ms
2026-07-30 22:28:04,783 | authorization took 1.56ms
2026-07-30 22:28:04,783 | check_api_key took 1.80ms
2026-07-30 22:28:04,783 | blacklist took 1.99ms
2026-07-30 22:28:04,783 | log_requests took 2.11ms
2026-07-30 22:28:04,783 | timing took 2.20ms
2026-07-30 22:28:04,785 | authorization took 0.71ms
2026-07-30 22:28:04,785 | check_api_key took 0.81ms
2026-07-30 22:28:04,785 | blacklist took 1.00ms
2026-07-30 22:28:04,785 | log_requests took 1.11ms
2026-07-30 22:28:04,785 | timing took 1.20ms
2026-07-30 22:28:04,789 | authorization took 1.76ms
2026-07-30 22:28:04,789 | check_api_key took 1.85ms
2026-07-30 22:28:04,789 | blacklist took 2.04ms
2026-07-30 22:28:04,789 | log_requests took 2.16ms
2026-07-30 22:28:04,789 | timing took 2.24ms
2026-07-30 22:28:04,791 | authorization took 0.44ms
2026-07-30 22:28:04,791 | check_api_key took 0.54ms
2026-07-30 22:28:04,791 | blacklist took 0.72ms
2026-07-30 22:28:04,791 | log_requests took 0.83ms
2026-07-30 22:28:04,791 | timing took 0.92ms
2026-07-30 22:28:04,794 | authorization took 1.50ms
2026-07-30 22:28:04,794 | check_api_key took 1.72ms
2026-07-30 22:28:04,794 | blacklist took 1.92ms
2026-07-30 22:28:04,794 | log_requests took 2.03ms
2026-07-30 22:28:04,794 | timing took 2.12ms
2026-07-30 22:28:04,796 | authorization took 1.39ms
2026-07-30 22:28:04,796 | check_api_key took 1.49ms
2026-07-30 22:28:04,797 | blacklist took 1.68ms
2026-07-30 22:28:04,797 | log_requests took 1.80ms
2026-07-30 22:28:04,797 | timing took 1.91ms
2026-07-30 22:28:04,800 | authorization took 2.10ms
2026-07-30 22:28:04,801 | check_api_key took 2.19ms
2026-07-30 22:28:04,801 | blacklist took 2.38ms
2026-07-30 22:28:04,801 | log_requests took 2.49ms
2026-07-30 22:28:04,801 | timing took 2.58ms
2026-07-30 22:28:04,804 | authorization took 1.46ms
2026-07-30 22:28:04,804 | check_api_key took 1.67ms
2026-07-30 22:28:04,804 | blacklist took 1.85ms
2026-07-30 22:28:04,804 | log_requests took 1.97ms
2026-07-30 22:28:04,804 | timing took 2.06ms
2026-07-30 22:28:04,806 | authorization took 1.08ms
2026-07-30 22:28:04,806 | check_api_key took 1.18ms
2026-07-30 22:28:04,806 | blacklist took 1.37ms
2026-07-30 22:28:04,806 | log_requests took 1.51ms
2026-07-30 22:28:04,806 | timing took 1.61ms
2026-07-30 22:28:04,810 | authorization took 1.97ms
2026-07-30 22:28:04,810 | check_api_key took 2.07ms
2026-07-30 22:28:04,810 | blacklist took 2.28ms
2026-07-30 22:28:04,810 | log_requests took 2.40ms
2026-07-30 22:28:04,810 | timing took 2.49ms
2026-07-30 22:28:04,812 | authorization took 0.90ms
2026-07-30 22:28:04,812 | check_api_key took 1.13ms
2026-07-30 22:28:04,813 | blacklist took 1.32ms
2026-07-30 22:28:04,813 | log_requests took 1.43ms
2026-07-30 22:28:04,813 | timing took 1.52ms
2026-07-30 22:28:04,816 | authorization took 1.92ms
2026-07-30 22:28:04,816 | check_api_key took 2.02ms
2026-07-30 22:28:04,816 | blacklist took 2.20ms
2026-07-30 22:28:04,817 | log_requests took 2.31ms
2026-07-30 22:28:04,817 | timing took 2.40ms
2026-07-30 22:28:04,817 | check_api_key took 0.01ms
2026-07-30 22:28:04,818 | blacklist took 0.19ms
2026-07-30 22:28:04,818 | log_requests took 0.29ms
2026-07-30 22:28:04,818 | timing took 0.38ms
2026-07-30 22:28:04,821 | authorization took 1.37ms
2026-07-30 22:28:04,821 | check_api_key took 1.60ms
2026-07-30 22:28:04,821 | blacklist took 1.80ms
2026-07-30 22:28:04,821 | log_requests took 1.92ms
2026-07-30 22:28:04,821 | timing took 2.01ms
2026-07-30 22:28:04,825 | authorization took 2.01ms
2026-07-30 22:28:04,825 | check_api_key took 2.13ms
2026-07-30 22:28:04,825 | blacklist took 2.34ms
2026-07-30 22:28:04,825 | log_requests took 2.46ms
2026-07-30 22:28:04,825 | timing took 2.55ms
2026-07-30 22:28:04,827 | authorization took 1.17ms
2026-07-30 22:28:04,827 | check_api_key took 1.41ms
2026-07-30 22:28:04,827 | blacklist took 1.60ms
2026-07-30 22:28:04,828 | log_requests took 1.74ms
2026-07-30 22:28:04,828 | timing took 1.84ms
2026-07-30 22:28:04,830 | authorization took 1.17ms
2026-07-30 22:28:04,830 | check_api_key took 1.39ms
2026-07-30 22:28:04,830 | blacklist took 1.56ms
2026-07-30 22:28:04,830 | log_requests took 1.68ms
2026-07-30 22:28:04,830 | timing took 1.76ms
2026-07-30 22:28:04,834 | authorization took 2.03ms
2026-07-30 22:28:04,834 | check_api_key took 2.13ms
2026-07-30 22:28:04,834 | blacklist took 2.29ms
2026-07-30 22:28:04,834 | log_requests took 2.40ms
2026-07-30 22:28:04,834 | timing took 2.48ms
2026-07-30 22:28:04,836 | authorization took 0.75ms
2026-07-30 22:28:04,836 | check_api_key took 0.97ms
2026-07-30 22:28:04,836 | blacklist took 1.14ms
2026-07-30 22:28:04,836 | log_requests took 1.25ms
2026-07-30 22:28:04,836 | timing took 1.34ms
2026-07-30 22:28:04,839 | authorization took 1.60ms
2026-07-30 22:28:04,839 | check_api_key took 1.70ms
2026-07-30 22:28:04,839 | blacklist took 1.88ms
2026-07-30 22:28:04,839 | log_requests took 1.99ms
2026-07-30 22:28:04,839 | timing took 2.07ms
2026-07-30 22:28:04,841 | authorization took 1.14ms
2026-07-30 22:28:04,841 | check_api_key took 1.25ms
2026-07-30 22:28:04,841 | blacklist took 1.44ms
2026-07-30 22:28:04,842 | log_requests took 1.55ms
2026-07-30 22:28:04,842 | timing took 1.66ms
2026-07-30 22:28:04,844 | authorization took 0.96ms
2026-07-30 22:28:04,844 | check_api_key took 1.07ms
2026-07-30 22:28:04,844 | blacklist took 1.25ms
2026-07-30 22:28:04,844 | log_requests took 1.37ms
2026-07-30 22:28:04,844 | timing took 1.45ms
2026-07-30 22:28:04,848 | authorization took 2.00ms
2026-07-30 22:28:04,848 | check_api_key took 2.10ms
2026-07-30 22:28:04,848 | blacklist took 2.28ms
2026-07-30 22:28:04,848 | log_requests took 2.40ms
2026-07-30 22:28:04,848 | timing took 2.49ms
2026-07-30 22:28:04,850 | authorization took 0.76ms
2026-07-30 22:28:04,850 | check_api_key took 0.98ms
2026-07-30 22:28:04,850 | blacklist took 1.13ms
2026-07-30 22:28:04,850 | log_requests took 1.25ms
2026-07-30 22:28:04,850 | timing took 1.33ms
2026-07-30 22:28:04,854 | authorization took 2.18ms
2026-07-30 22:28:04,854 | check_api_key took 2.28ms
2026-07-30 22:28:04,854 | blacklist took 2.46ms
2026-07-30 22:28:04,854 | log_requests took 2.58ms
2026-07-30 22:28:04,854 | timing took 2.67ms
2026-07-30 22:28:05,025 | authorization took 169.49ms
2026-07-30 22:28:05,025 | check_api_key took 169.73ms
2026-07-30 22:28:05,025 | blacklist took 169.92ms
2026-07-30 22:28:05,025 | log_requests took 170.04ms
2026-07-30 22:28:05,025 | timing took 170.13ms
2026-07-30 22:28:05,027 | authorization took 0.51ms
2026-07-30 22:28:05,027 | check_api_key took 0.63ms
2026-07-30 22:28:05,027 | blacklist took 0.83ms
2026-07-30 22:28:05,027 | log_requests took 0.95ms
2026-07-30 22:28:05,027 | timing took 1.04ms
2026-07-30 22:28:05,199 | authorization took 170.72ms
2026-07-30 22:28:05,199 | check_api_key took 170.85ms
2026-07-30 22:28:05,199 | blacklist took 171.03ms
2026-07-30 22:28:05,200 | log_requests took 171.16ms
2026-07-30 22:28:05,200 | timing took 171.26ms
2026-07-30 22:28:05,369 | authorization took 168.52ms
2026-07-30 22:28:05,369 | check_api_key took 168.64ms
2026-07-30 22:28:05,369 | blacklist took 168.86ms
2026-07-30 22:28:05,369 | log_requests took 168.99ms
2026-07-30 22:28:05,370 | timing took 169.09ms
2026-07-30 22:28:05,541 | authorization took 169.09ms
2026-07-30 22:28:05,541 | check_api_key took 169.22ms
2026-07-30 22:28:05,541 | blacklist took 169.43ms
2026-07-30 22:28:05,541 | log_requests took 169.55ms
2026-07-30 22:28:05,541 | timing took 169.65ms
2026-07-30 22:28:05,709 | authorization took 166.93ms
2026-07-30 22:28:05,709 | check_api_key took 167.05ms
2026-07-30 22:28:05,709 | blacklist took 167.27ms
2026-07-30 22:28:05,709 | log_requests took 167.40ms
2026-07-30 22:28:05,709 | timing took 167.49ms
2026-07-30 22:28:05,881 | authorization took 169.62ms
2026-07-30 22:28:05,881 | check_api_key took 169.75ms
2026-07-30 22:28:05,881 | blacklist took 169.99ms
2026-07-30 22:28:05,881 | log_requests took 170.12ms
2026-07-30 22:28:05,881 | timing took 170.21ms
2026-07-30 22:28:05,884 | authorization took 1.64ms
2026-07-30 22:28:05,884 | check_api_key took 1.94ms
2026-07-30 22:28:05,884 | blacklist took 2.15ms
2026-07-30 22:28:05,884 | log_requests took 2.27ms
2026-07-30 22:28:05,884 | timing took 2.37ms
2026-07-30 22:28:05,886 | authorization took 0.45ms
2026-07-30 22:28:05,886 | check_api_key took 0.55ms
2026-07-30 22:28:05,886 | blacklist took 0.71ms
2026-07-30 22:28:05,886 | log_requests took 0.82ms
2026-07-30 22:28:05,886 | timing took 0.91ms
2026-07-30 22:28:06,061 | authorization took 173.52ms
2026-07-30 22:28:06,061 | check_api_key took 173.67ms
2026-07-30 22:28:06,061 | blacklist took 173.85ms
2026-07-30 22:28:06,061 | log_requests took 173.99ms
2026-07-30 22:28:06,061 | timing took 174.09ms
2026-07-30 22:28:06,065 | authorization took 0.53ms
2026-07-30 22:28:06,065 | check_api_key took 0.64ms
2026-07-30 22:28:06,065 | blacklist took 0.82ms
2026-07-30 22:28:06,065 | log_requests took 0.94ms
2026-07-30 22:28:06,065 | timing took 1.04ms
2026-07-30 22:28:06,069 | authorization took 2.35ms
2026-07-30 22:28:06,069 | check_api_key took 2.45ms
2026-07-30 22:28:06,070 | blacklist took 2.64ms
2026-07-30 22:28:06,070 | log_requests took 2.76ms
2026-07-30 22:28:06,070 | timing took 2.85ms
2026-07-30 22:28:06,072 | authorization took 1.23ms
2026-07-30 22:28:06,072 | check_api_key took 1.34ms
2026-07-30 22:28:06,072 | blacklist took 1.53ms
2026-07-30 22:28:06,072 | log_requests took 1.65ms
2026-07-30 22:28:06,072 | timing took 1.75ms
2026-07-30 22:28:06,243 | authorization took 169.46ms
2026-07-30 22:28:06,243 | check_api_key took 169.72ms
2026-07-30 22:28:06,243 | blacklist took 169.90ms
2026-07-30 22:28:06,243 | log_requests took 170.03ms
2026-07-30 22:28:06,243 | timing took 170.12ms
2026-07-30 22:28:06,245 | authorization took 0.53ms
2026-07-30 22:28:06,245 | check_api_key took 0.65ms
2026-07-30 22:28:06,245 | blacklist took 0.87ms
2026-07-30 22:28:06,245 | log_requests took 0.99ms
2026-07-30 22:28:06,245 | timing took 1.09ms
2026-07-30 22:28:06,416 | authorization took 169.81ms
2026-07-30 22:28:06,417 | check_api_key took 169.96ms
2026-07-30 22:28:06,417 | blacklist took 170.16ms
2026-07-30 22:28:06,417 | log_requests took 170.30ms
2026-07-30 22:28:06,417 | timing took 170.39ms
2026-07-30 22:28:06,419 | authorization took 0.92ms
2026-07-30 22:28:06,419 | check_api_key took 1.03ms
2026-07-30 22:28:06,419 | blacklist took 1.24ms
2026-07-30 22:28:06,419 | log_requests took 1.37ms
2026-07-30 22:28:06,419 | timing took 1.46ms
2026-07-30 22:28:06,422 | authorization took 1.70ms
2026-07-30 22:28:06,422 | check_api_key took 1.95ms
2026-07-30 22:28:06,422 | blacklist took 2.18ms
2026-07-30 22:28:06,422 | log_requests took 2.30ms
2026-07-30 22:28:06,422 | timing took 2.39ms
2026-07-30 22:28:06,424 | authorization took 1.15ms
2026-07-30 22:28:06,424 | check_api_key took 1.25ms
2026-07-30 22:28:06,424 | blacklist took 1.44ms
2026-07-30 22:28:06,424 | log_requests took 1.56ms
2026-07-30 22:28:06,425 | timing took 1.66ms
2026-07-30 22:28:06,427 | authorization took 0.72ms
2026-07-30 22:28:06,427 | check_api_key took 0.81ms
2026-07-30 22:28:06,427 | blacklist took 0.99ms
2026-07-30 22:28:06,427 | log_requests took 1.11ms
2026-07-30 22:28:06,427 | timing took 1.20ms
2026-07-30 22:28:06,429 | authorization took 0.69ms
2026-07-30 22:28:06,429 | check_api_key took 0.79ms
2026-07-30 22:28:06,429 | blacklist took 0.98ms
2026-07-30 22:28:06,430 | log_requests took 1.09ms
2026-07-30 22:28:06,430 | timing took 1.18ms
2026-07-30 22:28:06,432 | authorization took 0.95ms
2026-07-30 22:28:06,432 | check_api_key took 1.05ms
2026-07-30 22:28:06,432 | blacklist took 1.23ms
2026-07-30 22:28:06,432 | log_requests took 1.34ms
2026-07-30 22:28:06,432 | timing took 1.43ms
2026-07-30 22:28:06,434 | authorization took 0.28ms
2026-07-30 22:28:06,434 | check_api_key took 0.38ms
2026-07-30 22:28:06,434 | blacklist took 0.56ms
2026-07-30 22:28:06,434 | log_requests took 0.67ms
2026-07-30 22:28:06,434 | timing took 0.76ms
2026-07-30 22:28:06,437 | authorization took 0.86ms
2026-07-30 22:28:06,437 | check_api_key took 0.97ms
2026-07-30 22:28:06,437 | blacklist took 1.15ms
2026-07-30 22:28:06,437 | log_requests took 1.27ms
2026-07-30 22:28:06,437 | timing took 1.37ms
2026-07-30 22:28:06,442 | authorization took 3.00ms
2026-07-30 22:28:06,442 | check_api_key took 3.10ms
2026-07-30 22:28:06,442 | blacklist took 3.30ms
2026-07-30 22:28:06,442 | log_requests took 3.41ms
2026-07-30 22:28:06,442 | timing took 3.51ms
2026-07-30 22:28:06,445 | authorization took 1.91ms
2026-07-30 22:28:06,445 | check_api_key took 2.02ms
2026-07-30 22:28:06,446 | blacklist took 2.22ms
2026-07-30 22:28:06,446 | log_requests took 2.34ms
2026-07-30 22:28:06,446 | timing took 2.43ms
2026-07-30 22:28:06,447 | authorization took 0.80ms
2026-07-30 22:28:06,447 | check_api_key took 0.90ms
2026-07-30 22:28:06,448 | blacklist took 1.10ms
2026-07-30 22:28:06,448 | log_requests took 1.21ms
2026-07-30 22:28:06,448 | timing took 1.30ms
2026-07-30 22:28:06,449 | check_api_key took 0.02ms
2026-07-30 22:28:06,449 | blacklist took 0.22ms
2026-07-30 22:28:06,449 | log_requests took 0.33ms
2026-07-30 22:28:06,449 | timing took 0.42ms
2026-07-30 22:28:06,453 | authorization took 1.78ms
2026-07-30 22:28:06,453 | check_api_key took 1.88ms
2026-07-30 22:28:06,453 | blacklist took 2.08ms
2026-07-30 22:28:06,453 | log_requests took 2.20ms
2026-07-30 22:28:06,453 | timing took 2.28ms
2026-07-30 22:28:06,456 | authorization took 1.77ms
2026-07-30 22:28:06,456 | check_api_key took 1.87ms
2026-07-30 22:28:06,456 | blacklist took 2.06ms
2026-07-30 22:28:06,456 | log_requests took 2.18ms
2026-07-30 22:28:06,456 | timing took 2.27ms
2026-07-30 22:28:06,466 | authorization took 8.97ms
2026-07-30 22:28:06,466 | check_api_key took 9.20ms
2026-07-30 22:28:06,466 | blacklist took 9.43ms
2026-07-30 22:28:06,467 | log_requests took 9.56ms
2026-07-30 22:28:06,467 | timing took 9.65ms
2026-07-30 22:28:06,637 | authorization took 169.00ms
2026-07-30 22:28:06,638 | check_api_key took 169.13ms
2026-07-30 22:28:06,638 | blacklist took 169.33ms
2026-07-30 22:28:06,638 | log_requests took 169.46ms
2026-07-30 22:28:06,638 | timing took 169.57ms
2026-07-30 22:28:06,641 | authorization took 1.54ms
2026-07-30 22:28:06,641 | check_api_key took 1.80ms
2026-07-30 22:28:06,641 | blacklist took 2.05ms
2026-07-30 22:28:06,641 | log_requests took 2.17ms
2026-07-30 22:28:06,641 | timing took 2.27ms
2026-07-30 22:28:06,644 | authorization took 1.75ms
2026-07-30 22:28:06,644 | check_api_key took 1.84ms
2026-07-30 22:28:06,645 | blacklist took 2.04ms
2026-07-30 22:28:06,645 | log_requests took 2.16ms
2026-07-30 22:28:06,645 | timing took 2.25ms
2026-07-30 22:28:06,647 | authorization took 1.90ms
2026-07-30 22:28:06,648 | check_api_key took 2.00ms
2026-07-30 22:28:06,648 | blacklist took 2.19ms
2026-07-30 22:28:06,648 | log_requests took 2.30ms
2026-07-30 22:28:06,648 | timing took 2.39ms
2026-07-30 22:28:06,650 | authorization took 1.67ms
2026-07-30 22:28:06,650 | check_api_key took 1.78ms
2026-07-30 22:28:06,650 | blacklist took 2.00ms
2026-07-30 22:28:06,651 | log_requests took 2.14ms
2026-07-30 22:28:06,651 | timing took 2.24ms
2026-07-30 22:28:06,653 | authorization took 1.59ms
2026-07-30 22:28:06,653 | check_api_key took 1.69ms
2026-07-30 22:28:06,653 | blacklist took 1.91ms
2026-07-30 22:28:06,653 | log_requests took 2.03ms
2026-07-30 22:28:06,654 | timing took 2.12ms
2026-07-30 22:28:06,656 | authorization took 1.70ms
2026-07-30 22:28:06,656 | check_api_key took 1.80ms
2026-07-30 22:28:06,656 | blacklist took 1.98ms
2026-07-30 22:28:06,656 | log_requests took 2.10ms
2026-07-30 22:28:06,656 | timing took 2.19ms
2026-07-30 22:28:06,660 | authorization took 2.45ms
2026-07-30 22:28:06,660 | check_api_key took 2.69ms
2026-07-30 22:28:06,660 | blacklist took 2.86ms
2026-07-30 22:28:06,660 | log_requests took 2.98ms
2026-07-30 22:28:06,660 | timing took 3.07ms
2026-07-30 22:28:06,664 | authorization took 1.91ms
2026-07-30 22:28:06,664 | check_api_key took 2.01ms
2026-07-30 22:28:06,664 | blacklist took 2.22ms
2026-07-30 22:28:06,664 | log_requests took 2.34ms
2026-07-30 22:28:06,664 | timing took 2.43ms
2026-07-30 22:28:06,667 | authorization took 1.63ms
2026-07-30 22:28:06,667 | check_api_key took 1.73ms
2026-07-30 22:28:06,667 | blacklist took 1.92ms
2026-07-30 22:28:06,667 | log_requests took 2.04ms
2026-07-30 22:28:06,667 | timing took 2.14ms
2026-07-30 22:28:06,670 | authorization took 1.61ms
2026-07-30 22:28:06,670 | check_api_key took 1.70ms
2026-07-30 22:28:06,670 | blacklist took 1.89ms
2026-07-30 22:28:06,670 | log_requests took 2.01ms
2026-07-30 22:28:06,670 | timing took 2.10ms
2026-07-30 22:28:06,673 | authorization took 2.03ms
2026-07-30 22:28:06,673 | check_api_key took 2.14ms
2026-07-30 22:28:06,673 | blacklist took 2.33ms
2026-07-30 22:28:06,673 | log_requests took 2.46ms
2026-07-30 22:28:06,673 | timing took 2.55ms
2026-07-30 22:28:06,676 | authorization took 1.88ms
2026-07-30 22:28:06,676 | check_api_key took 1.99ms
2026-07-30 22:28:06,676 | blacklist took 2.18ms
2026-07-30 22:28:06,676 | log_requests took 2.30ms
2026-07-30 22:28:06,676 | timing took 2.39ms
2026-07-30 22:28:06,680 | authorization took 2.18ms
2026-07-30 22:28:06,680 | check_api_key took 2.40ms
2026-07-30 22:28:06,680 | blacklist took 2.58ms
2026-07-30 22:28:06,680 | log_requests took 2.69ms
2026-07-30 22:28:06,680 | timing took 2.78ms
2026-07-30 22:28:06,683 | authorization took 2.10ms
2026-07-30 22:28:06,683 | check_api_key took 2.33ms
2026-07-30 22:28:06,683 | blacklist took 2.53ms
2026-07-30 22:28:06,683 | log_requests took 2.65ms
2026-07-30 22:28:06,683 | timing took 2.74ms
2026-07-30 22:28:06,687 | authorization took 1.89ms
2026-07-30 22:28:06,687 | check_api_key took 1.99ms
2026-07-30 22:28:06,687 | blacklist took 2.20ms
2026-07-30 22:28:06,687 | log_requests took 2.32ms
2026-07-30 22:28:06,687 | timing took 2.41ms
2026-07-30 22:28:06,690 | authorization took 1.91ms
2026-07-30 22:28:06,690 | check_api_key took 2.01ms
2026-07-30 22:28:06,690 | blacklist took 2.21ms
2026-07-30 22:28:06,690 | log_requests took 2.32ms
2026-07-30 22:28:06,690 | timing took 2.41ms
2026-07-30 22:28:06,693 | authorization took 1.66ms
2026-07-30 22:28:06,693 | check_api_key took 1.76ms
2026-07-30 22:28:06,693 | blacklist took 1.95ms
2026-07-30 22:28:06,693 | log_requests took 2.07ms
2026-07-30 22:28:06,693 | timing took 2.16ms
2026-07-30 22:28:06,696 | authorization took 1.94ms
2026-07-30 22:28:06,697 | check_api_key took 2.18ms
2026-07-30 22:28:06,697 | blacklist took 2.38ms
2026-07-30 22:28:06,697 | log_requests took 2.50ms
2026-07-30 22:28:06,697 | timing took 2.59ms
2026-07-30 22:28:06,700 | authorization took 1.34ms
2026-07-30 22:28:06,700 | check_api_key took 1.57ms
2026-07-30 22:28:06,700 | blacklist took 1.76ms
2026-07-30 22:28:06,700 | log_requests took 1.88ms
2026-07-30 22:28:06,700 | timing took 1.97ms
2026-07-30 22:28:06,702 | authorization took 0.54ms
2026-07-30 22:28:06,703 | check_api_key took 0.65ms
2026-07-30 22:28:06,703 | blacklist took 0.84ms
2026-07-30 22:28:06,703 | log_requests took 0.96ms
2026-07-30 22:28:06,703 | timing took 1.05ms
2026-07-30 22:28:06,705 | authorization took 0.32ms
2026-07-30 22:28:06,705 | check_api_key took 0.42ms
2026-07-30 22:28:06,705 | blacklist took 0.61ms
2026-07-30 22:28:06,705 | log_requests took 0.73ms
2026-07-30 22:28:06,705 | timing took 0.82ms
2026-07-30 22:28:06,707 | authorization took 0.24ms
2026-07-30 22:28:06,707 | check_api_key took 0.34ms
2026-07-30 22:28:06,707 | blacklist took 0.54ms
2026-07-30 22:28:06,707 | log_requests took 0.67ms
2026-07-30 22:28:06,707 | timing took 0.76ms
2026-07-30 22:28:06,709 | authorization took 0.23ms
2026-07-30 22:28:06,709 | check_api_key took 0.32ms
2026-07-30 22:28:06,709 | blacklist took 0.51ms
2026-07-30 22:28:06,709 | log_requests took 0.62ms
2026-07-30 22:28:06,709 | timing took 0.71ms
2026-07-30 22:28:06,711 | authorization took 0.30ms
2026-07-30 22:28:06,711 | check_api_key took 0.40ms
2026-07-30 22:28:06,711 | blacklist took 0.59ms
2026-07-30 22:28:06,711 | log_requests took 0.71ms
2026-07-30 22:28:06,711 | timing took 0.79ms
2026-07-30 22:28:06,715 | authorization took 2.04ms
2026-07-30 22:28:06,715 | check_api_key took 2.14ms
2026-07-30 22:28:06,715 | blacklist took 2.33ms
2026-07-30 22:28:06,715 | log_requests took 2.45ms
2026-07-30 22:28:06,715 | timing took 2.54ms
2026-07-30 22:28:06,718 | authorization took 1.40ms
2026-07-30 22:28:06,718 | check_api_key took 1.51ms
2026-07-30 22:28:06,718 | blacklist took 1.69ms
2026-07-30 22:28:06,718 | log_requests took 1.81ms
2026-07-30 22:28:06,718 | timing took 1.90ms
2026-07-30 22:28:06,721 | authorization took 1.90ms
2026-07-30 22:28:06,721 | check_api_key took 2.01ms
2026-07-30 22:28:06,721 | blacklist took 2.21ms
2026-07-30 22:28:06,722 | log_requests took 2.34ms
2026-07-30 22:28:06,722 | timing took 2.43ms
2026-07-30 22:28:06,724 | authorization took 0.85ms
2026-07-30 22:28:06,724 | check_api_key took 0.95ms
2026-07-30 22:28:06,724 | blacklist took 1.13ms
2026-07-30 22:28:06,724 | log_requests took 1.24ms
2026-07-30 22:28:06,724 | timing took 1.33ms
2026-07-30 22:28:06,726 | check_api_key took 0.01ms
2026-07-30 22:28:06,726 | blacklist took 0.21ms
2026-07-30 22:28:06,726 | log_requests took 0.32ms
2026-07-30 22:28:06,726 | timing took 0.41ms
2026-07-30 22:28:06,728 | check_api_key took 0.13ms
2026-07-30 22:28:06,728 | blacklist took 0.32ms
2026-07-30 22:28:06,728 | log_requests took 0.43ms
2026-07-30 22:28:06,728 | timing took 0.52ms
2026-07-30 22:28:06,731 | authorization took 1.88ms
2026-07-30 22:28:06,731 | check_api_key took 2.12ms
2026-07-30 22:28:06,732 | blacklist took 2.31ms
2026-07-30 22:28:06,732 | log_requests took 2.43ms
2026-07-30 22:28:06,732 | timing took 2.51ms
2026-07-30 22:28:06,733 | check_api_key took 0.12ms
2026-07-30 22:28:06,733 | blacklist took 0.30ms
2026-07-30 22:28:06,733 | log_requests took 0.41ms
2026-07-30 22:28:06,733 | timing took 0.50ms
2026-07-30 22:28:06,735 | blacklist took 0.07ms
2026-07-30 22:28:06,735 | log_requests took 0.19ms
2026-07-30 22:28:06,735 | timing took 0.28ms
2026-07-30 22:28:06,739 | authorization took 1.33ms
2026-07-30 22:28:06,739 | check_api_key took 1.55ms
2026-07-30 22:28:06,739 | blacklist took 1.76ms
2026-07-30 22:28:06,739 | log_requests took 1.88ms
2026-07-30 22:28:06,739 | timing took 1.97ms
2026-07-30 22:28:06,742 | authorization took 1.24ms
2026-07-30 22:28:06,742 | check_api_key took 1.45ms
2026-07-30 22:28:06,742 | blacklist took 1.60ms
2026-07-30 22:28:06,742 | log_requests took 1.71ms
2026-07-30 22:28:06,742 | timing took 1.80ms
2026-07-30 22:28:06,743 | blacklist took 0.10ms
2026-07-30 22:28:06,743 | log_requests took 0.22ms
2026-07-30 22:28:06,743 | timing took 0.31ms
2026-07-30 22:28:06,746 | authorization took 1.30ms
2026-07-30 22:28:06,746 | check_api_key took 1.53ms
2026-07-30 22:28:06,746 | blacklist took 1.74ms
2026-07-30 22:28:06,746 | log_requests took 1.86ms
2026-07-30 22:28:06,746 | timing took 1.95ms
2026-07-30 22:28:06,748 | blacklist took 0.09ms
2026-07-30 22:28:06,748 | log_requests took 0.22ms
2026-07-30 22:28:06,748 | timing took 0.30ms
2026-07-30 22:28:06,750 | blacklist took 0.09ms
2026-07-30 22:28:06,750 | log_requests took 0.22ms
2026-07-30 22:28:06,750 | timing took 0.31ms
2026-07-30 22:28:06,752 | authorization took 0.31ms
2026-07-30 22:28:06,752 | check_api_key took 0.40ms
2026-07-30 22:28:06,752 | blacklist took 0.60ms
2026-07-30 22:28:06,752 | log_requests took 0.72ms
2026-07-30 22:28:06,752 | timing took 0.80ms
2026-07-30 22:28:06,754 | check_api_key took 0.01ms
2026-07-30 22:28:06,754 | blacklist took 0.23ms
2026-07-30 22:28:06,754 | log_requests took 0.33ms
2026-07-30 22:28:06,754 | timing took 0.42ms
2026-07-30 22:28:06,757 | authorization took 1.93ms
2026-07-30 22:28:06,757 | check_api_key took 2.02ms
2026-07-30 22:28:06,757 | blacklist took 2.21ms
2026-07-30 22:28:06,757 | log_requests took 2.32ms
2026-07-30 22:28:06,758 | timing took 2.41ms
2026-07-30 22:28:06,760 | authorization took 1.24ms
2026-07-30 22:28:06,760 | check_api_key took 1.34ms
2026-07-30 22:28:06,760 | blacklist took 1.51ms
2026-07-30 22:28:06,760 | log_requests took 1.64ms
2026-07-30 22:28:06,760 | timing took 1.73ms
2026-07-30 22:28:06,763 | authorization took 1.68ms
2026-07-30 22:28:06,763 | check_api_key took 1.79ms
2026-07-30 22:28:06,763 | blacklist took 1.99ms
2026-07-30 22:28:06,763 | log_requests took 2.11ms
2026-07-30 22:28:06,763 | timing took 2.20ms
2026-07-30 22:28:06,766 | authorization took 1.23ms
2026-07-30 22:28:06,766 | check_api_key took 1.34ms
2026-07-30 22:28:06,766 | blacklist took 1.51ms
2026-07-30 22:28:06,766 | log_requests took 1.63ms
2026-07-30 22:28:06,766 | timing took 1.73ms
2026-07-30 22:28:06,767 | authorization took 0.31ms
2026-07-30 22:28:06,767 | check_api_key took 0.41ms
2026-07-30 22:28:06,767 | blacklist took 0.60ms
2026-07-30 22:28:06,767 | log_requests took 0.71ms
2026-07-30 22:28:06,767 | timing took 0.81ms
2026-07-30 22:28:06,768 | authorization took 0.31ms
2026-07-30 22:28:06,769 | check_api_key took 0.41ms
2026-07-30 22:28:06,769 | blacklist took 0.60ms
2026-07-30 22:28:06,769 | log_requests took 0.72ms
2026-07-30 22:28:06,769 | timing took 0.81ms
2026-07-30 22:28:06,773 | authorization took 2.08ms
2026-07-30 22:28:06,773 | check_api_key took 2.17ms
2026-07-30 22:28:06,773 | blacklist took 2.37ms
2026-07-30 22:28:06,773 | log_requests took 2.48ms
2026-07-30 22:28:06,773 | timing took 2.57ms
2026-07-30 22:28:06,775 | authorization took 1.36ms
2026-07-30 22:28:06,775 | check_api_key took 1.47ms
2026-07-30 22:28:06,775 | blacklist took 1.64ms
2026-07-30 22:28:06,775 | log_requests took 1.76ms
2026-07-30 22:28:06,775 | timing took 1.86ms
2026-07-30 22:28:06,778 | authorization took 1.25ms
2026-07-30 22:28:06,778 | check_api_key took 1.48ms
2026-07-30 22:28:06,778 | blacklist took 1.66ms
2026-07-30 22:28:06,778 | log_requests took 1.78ms
2026-07-30 22:28:06,778 | timing took 1.88ms
2026-07-30 22:28:06,779 | authorization took 0.46ms
2026-07-30 22:28:06,779 | check_api_key took 0.56ms
2026-07-30 22:28:06,779 | blacklist took 0.74ms
2026-07-30 22:28:06,779 | log_requests took 0.85ms
2026-07-30 22:28:06,779 | timing took 0.94ms
2026-07-30 22:28:06,783 | authorization took 1.77ms
2026-07-30 22:28:06,783 | check_api_key took 1.87ms
2026-07-30 22:28:06,783 | blacklist took 2.06ms
2026-07-30 22:28:06,783 | log_requests took 2.18ms
2026-07-30 22:28:06,783 | timing took 2.27ms
2026-07-30 22:28:06,785 | authorization took 1.21ms
2026-07-30 22:28:06,785 | check_api_key took 1.31ms
2026-07-30 22:28:06,785 | blacklist took 1.50ms
2026-07-30 22:28:06,786 | log_requests took 1.63ms
2026-07-30 22:28:06,786 | timing took 1.73ms
2026-07-30 22:28:06,788 | authorization took 1.80ms
2026-07-30 22:28:06,788 | check_api_key took 2.02ms
2026-07-30 22:28:06,789 | blacklist took 2.21ms
2026-07-30 22:28:06,789 | log_requests took 2.32ms
2026-07-30 22:28:06,789 | timing took 2.41ms
2026-07-30 22:28:06,791 | authorization took 1.09ms
2026-07-30 22:28:06,791 | check_api_key took 1.19ms
2026-07-30 22:28:06,791 | blacklist took 1.38ms
2026-07-30 22:28:06,791 | log_requests took 1.50ms
2026-07-30 22:28:06,791 | timing took 1.60ms
2026-07-30 22:28:06,794 | authorization took 1.73ms
2026-07-30 22:28:06,794 | check_api_key took 1.83ms
2026-07-30 22:28:06,795 | blacklist took 2.01ms
2026-07-30 22:28:06,795 | log_requests took 2.12ms
2026-07-30 22:28:06,795 | timing took 2.21ms
2026-07-30 22:28:06,797 | authorization took 1.17ms
2026-07-30 22:28:06,797 | check_api_key took 1.28ms
2026-07-30 22:28:06,797 | blacklist took 1.48ms
2026-07-30 22:28:06,797 | log_requests took 1.62ms
2026-07-30 22:28:06,797 | timing took 1.73ms
2026-07-30 22:28:06,799 | authorization took 0.62ms
2026-07-30 22:28:06,799 | check_api_key took 0.86ms
2026-07-30 22:28:06,799 | blacklist took 1.05ms
2026-07-30 22:28:06,799 | log_requests took 1.16ms
2026-07-30 22:28:06,799 | timing took 1.25ms
2026-07-30 22:28:06,973 | authorization took 171.74ms
2026-07-30 22:28:06,973 | check_api_key took 171.86ms
2026-07-30 22:28:06,973 | blacklist took 172.05ms
2026-07-30 22:28:06,973 | log_requests took 172.17ms
2026-07-30 22:28:06,973 | timing took 172.26ms
2026-07-30 22:28:07,143 | authorization took 168.67ms
2026-07-30 22:28:07,143 | check_api_key took 168.80ms
2026-07-30 22:28:07,143 | blacklist took 169.02ms
2026-07-30 22:28:07,143 | log_requests took 169.16ms
2026-07-30 22:28:07,143 | timing took 169.26ms
2026-07-30 22:28:07,311 | authorization took 166.66ms
2026-07-30 22:28:07,311 | check_api_key took 166.79ms
2026-07-30 22:28:07,311 | blacklist took 167.02ms
2026-07-30 22:28:07,311 | log_requests took 167.16ms
2026-07-30 22:28:07,311 | timing took 167.26ms
2026-07-30 22:28:08,418 | authorization took 7.40ms
2026-07-30 22:28:08,418 | check_api_key took 7.60ms
2026-07-30 22:28:08,418 | blacklist took 7.84ms
2026-07-30 22:28:08,418 | log_requests took 8.00ms
2026-07-30 22:28:08,418 | timing took 8.11ms
2026-07-30 22:28:08,422 | authorization took 2.62ms
2026-07-30 22:28:08,422 | check_api_key took 2.75ms
2026-07-30 22:28:08,422 | blacklist took 2.98ms
2026-07-30 22:28:08,422 | log_requests took 3.11ms
2026-07-30 22:28:08,422 | timing took 3.22ms
2026-07-30 22:28:08,427 | authorization took 2.35ms
2026-07-30 22:28:08,427 | check_api_key took 2.45ms
2026-07-30 22:28:08,427 | blacklist took 2.63ms
2026-07-30 22:28:08,427 | log_requests took 2.75ms
2026-07-30 22:28:08,428 | timing took 2.85ms
2026-07-30 22:28:08,430 | authorization took 1.58ms
2026-07-30 22:28:08,430 | check_api_key took 1.84ms
2026-07-30 22:28:08,430 | blacklist took 2.02ms
2026-07-30 22:28:08,430 | log_requests took 2.14ms
2026-07-30 22:28:08,430 | timing took 2.23ms
2026-07-30 22:28:08,432 | authorization took 0.52ms
2026-07-30 22:28:08,432 | check_api_key took 0.66ms
2026-07-30 22:28:08,432 | blacklist took 0.86ms
2026-07-30 22:28:08,432 | log_requests took 1.02ms
2026-07-30 22:28:08,432 | timing took 1.13ms
2026-07-30 22:28:08,436 | authorization took 1.20ms
2026-07-30 22:28:08,436 | check_api_key took 1.47ms
2026-07-30 22:28:08,436 | blacklist took 1.67ms
2026-07-30 22:28:08,436 | log_requests took 1.82ms
2026-07-30 22:28:08,436 | timing took 1.94ms
2026-07-30 22:28:08,439 | authorization took 1.28ms
2026-07-30 22:28:08,439 | check_api_key took 1.40ms
2026-07-30 22:28:08,439 | blacklist took 1.78ms
2026-07-30 22:28:08,440 | log_requests took 1.91ms
2026-07-30 22:28:08,440 | timing took 2.00ms
2026-07-30 22:28:08,443 | authorization took 1.85ms
2026-07-30 22:28:08,443 | check_api_key took 1.95ms
2026-07-30 22:28:08,443 | blacklist took 2.15ms
2026-07-30 22:28:08,443 | log_requests took 2.28ms
2026-07-30 22:28:08,443 | timing took 2.37ms
2026-07-30 22:28:08,446 | authorization took 1.17ms
2026-07-30 22:28:08,446 | check_api_key took 1.27ms
2026-07-30 22:28:08,446 | blacklist took 1.47ms
2026-07-30 22:28:08,446 | log_requests took 1.59ms
2026-07-30 22:28:08,446 | timing took 1.69ms
2026-07-30 22:28:08,447 | authorization took 0.32ms
2026-07-30 22:28:08,447 | check_api_key took 0.41ms
2026-07-30 22:28:08,447 | blacklist took 0.60ms
2026-07-30 22:28:08,447 | log_requests took 0.71ms
2026-07-30 22:28:08,447 | timing took 0.80ms
2026-07-30 22:28:08,452 | authorization took 1.66ms
2026-07-30 22:28:08,452 | check_api_key took 1.76ms
2026-07-30 22:28:08,452 | blacklist took 1.96ms
2026-07-30 22:28:08,452 | log_requests took 2.08ms
2026-07-30 22:28:08,452 | timing took 2.17ms
2026-07-30 22:28:08,454 | authorization took 1.50ms
2026-07-30 22:28:08,454 | check_api_key took 1.60ms
2026-07-30 22:28:08,454 | blacklist took 1.79ms
2026-07-30 22:28:08,455 | log_requests took 1.91ms
2026-07-30 22:28:08,455 | timing took 2.01ms
2026-07-30 22:28:08,458 | authorization took 1.78ms
2026-07-30 22:28:08,458 | check_api_key took 1.89ms
2026-07-30 22:28:08,458 | blacklist took 2.07ms
2026-07-30 22:28:08,458 | log_requests took 2.18ms
2026-07-30 22:28:08,458 | timing took 2.27ms
2026-07-30 22:28:08,461 | authorization took 1.69ms
2026-07-30 22:28:08,461 | check_api_key took 1.79ms
2026-07-30 22:28:08,461 | blacklist took 1.99ms
2026-07-30 22:28:08,461 | log_requests took 2.10ms
2026-07-30 22:28:08,461 | timing took 2.20ms
2026-07-30 22:28:08,463 | authorization took 1.08ms
2026-07-30 22:28:08,463 | check_api_key took 1.18ms
2026-07-30 22:28:08,463 | blacklist took 1.36ms
2026-07-30 22:28:08,463 | log_requests took 1.48ms
2026-07-30 22:28:08,463 | timing took 1.57ms
2026-07-30 22:28:08,465 | authorization took 1.03ms
2026-07-30 22:28:08,465 | check_api_key took 1.14ms
2026-07-30 22:28:08,465 | blacklist took 1.32ms
2026-07-30 22:28:08,465 | log_requests took 1.44ms
2026-07-30 22:28:08,465 | timing took 1.54ms
2026-07-30 22:28:08,467 | authorization took 0.31ms
2026-07-30 22:28:08,467 | check_api_key took 0.40ms
2026-07-30 22:28:08,467 | blacklist took 0.57ms
2026-07-30 22:28:08,467 | log_requests took 0.69ms
2026-07-30 22:28:08,467 | timing took 0.78ms
2026-07-30 22:28:08,471 | authorization took 2.15ms
2026-07-30 22:28:08,472 | check_api_key took 2.27ms
2026-07-30 22:28:08,472 | blacklist took 2.45ms
2026-07-30 22:28:08,472 | log_requests took 2.57ms
2026-07-30 22:28:08,472 | timing took 2.66ms
2026-07-30 22:28:08,474 | authorization took 1.60ms
2026-07-30 22:28:08,474 | check_api_key took 1.69ms
2026-07-30 22:28:08,474 | blacklist took 1.88ms
2026-07-30 22:28:08,475 | log_requests took 1.99ms
2026-07-30 22:28:08,475 | timing took 2.08ms
2026-07-30 22:28:08,478 | authorization took 1.75ms
2026-07-30 22:28:08,478 | check_api_key took 1.84ms
2026-07-30 22:28:08,478 | blacklist took 2.03ms
2026-07-30 22:28:08,478 | log_requests took 2.15ms
2026-07-30 22:28:08,478 | timing took 2.23ms
2026-07-30 22:28:08,481 | authorization took 1.22ms
2026-07-30 22:28:08,481 | check_api_key took 1.47ms
2026-07-30 22:28:08,481 | blacklist took 1.67ms
2026-07-30 22:28:08,481 | log_requests took 1.79ms
2026-07-30 22:28:08,481 | timing took 1.89ms
2026-07-30 22:28:08,482 | authorization took 0.44ms
2026-07-30 22:28:08,482 | check_api_key took 0.54ms
2026-07-30 22:28:08,482 | blacklist took 0.72ms
2026-07-30 22:28:08,482 | log_requests took 0.82ms
2026-07-30 22:28:08,483 | timing took 0.91ms
2026-07-30 22:28:08,486 | authorization took 2.07ms
2026-07-30 22:28:08,486 | check_api_key took 2.18ms
2026-07-30 22:28:08,486 | blacklist took 2.35ms
2026-07-30 22:28:08,487 | log_requests took 2.47ms
2026-07-30 22:28:08,487 | timing took 2.56ms
2026-07-30 22:28:08,490 | authorization took 1.60ms
2026-07-30 22:28:08,490 | check_api_key took 1.70ms
2026-07-30 22:28:08,490 | blacklist took 1.89ms
2026-07-30 22:28:08,490 | log_requests took 2.00ms
2026-07-30 22:28:08,490 | timing took 2.08ms
2026-07-30 22:28:08,493 | authorization took 0.79ms
2026-07-30 22:28:08,493 | check_api_key took 0.88ms
2026-07-30 22:28:08,493 | blacklist took 1.06ms
2026-07-30 22:28:08,493 | log_requests took 1.17ms
2026-07-30 22:28:08,493 | timing took 1.26ms
2026-07-30 22:28:08,496 | authorization took 1.95ms
2026-07-30 22:28:08,496 | check_api_key took 2.05ms
2026-07-30 22:28:08,497 | blacklist took 2.23ms
2026-07-30 22:28:08,497 | log_requests took 2.35ms
2026-07-30 22:28:08,497 | timing took 2.43ms
2026-07-30 22:28:08,499 | authorization took 1.20ms
2026-07-30 22:28:08,499 | check_api_key took 1.41ms
2026-07-30 22:28:08,499 | blacklist took 1.60ms
2026-07-30 22:28:08,499 | log_requests took 1.72ms
2026-07-30 22:28:08,499 | timing took 1.81ms
2026-07-30 22:28:08,501 | authorization took 0.49ms
2026-07-30 22:28:08,501 | check_api_key took 0.60ms
2026-07-30 22:28:08,501 | blacklist took 0.82ms
2026-07-30 22:28:08,501 | log_requests took 0.95ms
2026-07-30 22:28:08,501 | timing took 1.04ms
2026-07-30 22:28:08,505 | authorization took 1.83ms
2026-07-30 22:28:08,505 | check_api_key took 1.93ms
2026-07-30 22:28:08,505 | blacklist took 2.11ms
2026-07-30 22:28:08,505 | log_requests took 2.23ms
2026-07-30 22:28:08,505 | timing took 2.32ms
2026-07-30 22:28:08,507 | authorization took 0.58ms
2026-07-30 22:28:08,507 | check_api_key took 0.80ms
2026-07-30 22:28:08,507 | blacklist took 0.97ms
2026-07-30 22:28:08,507 | log_requests took 1.09ms
2026-07-30 22:28:08,507 | timing took 1.18ms
2026-07-30 22:28:08,510 | authorization took 2.13ms
2026-07-30 22:28:08,510 | check_api_key took 2.23ms
2026-07-30 22:28:08,510 | blacklist took 2.44ms
2026-07-30 22:28:08,510 | log_requests took 2.57ms
2026-07-30 22:28:08,510 | timing took 2.67ms
2026-07-30 22:28:08,514 | authorization took 1.72ms
2026-07-30 22:28:08,514 | check_api_key took 1.82ms
2026-07-30 22:28:08,514 | blacklist took 2.01ms
2026-07-30 22:28:08,514 | log_requests took 2.12ms
2026-07-30 22:28:08,514 | timing took 2.21ms
2026-07-30 22:28:08,515 | check_api_key took 0.02ms
2026-07-30 22:28:08,515 | blacklist took 0.24ms
2026-07-30 22:28:08,515 | log_requests took 0.38ms
2026-07-30 22:28:08,515 | timing took 0.48ms
2026-07-30 22:28:08,518 | authorization took 1.62ms
2026-07-30 22:28:08,519 | check_api_key took 1.74ms
2026-07-30 22:28:08,519 | blacklist took 1.91ms
2026-07-30 22:28:08,519 | log_requests took 2.04ms
2026-07-30 22:28:08,519 | timing took 2.13ms
2026-07-30 22:28:08,524 | authorization took 2.43ms
2026-07-30 22:28:08,524 | check_api_key took 3.41ms
2026-07-30 22:28:08,524 | blacklist took 3.86ms
2026-07-30 22:28:08,524 | log_requests took 4.07ms
2026-07-30 22:28:08,524 | timing took 4.37ms
2026-07-30 22:28:08,534 | authorization took 5.02ms
2026-07-30 22:28:08,534 | check_api_key took 5.34ms
2026-07-30 22:28:08,534 | blacklist took 5.79ms
2026-07-30 22:28:08,534 | log_requests took 6.08ms
2026-07-30 22:28:08,534 | timing took 6.29ms
2026-07-30 22:28:08,542 | authorization took 3.65ms
2026-07-30 22:28:08,542 | check_api_key took 3.94ms
2026-07-30 22:28:08,542 | blacklist took 4.52ms
2026-07-30 22:28:08,542 | log_requests took 4.96ms
2026-07-30 22:28:08,542 | timing took 5.31ms
2026-07-30 22:28:08,548 | authorization took 3.16ms
2026-07-30 22:28:08,548 | check_api_key took 3.38ms
2026-07-30 22:28:08,549 | blacklist took 3.64ms
2026-07-30 22:28:08,549 | log_requests took 3.87ms
2026-07-30 22:28:08,549 | timing took 4.03ms
2026-07-30 22:28:08,554 | authorization took 0.68ms
2026-07-30 22:28:08,554 | check_api_key took 0.82ms
2026-07-30 22:28:08,554 | blacklist took 1.03ms
2026-07-30 22:28:08,554 | log_requests took 1.17ms
2026-07-30 22:28:08,554 | timing took 1.28ms
2026-07-30 22:28:08,558 | authorization took 2.02ms
2026-07-30 22:28:08,558 | check_api_key took 2.13ms
2026-07-30 22:28:08,558 | blacklist took 2.31ms
2026-07-30 22:28:08,558 | log_requests took 2.43ms
2026-07-30 22:28:08,558 | timing took 2.52ms
2026-07-30 22:28:08,561 | authorization took 0.65ms
2026-07-30 22:28:08,561 | check_api_key took 0.76ms
2026-07-30 22:28:08,561 | blacklist took 1.03ms
2026-07-30 22:28:08,561 | log_requests took 1.16ms
2026-07-30 22:28:08,561 | timing took 1.26ms
2026-07-30 22:28:08,565 | authorization took 1.13ms
2026-07-30 22:28:08,565 | check_api_key took 1.26ms
2026-07-30 22:28:08,565 | blacklist took 1.46ms
2026-07-30 22:28:08,565 | log_requests took 1.59ms
2026-07-30 22:28:08,565 | timing took 1.71ms
2026-07-30 22:28:08,569 | authorization took 1.98ms
2026-07-30 22:28:08,569 | check_api_key took 2.10ms
2026-07-30 22:28:08,569 | blacklist took 2.31ms
2026-07-30 22:28:08,569 | log_requests took 2.44ms
2026-07-30 22:28:08,569 | timing took 2.54ms
2026-07-30 22:28:08,572 | authorization took 1.81ms
2026-07-30 22:28:08,572 | check_api_key took 1.92ms
2026-07-30 22:28:08,572 | blacklist took 2.14ms
2026-07-30 22:28:08,573 | log_requests took 2.26ms
2026-07-30 22:28:08,573 | timing took 2.36ms
2026-07-30 22:28:08,576 | authorization took 1.91ms
2026-07-30 22:28:08,576 | check_api_key took 2.02ms
2026-07-30 22:28:08,576 | blacklist took 2.24ms
2026-07-30 22:28:08,576 | log_requests took 2.37ms
2026-07-30 22:28:08,576 | timing took 2.46ms
2026-07-30 22:28:08,579 | authorization took 1.31ms
2026-07-30 22:28:08,579 | check_api_key took 1.54ms
2026-07-30 22:28:08,579 | blacklist took 1.87ms
2026-07-30 22:28:08,579 | log_requests took 2.02ms
2026-07-30 22:28:08,579 | timing took 2.12ms
2026-07-30 22:28:08,583 | authorization took 2.00ms
2026-07-30 22:28:08,583 | check_api_key took 2.11ms
2026-07-30 22:28:08,583 | blacklist took 2.32ms
2026-07-30 22:28:08,583 | log_requests took 2.45ms
2026-07-30 22:28:08,583 | timing took 2.55ms
2026-07-30 22:28:08,586 | authorization took 1.19ms
2026-07-30 22:28:08,586 | check_api_key took 1.30ms
2026-07-30 22:28:08,586 | blacklist took 1.48ms
2026-07-30 22:28:08,586 | log_requests took 1.61ms
2026-07-30 22:28:08,586 | timing took 1.70ms
2026-07-30 22:28:08,589 | authorization took 1.90ms
2026-07-30 22:28:08,590 | check_api_key took 2.00ms
2026-07-30 22:28:08,590 | blacklist took 2.20ms
2026-07-30 22:28:08,590 | log_requests took 2.32ms
2026-07-30 22:28:08,590 | timing took 2.41ms
2026-07-30 22:28:08,592 | authorization took 1.26ms
2026-07-30 22:28:08,592 | check_api_key took 1.51ms
2026-07-30 22:28:08,592 | blacklist took 1.69ms
2026-07-30 22:28:08,592 | log_requests took 1.80ms
2026-07-30 22:28:08,592 | timing took 1.90ms
2026-07-30 22:28:08,594 | authorization took 0.91ms
2026-07-30 22:28:08,594 | check_api_key took 1.01ms
2026-07-30 22:28:08,594 | blacklist took 1.19ms
2026-07-30 22:28:08,594 | log_requests took 1.30ms
2026-07-30 22:28:08,594 | timing took 1.39ms
2026-07-30 22:28:08,598 | authorization took 1.89ms
2026-07-30 22:28:08,598 | check_api_key took 2.00ms
2026-07-30 22:28:08,598 | blacklist took 2.21ms
2026-07-30 22:28:08,598 | log_requests took 2.33ms
2026-07-30 22:28:08,598 | timing took 2.42ms
2026-07-30 22:28:08,603 | authorization took 3.26ms
2026-07-30 22:28:08,603 | check_api_key took 3.51ms
2026-07-30 22:28:08,603 | blacklist took 3.70ms
2026-07-30 22:28:08,603 | log_requests took 3.82ms
2026-07-30 22:28:08,603 | timing took 3.91ms
2026-07-30 22:28:08,606 | authorization took 1.24ms
2026-07-30 22:28:08,606 | check_api_key took 1.34ms
2026-07-30 22:28:08,606 | blacklist took 1.55ms
2026-07-30 22:28:08,606 | log_requests took 1.66ms
2026-07-30 22:28:08,606 | timing took 1.76ms
2026-07-30 22:28:08,608 | authorization took 1.13ms
2026-07-30 22:28:08,608 | check_api_key took 1.24ms
2026-07-30 22:28:08,608 | blacklist took 1.43ms
2026-07-30 22:28:08,608 | log_requests took 1.55ms
2026-07-30 22:28:08,608 | timing took 1.64ms
2026-07-30 22:28:08,610 | authorization took 1.23ms
2026-07-30 22:28:08,610 | check_api_key took 1.33ms
2026-07-30 22:28:08,610 | blacklist took 1.55ms
2026-07-30 22:28:08,611 | log_requests took 1.67ms
2026-07-30 22:28:08,611 | timing took 1.77ms
2026-07-30 22:28:08,614 | authorization took 1.68ms
2026-07-30 22:28:08,614 | check_api_key took 1.78ms
2026-07-30 22:28:08,614 | blacklist took 1.98ms
2026-07-30 22:28:08,614 | log_requests took 2.09ms
2026-07-30 22:28:08,614 | timing took 2.18ms
2026-07-30 22:28:08,618 | authorization took 2.54ms
2026-07-30 22:28:08,618 | check_api_key took 2.77ms
2026-07-30 22:28:08,618 | blacklist took 2.95ms
2026-07-30 22:28:08,618 | log_requests took 3.07ms
2026-07-30 22:28:08,618 | timing took 3.17ms
2026-07-30 22:28:08,621 | authorization took 0.83ms
2026-07-30 22:28:08,621 | check_api_key took 1.08ms
2026-07-30 22:28:08,621 | blacklist took 1.26ms
2026-07-30 22:28:08,621 | log_requests took 1.43ms
2026-07-30 22:28:08,621 | timing took 1.54ms
2026-07-30 22:28:08,624 | authorization took 0.72ms
2026-07-30 22:28:08,624 | check_api_key took 0.97ms
2026-07-30 22:28:08,624 | blacklist took 1.13ms
2026-07-30 22:28:08,624 | log_requests took 1.25ms
2026-07-30 22:28:08,624 | timing took 1.34ms
2026-07-30 22:28:08,627 | authorization took 1.20ms
2026-07-30 22:28:08,627 | check_api_key took 1.42ms
2026-07-30 22:28:08,627 | blacklist took 1.59ms
2026-07-30 22:28:08,627 | log_requests took 1.70ms
2026-07-30 22:28:08,627 | timing took 1.78ms
2026-07-30 22:28:08,631 | authorization took 1.75ms
2026-07-30 22:28:08,631 | check_api_key took 1.96ms
2026-07-30 22:28:08,631 | blacklist took 2.16ms
2026-07-30 22:28:08,631 | log_requests took 2.27ms
2026-07-30 22:28:08,631 | timing took 2.36ms
2026-07-30 22:28:08,633 | authorization took 0.01ms
2026-07-30 22:28:08,633 | check_api_key took 0.22ms
2026-07-30 22:28:08,633 | blacklist took 0.40ms
2026-07-30 22:28:08,633 | log_requests took 0.51ms
2026-07-30 22:28:08,633 | timing took 0.61ms
2026-07-30 22:28:08,635 | check_api_key took 0.01ms
2026-07-30 22:28:08,635 | blacklist took 0.19ms
2026-07-30 22:28:08,635 | log_requests took 0.30ms
2026-07-30 22:28:08,635 | timing took 0.39ms
2026-07-30 22:28:08,638 | authorization took 0.01ms
2026-07-30 22:28:08,638 | check_api_key took 0.26ms
2026-07-30 22:28:08,638 | blacklist took 0.45ms
2026-07-30 22:28:08,638 | log_requests took 0.56ms
2026-07-30 22:28:08,638 | timing took 0.66ms
2026-07-30 22:28:08,642 | authorization took 1.86ms
2026-07-30 22:28:08,642 | check_api_key took 2.08ms
2026-07-30 22:28:08,642 | blacklist took 2.25ms
2026-07-30 22:28:08,642 | log_requests took 2.36ms
2026-07-30 22:28:08,642 | timing took 2.44ms
2026-07-30 22:28:08,646 | authorization took 1.71ms
2026-07-30 22:28:08,646 | check_api_key took 1.80ms
2026-07-30 22:28:08,646 | blacklist took 1.99ms
2026-07-30 22:28:08,646 | log_requests took 2.11ms
2026-07-30 22:28:08,646 | timing took 2.19ms
2026-07-30 22:28:08,649 | authorization took 1.92ms
2026-07-30 22:28:08,649 | check_api_key took 2.16ms
2026-07-30 22:28:08,649 | blacklist took 2.35ms
2026-07-30 22:28:08,649 | log_requests took 2.47ms
2026-07-30 22:28:08,649 | timing took 2.56ms
2026-07-30 22:28:08,651 | authorization took 1.14ms
2026-07-30 22:28:08,651 | check_api_key took 1.24ms
2026-07-30 22:28:08,651 | blacklist took 1.42ms
2026-07-30 22:28:08,651 | log_requests took 1.53ms
2026-07-30 22:28:08,651 | timing took 1.64ms
2026-07-30 22:28:08,655 | authorization took 2.03ms
2026-07-30 22:28:08,655 | check_api_key took 2.13ms
2026-07-30 22:28:08,655 | blacklist took 2.29ms
2026-07-30 22:28:08,655 | log_requests took 2.40ms
2026-07-30 22:28:08,655 | timing took 2.48ms
2026-07-30 22:28:08,658 | authorization took 1.73ms
2026-07-30 22:28:08,658 | check_api_key took 1.96ms
2026-07-30 22:28:08,658 | blacklist took 2.14ms
2026-07-30 22:28:08,658 | log_requests took 2.26ms
2026-07-30 22:28:08,658 | timing took 2.35ms
2026-07-30 22:28:08,662 | authorization took 1.93ms
2026-07-30 22:28:08,662 | check_api_key took 2.04ms
2026-07-30 22:28:08,662 | blacklist took 2.25ms
2026-07-30 22:28:08,662 | log_requests took 2.40ms
2026-07-30 22:28:08,663 | timing took 2.49ms
2026-07-30 22:28:08,665 | authorization took 1.68ms
2026-07-30 22:28:08,666 | check_api_key took 1.95ms
2026-07-30 22:28:08,666 | blacklist took 2.17ms
2026-07-30 22:28:08,666 | log_requests took 2.29ms
2026-07-30 22:28:08,666 | timing took 2.38ms
2026-07-30 22:28:08,668 | authorization took 0.76ms
2026-07-30 22:28:08,668 | check_api_key took 0.86ms
2026-07-30 22:28:08,668 | blacklist took 1.06ms
2026-07-30 22:28:08,668 | log_requests took 1.18ms
2026-07-30 22:28:08,668 | timing took 1.28ms
2026-07-30 22:28:08,672 | authorization took 2.18ms
2026-07-30 22:28:08,672 | check_api_key took 2.30ms
2026-07-30 22:28:08,672 | blacklist took 2.52ms
2026-07-30 22:28:08,672 | log_requests took 2.65ms
2026-07-30 22:28:08,672 | timing took 2.75ms
2026-07-30 22:28:08,674 | authorization took 0.48ms
2026-07-30 22:28:08,674 | check_api_key took 0.58ms
2026-07-30 22:28:08,674 | blacklist took 0.77ms
2026-07-30 22:28:08,674 | log_requests took 0.88ms
2026-07-30 22:28:08,675 | timing took 0.97ms
2026-07-30 22:28:08,677 | authorization took 1.61ms
2026-07-30 22:28:08,677 | check_api_key took 1.84ms
2026-07-30 22:28:08,677 | blacklist took 2.02ms
2026-07-30 22:28:08,677 | log_requests took 2.14ms
2026-07-30 22:28:08,677 | timing took 2.23ms
2026-07-30 22:28:08,680 | authorization took 1.41ms
2026-07-30 22:28:08,680 | check_api_key took 1.51ms
2026-07-30 22:28:08,680 | blacklist took 1.70ms
2026-07-30 22:28:08,680 | log_requests took 1.82ms
2026-07-30 22:28:08,680 | timing took 1.92ms
2026-07-30 22:28:08,684 | authorization took 1.70ms
2026-07-30 22:28:08,684 | check_api_key took 1.80ms
2026-07-30 22:28:08,684 | blacklist took 1.98ms
2026-07-30 22:28:08,684 | log_requests took 2.09ms
2026-07-30 22:28:08,684 | timing took 2.18ms
2026-07-30 22:28:08,687 | authorization took 1.64ms
2026-07-30 22:28:08,687 | check_api_key took 1.92ms
2026-07-30 22:28:08,687 | blacklist took 2.12ms
2026-07-30 22:28:08,687 | log_requests took 2.24ms
2026-07-30 22:28:08,687 | timing took 2.33ms
2026-07-30 22:28:08,690 | authorization took 1.19ms
2026-07-30 22:28:08,690 | check_api_key took 1.29ms
2026-07-30 22:28:08,690 | blacklist took 1.48ms
2026-07-30 22:28:08,690 | log_requests took 1.60ms
2026-07-30 22:28:08,690 | timing took 1.70ms
2026-07-30 22:28:08,694 | authorization took 2.01ms
2026-07-30 22:28:08,694 | check_api_key took 2.11ms
2026-07-30 22:28:08,694 | blacklist took 2.29ms
2026-07-30 22:28:08,694 | log_requests took 2.41ms
2026-07-30 22:28:08,694 | timing took 2.49ms
2026-07-30 22:28:08,696 | authorization took 0.89ms
2026-07-30 22:28:08,696 | check_api_key took 1.11ms
2026-07-30 22:28:08,696 | blacklist took 1.30ms
2026-07-30 22:28:08,696 | log_requests took 1.42ms
2026-07-30 22:28:08,696 | timing took 1.51ms
2026-07-30 22:28:08,700 | authorization took 1.85ms
2026-07-30 22:28:08,700 | check_api_key took 1.95ms
2026-07-30 22:28:08,700 | blacklist took 2.14ms
2026-07-30 22:28:08,700 | log_requests took 2.26ms
2026-07-30 22:28:08,700 | timing took 2.34ms
2026-07-30 22:28:08,701 | check_api_key took 0.01ms
2026-07-30 22:28:08,701 | blacklist took 0.20ms
2026-07-30 22:28:08,701 | log_requests took 0.31ms
2026-07-30 22:28:08,701 | timing took 0.40ms
2026-07-30 22:28:08,704 | authorization took 1.41ms
2026-07-30 22:28:08,704 | check_api_key took 1.64ms
2026-07-30 22:28:08,705 | blacklist took 1.81ms
2026-07-30 22:28:08,705 | log_requests took 1.93ms
2026-07-30 22:28:08,705 | timing took 2.03ms
2026-07-30 22:28:08,708 | authorization took 1.87ms
2026-07-30 22:28:08,708 | check_api_key took 1.97ms
2026-07-30 22:28:08,708 | blacklist took 2.19ms
2026-07-30 22:28:08,709 | log_requests took 2.31ms
2026-07-30 22:28:08,709 | timing took 2.41ms
2026-07-30 22:28:08,711 | authorization took 1.27ms
2026-07-30 22:28:08,711 | check_api_key took 1.50ms
2026-07-30 22:28:08,711 | blacklist took 1.71ms
2026-07-30 22:28:08,711 | log_requests took 1.83ms
2026-07-30 22:28:08,711 | timing took 1.92ms
2026-07-30 22:28:08,713 | authorization took 1.12ms
2026-07-30 22:28:08,713 | check_api_key took 1.34ms
2026-07-30 22:28:08,713 | blacklist took 1.54ms
2026-07-30 22:28:08,713 | log_requests took 1.65ms
2026-07-30 22:28:08,714 | timing took 1.74ms
2026-07-30 22:28:08,717 | authorization took 1.91ms
2026-07-30 22:28:08,717 | check_api_key took 2.00ms
2026-07-30 22:28:08,717 | blacklist took 2.18ms
2026-07-30 22:28:08,717 | log_requests took 2.29ms
2026-07-30 22:28:08,717 | timing took 2.38ms
2026-07-30 22:28:08,719 | authorization took 0.77ms
2026-07-30 22:28:08,719 | check_api_key took 1.02ms
2026-07-30 22:28:08,719 | blacklist took 1.21ms
2026-07-30 22:28:08,719 | log_requests took 1.33ms
2026-07-30 22:28:08,719 | timing took 1.44ms
2026-07-30 22:28:08,724 | authorization took 2.46ms
2026-07-30 22:28:08,724 | check_api_key took 2.57ms
2026-07-30 22:28:08,724 | blacklist took 2.80ms
2026-07-30 22:28:08,724 | log_requests took 2.92ms
2026-07-30 22:28:08,724 | timing took 3.01ms
2026-07-30 22:28:08,726 | authorization took 1.26ms
2026-07-30 22:28:08,726 | check_api_key took 1.37ms
2026-07-30 22:28:08,726 | blacklist took 1.57ms
2026-07-30 22:28:08,726 | log_requests took 1.69ms
2026-07-30 22:28:08,726 | timing took 1.79ms
2026-07-30 22:28:08,729 | authorization took 0.98ms
2026-07-30 22:28:08,729 | check_api_key took 1.07ms
2026-07-30 22:28:08,729 | blacklist took 1.27ms
2026-07-30 22:28:08,729 | log_requests took 1.40ms
2026-07-30 22:28:08,729 | timing took 1.49ms
2026-07-30 22:28:08,733 | authorization took 1.79ms
2026-07-30 22:28:08,733 | check_api_key took 1.89ms
2026-07-30 22:28:08,733 | blacklist took 2.08ms
2026-07-30 22:28:08,733 | log_requests took 2.20ms
2026-07-30 22:28:08,733 | timing took 2.29ms
2026-07-30 22:28:08,735 | authorization took 0.75ms
2026-07-30 22:28:08,735 | check_api_key took 1.02ms
2026-07-30 22:28:08,735 | blacklist took 1.22ms
2026-07-30 22:28:08,735 | log_requests took 1.33ms
2026-07-30 22:28:08,735 | timing took 1.41ms
2026-07-30 22:28:08,739 | authorization took 2.26ms
2026-07-30 22:28:08,739 | check_api_key took 2.37ms
2026-07-30 22:28:08,739 | blacklist took 2.58ms
2026-07-30 22:28:08,740 | log_requests took 2.69ms
2026-07-30 22:28:08,740 | timing took 2.79ms
2026-07-30 22:28:08,912 | authorization took 171.69ms
2026-07-30 22:28:08,913 | check_api_key took 171.98ms
2026-07-30 22:28:08,913 | blacklist took 172.21ms
2026-07-30 22:28:08,913 | log_requests took 172.35ms
2026-07-30 22:28:08,913 | timing took 172.45ms
2026-07-30 22:28:08,915 | authorization took 0.60ms
2026-07-30 22:28:08,915 | check_api_key took 0.72ms
2026-07-30 22:28:08,915 | blacklist took 0.93ms
2026-07-30 22:28:08,915 | log_requests took 1.05ms
2026-07-30 22:28:08,915 | timing took 1.15ms
2026-07-30 22:28:09,091 | authorization took 173.84ms
2026-07-30 22:28:09,091 | check_api_key took 173.99ms
2026-07-30 22:28:09,091 | blacklist took 174.20ms
2026-07-30 22:28:09,091 | log_requests took 174.33ms
2026-07-30 22:28:09,091 | timing took 174.42ms
2026-07-30 22:28:09,263 | authorization took 171.37ms
2026-07-30 22:28:09,264 | check_api_key took 171.52ms
2026-07-30 22:28:09,264 | blacklist took 171.75ms
2026-07-30 22:28:09,264 | log_requests took 171.89ms
2026-07-30 22:28:09,264 | timing took 172.00ms
2026-07-30 22:28:09,437 | authorization took 170.89ms
2026-07-30 22:28:09,437 | check_api_key took 171.04ms
2026-07-30 22:28:09,437 | blacklist took 171.26ms
2026-07-30 22:28:09,437 | log_requests took 171.39ms
2026-07-30 22:28:09,437 | timing took 171.49ms
2026-07-30 22:28:09,609 | authorization took 171.02ms
2026-07-30 22:28:09,609 | check_api_key took 171.18ms
2026-07-30 22:28:09,609 | blacklist took 171.41ms
2026-07-30 22:28:09,610 | log_requests took 171.55ms
2026-07-30 22:28:09,610 | timing took 171.65ms
2026-07-30 22:28:09,782 | authorization took 170.09ms
2026-07-30 22:28:09,782 | check_api_key took 170.25ms
2026-07-30 22:28:09,782 | blacklist took 170.50ms
2026-07-30 22:28:09,783 | log_requests took 170.64ms
2026-07-30 22:28:09,783 | timing took 170.75ms
2026-07-30 22:28:09,786 | authorization took 1.85ms
2026-07-30 22:28:09,786 | check_api_key took 2.23ms
2026-07-30 22:28:09,786 | blacklist took 2.45ms
2026-07-30 22:28:09,786 | log_requests took 2.59ms
2026-07-30 22:28:09,786 | timing took 2.70ms
2026-07-30 22:28:09,788 | authorization took 0.63ms
2026-07-30 22:28:09,788 | check_api_key took 0.75ms
2026-07-30 22:28:09,788 | blacklist took 0.94ms
2026-07-30 22:28:09,788 | log_requests took 1.06ms
2026-07-30 22:28:09,788 | timing took 1.15ms
2026-07-30 22:28:09,961 | authorization took 170.99ms
2026-07-30 22:28:09,961 | check_api_key took 171.14ms
2026-07-30 22:28:09,961 | blacklist took 171.55ms
2026-07-30 22:28:09,962 | log_requests took 171.69ms
2026-07-30 22:28:09,962 | timing took 171.79ms
2026-07-30 22:28:09,964 | authorization took 0.60ms
2026-07-30 22:28:09,964 | check_api_key took 0.72ms
2026-07-30 22:28:09,965 | blacklist took 0.95ms
2026-07-30 22:28:09,965 | log_requests took 1.07ms
2026-07-30 22:28:09,965 | timing took 1.16ms
2026-07-30 22:28:09,969 | authorization took 2.22ms
2026-07-30 22:28:09,969 | check_api_key took 2.33ms
2026-07-30 22:28:09,969 | blacklist took 2.52ms
2026-07-30 22:28:09,969 | log_requests took 2.66ms
2026-07-30 22:28:09,969 | timing took 2.78ms
2026-07-30 22:28:09,972 | authorization took 1.35ms
2026-07-30 22:28:09,972 | check_api_key took 1.46ms
2026-07-30 22:28:09,972 | blacklist took 1.65ms
2026-07-30 22:28:09,972 | log_requests took 1.77ms
2026-07-30 22:28:09,972 | timing took 1.88ms
2026-07-30 22:28:10,147 | authorization took 174.09ms
2026-07-30 22:28:10,147 | check_api_key took 174.41ms
2026-07-30 22:28:10,147 | blacklist took 174.64ms
2026-07-30 22:28:10,147 | log_requests took 174.83ms
2026-07-30 22:28:10,147 | timing took 174.93ms
2026-07-30 22:28:10,150 | authorization took 0.72ms
2026-07-30 22:28:10,150 | check_api_key took 0.84ms
2026-07-30 22:28:10,150 | blacklist took 1.11ms
2026-07-30 22:28:10,150 | log_requests took 1.24ms
2026-07-30 22:28:10,150 | timing took 1.34ms
2026-07-30 22:28:10,325 | authorization took 173.50ms
2026-07-30 22:28:10,325 | check_api_key took 173.65ms
2026-07-30 22:28:10,325 | blacklist took 173.85ms
2026-07-30 22:28:10,326 | log_requests took 173.98ms
2026-07-30 22:28:10,326 | timing took 174.08ms
2026-07-30 22:28:10,328 | authorization took 0.95ms
2026-07-30 22:28:10,328 | check_api_key took 1.07ms
2026-07-30 22:28:10,328 | blacklist took 1.28ms
2026-07-30 22:28:10,328 | log_requests took 1.40ms
2026-07-30 22:28:10,328 | timing took 1.50ms
2026-07-30 22:28:10,331 | authorization took 1.74ms
2026-07-30 22:28:10,331 | check_api_key took 2.03ms
2026-07-30 22:28:10,331 | blacklist took 2.23ms
2026-07-30 22:28:10,331 | log_requests took 2.35ms
2026-07-30 22:28:10,331 | timing took 2.44ms
2026-07-30 22:28:10,333 | authorization took 1.20ms
2026-07-30 22:28:10,333 | check_api_key took 1.30ms
2026-07-30 22:28:10,333 | blacklist took 1.50ms
2026-07-30 22:28:10,334 | log_requests took 1.62ms
2026-07-30 22:28:10,334 | timing took 1.72ms
2026-07-30 22:28:10,336 | authorization took 0.80ms
2026-07-30 22:28:10,336 | check_api_key took 0.89ms
2026-07-30 22:28:10,336 | blacklist took 1.07ms
2026-07-30 22:28:10,336 | log_requests took 1.19ms
2026-07-30 22:28:10,336 | timing took 1.29ms
2026-07-30 22:28:10,339 | authorization took 0.83ms
2026-07-30 22:28:10,339 | check_api_key took 0.96ms
2026-07-30 22:28:10,339 | blacklist took 1.17ms
2026-07-30 22:28:10,339 | log_requests took 1.33ms
2026-07-30 22:28:10,339 | timing took 1.43ms
2026-07-30 22:28:10,342 | authorization took 1.01ms
2026-07-30 22:28:10,342 | check_api_key took 1.11ms
2026-07-30 22:28:10,342 | blacklist took 1.29ms
2026-07-30 22:28:10,342 | log_requests took 1.40ms
2026-07-30 22:28:10,342 | timing took 1.49ms
2026-07-30 22:28:10,344 | authorization took 0.32ms
2026-07-30 22:28:10,344 | check_api_key took 0.42ms
2026-07-30 22:28:10,344 | blacklist took 0.62ms
2026-07-30 22:28:10,344 | log_requests took 0.75ms
2026-07-30 22:28:10,344 | timing took 0.85ms
2026-07-30 22:28:10,347 | authorization took 0.89ms
2026-07-30 22:28:10,347 | check_api_key took 0.99ms
2026-07-30 22:28:10,347 | blacklist took 1.16ms
2026-07-30 22:28:10,347 | log_requests took 1.28ms
2026-07-30 22:28:10,347 | timing took 1.36ms
2026-07-30 22:28:10,350 | authorization took 1.95ms
2026-07-30 22:28:10,350 | check_api_key took 2.05ms
2026-07-30 22:28:10,350 | blacklist took 2.23ms
2026-07-30 22:28:10,351 | log_requests took 2.34ms
2026-07-30 22:28:10,351 | timing took 2.43ms
2026-07-30 22:28:10,355 | authorization took 2.49ms
2026-07-30 22:28:10,355 | check_api_key took 2.61ms
2026-07-30 22:28:10,355 | blacklist took 2.81ms
2026-07-30 22:28:10,355 | log_requests took 2.94ms
2026-07-30 22:28:10,355 | timing took 3.03ms
2026-07-30 22:28:10,357 | authorization took 0.81ms
2026-07-30 22:28:10,357 | check_api_key took 0.92ms
2026-07-30 22:28:10,357 | blacklist took 1.12ms
2026-07-30 22:28:10,357 | log_requests took 1.24ms
2026-07-30 22:28:10,357 | timing took 1.33ms
2026-07-30 22:28:10,359 | check_api_key took 0.01ms
2026-07-30 22:28:10,359 | blacklist took 0.19ms
2026-07-30 22:28:10,359 | log_requests took 0.30ms
2026-07-30 22:28:10,359 | timing took 0.38ms
2026-07-30 22:28:10,362 | authorization took 1.72ms
2026-07-30 22:28:10,362 | check_api_key took 1.82ms
2026-07-30 22:28:10,362 | blacklist took 2.00ms
2026-07-30 22:28:10,362 | log_requests took 2.12ms
2026-07-30 22:28:10,362 | timing took 2.20ms
2026-07-30 22:28:10,365 | authorization took 1.70ms
2026-07-30 22:28:10,365 | check_api_key took 1.80ms
2026-07-30 22:28:10,365 | blacklist took 1.97ms
2026-07-30 22:28:10,365 | log_requests took 2.08ms
2026-07-30 22:28:10,365 | timing took 2.17ms
2026-07-30 22:28:10,371 | authorization took 4.77ms
2026-07-30 22:28:10,371 | check_api_key took 5.02ms
2026-07-30 22:28:10,371 | blacklist took 5.21ms
2026-07-30 22:28:10,371 | log_requests took 5.33ms
2026-07-30 22:28:10,371 | timing took 5.42ms
2026-07-30 22:28:10,560 | authorization took 186.43ms
2026-07-30 22:28:10,560 | check_api_key took 186.59ms
2026-07-30 22:28:10,560 | blacklist took 186.85ms
2026-07-30 22:28:10,560 | log_requests took 187.00ms
2026-07-30 22:28:10,560 | timing took 187.09ms
2026-07-30 22:28:10,564 | authorization took 1.86ms
2026-07-30 22:28:10,564 | check_api_key took 2.27ms
2026-07-30 22:28:10,564 | blacklist took 2.53ms
2026-07-30 22:28:10,564 | log_requests took 2.66ms
2026-07-30 22:28:10,564 | timing took 2.76ms
2026-07-30 22:28:10,568 | authorization took 2.17ms
2026-07-30 22:28:10,568 | check_api_key took 2.28ms
2026-07-30 22:28:10,568 | blacklist took 2.50ms
2026-07-30 22:28:10,568 | log_requests took 2.65ms
2026-07-30 22:28:10,569 | timing took 2.76ms
2026-07-30 22:28:10,573 | authorization took 2.97ms
2026-07-30 22:28:10,573 | check_api_key took 3.10ms
2026-07-30 22:28:10,573 | blacklist took 3.31ms
2026-07-30 22:28:10,573 | log_requests took 3.46ms
2026-07-30 22:28:10,573 | timing took 3.57ms
2026-07-30 22:28:10,576 | authorization took 1.96ms
2026-07-30 22:28:10,576 | check_api_key took 2.07ms
2026-07-30 22:28:10,576 | blacklist took 2.31ms
2026-07-30 22:28:10,576 | log_requests took 2.45ms
2026-07-30 22:28:10,576 | timing took 2.56ms
2026-07-30 22:28:10,579 | authorization took 1.86ms
2026-07-30 22:28:10,579 | check_api_key took 1.98ms
2026-07-30 22:28:10,579 | blacklist took 2.15ms
2026-07-30 22:28:10,580 | log_requests took 2.28ms
2026-07-30 22:28:10,580 | timing took 2.39ms
2026-07-30 22:28:10,583 | authorization took 2.03ms
2026-07-30 22:28:10,583 | check_api_key took 2.15ms
2026-07-30 22:28:10,583 | blacklist took 2.32ms
2026-07-30 22:28:10,583 | log_requests took 2.46ms
2026-07-30 22:28:10,583 | timing took 2.55ms
2026-07-30 22:28:10,587 | authorization took 2.68ms
2026-07-30 22:28:10,587 | check_api_key took 2.99ms
2026-07-30 22:28:10,587 | blacklist took 3.17ms
2026-07-30 22:28:10,587 | log_requests took 3.33ms
2026-07-30 22:28:10,587 | timing took 3.45ms
2026-07-30 22:28:10,592 | authorization took 2.14ms
2026-07-30 22:28:10,592 | check_api_key took 2.27ms
2026-07-30 22:28:10,592 | blacklist took 2.52ms
2026-07-30 22:28:10,592 | log_requests took 2.65ms
2026-07-30 22:28:10,592 | timing took 2.75ms
2026-07-30 22:28:10,595 | authorization took 1.87ms
2026-07-30 22:28:10,595 | check_api_key took 1.98ms
2026-07-30 22:28:10,595 | blacklist took 2.18ms
2026-07-30 22:28:10,595 | log_requests took 2.32ms
2026-07-30 22:28:10,595 | timing took 2.43ms
2026-07-30 22:28:10,598 | authorization took 2.03ms
2026-07-30 22:28:10,598 | check_api_key took 2.15ms
2026-07-30 22:28:10,598 | blacklist took 2.36ms
2026-07-30 22:28:10,598 | log_requests took 2.48ms
2026-07-30 22:28:10,599 | timing took 2.58ms
2026-07-30 22:28:10,602 | authorization took 2.23ms
2026-07-30 22:28:10,602 | check_api_key took 2.34ms
2026-07-30 22:28:10,602 | blacklist took 2.56ms
2026-07-30 22:28:10,602 | log_requests took 2.69ms
2026-07-30 22:28:10,602 | timing took 2.79ms
2026-07-30 22:28:10,605 | authorization took 1.90ms
2026-07-30 22:28:10,605 | check_api_key took 2.02ms
2026-07-30 22:28:10,605 | blacklist took 2.29ms
2026-07-30 22:28:10,605 | log_requests took 2.43ms
2026-07-30 22:28:10,605 | timing took 2.52ms
2026-07-30 22:28:10,609 | authorization took 2.49ms
2026-07-30 22:28:10,609 | check_api_key took 2.79ms
2026-07-30 22:28:10,609 | blacklist took 3.01ms
2026-07-30 22:28:10,609 | log_requests took 3.18ms
2026-07-30 22:28:10,609 | timing took 3.29ms
2026-07-30 22:28:10,613 | authorization took 2.36ms
2026-07-30 22:28:10,613 | check_api_key took 2.72ms
2026-07-30 22:28:10,613 | blacklist took 2.92ms
2026-07-30 22:28:10,613 | log_requests took 3.06ms
2026-07-30 22:28:10,614 | timing took 3.15ms
2026-07-30 22:28:10,618 | authorization took 2.44ms
2026-07-30 22:28:10,618 | check_api_key took 2.56ms
2026-07-30 22:28:10,618 | blacklist took 2.73ms
2026-07-30 22:28:10,621 | log_requests took 5.97ms
2026-07-30 22:28:10,621 | timing took 6.06ms
2026-07-30 22:28:10,629 | authorization took 5.60ms
2026-07-30 22:28:10,629 | check_api_key took 5.72ms
2026-07-30 22:28:10,629 | blacklist took 5.95ms
2026-07-30 22:28:10,632 | log_requests took 9.54ms
2026-07-30 22:28:10,632 | timing took 9.65ms
2026-07-30 22:28:10,635 | authorization took 1.90ms
2026-07-30 22:28:10,635 | check_api_key took 2.00ms
2026-07-30 22:28:10,635 | blacklist took 2.19ms
2026-07-30 22:28:10,635 | log_requests took 2.31ms
2026-07-30 22:28:10,636 | timing took 2.40ms
2026-07-30 22:28:10,639 | authorization took 2.36ms
2026-07-30 22:28:10,639 | check_api_key took 2.70ms
2026-07-30 22:28:10,639 | blacklist took 2.89ms
2026-07-30 22:28:10,639 | log_requests took 3.03ms
2026-07-30 22:28:10,639 | timing took 3.16ms
2026-07-30 22:28:10,643 | authorization took 1.29ms
2026-07-30 22:28:10,643 | check_api_key took 1.52ms
2026-07-30 22:28:10,643 | blacklist took 1.85ms
2026-07-30 22:28:10,643 | log_requests took 1.96ms
2026-07-30 22:28:10,643 | timing took 2.06ms
2026-07-30 22:28:10,645 | authorization took 0.52ms
2026-07-30 22:28:10,645 | check_api_key took 0.63ms
2026-07-30 22:28:10,645 | blacklist took 0.83ms
2026-07-30 22:28:10,645 | log_requests took 0.94ms
2026-07-30 22:28:10,646 | timing took 1.03ms
2026-07-30 22:28:10,647 | authorization took 0.30ms
2026-07-30 22:28:10,647 | check_api_key took 0.40ms
2026-07-30 22:28:10,647 | blacklist took 0.58ms
2026-07-30 22:28:10,648 | log_requests took 0.70ms
2026-07-30 22:28:10,648 | timing took 0.79ms
2026-07-30 22:28:10,650 | authorization took 0.24ms
2026-07-30 22:28:10,650 | check_api_key took 0.33ms
2026-07-30 22:28:10,650 | blacklist took 0.52ms
2026-07-30 22:28:10,650 | log_requests took 0.64ms
2026-07-30 22:28:10,650 | timing took 0.73ms
2026-07-30 22:28:10,652 | authorization took 0.23ms
2026-07-30 22:28:10,652 | check_api_key took 0.33ms
2026-07-30 22:28:10,652 | blacklist took 0.52ms
2026-07-30 22:28:10,652 | log_requests took 0.63ms
2026-07-30 22:28:10,652 | timing took 0.72ms
2026-07-30 22:28:10,654 | authorization took 0.34ms
2026-07-30 22:28:10,654 | check_api_key took 0.45ms
2026-07-30 22:28:10,654 | blacklist took 0.65ms
2026-07-30 22:28:10,654 | log_requests took 0.77ms
2026-07-30 22:28:10,654 | timing took 0.87ms
2026-07-30 22:28:10,658 | authorization took 2.09ms
2026-07-30 22:28:10,658 | check_api_key took 2.19ms
2026-07-30 22:28:10,658 | blacklist took 2.40ms
2026-07-30 22:28:10,658 | log_requests took 2.51ms
2026-07-30 22:28:10,658 | timing took 2.60ms
2026-07-30 22:28:10,660 | authorization took 1.22ms
2026-07-30 22:28:10,660 | check_api_key took 1.33ms
2026-07-30 22:28:10,660 | blacklist took 1.52ms
2026-07-30 22:28:10,660 | log_requests took 1.64ms
2026-07-30 22:28:10,661 | timing took 1.74ms
2026-07-30 22:28:10,664 | authorization took 1.80ms
2026-07-30 22:28:10,664 | check_api_key took 1.91ms
2026-07-30 22:28:10,664 | blacklist took 2.11ms
2026-07-30 22:28:10,664 | log_requests took 2.22ms
2026-07-30 22:28:10,664 | timing took 2.31ms
2026-07-30 22:28:10,667 | authorization took 0.85ms
2026-07-30 22:28:10,667 | check_api_key took 0.95ms
2026-07-30 22:28:10,667 | blacklist took 1.14ms
2026-07-30 22:28:10,667 | log_requests took 1.25ms
2026-07-30 22:28:10,667 | timing took 1.34ms
2026-07-30 22:28:10,668 | check_api_key took 0.01ms
2026-07-30 22:28:10,668 | blacklist took 0.18ms
2026-07-30 22:28:10,668 | log_requests took 0.28ms
2026-07-30 22:28:10,668 | timing took 0.37ms
2026-07-30 22:28:10,671 | check_api_key took 0.30ms
2026-07-30 22:28:10,671 | blacklist took 1.08ms
2026-07-30 22:28:10,671 | log_requests took 1.38ms
2026-07-30 22:28:10,671 | timing took 1.51ms
2026-07-30 22:28:10,675 | authorization took 1.85ms
2026-07-30 22:28:10,675 | check_api_key took 2.12ms
2026-07-30 22:28:10,675 | blacklist took 2.34ms
2026-07-30 22:28:10,675 | log_requests took 2.46ms
2026-07-30 22:28:10,675 | timing took 2.56ms
2026-07-30 22:28:10,677 | check_api_key took 0.13ms
2026-07-30 22:28:10,677 | blacklist took 0.33ms
2026-07-30 22:28:10,677 | log_requests took 0.44ms
2026-07-30 22:28:10,677 | timing took 0.53ms
2026-07-30 22:28:10,679 | blacklist took 0.09ms
2026-07-30 22:28:10,679 | log_requests took 0.20ms
2026-07-30 22:28:10,679 | timing took 0.28ms
2026-07-30 22:28:10,683 | authorization took 1.35ms
2026-07-30 22:28:10,683 | check_api_key took 1.58ms
2026-07-30 22:28:10,683 | blacklist took 1.77ms
2026-07-30 22:28:10,683 | log_requests took 1.89ms
2026-07-30 22:28:10,683 | timing took 1.98ms
2026-07-30 22:28:10,686 | authorization took 1.37ms
2026-07-30 22:28:10,686 | check_api_key took 1.57ms
2026-07-30 22:28:10,686 | blacklist took 1.75ms
2026-07-30 22:28:10,686 | log_requests took 1.88ms
2026-07-30 22:28:10,686 | timing took 1.97ms
2026-07-30 22:28:10,688 | blacklist took 0.09ms
2026-07-30 22:28:10,688 | log_requests took 0.22ms
2026-07-30 22:28:10,688 | timing took 0.30ms
2026-07-30 22:28:10,690 | authorization took 1.35ms
2026-07-30 22:28:10,690 | check_api_key took 1.69ms
2026-07-30 22:28:10,691 | blacklist took 1.87ms
2026-07-30 22:28:10,691 | log_requests took 2.00ms
2026-07-30 22:28:10,691 | timing took 2.09ms
2026-07-30 22:28:10,692 | blacklist took 0.09ms
2026-07-30 22:28:10,692 | log_requests took 0.21ms
2026-07-30 22:28:10,692 | timing took 0.29ms
2026-07-30 22:28:10,694 | blacklist took 0.09ms
2026-07-30 22:28:10,694 | log_requests took 0.23ms
2026-07-30 22:28:10,695 | timing took 0.32ms
2026-07-30 22:28:10,696 | authorization took 0.30ms
2026-07-30 22:28:10,696 | check_api_key took 0.40ms
2026-07-30 22:28:10,696 | blacklist took 0.57ms
2026-07-30 22:28:10,697 | log_requests took 0.68ms
2026-07-30 22:28:10,697 | timing took 0.78ms
2026-07-30 22:28:10,698 | check_api_key took 0.01ms
2026-07-30 22:28:10,698 | blacklist took 0.19ms
2026-07-30 22:28:10,698 | log_requests took 0.29ms
2026-07-30 22:28:10,698 | timing took 0.38ms
2026-07-30 22:28:10,702 | authorization took 1.95ms
2026-07-30 22:28:10,702 | check_api_key took 2.05ms
2026-07-30 22:28:10,702 | blacklist took 2.23ms
2026-07-30 22:28:10,702 | log_requests took 2.34ms
2026-07-30 22:28:10,702 | timing took 2.44ms
2026-07-30 22:28:10,704 | authorization took 1.37ms
2026-07-30 22:28:10,704 | check_api_key took 1.48ms
2026-07-30 22:28:10,704 | blacklist took 1.68ms
2026-07-30 22:28:10,704 | log_requests took 1.82ms
2026-07-30 22:28:10,705 | timing took 1.93ms
2026-07-30 22:28:10,709 | authorization took 2.00ms
2026-07-30 22:28:10,709 | check_api_key took 2.10ms
2026-07-30 22:28:10,709 | blacklist took 3.09ms
2026-07-30 22:28:10,709 | log_requests took 3.21ms
2026-07-30 22:28:10,709 | timing took 3.30ms
2026-07-30 22:28:10,712 | authorization took 1.36ms
2026-07-30 22:28:10,712 | check_api_key took 1.46ms
2026-07-30 22:28:10,712 | blacklist took 1.67ms
2026-07-30 22:28:10,712 | log_requests took 1.78ms
2026-07-30 22:28:10,712 | timing took 1.87ms
2026-07-30 22:28:10,713 | authorization took 0.34ms
2026-07-30 22:28:10,713 | check_api_key took 0.44ms
2026-07-30 22:28:10,713 | blacklist took 0.64ms
2026-07-30 22:28:10,713 | log_requests took 0.76ms
2026-07-30 22:28:10,713 | timing took 0.86ms
2026-07-30 22:28:10,715 | authorization took 0.32ms
2026-07-30 22:28:10,715 | check_api_key took 0.41ms
2026-07-30 22:28:10,715 | blacklist took 0.61ms
2026-07-30 22:28:10,715 | log_requests took 0.72ms
2026-07-30 22:28:10,715 | timing took 0.82ms
2026-07-30 22:28:10,718 | authorization took 1.76ms
2026-07-30 22:28:10,718 | check_api_key took 1.85ms
2026-07-30 22:28:10,718 | blacklist took 2.03ms
2026-07-30 22:28:10,718 | log_requests took 2.14ms
2026-07-30 22:28:10,719 | timing took 2.23ms
2026-07-30 22:28:10,721 | authorization took 1.46ms
2026-07-30 22:28:10,721 | check_api_key took 1.57ms
2026-07-30 22:28:10,721 | blacklist took 1.75ms
2026-07-30 22:28:10,721 | log_requests took 1.88ms
2026-07-30 22:28:10,721 | timing took 1.99ms
2026-07-30 22:28:10,724 | authorization took 1.23ms
2026-07-30 22:28:10,724 | check_api_key took 1.48ms
2026-07-30 22:28:10,724 | blacklist took 1.67ms
2026-07-30 22:28:10,724 | log_requests took 1.78ms
2026-07-30 22:28:10,724 | timing took 1.88ms
2026-07-30 22:28:10,725 | authorization took 0.44ms
2026-07-30 22:28:10,725 | check_api_key took 0.53ms
2026-07-30 22:28:10,725 | blacklist took 0.69ms
2026-07-30 22:28:10,725 | log_requests took 0.80ms
2026-07-30 22:28:10,725 | timing took 0.89ms
2026-07-30 22:28:10,729 | authorization took 1.76ms
2026-07-30 22:28:10,729 | check_api_key took 1.86ms
2026-07-30 22:28:10,729 | blacklist took 2.03ms
2026-07-30 22:28:10,729 | log_requests took 2.14ms
2026-07-30 22:28:10,729 | timing took 2.23ms
2026-07-30 22:28:10,731 | authorization took 1.12ms
2026-07-30 22:28:10,731 | check_api_key took 1.22ms
2026-07-30 22:28:10,731 | blacklist took 1.40ms
2026-07-30 22:28:10,731 | log_requests took 1.52ms
2026-07-30 22:28:10,731 | timing took 1.61ms
2026-07-30 22:28:10,734 | authorization took 1.79ms
2026-07-30 22:28:10,734 | check_api_key took 2.01ms
2026-07-30 22:28:10,734 | blacklist took 2.20ms
2026-07-30 22:28:10,734 | log_requests took 2.31ms
2026-07-30 22:28:10,734 | timing took 2.41ms
2026-07-30 22:28:10,736 | authorization took 1.28ms
2026-07-30 22:28:10,737 | check_api_key took 1.42ms
2026-07-30 22:28:10,737 | blacklist took 1.61ms
2026-07-30 22:28:10,737 | log_requests took 1.74ms
2026-07-30 22:28:10,737 | timing took 1.85ms
2026-07-30 22:28:10,741 | authorization took 1.96ms
2026-07-30 22:28:10,741 | check_api_key took 2.06ms
2026-07-30 22:28:10,741 | blacklist took 2.27ms
2026-07-30 22:28:10,741 | log_requests took 2.38ms
2026-07-30 22:28:10,741 | timing took 2.48ms
2026-07-30 22:28:10,743 | authorization took 1.16ms
2026-07-30 22:28:10,743 | check_api_key took 1.27ms
2026-07-30 22:28:10,743 | blacklist took 1.46ms
2026-07-30 22:28:10,744 | log_requests took 1.59ms
2026-07-30 22:28:10,744 | timing took 1.69ms
2026-07-30 22:28:10,745 | authorization took 0.61ms
2026-07-30 22:28:10,745 | check_api_key took 0.85ms
2026-07-30 22:28:10,745 | blacklist took 1.07ms
2026-07-30 22:28:10,745 | log_requests took 1.19ms
2026-07-30 22:28:10,745 | timing took 1.29ms
2026-07-30 22:28:10,920 | authorization took 172.56ms
2026-07-30 22:28:10,920 | check_api_key took 172.72ms
2026-07-30 22:28:10,920 | blacklist took 172.96ms
2026-07-30 22:28:10,920 | log_requests took 173.11ms
2026-07-30 22:28:10,920 | timing took 173.21ms
2026-07-30 22:28:11,103 | authorization took 180.96ms
2026-07-30 22:28:11,103 | check_api_key took 181.13ms
2026-07-30 22:28:11,103 | blacklist took 181.40ms
2026-07-30 22:28:11,103 | log_requests took 181.55ms
2026-07-30 22:28:11,103 | timing took 181.67ms
2026-07-30 22:28:11,281 | authorization took 177.08ms
2026-07-30 22:28:11,281 | check_api_key took 177.25ms
2026-07-30 22:28:11,282 | blacklist took 177.49ms
2026-07-30 22:28:11,282 | log_requests took 177.63ms
2026-07-30 22:28:11,282 | timing took 177.73ms
2026-07-30 22:28:23,352 | authorization took 8.59ms
2026-07-30 22:28:23,352 | check_api_key took 8.76ms
2026-07-30 22:28:23,352 | blacklist took 9.13ms
2026-07-30 22:28:23,352 | log_requests took 9.28ms
2026-07-30 22:28:23,352 | timing took 9.39ms
2026-07-30 22:28:23,356 | authorization took 2.26ms
2026-07-30 22:28:23,356 | check_api_key took 2.35ms
2026-07-30 22:28:23,356 | blacklist took 2.56ms
2026-07-30 22:28:23,356 | log_requests took 2.67ms
2026-07-30 22:28:23,356 | timing took 2.78ms
2026-07-30 22:28:23,358 | authorization took 0.37ms
2026-07-30 22:28:23,358 | check_api_key took 0.46ms
2026-07-30 22:28:23,358 | blacklist took 0.65ms
2026-07-30 22:28:23,358 | log_requests took 0.75ms
2026-07-30 22:28:23,358 | timing took 0.84ms
2026-07-30 22:28:23,359 | authorization took 0.35ms
2026-07-30 22:28:23,359 | check_api_key took 0.45ms
2026-07-30 22:28:23,359 | blacklist took 0.67ms
2026-07-30 22:28:23,359 | log_requests took 0.78ms
2026-07-30 22:28:23,359 | timing took 0.88ms
2026-07-30 22:28:23,361 | authorization took 0.35ms
2026-07-30 22:28:23,361 | check_api_key took 0.46ms
2026-07-30 22:28:23,361 | blacklist took 0.64ms
2026-07-30 22:28:23,361 | log_requests took 0.76ms
2026-07-30 22:28:23,361 | timing took 0.85ms
2026-07-30 22:28:23,362 | authorization took 0.34ms
2026-07-30 22:28:23,362 | check_api_key took 0.42ms
2026-07-30 22:28:23,362 | blacklist took 0.61ms
2026-07-30 22:28:23,362 | log_requests took 0.71ms
2026-07-30 22:28:23,362 | timing took 0.81ms
2026-07-30 22:32:47,446 | authorization took 7.14ms
2026-07-30 22:32:47,446 | check_api_key took 7.54ms
2026-07-30 22:32:47,446 | blacklist took 8.35ms
2026-07-30 22:32:47,446 | log_requests took 8.68ms
2026-07-30 22:32:47,446 | timing took 8.80ms
2026-07-30 22:32:47,450 | authorization took 2.29ms
2026-07-30 22:32:47,450 | check_api_key took 2.40ms
2026-07-30 22:32:47,450 | blacklist took 2.60ms
2026-07-30 22:32:47,450 | log_requests took 2.73ms
2026-07-30 22:32:47,450 | timing took 2.83ms
2026-07-30 22:32:47,452 | authorization took 0.40ms
2026-07-30 22:32:47,452 | check_api_key took 0.52ms
2026-07-30 22:32:47,452 | blacklist took 0.73ms
2026-07-30 22:32:47,452 | log_requests took 0.85ms
2026-07-30 22:32:47,452 | timing took 0.95ms
2026-07-30 22:32:47,453 | authorization took 0.38ms
2026-07-30 22:32:47,454 | check_api_key took 0.49ms
2026-07-30 22:32:47,454 | blacklist took 0.72ms
2026-07-30 22:32:47,454 | log_requests took 0.85ms
2026-07-30 22:32:47,454 | timing took 0.94ms
2026-07-30 22:32:47,455 | authorization took 0.60ms
2026-07-30 22:32:47,455 | check_api_key took 0.70ms
2026-07-30 22:32:47,455 | blacklist took 0.94ms
2026-07-30 22:32:47,455 | log_requests took 1.05ms
2026-07-30 22:32:47,456 | timing took 1.14ms
2026-07-30 22:32:47,459 | authorization took 1.70ms
2026-07-30 22:32:47,459 | check_api_key took 1.94ms
2026-07-30 22:32:47,459 | blacklist took 2.12ms
2026-07-30 22:32:47,459 | log_requests took 2.22ms
2026-07-30 22:32:47,459 | timing took 2.31ms
2026-07-30 23:25:51,320 | authorization took 12.67ms
2026-07-30 23:25:51,320 | check_api_key took 13.03ms
2026-07-30 23:25:51,320 | blacklist took 13.49ms
2026-07-30 23:25:51,321 | log_requests took 13.98ms
2026-07-30 23:25:51,321 | timing took 14.14ms
2026-07-30 23:25:51,325 | authorization took 2.42ms
2026-07-30 23:25:51,325 | check_api_key took 2.54ms
2026-07-30 23:25:51,325 | blacklist took 2.76ms
2026-07-30 23:25:51,325 | log_requests took 2.89ms
2026-07-30 23:25:51,325 | timing took 2.99ms
2026-07-30 23:25:51,331 | authorization took 2.89ms
2026-07-30 23:25:51,331 | check_api_key took 3.01ms
2026-07-30 23:25:51,331 | blacklist took 3.22ms
2026-07-30 23:25:51,331 | log_requests took 3.35ms
2026-07-30 23:25:51,331 | timing took 3.45ms
2026-07-30 23:25:51,334 | authorization took 1.64ms
2026-07-30 23:25:51,334 | check_api_key took 1.95ms
2026-07-30 23:25:51,334 | blacklist took 2.15ms
2026-07-30 23:25:51,334 | log_requests took 2.28ms
2026-07-30 23:25:51,335 | timing took 2.39ms
2026-07-30 23:25:51,336 | authorization took 0.62ms
2026-07-30 23:25:51,336 | check_api_key took 0.74ms
2026-07-30 23:25:51,337 | blacklist took 0.92ms
2026-07-30 23:25:51,337 | log_requests took 1.05ms
2026-07-30 23:25:51,337 | timing took 1.15ms
2026-07-30 23:25:51,340 | authorization took 1.00ms
2026-07-30 23:25:51,340 | check_api_key took 1.24ms
2026-07-30 23:25:51,340 | blacklist took 1.41ms
2026-07-30 23:25:51,340 | log_requests took 1.52ms
2026-07-30 23:25:51,340 | timing took 1.61ms
2026-07-30 23:25:51,342 | authorization took 1.08ms
2026-07-30 23:25:51,342 | check_api_key took 1.20ms
2026-07-30 23:25:51,343 | blacklist took 1.40ms
2026-07-30 23:25:51,343 | log_requests took 1.53ms
2026-07-30 23:25:51,343 | timing took 1.63ms
2026-07-30 23:25:51,347 | authorization took 2.50ms
2026-07-30 23:25:51,347 | check_api_key took 2.61ms
2026-07-30 23:25:51,347 | blacklist took 2.82ms
2026-07-30 23:25:51,347 | log_requests took 2.95ms
2026-07-30 23:25:51,347 | timing took 3.05ms
2026-07-30 23:25:51,349 | authorization took 1.16ms
2026-07-30 23:25:51,349 | check_api_key took 1.26ms
2026-07-30 23:25:51,350 | blacklist took 1.44ms
2026-07-30 23:25:51,350 | log_requests took 1.56ms
2026-07-30 23:25:51,350 | timing took 1.66ms
2026-07-30 23:25:51,351 | authorization took 0.36ms
2026-07-30 23:25:51,351 | check_api_key took 0.46ms
2026-07-30 23:25:51,351 | blacklist took 0.65ms
2026-07-30 23:25:51,351 | log_requests took 0.77ms
2026-07-30 23:25:51,351 | timing took 0.88ms
2026-07-30 23:25:51,356 | authorization took 1.89ms
2026-07-30 23:25:51,356 | check_api_key took 1.99ms
2026-07-30 23:25:51,356 | blacklist took 2.19ms
2026-07-30 23:25:51,356 | log_requests took 2.31ms
2026-07-30 23:25:51,356 | timing took 2.40ms
2026-07-30 23:25:51,359 | authorization took 1.34ms
2026-07-30 23:25:51,359 | check_api_key took 1.44ms
2026-07-30 23:25:51,359 | blacklist took 1.61ms
2026-07-30 23:25:51,359 | log_requests took 1.73ms
2026-07-30 23:25:51,359 | timing took 1.82ms
2026-07-30 23:25:51,362 | authorization took 1.92ms
2026-07-30 23:25:51,362 | check_api_key took 2.03ms
2026-07-30 23:25:51,362 | blacklist took 2.21ms
2026-07-30 23:25:51,363 | log_requests took 2.33ms
2026-07-30 23:25:51,363 | timing took 2.42ms
2026-07-30 23:25:51,365 | authorization took 1.91ms
2026-07-30 23:25:51,366 | check_api_key took 2.01ms
2026-07-30 23:25:51,366 | blacklist took 2.21ms
2026-07-30 23:25:51,366 | log_requests took 2.32ms
2026-07-30 23:25:51,366 | timing took 2.41ms
2026-07-30 23:25:51,368 | authorization took 1.12ms
2026-07-30 23:25:51,368 | check_api_key took 1.22ms
2026-07-30 23:25:51,368 | blacklist took 1.41ms
2026-07-30 23:25:51,368 | log_requests took 1.54ms
2026-07-30 23:25:51,368 | timing took 1.65ms
2026-07-30 23:25:51,370 | authorization took 1.18ms
2026-07-30 23:25:51,370 | check_api_key took 1.29ms
2026-07-30 23:25:51,370 | blacklist took 1.47ms
2026-07-30 23:25:51,370 | log_requests took 1.60ms
2026-07-30 23:25:51,370 | timing took 1.71ms
2026-07-30 23:25:51,372 | authorization took 0.32ms
2026-07-30 23:25:51,372 | check_api_key took 0.41ms
2026-07-30 23:25:51,372 | blacklist took 0.59ms
2026-07-30 23:25:51,372 | log_requests took 0.70ms
2026-07-30 23:25:51,372 | timing took 0.80ms
2026-07-30 23:25:51,376 | authorization took 2.14ms
2026-07-30 23:25:51,376 | check_api_key took 2.25ms
2026-07-30 23:25:51,377 | blacklist took 2.44ms
2026-07-30 23:25:51,377 | log_requests took 2.56ms
2026-07-30 23:25:51,377 | timing took 2.66ms
2026-07-30 23:25:51,379 | authorization took 1.76ms
2026-07-30 23:25:51,379 | check_api_key took 1.87ms
2026-07-30 23:25:51,379 | blacklist took 2.06ms
2026-07-30 23:25:51,380 | log_requests took 2.21ms
2026-07-30 23:25:51,380 | timing took 2.32ms
2026-07-30 23:25:51,383 | authorization took 1.91ms
2026-07-30 23:25:51,384 | check_api_key took 2.01ms
2026-07-30 23:25:51,384 | blacklist took 2.20ms
2026-07-30 23:25:51,384 | log_requests took 2.31ms
2026-07-30 23:25:51,384 | timing took 2.40ms
2026-07-30 23:25:51,386 | authorization took 1.21ms
2026-07-30 23:25:51,386 | check_api_key took 1.47ms
2026-07-30 23:25:51,386 | blacklist took 1.66ms
2026-07-30 23:25:51,386 | log_requests took 1.79ms
2026-07-30 23:25:51,386 | timing took 1.90ms
2026-07-30 23:25:51,388 | authorization took 0.47ms
2026-07-30 23:25:51,388 | check_api_key took 0.57ms
2026-07-30 23:25:51,388 | blacklist took 0.77ms
2026-07-30 23:25:51,388 | log_requests took 0.89ms
2026-07-30 23:25:51,388 | timing took 0.99ms
2026-07-30 23:25:51,392 | authorization took 1.98ms
2026-07-30 23:25:51,392 | check_api_key took 2.08ms
2026-07-30 23:25:51,392 | blacklist took 2.27ms
2026-07-30 23:25:51,392 | log_requests took 2.38ms
2026-07-30 23:25:51,392 | timing took 2.48ms
2026-07-30 23:25:51,396 | authorization took 1.99ms
2026-07-30 23:25:51,396 | check_api_key took 2.10ms
2026-07-30 23:25:51,396 | blacklist took 2.28ms
2026-07-30 23:25:51,396 | log_requests took 2.39ms
2026-07-30 23:25:51,396 | timing took 2.47ms
2026-07-30 23:25:51,399 | authorization took 0.78ms
2026-07-30 23:25:51,399 | check_api_key took 0.88ms
2026-07-30 23:25:51,399 | blacklist took 1.07ms
2026-07-30 23:25:51,399 | log_requests took 1.18ms
2026-07-30 23:25:51,399 | timing took 1.27ms
2026-07-30 23:25:51,403 | authorization took 2.55ms
2026-07-30 23:25:51,403 | check_api_key took 2.65ms
2026-07-30 23:25:51,403 | blacklist took 2.83ms
2026-07-30 23:25:51,403 | log_requests took 2.94ms
2026-07-30 23:25:51,403 | timing took 3.03ms
2026-07-30 23:25:51,406 | authorization took 1.27ms
2026-07-30 23:25:51,406 | check_api_key took 1.54ms
2026-07-30 23:25:51,406 | blacklist took 1.74ms
2026-07-30 23:25:51,406 | log_requests took 1.87ms
2026-07-30 23:25:51,406 | timing took 1.96ms
2026-07-30 23:25:51,407 | authorization took 0.43ms
2026-07-30 23:25:51,407 | check_api_key took 0.53ms
2026-07-30 23:25:51,407 | blacklist took 0.71ms
2026-07-30 23:25:51,407 | log_requests took 0.82ms
2026-07-30 23:25:51,408 | timing took 0.91ms
2026-07-30 23:25:51,411 | authorization took 1.77ms
2026-07-30 23:25:51,411 | check_api_key took 1.87ms
2026-07-30 23:25:51,411 | blacklist took 2.05ms
2026-07-30 23:25:51,411 | log_requests took 2.17ms
2026-07-30 23:25:51,411 | timing took 2.25ms
2026-07-30 23:25:51,413 | authorization took 0.55ms
2026-07-30 23:25:51,413 | check_api_key took 0.77ms
2026-07-30 23:25:51,413 | blacklist took 0.95ms
2026-07-30 23:25:51,413 | log_requests took 1.07ms
2026-07-30 23:25:51,413 | timing took 1.16ms
2026-07-30 23:25:51,416 | authorization took 1.36ms
2026-07-30 23:25:51,416 | check_api_key took 1.47ms
2026-07-30 23:25:51,416 | blacklist took 1.66ms
2026-07-30 23:25:51,416 | log_requests took 1.78ms
2026-07-30 23:25:51,416 | timing took 1.87ms
2026-07-30 23:25:51,420 | authorization took 2.24ms
2026-07-30 23:25:51,420 | check_api_key took 2.35ms
2026-07-30 23:25:51,420 | blacklist took 2.54ms
2026-07-30 23:25:51,420 | log_requests took 2.67ms
2026-07-30 23:25:51,420 | timing took 2.76ms
2026-07-30 23:25:51,421 | check_api_key took 0.02ms
2026-07-30 23:25:51,421 | blacklist took 0.20ms
2026-07-30 23:25:51,421 | log_requests took 0.30ms
2026-07-30 23:25:51,421 | timing took 0.39ms
2026-07-30 23:25:51,425 | authorization took 1.84ms
2026-07-30 23:25:51,425 | check_api_key took 1.95ms
2026-07-30 23:25:51,425 | blacklist took 2.14ms
2026-07-30 23:25:51,425 | log_requests took 2.25ms
2026-07-30 23:25:51,425 | timing took 2.35ms
2026-07-30 23:25:51,427 | authorization took 1.33ms
2026-07-30 23:25:51,427 | check_api_key took 1.56ms
2026-07-30 23:25:51,427 | blacklist took 1.74ms
2026-07-30 23:25:51,428 | log_requests took 1.87ms
2026-07-30 23:25:51,428 | timing took 1.98ms
2026-07-30 23:25:51,432 | authorization took 2.29ms
2026-07-30 23:25:51,432 | check_api_key took 2.39ms
2026-07-30 23:25:51,432 | blacklist took 2.58ms
2026-07-30 23:25:51,432 | log_requests took 2.70ms
2026-07-30 23:25:51,432 | timing took 2.79ms
2026-07-30 23:25:51,434 | authorization took 1.16ms
2026-07-30 23:25:51,434 | check_api_key took 1.26ms
2026-07-30 23:25:51,434 | blacklist took 1.45ms
2026-07-30 23:25:51,434 | log_requests took 1.58ms
2026-07-30 23:25:51,434 | timing took 1.68ms
2026-07-30 23:25:51,438 | authorization took 1.67ms
2026-07-30 23:25:51,438 | check_api_key took 1.77ms
2026-07-30 23:25:51,439 | blacklist took 1.96ms
2026-07-30 23:25:51,439 | log_requests took 2.08ms
2026-07-30 23:25:51,439 | timing took 2.17ms
2026-07-30 23:25:51,441 | authorization took 0.51ms
2026-07-30 23:25:51,441 | check_api_key took 0.62ms
2026-07-30 23:25:51,441 | blacklist took 0.79ms
2026-07-30 23:25:51,441 | log_requests took 0.91ms
2026-07-30 23:25:51,441 | timing took 1.00ms
2026-07-30 23:25:51,445 | authorization took 2.04ms
2026-07-30 23:25:51,445 | check_api_key took 2.14ms
2026-07-30 23:25:51,445 | blacklist took 2.32ms
2026-07-30 23:25:51,445 | log_requests took 2.43ms
2026-07-30 23:25:51,445 | timing took 2.52ms
2026-07-30 23:25:51,447 | authorization took 0.48ms
2026-07-30 23:25:51,447 | check_api_key took 0.59ms
2026-07-30 23:25:51,447 | blacklist took 0.78ms
2026-07-30 23:25:51,447 | log_requests took 0.90ms
2026-07-30 23:25:51,448 | timing took 0.99ms
2026-07-30 23:25:51,450 | authorization took 1.00ms
2026-07-30 23:25:51,450 | check_api_key took 1.10ms
2026-07-30 23:25:51,450 | blacklist took 1.29ms
2026-07-30 23:25:51,450 | log_requests took 1.41ms
2026-07-30 23:25:51,450 | timing took 1.49ms
2026-07-30 23:25:51,454 | authorization took 1.74ms
2026-07-30 23:25:51,454 | check_api_key took 1.84ms
2026-07-30 23:25:51,454 | blacklist took 2.04ms
2026-07-30 23:25:51,454 | log_requests took 2.15ms
2026-07-30 23:25:51,454 | timing took 2.24ms
2026-07-30 23:25:51,456 | authorization took 1.35ms
2026-07-30 23:25:51,456 | check_api_key took 1.45ms
2026-07-30 23:25:51,456 | blacklist took 1.61ms
2026-07-30 23:25:51,456 | log_requests took 1.72ms
2026-07-30 23:25:51,457 | timing took 1.82ms
2026-07-30 23:25:51,460 | authorization took 1.99ms
2026-07-30 23:25:51,460 | check_api_key took 2.09ms
2026-07-30 23:25:51,460 | blacklist took 2.28ms
2026-07-30 23:25:51,460 | log_requests took 2.39ms
2026-07-30 23:25:51,460 | timing took 2.47ms
2026-07-30 23:25:51,462 | authorization took 1.16ms
2026-07-30 23:25:51,462 | check_api_key took 1.26ms
2026-07-30 23:25:51,462 | blacklist took 1.44ms
2026-07-30 23:25:51,463 | log_requests took 1.55ms
2026-07-30 23:25:51,463 | timing took 1.65ms
2026-07-30 23:25:51,467 | authorization took 2.89ms
2026-07-30 23:25:51,467 | check_api_key took 2.99ms
2026-07-30 23:25:51,467 | blacklist took 3.17ms
2026-07-30 23:25:51,467 | log_requests took 3.29ms
2026-07-30 23:25:51,467 | timing took 3.37ms
2026-07-30 23:25:51,469 | authorization took 1.15ms
2026-07-30 23:25:51,469 | check_api_key took 1.25ms
2026-07-30 23:25:51,469 | blacklist took 1.42ms
2026-07-30 23:25:51,470 | log_requests took 1.53ms
2026-07-30 23:25:51,470 | timing took 1.62ms
2026-07-30 23:25:51,473 | authorization took 1.96ms
2026-07-30 23:25:51,473 | check_api_key took 2.07ms
2026-07-30 23:25:51,473 | blacklist took 2.27ms
2026-07-30 23:25:51,473 | log_requests took 2.40ms
2026-07-30 23:25:51,474 | timing took 2.50ms
2026-07-30 23:25:51,476 | authorization took 1.14ms
2026-07-30 23:25:51,476 | check_api_key took 1.36ms
2026-07-30 23:25:51,476 | blacklist took 1.54ms
2026-07-30 23:25:51,476 | log_requests took 1.66ms
2026-07-30 23:25:51,476 | timing took 1.76ms
2026-07-30 23:25:51,478 | authorization took 0.89ms
2026-07-30 23:25:51,478 | check_api_key took 0.98ms
2026-07-30 23:25:51,478 | blacklist took 1.15ms
2026-07-30 23:25:51,478 | log_requests took 1.26ms
2026-07-30 23:25:51,478 | timing took 1.34ms
2026-07-30 23:25:51,481 | authorization took 1.79ms
2026-07-30 23:25:51,481 | check_api_key took 1.90ms
2026-07-30 23:25:51,481 | blacklist took 2.08ms
2026-07-30 23:25:51,481 | log_requests took 2.21ms
2026-07-30 23:25:51,482 | timing took 2.29ms
2026-07-30 23:25:51,487 | authorization took 3.75ms
2026-07-30 23:25:51,487 | check_api_key took 3.99ms
2026-07-30 23:25:51,487 | blacklist took 4.18ms
2026-07-30 23:25:51,487 | log_requests took 4.30ms
2026-07-30 23:25:51,487 | timing took 4.38ms
2026-07-30 23:25:51,489 | authorization took 1.12ms
2026-07-30 23:25:51,490 | check_api_key took 1.22ms
2026-07-30 23:25:51,490 | blacklist took 1.39ms
2026-07-30 23:25:51,490 | log_requests took 1.51ms
2026-07-30 23:25:51,490 | timing took 1.60ms
2026-07-30 23:25:51,492 | authorization took 1.08ms
2026-07-30 23:25:51,492 | check_api_key took 1.18ms
2026-07-30 23:25:51,492 | blacklist took 1.36ms
2026-07-30 23:25:51,492 | log_requests took 1.47ms
2026-07-30 23:25:51,492 | timing took 1.57ms
2026-07-30 23:25:51,494 | authorization took 1.15ms
2026-07-30 23:25:51,494 | check_api_key took 1.25ms
2026-07-30 23:25:51,494 | blacklist took 1.44ms
2026-07-30 23:25:51,494 | log_requests took 1.56ms
2026-07-30 23:25:51,494 | timing took 1.66ms
2026-07-30 23:25:51,498 | authorization took 1.99ms
2026-07-30 23:25:51,498 | check_api_key took 2.10ms
2026-07-30 23:25:51,498 | blacklist took 2.29ms
2026-07-30 23:25:51,498 | log_requests took 2.41ms
2026-07-30 23:25:51,498 | timing took 2.50ms
2026-07-30 23:25:51,502 | authorization took 2.58ms
2026-07-30 23:25:51,502 | check_api_key took 2.81ms
2026-07-30 23:25:51,502 | blacklist took 3.00ms
2026-07-30 23:25:51,502 | log_requests took 3.12ms
2026-07-30 23:25:51,502 | timing took 3.22ms
2026-07-30 23:25:51,505 | authorization took 0.71ms
2026-07-30 23:25:51,505 | check_api_key took 0.92ms
2026-07-30 23:25:51,505 | blacklist took 1.11ms
2026-07-30 23:25:51,505 | log_requests took 1.22ms
2026-07-30 23:25:51,505 | timing took 1.30ms
2026-07-30 23:25:51,507 | authorization took 0.71ms
2026-07-30 23:25:51,507 | check_api_key took 0.92ms
2026-07-30 23:25:51,507 | blacklist took 1.10ms
2026-07-30 23:25:51,507 | log_requests took 1.21ms
2026-07-30 23:25:51,507 | timing took 1.30ms
2026-07-30 23:25:51,511 | authorization took 1.38ms
2026-07-30 23:25:51,511 | check_api_key took 1.60ms
2026-07-30 23:25:51,511 | blacklist took 1.78ms
2026-07-30 23:25:51,511 | log_requests took 1.89ms
2026-07-30 23:25:51,511 | timing took 1.98ms
2026-07-30 23:25:51,514 | authorization took 1.57ms
2026-07-30 23:25:51,514 | check_api_key took 1.77ms
2026-07-30 23:25:51,514 | blacklist took 1.95ms
2026-07-30 23:25:51,514 | log_requests took 2.06ms
2026-07-30 23:25:51,514 | timing took 2.15ms
2026-07-30 23:25:51,516 | authorization took 0.01ms
2026-07-30 23:25:51,516 | check_api_key took 0.25ms
2026-07-30 23:25:51,516 | blacklist took 0.42ms
2026-07-30 23:25:51,516 | log_requests took 0.53ms
2026-07-30 23:25:51,517 | timing took 0.63ms
2026-07-30 23:25:51,518 | check_api_key took 0.01ms
2026-07-30 23:25:51,518 | blacklist took 0.19ms
2026-07-30 23:25:51,518 | log_requests took 0.31ms
2026-07-30 23:25:51,518 | timing took 0.40ms
2026-07-30 23:25:51,521 | authorization took 0.01ms
2026-07-30 23:25:51,521 | check_api_key took 0.26ms
2026-07-30 23:25:51,522 | blacklist took 0.44ms
2026-07-30 23:25:51,522 | log_requests took 0.55ms
2026-07-30 23:25:51,522 | timing took 0.65ms
2026-07-30 23:25:51,525 | authorization took 1.77ms
2026-07-30 23:25:51,525 | check_api_key took 2.00ms
2026-07-30 23:25:51,525 | blacklist took 2.18ms
2026-07-30 23:25:51,525 | log_requests took 2.29ms
2026-07-30 23:25:51,525 | timing took 2.37ms
2026-07-30 23:25:51,529 | authorization took 1.94ms
2026-07-30 23:25:51,529 | check_api_key took 2.04ms
2026-07-30 23:25:51,529 | blacklist took 2.26ms
2026-07-30 23:25:51,529 | log_requests took 2.37ms
2026-07-30 23:25:51,529 | timing took 2.46ms
2026-07-30 23:25:51,533 | authorization took 2.60ms
2026-07-30 23:25:51,533 | check_api_key took 2.83ms
2026-07-30 23:25:51,533 | blacklist took 3.02ms
2026-07-30 23:25:51,533 | log_requests took 3.14ms
2026-07-30 23:25:51,533 | timing took 3.22ms
2026-07-30 23:25:51,536 | authorization took 1.41ms
2026-07-30 23:25:51,536 | check_api_key took 1.52ms
2026-07-30 23:25:51,536 | blacklist took 1.71ms
2026-07-30 23:25:51,536 | log_requests took 1.82ms
2026-07-30 23:25:51,536 | timing took 1.93ms
2026-07-30 23:25:51,541 | authorization took 2.99ms
2026-07-30 23:25:51,541 | check_api_key took 3.10ms
2026-07-30 23:25:51,541 | blacklist took 3.31ms
2026-07-30 23:25:51,541 | log_requests took 3.43ms
2026-07-30 23:25:51,541 | timing took 3.51ms
2026-07-30 23:25:51,544 | authorization took 1.69ms
2026-07-30 23:25:51,544 | check_api_key took 1.91ms
2026-07-30 23:25:51,544 | blacklist took 2.09ms
2026-07-30 23:25:51,544 | log_requests took 2.21ms
2026-07-30 23:25:51,544 | timing took 2.30ms
2026-07-30 23:25:51,547 | authorization took 1.70ms
2026-07-30 23:25:51,547 | check_api_key took 1.81ms
2026-07-30 23:25:51,547 | blacklist took 1.97ms
2026-07-30 23:25:51,548 | log_requests took 2.08ms
2026-07-30 23:25:51,548 | timing took 2.16ms
2026-07-30 23:25:51,550 | authorization took 1.44ms
2026-07-30 23:25:51,550 | check_api_key took 1.65ms
2026-07-30 23:25:51,550 | blacklist took 1.81ms
2026-07-30 23:25:51,550 | log_requests took 1.92ms
2026-07-30 23:25:51,550 | timing took 2.01ms
2026-07-30 23:25:51,552 | authorization took 0.76ms
2026-07-30 23:25:51,552 | check_api_key took 0.87ms
2026-07-30 23:25:51,552 | blacklist took 1.04ms
2026-07-30 23:25:51,552 | log_requests took 1.16ms
2026-07-30 23:25:51,552 | timing took 1.26ms
2026-07-30 23:25:51,556 | authorization took 1.95ms
2026-07-30 23:25:51,556 | check_api_key took 2.06ms
2026-07-30 23:25:51,556 | blacklist took 2.23ms
2026-07-30 23:25:51,556 | log_requests took 2.36ms
2026-07-30 23:25:51,556 | timing took 2.45ms
2026-07-30 23:25:51,558 | authorization took 0.45ms
2026-07-30 23:25:51,558 | check_api_key took 0.55ms
2026-07-30 23:25:51,558 | blacklist took 0.70ms
2026-07-30 23:25:51,558 | log_requests took 0.82ms
2026-07-30 23:25:51,558 | timing took 0.91ms
2026-07-30 23:25:51,561 | authorization took 1.52ms
2026-07-30 23:25:51,561 | check_api_key took 1.74ms
2026-07-30 23:25:51,561 | blacklist took 1.93ms
2026-07-30 23:25:51,561 | log_requests took 2.04ms
2026-07-30 23:25:51,561 | timing took 2.13ms
2026-07-30 23:25:51,564 | authorization took 1.44ms
2026-07-30 23:25:51,564 | check_api_key took 1.54ms
2026-07-30 23:25:51,564 | blacklist took 1.73ms
2026-07-30 23:25:51,564 | log_requests took 1.85ms
2026-07-30 23:25:51,564 | timing took 1.95ms
2026-07-30 23:25:51,568 | authorization took 2.02ms
2026-07-30 23:25:51,568 | check_api_key took 2.12ms
2026-07-30 23:25:51,568 | blacklist took 2.93ms
2026-07-30 23:25:51,568 | log_requests took 3.05ms
2026-07-30 23:25:51,569 | timing took 3.14ms
2026-07-30 23:25:51,572 | authorization took 1.47ms
2026-07-30 23:25:51,572 | check_api_key took 1.69ms
2026-07-30 23:25:51,572 | blacklist took 1.88ms
2026-07-30 23:25:51,572 | log_requests took 1.99ms
2026-07-30 23:25:51,572 | timing took 2.08ms
2026-07-30 23:25:51,574 | authorization took 1.09ms
2026-07-30 23:25:51,574 | check_api_key took 1.19ms
2026-07-30 23:25:51,574 | blacklist took 1.35ms
2026-07-30 23:25:51,574 | log_requests took 1.47ms
2026-07-30 23:25:51,574 | timing took 1.57ms
2026-07-30 23:25:51,578 | authorization took 2.33ms
2026-07-30 23:25:51,578 | check_api_key took 2.43ms
2026-07-30 23:25:51,578 | blacklist took 2.62ms
2026-07-30 23:25:51,578 | log_requests took 2.73ms
2026-07-30 23:25:51,579 | timing took 2.82ms
2026-07-30 23:25:51,581 | authorization took 0.94ms
2026-07-30 23:25:51,581 | check_api_key took 1.17ms
2026-07-30 23:25:51,581 | blacklist took 1.38ms
2026-07-30 23:25:51,581 | log_requests took 1.50ms
2026-07-30 23:25:51,581 | timing took 1.59ms
2026-07-30 23:25:51,584 | authorization took 1.92ms
2026-07-30 23:25:51,584 | check_api_key took 2.02ms
2026-07-30 23:25:51,585 | blacklist took 2.20ms
2026-07-30 23:25:51,585 | log_requests took 2.32ms
2026-07-30 23:25:51,585 | timing took 2.40ms
2026-07-30 23:25:51,586 | check_api_key took 0.02ms
2026-07-30 23:25:51,586 | blacklist took 0.23ms
2026-07-30 23:25:51,586 | log_requests took 0.34ms
2026-07-30 23:25:51,586 | timing took 0.43ms
2026-07-30 23:25:51,589 | authorization took 1.38ms
2026-07-30 23:25:51,589 | check_api_key took 1.60ms
2026-07-30 23:25:51,589 | blacklist took 1.80ms
2026-07-30 23:25:51,589 | log_requests took 1.92ms
2026-07-30 23:25:51,589 | timing took 2.01ms
2026-07-30 23:25:51,593 | authorization took 1.92ms
2026-07-30 23:25:51,593 | check_api_key took 2.02ms
2026-07-30 23:25:51,593 | blacklist took 2.19ms
2026-07-30 23:25:51,593 | log_requests took 2.30ms
2026-07-30 23:25:51,593 | timing took 2.39ms
2026-07-30 23:25:51,595 | authorization took 1.20ms
2026-07-30 23:25:51,595 | check_api_key took 1.40ms
2026-07-30 23:25:51,595 | blacklist took 1.59ms
2026-07-30 23:25:51,595 | log_requests took 1.70ms
2026-07-30 23:25:51,595 | timing took 1.80ms
2026-07-30 23:25:51,597 | authorization took 1.11ms
2026-07-30 23:25:51,597 | check_api_key took 1.31ms
2026-07-30 23:25:51,597 | blacklist took 1.48ms
2026-07-30 23:25:51,598 | log_requests took 1.59ms
2026-07-30 23:25:51,598 | timing took 1.68ms
2026-07-30 23:25:51,601 | authorization took 1.85ms
2026-07-30 23:25:51,601 | check_api_key took 1.97ms
2026-07-30 23:25:51,601 | blacklist took 2.16ms
2026-07-30 23:25:51,601 | log_requests took 2.28ms
2026-07-30 23:25:51,601 | timing took 2.37ms
2026-07-30 23:25:51,603 | authorization took 0.78ms
2026-07-30 23:25:51,603 | check_api_key took 1.03ms
2026-07-30 23:25:51,603 | blacklist took 1.21ms
2026-07-30 23:25:51,603 | log_requests took 1.33ms
2026-07-30 23:25:51,603 | timing took 1.42ms
2026-07-30 23:25:51,607 | authorization took 1.62ms
2026-07-30 23:25:51,607 | check_api_key took 1.73ms
2026-07-30 23:25:51,607 | blacklist took 1.92ms
2026-07-30 23:25:51,607 | log_requests took 2.05ms
2026-07-30 23:25:51,607 | timing took 2.14ms
2026-07-30 23:25:51,609 | authorization took 1.17ms
2026-07-30 23:25:51,609 | check_api_key took 1.27ms
2026-07-30 23:25:51,609 | blacklist took 1.45ms
2026-07-30 23:25:51,609 | log_requests took 1.57ms
2026-07-30 23:25:51,609 | timing took 1.66ms
2026-07-30 23:25:51,612 | authorization took 1.42ms
2026-07-30 23:25:51,613 | check_api_key took 1.56ms
2026-07-30 23:25:51,613 | blacklist took 1.74ms
2026-07-30 23:25:51,613 | log_requests took 1.89ms
2026-07-30 23:25:51,613 | timing took 1.99ms
2026-07-30 23:25:51,617 | authorization took 2.01ms
2026-07-30 23:25:51,617 | check_api_key took 2.12ms
2026-07-30 23:25:51,617 | blacklist took 2.31ms
2026-07-30 23:25:51,617 | log_requests took 2.42ms
2026-07-30 23:25:51,617 | timing took 2.51ms
2026-07-30 23:25:51,619 | authorization took 0.80ms
2026-07-30 23:25:51,619 | check_api_key took 1.06ms
2026-07-30 23:25:51,619 | blacklist took 1.28ms
2026-07-30 23:25:51,619 | log_requests took 1.41ms
2026-07-30 23:25:51,619 | timing took 1.50ms
2026-07-30 23:25:51,623 | authorization took 2.19ms
2026-07-30 23:25:51,623 | check_api_key took 2.30ms
2026-07-30 23:25:51,623 | blacklist took 2.48ms
2026-07-30 23:25:51,623 | log_requests took 2.60ms
2026-07-30 23:25:51,624 | timing took 2.69ms
2026-07-30 23:25:51,795 | authorization took 170.14ms
2026-07-30 23:25:51,795 | check_api_key took 170.39ms
2026-07-30 23:25:51,795 | blacklist took 170.57ms
2026-07-30 23:25:51,795 | log_requests took 170.70ms
2026-07-30 23:25:51,795 | timing took 170.80ms
2026-07-30 23:25:51,797 | authorization took 0.57ms
2026-07-30 23:25:51,797 | check_api_key took 0.68ms
2026-07-30 23:25:51,797 | blacklist took 0.91ms
2026-07-30 23:25:51,797 | log_requests took 1.03ms
2026-07-30 23:25:51,797 | timing took 1.12ms
2026-07-30 23:25:51,969 | authorization took 170.26ms
2026-07-30 23:25:51,969 | check_api_key took 170.39ms
2026-07-30 23:25:51,969 | blacklist took 170.59ms
2026-07-30 23:25:51,969 | log_requests took 170.72ms
2026-07-30 23:25:51,970 | timing took 170.81ms
2026-07-30 23:25:52,140 | authorization took 169.37ms
2026-07-30 23:25:52,140 | check_api_key took 169.51ms
2026-07-30 23:25:52,140 | blacklist took 169.73ms
2026-07-30 23:25:52,140 | log_requests took 169.87ms
2026-07-30 23:25:52,140 | timing took 169.99ms
2026-07-30 23:25:52,312 | authorization took 169.36ms
2026-07-30 23:25:52,312 | check_api_key took 169.49ms
2026-07-30 23:25:52,312 | blacklist took 169.71ms
2026-07-30 23:25:52,312 | log_requests took 169.84ms
2026-07-30 23:25:52,312 | timing took 169.93ms
2026-07-30 23:25:52,481 | authorization took 167.71ms
2026-07-30 23:25:52,481 | check_api_key took 167.87ms
2026-07-30 23:25:52,481 | blacklist took 168.13ms
2026-07-30 23:25:52,481 | log_requests took 168.27ms
2026-07-30 23:25:52,481 | timing took 168.38ms
2026-07-30 23:25:52,654 | authorization took 169.93ms
2026-07-30 23:25:52,654 | check_api_key took 170.08ms
2026-07-30 23:25:52,654 | blacklist took 170.31ms
2026-07-30 23:25:52,654 | log_requests took 170.44ms
2026-07-30 23:25:52,654 | timing took 170.54ms
2026-07-30 23:25:52,657 | authorization took 1.63ms
2026-07-30 23:25:52,657 | check_api_key took 1.97ms
2026-07-30 23:25:52,657 | blacklist took 2.19ms
2026-07-30 23:25:52,657 | log_requests took 2.31ms
2026-07-30 23:25:52,657 | timing took 2.40ms
2026-07-30 23:25:52,659 | authorization took 0.46ms
2026-07-30 23:25:52,659 | check_api_key took 0.58ms
2026-07-30 23:25:52,659 | blacklist took 0.77ms
2026-07-30 23:25:52,659 | log_requests took 0.89ms
2026-07-30 23:25:52,659 | timing took 0.98ms
2026-07-30 23:25:52,831 | authorization took 170.12ms
2026-07-30 23:25:52,831 | check_api_key took 170.25ms
2026-07-30 23:25:52,831 | blacklist took 170.44ms
2026-07-30 23:25:52,831 | log_requests took 170.57ms
2026-07-30 23:25:52,831 | timing took 170.66ms
2026-07-30 23:25:52,834 | authorization took 0.52ms
2026-07-30 23:25:52,834 | check_api_key took 0.63ms
2026-07-30 23:25:52,834 | blacklist took 0.82ms
2026-07-30 23:25:52,834 | log_requests took 0.93ms
2026-07-30 23:25:52,834 | timing took 1.02ms
2026-07-30 23:25:52,838 | authorization took 2.83ms
2026-07-30 23:25:52,838 | check_api_key took 2.98ms
2026-07-30 23:25:52,839 | blacklist took 3.21ms
2026-07-30 23:25:52,839 | log_requests took 3.35ms
2026-07-30 23:25:52,839 | timing took 3.45ms
2026-07-30 23:25:52,841 | authorization took 1.40ms
2026-07-30 23:25:52,841 | check_api_key took 1.52ms
2026-07-30 23:25:52,841 | blacklist took 1.76ms
2026-07-30 23:25:52,842 | log_requests took 1.88ms
2026-07-30 23:25:52,842 | timing took 1.98ms
2026-07-30 23:25:53,012 | authorization took 169.51ms
2026-07-30 23:25:53,012 | check_api_key took 169.79ms
2026-07-30 23:25:53,012 | blacklist took 169.98ms
2026-07-30 23:25:53,012 | log_requests took 170.12ms
2026-07-30 23:25:53,012 | timing took 170.22ms
2026-07-30 23:25:53,014 | authorization took 0.56ms
2026-07-30 23:25:53,014 | check_api_key took 0.66ms
2026-07-30 23:25:53,014 | blacklist took 0.90ms
2026-07-30 23:25:53,014 | log_requests took 1.02ms
2026-07-30 23:25:53,014 | timing took 1.11ms
2026-07-30 23:25:53,186 | authorization took 169.95ms
2026-07-30 23:25:53,186 | check_api_key took 170.09ms
2026-07-30 23:25:53,186 | blacklist took 170.28ms
2026-07-30 23:25:53,187 | log_requests took 170.41ms
2026-07-30 23:25:53,187 | timing took 170.50ms
2026-07-30 23:25:53,189 | authorization took 1.02ms
2026-07-30 23:25:53,189 | check_api_key took 1.15ms
2026-07-30 23:25:53,189 | blacklist took 1.35ms
2026-07-30 23:25:53,189 | log_requests took 1.51ms
2026-07-30 23:25:53,189 | timing took 1.62ms
2026-07-30 23:25:53,192 | authorization took 1.66ms
2026-07-30 23:25:53,192 | check_api_key took 1.94ms
2026-07-30 23:25:53,192 | blacklist took 2.15ms
2026-07-30 23:25:53,192 | log_requests took 2.26ms
2026-07-30 23:25:53,192 | timing took 2.36ms
2026-07-30 23:25:53,195 | authorization took 1.20ms
2026-07-30 23:25:53,195 | check_api_key took 1.30ms
2026-07-30 23:25:53,195 | blacklist took 1.48ms
2026-07-30 23:25:53,195 | log_requests took 1.61ms
2026-07-30 23:25:53,195 | timing took 1.71ms
2026-07-30 23:25:53,197 | authorization took 0.87ms
2026-07-30 23:25:53,197 | check_api_key took 0.99ms
2026-07-30 23:25:53,197 | blacklist took 1.18ms
2026-07-30 23:25:53,198 | log_requests took 1.31ms
2026-07-30 23:25:53,198 | timing took 1.42ms
2026-07-30 23:25:53,200 | authorization took 0.75ms
2026-07-30 23:25:53,200 | check_api_key took 0.85ms
2026-07-30 23:25:53,200 | blacklist took 1.04ms
2026-07-30 23:25:53,200 | log_requests took 1.16ms
2026-07-30 23:25:53,200 | timing took 1.25ms
2026-07-30 23:25:53,203 | authorization took 1.00ms
2026-07-30 23:25:53,203 | check_api_key took 1.11ms
2026-07-30 23:25:53,203 | blacklist took 1.30ms
2026-07-30 23:25:53,203 | log_requests took 1.41ms
2026-07-30 23:25:53,203 | timing took 1.51ms
2026-07-30 23:25:53,205 | authorization took 0.72ms
2026-07-30 23:25:53,205 | check_api_key took 0.83ms
2026-07-30 23:25:53,205 | blacklist took 1.02ms
2026-07-30 23:25:53,206 | log_requests took 1.14ms
2026-07-30 23:25:53,206 | timing took 1.22ms
2026-07-30 23:25:53,208 | authorization took 0.91ms
2026-07-30 23:25:53,208 | check_api_key took 1.01ms
2026-07-30 23:25:53,208 | blacklist took 1.18ms
2026-07-30 23:25:53,208 | log_requests took 1.30ms
2026-07-30 23:25:53,208 | timing took 1.39ms
2026-07-30 23:25:53,212 | authorization took 2.40ms
2026-07-30 23:25:53,212 | check_api_key took 2.51ms
2026-07-30 23:25:53,212 | blacklist took 2.69ms
2026-07-30 23:25:53,212 | log_requests took 2.80ms
2026-07-30 23:25:53,212 | timing took 2.89ms
2026-07-30 23:25:53,216 | authorization took 1.94ms
2026-07-30 23:25:53,216 | check_api_key took 2.04ms
2026-07-30 23:25:53,216 | blacklist took 2.23ms
2026-07-30 23:25:53,216 | log_requests took 2.35ms
2026-07-30 23:25:53,216 | timing took 2.44ms
2026-07-30 23:25:53,218 | authorization took 0.79ms
2026-07-30 23:25:53,218 | check_api_key took 0.89ms
2026-07-30 23:25:53,218 | blacklist took 1.08ms
2026-07-30 23:25:53,218 | log_requests took 1.19ms
2026-07-30 23:25:53,218 | timing took 1.28ms
2026-07-30 23:25:53,219 | check_api_key took 0.02ms
2026-07-30 23:25:53,220 | blacklist took 0.20ms
2026-07-30 23:25:53,220 | log_requests took 0.33ms
2026-07-30 23:25:53,220 | timing took 0.44ms
2026-07-30 23:25:53,224 | authorization took 2.06ms
2026-07-30 23:25:53,224 | check_api_key took 2.15ms
2026-07-30 23:25:53,224 | blacklist took 2.33ms
2026-07-30 23:25:53,224 | log_requests took 2.45ms
2026-07-30 23:25:53,224 | timing took 2.54ms
2026-07-30 23:25:53,226 | authorization took 1.59ms
2026-07-30 23:25:53,226 | check_api_key took 1.68ms
2026-07-30 23:25:53,226 | blacklist took 1.86ms
2026-07-30 23:25:53,226 | log_requests took 1.98ms
2026-07-30 23:25:53,227 | timing took 2.07ms
2026-07-30 23:25:53,236 | authorization took 8.14ms
2026-07-30 23:25:53,236 | check_api_key took 8.39ms
2026-07-30 23:25:53,236 | blacklist took 8.56ms
2026-07-30 23:25:53,236 | log_requests took 8.67ms
2026-07-30 23:25:53,236 | timing took 8.76ms
2026-07-30 23:25:53,408 | authorization took 170.13ms
2026-07-30 23:25:53,408 | check_api_key took 170.27ms
2026-07-30 23:25:53,408 | blacklist took 170.45ms
2026-07-30 23:25:53,408 | log_requests took 170.58ms
2026-07-30 23:25:53,408 | timing took 170.68ms
2026-07-30 23:25:53,411 | authorization took 1.61ms
2026-07-30 23:25:53,411 | check_api_key took 1.94ms
2026-07-30 23:25:53,411 | blacklist took 2.14ms
2026-07-30 23:25:53,411 | log_requests took 2.26ms
2026-07-30 23:25:53,411 | timing took 2.35ms
2026-07-30 23:25:53,415 | authorization took 1.84ms
2026-07-30 23:25:53,415 | check_api_key took 1.94ms
2026-07-30 23:25:53,415 | blacklist took 2.12ms
2026-07-30 23:25:53,415 | log_requests took 2.24ms
2026-07-30 23:25:53,415 | timing took 2.33ms
2026-07-30 23:25:53,418 | authorization took 1.95ms
2026-07-30 23:25:53,418 | check_api_key took 2.05ms
2026-07-30 23:25:53,418 | blacklist took 2.25ms
2026-07-30 23:25:53,419 | log_requests took 2.36ms
2026-07-30 23:25:53,419 | timing took 2.45ms
2026-07-30 23:25:53,422 | authorization took 1.89ms
2026-07-30 23:25:53,422 | check_api_key took 1.99ms
2026-07-30 23:25:53,422 | blacklist took 2.19ms
2026-07-30 23:25:53,422 | log_requests took 2.31ms
2026-07-30 23:25:53,422 | timing took 2.42ms
2026-07-30 23:25:53,424 | authorization took 1.66ms
2026-07-30 23:25:53,425 | check_api_key took 1.75ms
2026-07-30 23:25:53,425 | blacklist took 1.95ms
2026-07-30 23:25:53,425 | log_requests took 2.06ms
2026-07-30 23:25:53,425 | timing took 2.14ms
2026-07-30 23:25:53,427 | authorization took 1.68ms
2026-07-30 23:25:53,427 | check_api_key took 1.78ms
2026-07-30 23:25:53,427 | blacklist took 1.96ms
2026-07-30 23:25:53,428 | log_requests took 2.08ms
2026-07-30 23:25:53,428 | timing took 2.17ms
2026-07-30 23:25:53,431 | authorization took 2.40ms
2026-07-30 23:25:53,431 | check_api_key took 2.65ms
2026-07-30 23:25:53,431 | blacklist took 2.84ms
2026-07-30 23:25:53,431 | log_requests took 2.96ms
2026-07-30 23:25:53,431 | timing took 3.06ms
2026-07-30 23:25:53,435 | authorization took 1.71ms
2026-07-30 23:25:53,435 | check_api_key took 1.81ms
2026-07-30 23:25:53,435 | blacklist took 1.99ms
2026-07-30 23:25:53,435 | log_requests took 2.10ms
2026-07-30 23:25:53,435 | timing took 2.19ms
2026-07-30 23:25:53,438 | authorization took 2.00ms
2026-07-30 23:25:53,438 | check_api_key took 2.12ms
2026-07-30 23:25:53,438 | blacklist took 2.31ms
2026-07-30 23:25:53,438 | log_requests took 2.43ms
2026-07-30 23:25:53,438 | timing took 2.53ms
2026-07-30 23:25:53,441 | authorization took 1.84ms
2026-07-30 23:25:53,441 | check_api_key took 1.95ms
2026-07-30 23:25:53,441 | blacklist took 2.14ms
2026-07-30 23:25:53,442 | log_requests took 2.26ms
2026-07-30 23:25:53,442 | timing took 2.35ms
2026-07-30 23:25:53,444 | authorization took 1.94ms
2026-07-30 23:25:53,445 | check_api_key took 2.04ms
2026-07-30 23:25:53,445 | blacklist took 2.23ms
2026-07-30 23:25:53,445 | log_requests took 2.35ms
2026-07-30 23:25:53,445 | timing took 2.43ms
2026-07-30 23:25:53,447 | authorization took 1.74ms
2026-07-30 23:25:53,447 | check_api_key took 1.84ms
2026-07-30 23:25:53,447 | blacklist took 2.02ms
2026-07-30 23:25:53,448 | log_requests took 2.14ms
2026-07-30 23:25:53,448 | timing took 2.23ms
2026-07-30 23:25:53,451 | authorization took 2.13ms
2026-07-30 23:25:53,451 | check_api_key took 2.35ms
2026-07-30 23:25:53,451 | blacklist took 2.53ms
2026-07-30 23:25:53,451 | log_requests took 2.64ms
2026-07-30 23:25:53,451 | timing took 2.72ms
2026-07-30 23:25:53,454 | authorization took 2.03ms
2026-07-30 23:25:53,454 | check_api_key took 2.25ms
2026-07-30 23:25:53,454 | blacklist took 2.44ms
2026-07-30 23:25:53,454 | log_requests took 2.57ms
2026-07-30 23:25:53,454 | timing took 2.67ms
2026-07-30 23:25:53,458 | authorization took 1.66ms
2026-07-30 23:25:53,458 | check_api_key took 1.76ms
2026-07-30 23:25:53,458 | blacklist took 1.94ms
2026-07-30 23:25:53,458 | log_requests took 2.06ms
2026-07-30 23:25:53,458 | timing took 2.15ms
2026-07-30 23:25:53,461 | authorization took 1.64ms
2026-07-30 23:25:53,461 | check_api_key took 1.74ms
2026-07-30 23:25:53,461 | blacklist took 1.92ms
2026-07-30 23:25:53,461 | log_requests took 2.04ms
2026-07-30 23:25:53,461 | timing took 2.13ms
2026-07-30 23:25:53,464 | authorization took 1.79ms
2026-07-30 23:25:53,464 | check_api_key took 1.89ms
2026-07-30 23:25:53,464 | blacklist took 2.08ms
2026-07-30 23:25:53,464 | log_requests took 2.19ms
2026-07-30 23:25:53,464 | timing took 2.28ms
2026-07-30 23:25:53,467 | authorization took 2.00ms
2026-07-30 23:25:53,467 | check_api_key took 2.24ms
2026-07-30 23:25:53,467 | blacklist took 2.41ms
2026-07-30 23:25:53,467 | log_requests took 2.53ms
2026-07-30 23:25:53,467 | timing took 2.62ms
2026-07-30 23:25:53,470 | authorization took 1.36ms
2026-07-30 23:25:53,470 | check_api_key took 1.59ms
2026-07-30 23:25:53,470 | blacklist took 1.76ms
2026-07-30 23:25:53,471 | log_requests took 1.89ms
2026-07-30 23:25:53,471 | timing took 1.99ms
2026-07-30 23:25:53,473 | authorization took 0.62ms
2026-07-30 23:25:53,473 | check_api_key took 0.75ms
2026-07-30 23:25:53,473 | blacklist took 0.96ms
2026-07-30 23:25:53,473 | log_requests took 1.09ms
2026-07-30 23:25:53,473 | timing took 1.19ms
2026-07-30 23:25:53,475 | authorization took 0.30ms
2026-07-30 23:25:53,475 | check_api_key took 0.40ms
2026-07-30 23:25:53,475 | blacklist took 0.59ms
2026-07-30 23:25:53,475 | log_requests took 0.70ms
2026-07-30 23:25:53,475 | timing took 0.79ms
2026-07-30 23:25:53,477 | authorization took 0.24ms
2026-07-30 23:25:53,477 | check_api_key took 0.34ms
2026-07-30 23:25:53,477 | blacklist took 0.53ms
2026-07-30 23:25:53,477 | log_requests took 0.65ms
2026-07-30 23:25:53,478 | timing took 0.74ms
2026-07-30 23:25:53,479 | authorization took 0.23ms
2026-07-30 23:25:53,479 | check_api_key took 0.32ms
2026-07-30 23:25:53,479 | blacklist took 0.50ms
2026-07-30 23:25:53,479 | log_requests took 0.61ms
2026-07-30 23:25:53,479 | timing took 0.69ms
2026-07-30 23:25:53,481 | authorization took 0.29ms
2026-07-30 23:25:53,481 | check_api_key took 0.39ms
2026-07-30 23:25:53,482 | blacklist took 0.58ms
2026-07-30 23:25:53,482 | log_requests took 0.70ms
2026-07-30 23:25:53,482 | timing took 0.79ms
2026-07-30 23:25:53,485 | authorization took 2.08ms
2026-07-30 23:25:53,485 | check_api_key took 2.18ms
2026-07-30 23:25:53,485 | blacklist took 2.36ms
2026-07-30 23:25:53,485 | log_requests took 2.47ms
2026-07-30 23:25:53,485 | timing took 2.56ms
2026-07-30 23:25:53,488 | authorization took 1.28ms
2026-07-30 23:25:53,488 | check_api_key took 1.44ms
2026-07-30 23:25:53,488 | blacklist took 1.64ms
2026-07-30 23:25:53,488 | log_requests took 1.76ms
2026-07-30 23:25:53,488 | timing took 1.87ms
2026-07-30 23:25:53,491 | authorization took 1.84ms
2026-07-30 23:25:53,491 | check_api_key took 1.94ms
2026-07-30 23:25:53,492 | blacklist took 2.14ms
2026-07-30 23:25:53,492 | log_requests took 2.26ms
2026-07-30 23:25:53,492 | timing took 2.35ms
2026-07-30 23:25:53,494 | authorization took 0.82ms
2026-07-30 23:25:53,494 | check_api_key took 0.92ms
2026-07-30 23:25:53,494 | blacklist took 1.10ms
2026-07-30 23:25:53,494 | log_requests took 1.22ms
2026-07-30 23:25:53,494 | timing took 1.30ms
2026-07-30 23:25:53,496 | check_api_key took 0.01ms
2026-07-30 23:25:53,496 | blacklist took 0.19ms
2026-07-30 23:25:53,496 | log_requests took 0.30ms
2026-07-30 23:25:53,496 | timing took 0.39ms
2026-07-30 23:25:53,497 | check_api_key took 0.12ms
2026-07-30 23:25:53,497 | blacklist took 0.31ms
2026-07-30 23:25:53,498 | log_requests took 0.42ms
2026-07-30 23:25:53,498 | timing took 0.51ms
2026-07-30 23:25:53,501 | authorization took 1.53ms
2026-07-30 23:25:53,501 | check_api_key took 1.73ms
2026-07-30 23:25:53,501 | blacklist took 1.91ms
2026-07-30 23:25:53,501 | log_requests took 2.01ms
2026-07-30 23:25:53,501 | timing took 2.10ms
2026-07-30 23:25:53,503 | check_api_key took 0.12ms
2026-07-30 23:25:53,503 | blacklist took 0.30ms
2026-07-30 23:25:53,503 | log_requests took 0.41ms
2026-07-30 23:25:53,503 | timing took 0.50ms
2026-07-30 23:25:53,504 | blacklist took 0.09ms
2026-07-30 23:25:53,504 | log_requests took 0.21ms
2026-07-30 23:25:53,505 | timing took 0.29ms
2026-07-30 23:25:53,508 | authorization took 1.31ms
2026-07-30 23:25:53,508 | check_api_key took 1.52ms
2026-07-30 23:25:53,508 | blacklist took 1.71ms
2026-07-30 23:25:53,508 | log_requests took 1.82ms
2026-07-30 23:25:53,508 | timing took 1.90ms
2026-07-30 23:25:53,511 | authorization took 1.22ms
2026-07-30 23:25:53,511 | check_api_key took 1.42ms
2026-07-30 23:25:53,511 | blacklist took 1.59ms
2026-07-30 23:25:53,511 | log_requests took 1.70ms
2026-07-30 23:25:53,511 | timing took 1.79ms
2026-07-30 23:25:53,512 | blacklist took 0.08ms
2026-07-30 23:25:53,512 | log_requests took 0.20ms
2026-07-30 23:25:53,512 | timing took 0.28ms
2026-07-30 23:25:53,515 | authorization took 1.27ms
2026-07-30 23:25:53,515 | check_api_key took 1.49ms
2026-07-30 23:25:53,515 | blacklist took 1.72ms
2026-07-30 23:25:53,515 | log_requests took 1.85ms
2026-07-30 23:25:53,515 | timing took 1.93ms
2026-07-30 23:25:53,517 | blacklist took 0.09ms
2026-07-30 23:25:53,517 | log_requests took 0.20ms
2026-07-30 23:25:53,517 | timing took 0.28ms
2026-07-30 23:25:53,519 | blacklist took 0.09ms
2026-07-30 23:25:53,519 | log_requests took 0.21ms
2026-07-30 23:25:53,519 | timing took 0.29ms
2026-07-30 23:25:53,521 | authorization took 0.33ms
2026-07-30 23:25:53,521 | check_api_key took 0.43ms
2026-07-30 23:25:53,521 | blacklist took 0.62ms
2026-07-30 23:25:53,521 | log_requests took 0.73ms
2026-07-30 23:25:53,521 | timing took 0.82ms
2026-07-30 23:25:53,523 | check_api_key took 0.01ms
2026-07-30 23:25:53,523 | blacklist took 0.18ms
2026-07-30 23:25:53,523 | log_requests took 0.28ms
2026-07-30 23:25:53,523 | timing took 0.37ms
2026-07-30 23:25:53,526 | authorization took 1.86ms
2026-07-30 23:25:53,526 | check_api_key took 1.97ms
2026-07-30 23:25:53,526 | blacklist took 2.15ms
2026-07-30 23:25:53,526 | log_requests took 2.27ms
2026-07-30 23:25:53,526 | timing took 2.35ms
2026-07-30 23:25:53,528 | authorization took 1.17ms
2026-07-30 23:25:53,528 | check_api_key took 1.27ms
2026-07-30 23:25:53,528 | blacklist took 1.44ms
2026-07-30 23:25:53,528 | log_requests took 1.56ms
2026-07-30 23:25:53,529 | timing took 1.65ms
2026-07-30 23:25:53,532 | authorization took 1.58ms
2026-07-30 23:25:53,532 | check_api_key took 1.68ms
2026-07-30 23:25:53,532 | blacklist took 1.86ms
2026-07-30 23:25:53,532 | log_requests took 1.97ms
2026-07-30 23:25:53,532 | timing took 2.06ms
2026-07-30 23:25:53,534 | authorization took 1.16ms
2026-07-30 23:25:53,534 | check_api_key took 1.26ms
2026-07-30 23:25:53,534 | blacklist took 1.44ms
2026-07-30 23:25:53,534 | log_requests took 1.55ms
2026-07-30 23:25:53,534 | timing took 1.65ms
2026-07-30 23:25:53,535 | authorization took 0.34ms
2026-07-30 23:25:53,535 | check_api_key took 0.43ms
2026-07-30 23:25:53,535 | blacklist took 0.61ms
2026-07-30 23:25:53,536 | log_requests took 0.72ms
2026-07-30 23:25:53,536 | timing took 0.82ms
2026-07-30 23:25:53,537 | authorization took 0.29ms
2026-07-30 23:25:53,537 | check_api_key took 0.38ms
2026-07-30 23:25:53,537 | blacklist took 0.56ms
2026-07-30 23:25:53,537 | log_requests took 0.66ms
2026-07-30 23:25:53,537 | timing took 0.76ms
2026-07-30 23:25:53,540 | authorization took 1.73ms
2026-07-30 23:25:53,540 | check_api_key took 1.83ms
2026-07-30 23:25:53,540 | blacklist took 1.98ms
2026-07-30 23:25:53,540 | log_requests took 2.08ms
2026-07-30 23:25:53,540 | timing took 2.17ms
2026-07-30 23:25:53,543 | authorization took 1.34ms
2026-07-30 23:25:53,543 | check_api_key took 1.44ms
2026-07-30 23:25:53,543 | blacklist took 1.61ms
2026-07-30 23:25:53,543 | log_requests took 1.72ms
2026-07-30 23:25:53,543 | timing took 1.81ms
2026-07-30 23:25:53,545 | authorization took 1.16ms
2026-07-30 23:25:53,545 | check_api_key took 1.39ms
2026-07-30 23:25:53,545 | blacklist took 1.56ms
2026-07-30 23:25:53,545 | log_requests took 1.67ms
2026-07-30 23:25:53,545 | timing took 1.77ms
2026-07-30 23:25:53,547 | authorization took 0.41ms
2026-07-30 23:25:53,547 | check_api_key took 0.51ms
2026-07-30 23:25:53,547 | blacklist took 0.70ms
2026-07-30 23:25:53,547 | log_requests took 0.81ms
2026-07-30 23:25:53,547 | timing took 0.89ms
2026-07-30 23:25:53,550 | authorization took 1.68ms
2026-07-30 23:25:53,550 | check_api_key took 1.78ms
2026-07-30 23:25:53,550 | blacklist took 1.97ms
2026-07-30 23:25:53,550 | log_requests took 2.09ms
2026-07-30 23:25:53,550 | timing took 2.19ms
2026-07-30 23:25:53,552 | authorization took 1.04ms
2026-07-30 23:25:53,552 | check_api_key took 1.14ms
2026-07-30 23:25:53,552 | blacklist took 1.32ms
2026-07-30 23:25:53,553 | log_requests took 1.44ms
2026-07-30 23:25:53,553 | timing took 1.54ms
2026-07-30 23:25:53,556 | authorization took 2.08ms
2026-07-30 23:25:53,556 | check_api_key took 2.31ms
2026-07-30 23:25:53,556 | blacklist took 2.47ms
2026-07-30 23:25:53,556 | log_requests took 2.59ms
2026-07-30 23:25:53,556 | timing took 2.68ms
2026-07-30 23:25:53,558 | authorization took 1.04ms
2026-07-30 23:25:53,558 | check_api_key took 1.13ms
2026-07-30 23:25:53,558 | blacklist took 1.30ms
2026-07-30 23:25:53,558 | log_requests took 1.41ms
2026-07-30 23:25:53,558 | timing took 1.51ms
2026-07-30 23:25:53,562 | authorization took 1.93ms
2026-07-30 23:25:53,562 | check_api_key took 2.03ms
2026-07-30 23:25:53,562 | blacklist took 2.23ms
2026-07-30 23:25:53,562 | log_requests took 2.34ms
2026-07-30 23:25:53,562 | timing took 2.43ms
2026-07-30 23:25:53,564 | authorization took 1.10ms
2026-07-30 23:25:53,564 | check_api_key took 1.20ms
2026-07-30 23:25:53,564 | blacklist took 1.39ms
2026-07-30 23:25:53,564 | log_requests took 1.51ms
2026-07-30 23:25:53,564 | timing took 1.60ms
2026-07-30 23:25:53,566 | authorization took 0.58ms
2026-07-30 23:25:53,566 | check_api_key took 0.80ms
2026-07-30 23:25:53,566 | blacklist took 0.97ms
2026-07-30 23:25:53,566 | log_requests took 1.08ms
2026-07-30 23:25:53,566 | timing took 1.16ms
2026-07-30 23:25:53,739 | authorization took 171.59ms
2026-07-30 23:25:53,739 | check_api_key took 171.72ms
2026-07-30 23:25:53,739 | blacklist took 171.91ms
2026-07-30 23:25:53,740 | log_requests took 172.04ms
2026-07-30 23:25:53,740 | timing took 172.13ms
2026-07-30 23:25:53,910 | authorization took 169.33ms
2026-07-30 23:25:53,910 | check_api_key took 169.47ms
2026-07-30 23:25:53,910 | blacklist took 169.69ms
2026-07-30 23:25:53,910 | log_requests took 169.83ms
2026-07-30 23:25:53,911 | timing took 169.95ms
2026-07-30 23:25:54,083 | authorization took 170.97ms
2026-07-30 23:25:54,083 | check_api_key took 171.17ms
2026-07-30 23:25:54,083 | blacklist took 171.43ms
2026-07-30 23:25:54,083 | log_requests took 171.59ms
2026-07-30 23:25:54,083 | timing took 171.75ms
2026-07-30 23:30:56,446 | authorization took 7.28ms
2026-07-30 23:30:56,447 | check_api_key took 8.08ms
2026-07-30 23:30:56,447 | blacklist took 8.56ms
2026-07-30 23:30:56,447 | log_requests took 8.92ms
2026-07-30 23:30:56,447 | timing took 9.04ms
2026-07-30 23:30:56,451 | authorization took 2.06ms
2026-07-30 23:30:56,451 | check_api_key took 2.16ms
2026-07-30 23:30:56,451 | blacklist took 2.40ms
2026-07-30 23:30:56,451 | log_requests took 2.51ms
2026-07-30 23:30:56,451 | timing took 2.61ms
2026-07-30 23:30:56,452 | authorization took 0.34ms
2026-07-30 23:30:56,452 | check_api_key took 0.43ms
2026-07-30 23:30:56,452 | blacklist took 0.61ms
2026-07-30 23:30:56,452 | log_requests took 0.71ms
2026-07-30 23:30:56,452 | timing took 0.81ms
2026-07-30 23:30:56,454 | authorization took 0.34ms
2026-07-30 23:30:56,454 | check_api_key took 0.44ms
2026-07-30 23:30:56,454 | blacklist took 0.63ms
2026-07-30 23:30:56,454 | log_requests took 0.76ms
2026-07-30 23:30:56,454 | timing took 0.88ms
2026-07-30 23:30:56,455 | authorization took 0.53ms
2026-07-30 23:30:56,455 | check_api_key took 0.64ms
2026-07-30 23:30:56,455 | blacklist took 0.80ms
2026-07-30 23:30:56,456 | log_requests took 0.92ms
2026-07-30 23:30:56,456 | timing took 1.03ms
2026-07-30 23:30:56,459 | authorization took 2.55ms
2026-07-30 23:30:56,459 | check_api_key took 2.80ms
2026-07-30 23:30:56,460 | blacklist took 2.99ms
2026-07-30 23:30:56,460 | log_requests took 3.09ms
2026-07-30 23:30:56,460 | timing took 3.18ms
2026-07-30 23:30:56,463 | authorization took 2.19ms
2026-07-30 23:30:56,463 | check_api_key took 2.27ms
2026-07-30 23:30:56,463 | blacklist took 2.45ms
2026-07-30 23:30:56,463 | log_requests took 2.55ms
2026-07-30 23:30:56,463 | timing took 2.63ms
2026-07-30 23:30:56,466 | authorization took 1.41ms
2026-07-30 23:30:56,466 | check_api_key took 1.50ms
2026-07-30 23:30:56,466 | blacklist took 1.70ms
2026-07-30 23:30:56,466 | log_requests took 1.80ms
2026-07-30 23:30:56,466 | timing took 1.89ms
2026-07-30 23:30:56,467 | authorization took 0.32ms
2026-07-30 23:30:56,467 | check_api_key took 0.41ms
2026-07-30 23:30:56,467 | blacklist took 0.57ms
2026-07-30 23:30:56,467 | log_requests took 0.67ms
2026-07-30 23:30:56,467 | timing took 0.76ms
2026-07-30 23:30:56,468 | authorization took 0.31ms
2026-07-30 23:30:56,468 | check_api_key took 0.40ms
2026-07-30 23:30:56,468 | blacklist took 0.57ms
2026-07-30 23:30:56,469 | log_requests took 0.67ms
2026-07-30 23:30:56,469 | timing took 0.76ms
2026-07-30 23:30:56,472 | authorization took 2.24ms
2026-07-30 23:30:56,472 | check_api_key took 2.52ms
2026-07-30 23:30:56,472 | blacklist took 2.69ms
2026-07-30 23:30:56,472 | log_requests took 2.80ms
2026-07-30 23:30:56,472 | timing took 2.89ms
2026-07-30 23:32:32,376 | authorization took 10.23ms
2026-07-30 23:32:32,376 | check_api_key took 10.62ms
2026-07-30 23:32:32,376 | blacklist took 11.05ms
2026-07-30 23:32:32,376 | log_requests took 11.45ms
2026-07-30 23:32:32,377 | timing took 11.58ms
2026-07-30 23:32:32,381 | authorization took 2.60ms
2026-07-30 23:32:32,381 | check_api_key took 2.73ms
2026-07-30 23:32:32,381 | blacklist took 2.95ms
2026-07-30 23:32:32,381 | log_requests took 3.07ms
2026-07-30 23:32:32,381 | timing took 3.17ms
2026-07-30 23:32:32,383 | authorization took 1.45ms
2026-07-30 23:32:32,383 | check_api_key took 1.54ms
2026-07-30 23:32:32,383 | blacklist took 1.74ms
2026-07-30 23:32:32,384 | log_requests took 1.85ms
2026-07-30 23:32:32,384 | timing took 1.95ms
2026-07-30 23:32:32,386 | authorization took 1.55ms
2026-07-30 23:32:32,386 | check_api_key took 1.67ms
2026-07-30 23:32:32,386 | blacklist took 1.85ms
2026-07-30 23:32:32,386 | log_requests took 1.98ms
2026-07-30 23:32:32,386 | timing took 2.08ms
2026-07-30 23:32:32,389 | authorization took 1.29ms
2026-07-30 23:32:32,389 | check_api_key took 1.39ms
2026-07-30 23:32:32,389 | blacklist took 1.62ms
2026-07-30 23:32:32,389 | log_requests took 1.74ms
2026-07-30 23:32:32,389 | timing took 1.84ms
2026-07-30 23:32:32,391 | authorization took 1.13ms
2026-07-30 23:32:32,391 | check_api_key took 1.24ms
2026-07-30 23:32:32,391 | blacklist took 1.43ms
2026-07-30 23:32:32,391 | log_requests took 1.55ms
2026-07-30 23:32:32,391 | timing took 1.64ms
2026-07-30 23:32:32,393 | authorization took 1.21ms
2026-07-30 23:32:32,393 | check_api_key took 1.30ms
2026-07-30 23:32:32,393 | blacklist took 1.47ms
2026-07-30 23:32:32,393 | log_requests took 1.58ms
2026-07-30 23:32:32,394 | timing took 1.68ms
2026-07-30 23:32:32,396 | authorization took 1.12ms
2026-07-30 23:32:32,396 | check_api_key took 1.21ms
2026-07-30 23:32:32,396 | blacklist took 1.41ms
2026-07-30 23:32:32,396 | log_requests took 1.51ms
2026-07-30 23:32:32,396 | timing took 1.60ms
2026-07-30 23:32:32,398 | authorization took 1.20ms
2026-07-30 23:32:32,398 | check_api_key took 1.29ms
2026-07-30 23:32:32,398 | blacklist took 1.73ms
2026-07-30 23:32:32,398 | log_requests took 1.84ms
2026-07-30 23:32:32,398 | timing took 1.94ms
2026-07-30 23:32:32,400 | authorization took 1.19ms
2026-07-30 23:32:32,400 | check_api_key took 1.32ms
2026-07-30 23:32:32,401 | blacklist took 1.52ms
2026-07-30 23:32:32,401 | log_requests took 1.64ms
2026-07-30 23:32:32,401 | timing took 1.75ms
2026-07-30 23:32:32,403 | authorization took 1.26ms
2026-07-30 23:32:32,403 | check_api_key took 1.35ms
2026-07-30 23:32:32,403 | blacklist took 1.53ms
2026-07-30 23:32:32,403 | log_requests took 1.63ms
2026-07-30 23:32:32,403 | timing took 1.72ms
2026-07-30 23:32:32,405 | authorization took 1.32ms
2026-07-30 23:32:32,405 | check_api_key took 1.41ms
2026-07-30 23:32:32,405 | blacklist took 1.57ms
2026-07-30 23:32:32,405 | log_requests took 1.67ms
2026-07-30 23:32:32,405 | timing took 1.76ms
2026-07-30 23:32:32,407 | authorization took 1.06ms
2026-07-30 23:32:32,407 | check_api_key took 1.15ms
2026-07-30 23:32:32,407 | blacklist took 1.33ms
2026-07-30 23:32:32,408 | log_requests took 1.44ms
2026-07-30 23:32:32,408 | timing took 1.54ms
2026-07-30 23:32:32,410 | authorization took 1.11ms
2026-07-30 23:32:32,410 | check_api_key took 1.20ms
2026-07-30 23:32:32,410 | blacklist took 1.39ms
2026-07-30 23:32:32,410 | log_requests took 1.50ms
2026-07-30 23:32:32,410 | timing took 1.59ms
2026-07-30 23:32:32,412 | authorization took 1.02ms
2026-07-30 23:32:32,412 | check_api_key took 1.11ms
2026-07-30 23:32:32,412 | blacklist took 1.30ms
2026-07-30 23:32:32,412 | log_requests took 1.40ms
2026-07-30 23:32:32,412 | timing took 1.49ms
2026-07-30 23:32:32,414 | authorization took 1.06ms
2026-07-30 23:32:32,414 | check_api_key took 1.14ms
2026-07-30 23:32:32,414 | blacklist took 1.31ms
2026-07-30 23:32:32,414 | log_requests took 1.41ms
2026-07-30 23:32:32,414 | timing took 1.50ms
2026-07-30 23:32:32,416 | authorization took 1.10ms
2026-07-30 23:32:32,416 | check_api_key took 1.19ms
2026-07-30 23:32:32,416 | blacklist took 1.37ms
2026-07-30 23:32:32,416 | log_requests took 1.48ms
2026-07-30 23:32:32,416 | timing took 1.57ms
2026-07-30 23:32:32,418 | authorization took 1.08ms
2026-07-30 23:32:32,418 | check_api_key took 1.18ms
2026-07-30 23:32:32,418 | blacklist took 1.37ms
2026-07-30 23:32:32,418 | log_requests took 1.48ms
2026-07-30 23:32:32,418 | timing took 1.59ms
2026-07-30 23:32:32,420 | authorization took 1.09ms
2026-07-30 23:32:32,420 | check_api_key took 1.19ms
2026-07-30 23:32:32,420 | blacklist took 1.37ms
2026-07-30 23:32:32,421 | log_requests took 1.48ms
2026-07-30 23:32:32,421 | timing took 1.57ms
2026-07-30 23:32:32,422 | authorization took 1.04ms
2026-07-30 23:32:32,423 | check_api_key took 1.12ms
2026-07-30 23:32:32,423 | blacklist took 1.29ms
2026-07-30 23:32:32,423 | log_requests took 1.39ms
2026-07-30 23:32:32,423 | timing took 1.48ms
2026-07-30 23:32:32,425 | authorization took 1.24ms
2026-07-30 23:32:32,425 | check_api_key took 1.33ms
2026-07-30 23:32:32,425 | blacklist took 1.50ms
2026-07-30 23:32:32,425 | log_requests took 1.60ms
2026-07-30 23:32:32,425 | timing took 1.70ms
2026-07-30 23:32:32,427 | authorization took 1.05ms
2026-07-30 23:32:32,427 | check_api_key took 1.14ms
2026-07-30 23:32:32,427 | blacklist took 1.31ms
2026-07-30 23:32:32,427 | log_requests took 1.42ms
2026-07-30 23:32:32,427 | timing took 1.50ms
2026-07-30 23:32:32,429 | authorization took 1.09ms
2026-07-30 23:32:32,429 | check_api_key took 1.17ms
2026-07-30 23:32:32,429 | blacklist took 1.37ms
2026-07-30 23:32:32,429 | log_requests took 1.47ms
2026-07-30 23:32:32,429 | timing took 1.56ms
2026-07-30 23:32:32,431 | authorization took 1.20ms
2026-07-30 23:32:32,431 | check_api_key took 1.30ms
2026-07-30 23:32:32,431 | blacklist took 1.50ms
2026-07-30 23:32:32,432 | log_requests took 1.62ms
2026-07-30 23:32:32,432 | timing took 1.72ms
2026-07-30 23:32:32,434 | authorization took 1.19ms
2026-07-30 23:32:32,434 | check_api_key took 1.29ms
2026-07-30 23:32:32,434 | blacklist took 1.49ms
2026-07-30 23:32:32,434 | log_requests took 1.60ms
2026-07-30 23:32:32,434 | timing took 1.70ms
2026-07-30 23:32:32,437 | authorization took 1.71ms
2026-07-30 23:32:32,437 | check_api_key took 1.83ms
2026-07-30 23:32:32,437 | blacklist took 2.06ms
2026-07-30 23:32:32,437 | log_requests took 2.18ms
2026-07-30 23:32:32,437 | timing took 2.29ms
2026-07-30 23:32:32,439 | authorization took 1.22ms
2026-07-30 23:32:32,439 | check_api_key took 1.31ms
2026-07-30 23:32:32,439 | blacklist took 1.52ms
2026-07-30 23:32:32,439 | log_requests took 1.63ms
2026-07-30 23:32:32,439 | timing took 1.74ms
2026-07-30 23:32:32,442 | authorization took 1.19ms
2026-07-30 23:32:32,442 | check_api_key took 1.29ms
2026-07-30 23:32:32,442 | blacklist took 1.45ms
2026-07-30 23:32:32,442 | log_requests took 1.56ms
2026-07-30 23:32:32,442 | timing took 1.65ms
2026-07-30 23:32:32,444 | authorization took 1.15ms
2026-07-30 23:32:32,444 | check_api_key took 1.24ms
2026-07-30 23:32:32,444 | blacklist took 1.41ms
2026-07-30 23:32:32,444 | log_requests took 1.52ms
2026-07-30 23:32:32,444 | timing took 1.62ms
2026-07-30 23:32:32,446 | authorization took 1.19ms
2026-07-30 23:32:32,446 | check_api_key took 1.28ms
2026-07-30 23:32:32,446 | blacklist took 1.46ms
2026-07-30 23:32:32,446 | log_requests took 1.56ms
2026-07-30 23:32:32,446 | timing took 1.65ms
2026-07-30 23:32:32,448 | authorization took 1.05ms
2026-07-30 23:32:32,448 | check_api_key took 1.13ms
2026-07-30 23:32:32,448 | blacklist took 1.29ms
2026-07-30 23:32:32,448 | log_requests took 1.39ms
2026-07-30 23:32:32,448 | timing took 1.48ms
2026-07-30 23:32:32,451 | authorization took 1.32ms
2026-07-30 23:32:32,451 | check_api_key took 1.42ms
2026-07-30 23:32:32,451 | blacklist took 1.57ms
2026-07-30 23:32:32,451 | log_requests took 1.68ms
2026-07-30 23:32:32,451 | timing took 1.78ms
2026-07-30 23:32:32,453 | authorization took 1.08ms
2026-07-30 23:32:32,453 | check_api_key took 1.17ms
2026-07-30 23:32:32,453 | blacklist took 1.33ms
2026-07-30 23:32:32,453 | log_requests took 1.43ms
2026-07-30 23:32:32,453 | timing took 1.52ms
2026-07-30 23:32:32,455 | authorization took 1.16ms
2026-07-30 23:32:32,455 | check_api_key took 1.26ms
2026-07-30 23:32:32,455 | blacklist took 1.45ms
2026-07-30 23:32:32,455 | log_requests took 1.56ms
2026-07-30 23:32:32,455 | timing took 1.65ms
2026-07-30 23:32:32,457 | authorization took 1.24ms
2026-07-30 23:32:32,457 | check_api_key took 1.33ms
2026-07-30 23:32:32,457 | blacklist took 1.50ms
2026-07-30 23:32:32,458 | log_requests took 1.60ms
2026-07-30 23:32:32,458 | timing took 1.70ms
2026-07-30 23:32:32,460 | authorization took 1.31ms
2026-07-30 23:32:32,460 | check_api_key took 1.42ms
2026-07-30 23:32:32,460 | blacklist took 1.59ms
2026-07-30 23:32:32,460 | log_requests took 1.70ms
2026-07-30 23:32:32,460 | timing took 1.80ms
2026-07-30 23:32:32,463 | authorization took 1.58ms
2026-07-30 23:32:32,463 | check_api_key took 1.68ms
2026-07-30 23:32:32,463 | blacklist took 1.91ms
2026-07-30 23:32:32,463 | log_requests took 2.02ms
2026-07-30 23:32:32,463 | timing took 2.12ms
2026-07-30 23:32:32,465 | authorization took 1.25ms
2026-07-30 23:32:32,465 | check_api_key took 1.34ms
2026-07-30 23:32:32,465 | blacklist took 1.58ms
2026-07-30 23:32:32,465 | log_requests took 1.68ms
2026-07-30 23:32:32,465 | timing took 1.76ms
2026-07-30 23:32:32,467 | authorization took 1.13ms
2026-07-30 23:32:32,467 | check_api_key took 1.22ms
2026-07-30 23:32:32,467 | blacklist took 1.38ms
2026-07-30 23:32:32,468 | log_requests took 1.50ms
2026-07-30 23:32:32,468 | timing took 1.59ms
2026-07-30 23:32:32,470 | authorization took 1.07ms
2026-07-30 23:32:32,470 | check_api_key took 1.16ms
2026-07-30 23:32:32,470 | blacklist took 1.33ms
2026-07-30 23:32:32,470 | log_requests took 1.44ms
2026-07-30 23:32:32,470 | timing took 1.53ms
2026-07-30 23:32:32,472 | authorization took 1.08ms
2026-07-30 23:32:32,472 | check_api_key took 1.16ms
2026-07-30 23:32:32,472 | blacklist took 1.34ms
2026-07-30 23:32:32,472 | log_requests took 1.44ms
2026-07-30 23:32:32,472 | timing took 1.53ms
2026-07-30 23:32:32,474 | authorization took 1.03ms
2026-07-30 23:32:32,474 | check_api_key took 1.12ms
2026-07-30 23:32:32,474 | blacklist took 1.29ms
2026-07-30 23:32:32,474 | log_requests took 1.39ms
2026-07-30 23:32:32,474 | timing took 1.48ms
2026-07-30 23:32:32,476 | authorization took 1.27ms
2026-07-30 23:32:32,476 | check_api_key took 1.37ms
2026-07-30 23:32:32,476 | blacklist took 1.56ms
2026-07-30 23:32:32,476 | log_requests took 1.67ms
2026-07-30 23:32:32,476 | timing took 1.77ms
2026-07-30 23:32:32,478 | authorization took 1.16ms
2026-07-30 23:32:32,478 | check_api_key took 1.25ms
2026-07-30 23:32:32,478 | blacklist took 1.44ms
2026-07-30 23:32:32,479 | log_requests took 1.54ms
2026-07-30 23:32:32,479 | timing took 1.63ms
2026-07-30 23:32:32,480 | authorization took 1.07ms
2026-07-30 23:32:32,481 | check_api_key took 1.16ms
2026-07-30 23:32:32,481 | blacklist took 1.33ms
2026-07-30 23:32:32,481 | log_requests took 1.43ms
2026-07-30 23:32:32,481 | timing took 1.52ms
2026-07-30 23:32:32,483 | authorization took 0.98ms
2026-07-30 23:32:32,483 | check_api_key took 1.07ms
2026-07-30 23:32:32,483 | blacklist took 1.24ms
2026-07-30 23:32:32,483 | log_requests took 1.34ms
2026-07-30 23:32:32,483 | timing took 1.43ms
2026-07-30 23:32:32,485 | authorization took 1.13ms
2026-07-30 23:32:32,485 | check_api_key took 1.25ms
2026-07-30 23:32:32,485 | blacklist took 1.41ms
2026-07-30 23:32:32,485 | log_requests took 1.52ms
2026-07-30 23:32:32,485 | timing took 1.62ms
2026-07-30 23:32:32,487 | authorization took 1.27ms
2026-07-30 23:32:32,487 | check_api_key took 1.37ms
2026-07-30 23:32:32,487 | blacklist took 1.54ms
2026-07-30 23:32:32,487 | log_requests took 1.65ms
2026-07-30 23:32:32,487 | timing took 1.74ms
2026-07-30 23:32:32,489 | authorization took 1.07ms
2026-07-30 23:32:32,489 | check_api_key took 1.16ms
2026-07-30 23:32:32,489 | blacklist took 1.35ms
2026-07-30 23:32:32,489 | log_requests took 1.46ms
2026-07-30 23:32:32,489 | timing took 1.56ms
2026-07-30 23:32:32,491 | authorization took 1.05ms
2026-07-30 23:32:32,491 | check_api_key took 1.14ms
2026-07-30 23:32:32,491 | blacklist took 1.30ms
2026-07-30 23:32:32,492 | log_requests took 1.41ms
2026-07-30 23:32:32,492 | timing took 1.50ms
2026-07-30 23:32:32,494 | authorization took 1.08ms
2026-07-30 23:32:32,494 | check_api_key took 1.16ms
2026-07-30 23:32:32,494 | blacklist took 1.33ms
2026-07-30 23:32:32,494 | log_requests took 1.43ms
2026-07-30 23:32:32,494 | timing took 1.53ms
2026-07-30 23:32:32,496 | authorization took 1.00ms
2026-07-30 23:32:32,496 | check_api_key took 1.09ms
2026-07-30 23:32:32,496 | blacklist took 1.26ms
2026-07-30 23:32:32,496 | log_requests took 1.36ms
2026-07-30 23:32:32,496 | timing took 1.45ms
2026-07-30 23:32:32,498 | authorization took 1.05ms
2026-07-30 23:32:32,498 | check_api_key took 1.14ms
2026-07-30 23:32:32,498 | blacklist took 1.32ms
2026-07-30 23:32:32,498 | log_requests took 1.42ms
2026-07-30 23:32:32,498 | timing took 1.52ms
2026-07-30 23:32:32,500 | authorization took 1.19ms
2026-07-30 23:32:32,500 | check_api_key took 1.28ms
2026-07-30 23:32:32,500 | blacklist took 1.46ms
2026-07-30 23:32:32,500 | log_requests took 1.57ms
2026-07-30 23:32:32,500 | timing took 1.67ms
2026-07-30 23:32:32,502 | authorization took 1.09ms
2026-07-30 23:32:32,502 | check_api_key took 1.17ms
2026-07-30 23:32:32,502 | blacklist took 1.31ms
2026-07-30 23:32:32,502 | log_requests took 1.42ms
2026-07-30 23:32:32,502 | timing took 1.51ms
2026-07-30 23:32:32,504 | authorization took 1.05ms
2026-07-30 23:32:32,504 | check_api_key took 1.14ms
2026-07-30 23:32:32,504 | blacklist took 1.31ms
2026-07-30 23:32:32,504 | log_requests took 1.42ms
2026-07-30 23:32:32,505 | timing took 1.51ms
2026-07-30 23:32:32,506 | authorization took 1.05ms
2026-07-30 23:32:32,506 | check_api_key took 1.14ms
2026-07-30 23:32:32,506 | blacklist took 1.31ms
2026-07-30 23:32:32,507 | log_requests took 1.41ms
2026-07-30 23:32:32,507 | timing took 1.50ms
2026-07-30 23:32:32,508 | authorization took 1.05ms
2026-07-30 23:32:32,509 | check_api_key took 1.14ms
2026-07-30 23:32:32,509 | blacklist took 1.32ms
2026-07-30 23:32:32,509 | log_requests took 1.43ms
2026-07-30 23:32:32,509 | timing took 1.52ms
2026-07-30 23:32:32,511 | authorization took 1.04ms
2026-07-30 23:32:32,511 | check_api_key took 1.13ms
2026-07-30 23:32:32,511 | blacklist took 1.30ms
2026-07-30 23:32:32,511 | log_requests took 1.41ms
2026-07-30 23:32:32,511 | timing took 1.50ms
2026-07-30 23:32:32,513 | authorization took 1.01ms
2026-07-30 23:32:32,513 | check_api_key took 1.10ms
2026-07-30 23:32:32,513 | blacklist took 1.28ms
2026-07-30 23:32:32,513 | log_requests took 1.39ms
2026-07-30 23:32:32,513 | timing took 1.49ms
2026-07-30 23:32:32,515 | authorization took 1.04ms
2026-07-30 23:32:32,515 | check_api_key took 1.14ms
2026-07-30 23:32:32,515 | blacklist took 1.31ms
2026-07-30 23:32:32,515 | log_requests took 1.42ms
2026-07-30 23:32:32,515 | timing took 1.52ms
2026-07-30 23:32:32,517 | authorization took 1.05ms
2026-07-30 23:32:32,517 | check_api_key took 1.14ms
2026-07-30 23:32:32,517 | blacklist took 1.31ms
2026-07-30 23:32:32,517 | log_requests took 1.42ms
2026-07-30 23:32:32,517 | timing took 1.51ms
2026-07-30 23:32:32,519 | authorization took 1.16ms
2026-07-30 23:32:32,519 | check_api_key took 1.25ms
2026-07-30 23:32:32,519 | blacklist took 1.45ms
2026-07-30 23:32:32,519 | log_requests took 1.56ms
2026-07-30 23:32:32,519 | timing took 1.65ms
2026-07-30 23:32:32,521 | authorization took 1.06ms
2026-07-30 23:32:32,521 | check_api_key took 1.14ms
2026-07-30 23:32:32,522 | blacklist took 1.32ms
2026-07-30 23:32:32,522 | log_requests took 1.43ms
2026-07-30 23:32:32,522 | timing took 1.52ms
2026-07-30 23:32:32,524 | authorization took 1.70ms
2026-07-30 23:32:32,524 | check_api_key took 1.79ms
2026-07-30 23:32:32,524 | blacklist took 1.97ms
2026-07-30 23:32:32,524 | log_requests took 2.07ms
2026-07-30 23:32:32,524 | timing took 2.16ms
2026-07-30 23:32:32,526 | authorization took 1.16ms
2026-07-30 23:32:32,526 | check_api_key took 1.25ms
2026-07-30 23:32:32,527 | blacklist took 1.46ms
2026-07-30 23:32:32,527 | log_requests took 1.56ms
2026-07-30 23:32:32,527 | timing took 1.65ms
2026-07-30 23:32:32,531 | authorization took 3.05ms
2026-07-30 23:32:32,531 | check_api_key took 3.14ms
2026-07-30 23:32:32,531 | blacklist took 3.42ms
2026-07-30 23:32:32,531 | log_requests took 3.52ms
2026-07-30 23:32:32,531 | timing took 3.61ms
2026-07-30 23:32:32,533 | authorization took 1.01ms
2026-07-30 23:32:32,533 | check_api_key took 1.09ms
2026-07-30 23:32:32,533 | blacklist took 1.26ms
2026-07-30 23:32:32,533 | log_requests took 1.36ms
2026-07-30 23:32:32,533 | timing took 1.45ms
2026-07-30 23:32:32,535 | authorization took 1.11ms
2026-07-30 23:32:32,535 | check_api_key took 1.20ms
2026-07-30 23:32:32,535 | blacklist took 1.35ms
2026-07-30 23:32:32,535 | log_requests took 1.47ms
2026-07-30 23:32:32,535 | timing took 1.57ms
2026-07-30 23:32:32,537 | authorization took 1.19ms
2026-07-30 23:32:32,538 | check_api_key took 1.29ms
2026-07-30 23:32:32,538 | blacklist took 1.51ms
2026-07-30 23:32:32,538 | log_requests took 1.61ms
2026-07-30 23:32:32,538 | timing took 1.70ms
2026-07-30 23:32:32,540 | authorization took 1.03ms
2026-07-30 23:32:32,540 | check_api_key took 1.11ms
2026-07-30 23:32:32,540 | blacklist took 1.29ms
2026-07-30 23:32:32,540 | log_requests took 1.39ms
2026-07-30 23:32:32,540 | timing took 1.48ms
2026-07-30 23:32:32,542 | authorization took 0.99ms
2026-07-30 23:32:32,542 | check_api_key took 1.08ms
2026-07-30 23:32:32,542 | blacklist took 1.25ms
2026-07-30 23:32:32,542 | log_requests took 1.35ms
2026-07-30 23:32:32,542 | timing took 1.44ms
2026-07-30 23:32:32,544 | authorization took 1.06ms
2026-07-30 23:32:32,544 | check_api_key took 1.15ms
2026-07-30 23:32:32,544 | blacklist took 1.34ms
2026-07-30 23:32:32,544 | log_requests took 1.46ms
2026-07-30 23:32:32,544 | timing took 1.56ms
2026-07-30 23:32:32,546 | authorization took 0.98ms
2026-07-30 23:32:32,546 | check_api_key took 1.07ms
2026-07-30 23:32:32,546 | blacklist took 1.24ms
2026-07-30 23:32:32,546 | log_requests took 1.34ms
2026-07-30 23:32:32,546 | timing took 1.43ms
2026-07-30 23:32:32,548 | authorization took 0.99ms
2026-07-30 23:32:32,548 | check_api_key took 1.07ms
2026-07-30 23:32:32,548 | blacklist took 1.25ms
2026-07-30 23:32:32,548 | log_requests took 1.35ms
2026-07-30 23:32:32,548 | timing took 1.44ms
2026-07-30 23:32:32,550 | authorization took 1.16ms
2026-07-30 23:32:32,550 | check_api_key took 1.24ms
2026-07-30 23:32:32,550 | blacklist took 1.42ms
2026-07-30 23:32:32,550 | log_requests took 1.53ms
2026-07-30 23:32:32,550 | timing took 1.62ms
2026-07-30 23:32:32,552 | authorization took 1.09ms
2026-07-30 23:32:32,552 | check_api_key took 1.18ms
2026-07-30 23:32:32,552 | blacklist took 1.33ms
2026-07-30 23:32:32,552 | log_requests took 1.43ms
2026-07-30 23:32:32,553 | timing took 1.52ms
2026-07-30 23:32:32,554 | authorization took 1.00ms
2026-07-30 23:32:32,554 | check_api_key took 1.08ms
2026-07-30 23:32:32,554 | blacklist took 1.25ms
2026-07-30 23:32:32,554 | log_requests took 1.36ms
2026-07-30 23:32:32,555 | timing took 1.45ms
2026-07-30 23:32:32,556 | authorization took 1.05ms
2026-07-30 23:32:32,557 | check_api_key took 1.14ms
2026-07-30 23:32:32,557 | blacklist took 1.31ms
2026-07-30 23:32:32,557 | log_requests took 1.41ms
2026-07-30 23:32:32,557 | timing took 1.50ms
2026-07-30 23:32:32,558 | authorization took 1.01ms
2026-07-30 23:32:32,559 | check_api_key took 1.09ms
2026-07-30 23:32:32,559 | blacklist took 1.25ms
2026-07-30 23:32:32,559 | log_requests took 1.35ms
2026-07-30 23:32:32,559 | timing took 1.43ms
2026-07-30 23:32:32,561 | authorization took 1.02ms
2026-07-30 23:32:32,561 | check_api_key took 1.11ms
2026-07-30 23:32:32,561 | blacklist took 1.28ms
2026-07-30 23:32:32,561 | log_requests took 1.39ms
2026-07-30 23:32:32,561 | timing took 1.49ms
2026-07-30 23:32:32,563 | authorization took 1.04ms
2026-07-30 23:32:32,563 | check_api_key took 1.12ms
2026-07-30 23:32:32,563 | blacklist took 1.31ms
2026-07-30 23:32:32,563 | log_requests took 1.42ms
2026-07-30 23:32:32,563 | timing took 1.51ms
2026-07-30 23:32:32,565 | authorization took 1.12ms
2026-07-30 23:32:32,565 | check_api_key took 1.21ms
2026-07-30 23:32:32,565 | blacklist took 1.40ms
2026-07-30 23:32:32,565 | log_requests took 1.52ms
2026-07-30 23:32:32,565 | timing took 1.62ms
2026-07-30 23:32:32,567 | authorization took 1.13ms
2026-07-30 23:32:32,567 | check_api_key took 1.23ms
2026-07-30 23:32:32,567 | blacklist took 1.41ms
2026-07-30 23:32:32,567 | log_requests took 1.51ms
2026-07-30 23:32:32,567 | timing took 1.61ms
2026-07-30 23:32:32,569 | authorization took 1.04ms
2026-07-30 23:32:32,569 | check_api_key took 1.12ms
2026-07-30 23:32:32,569 | blacklist took 1.29ms
2026-07-30 23:32:32,569 | log_requests took 1.40ms
2026-07-30 23:32:32,570 | timing took 1.48ms
2026-07-30 23:32:32,571 | authorization took 1.05ms
2026-07-30 23:32:32,571 | check_api_key took 1.14ms
2026-07-30 23:32:32,572 | blacklist took 1.31ms
2026-07-30 23:32:32,572 | log_requests took 1.42ms
2026-07-30 23:32:32,572 | timing took 1.51ms
2026-07-30 23:32:32,574 | authorization took 1.20ms
2026-07-30 23:32:32,574 | check_api_key took 1.29ms
2026-07-30 23:32:32,574 | blacklist took 1.46ms
2026-07-30 23:32:32,574 | log_requests took 1.56ms
2026-07-30 23:32:32,574 | timing took 1.64ms
2026-07-30 23:32:32,576 | authorization took 1.06ms
2026-07-30 23:32:32,576 | check_api_key took 1.15ms
2026-07-30 23:32:32,576 | blacklist took 1.32ms
2026-07-30 23:32:32,576 | log_requests took 1.42ms
2026-07-30 23:32:32,576 | timing took 1.52ms
2026-07-30 23:32:32,578 | authorization took 1.07ms
2026-07-30 23:32:32,578 | check_api_key took 1.16ms
2026-07-30 23:32:32,578 | blacklist took 1.36ms
2026-07-30 23:32:32,578 | log_requests took 1.47ms
2026-07-30 23:32:32,578 | timing took 1.56ms
2026-07-30 23:32:32,580 | authorization took 1.07ms
2026-07-30 23:32:32,580 | check_api_key took 1.17ms
2026-07-30 23:32:32,580 | blacklist took 1.36ms
2026-07-30 23:32:32,580 | log_requests took 1.47ms
2026-07-30 23:32:32,580 | timing took 1.56ms
2026-07-30 23:32:32,582 | authorization took 1.01ms
2026-07-30 23:32:32,582 | check_api_key took 1.10ms
2026-07-30 23:32:32,582 | blacklist took 1.28ms
2026-07-30 23:32:32,582 | log_requests took 1.39ms
2026-07-30 23:32:32,583 | timing took 1.48ms
2026-07-30 23:32:32,584 | authorization took 1.13ms
2026-07-30 23:32:32,585 | check_api_key took 1.22ms
2026-07-30 23:32:32,585 | blacklist took 1.37ms
2026-07-30 23:32:32,585 | log_requests took 1.47ms
2026-07-30 23:32:32,585 | timing took 1.57ms
2026-07-30 23:32:32,587 | authorization took 1.13ms
2026-07-30 23:32:32,587 | check_api_key took 1.22ms
2026-07-30 23:32:32,587 | blacklist took 1.42ms
2026-07-30 23:32:32,587 | log_requests took 1.53ms
2026-07-30 23:32:32,587 | timing took 1.62ms
2026-07-30 23:32:32,589 | authorization took 1.15ms
2026-07-30 23:32:32,589 | check_api_key took 1.24ms
2026-07-30 23:32:32,589 | blacklist took 1.44ms
2026-07-30 23:32:32,589 | log_requests took 1.54ms
2026-07-30 23:32:32,589 | timing took 1.64ms
2026-07-30 23:32:32,591 | authorization took 1.00ms
2026-07-30 23:32:32,591 | check_api_key took 1.10ms
2026-07-30 23:32:32,591 | blacklist took 1.27ms
2026-07-30 23:32:32,591 | log_requests took 1.38ms
2026-07-30 23:32:32,591 | timing took 1.47ms
2026-07-30 23:32:32,593 | authorization took 0.99ms
2026-07-30 23:32:32,593 | check_api_key took 1.07ms
2026-07-30 23:32:32,593 | blacklist took 1.24ms
2026-07-30 23:32:32,593 | log_requests took 1.34ms
2026-07-30 23:32:32,593 | timing took 1.43ms
2026-07-30 23:32:32,595 | authorization took 1.05ms
2026-07-30 23:32:32,595 | check_api_key took 1.13ms
2026-07-30 23:32:32,595 | blacklist took 1.30ms
2026-07-30 23:32:32,595 | log_requests took 1.40ms
2026-07-30 23:32:32,595 | timing took 1.49ms
2026-07-30 23:32:32,597 | authorization took 1.28ms
2026-07-30 23:32:32,598 | check_api_key took 1.37ms
2026-07-30 23:32:32,598 | blacklist took 1.55ms
2026-07-30 23:32:32,598 | log_requests took 1.66ms
2026-07-30 23:32:32,598 | timing took 1.75ms
2026-07-30 23:32:32,600 | authorization took 1.13ms
2026-07-30 23:32:32,600 | check_api_key took 1.23ms
2026-07-30 23:32:32,600 | blacklist took 1.44ms
2026-07-30 23:32:32,600 | log_requests took 1.56ms
2026-07-30 23:32:32,600 | timing took 1.65ms
2026-07-30 23:32:32,602 | authorization took 1.11ms
2026-07-30 23:32:32,602 | check_api_key took 1.20ms
2026-07-30 23:32:32,602 | blacklist took 1.36ms
2026-07-30 23:32:32,602 | log_requests took 1.47ms
2026-07-30 23:32:32,602 | timing took 1.58ms
2026-07-30 23:32:32,604 | authorization took 1.08ms
2026-07-30 23:32:32,604 | check_api_key took 1.17ms
2026-07-30 23:32:32,604 | blacklist took 1.36ms
2026-07-30 23:32:32,604 | log_requests took 1.47ms
2026-07-30 23:32:32,604 | timing took 1.57ms
2026-07-30 23:32:32,608 | authorization took 2.89ms
2026-07-30 23:32:32,608 | check_api_key took 2.98ms
2026-07-30 23:32:32,608 | blacklist took 3.22ms
2026-07-30 23:32:32,608 | log_requests took 3.33ms
2026-07-30 23:32:32,609 | timing took 3.42ms
2026-07-30 23:32:32,611 | authorization took 1.11ms
2026-07-30 23:32:32,611 | check_api_key took 1.20ms
2026-07-30 23:32:32,611 | blacklist took 1.38ms
2026-07-30 23:32:32,611 | log_requests took 1.49ms
2026-07-30 23:32:32,611 | timing took 1.58ms
2026-07-30 23:32:32,612 | authorization took 0.30ms
2026-07-30 23:32:32,612 | check_api_key took 0.38ms
2026-07-30 23:32:32,612 | blacklist took 0.55ms
2026-07-30 23:32:32,612 | log_requests took 0.65ms
2026-07-30 23:32:32,612 | timing took 0.74ms
2026-07-30 23:32:32,613 | authorization took 0.30ms
2026-07-30 23:32:32,613 | check_api_key took 0.38ms
2026-07-30 23:32:32,613 | blacklist took 0.57ms
2026-07-30 23:32:32,613 | log_requests took 0.67ms
2026-07-30 23:32:32,613 | timing took 0.76ms
2026-07-30 23:32:32,615 | authorization took 0.29ms
2026-07-30 23:32:32,615 | check_api_key took 0.38ms
2026-07-30 23:32:32,615 | blacklist took 0.53ms
2026-07-30 23:32:32,615 | log_requests took 0.63ms
2026-07-30 23:32:32,615 | timing took 0.72ms
2026-07-30 23:32:32,616 | authorization took 0.29ms
2026-07-30 23:32:32,616 | check_api_key took 0.37ms
2026-07-30 23:32:32,616 | blacklist took 0.53ms
2026-07-30 23:32:32,616 | log_requests took 0.63ms
2026-07-30 23:32:32,616 | timing took 0.72ms
2026-07-30 23:32:32,617 | authorization took 0.34ms
2026-07-30 23:32:32,617 | check_api_key took 0.43ms
2026-07-30 23:32:32,617 | blacklist took 0.59ms
2026-07-30 23:32:32,617 | log_requests took 0.70ms
2026-07-30 23:32:32,617 | timing took 0.80ms
2026-07-30 23:32:32,619 | authorization took 0.31ms
2026-07-30 23:32:32,619 | check_api_key took 0.41ms
2026-07-30 23:32:32,619 | blacklist took 0.57ms
2026-07-30 23:32:32,619 | log_requests took 0.68ms
2026-07-30 23:32:32,619 | timing took 0.78ms
2026-07-30 23:32:32,620 | authorization took 0.53ms
2026-07-30 23:32:32,620 | check_api_key took 0.62ms
2026-07-30 23:32:32,620 | blacklist took 0.77ms
2026-07-30 23:32:32,620 | log_requests took 0.87ms
2026-07-30 23:32:32,620 | timing took 0.96ms
2026-07-30 23:32:32,621 | authorization took 0.30ms
2026-07-30 23:32:32,622 | check_api_key took 0.38ms
2026-07-30 23:32:32,622 | blacklist took 0.53ms
2026-07-30 23:32:32,622 | log_requests took 0.62ms
2026-07-30 23:32:32,622 | timing took 0.71ms
2026-07-30 23:32:32,623 | authorization took 0.30ms
2026-07-30 23:32:32,623 | check_api_key took 0.38ms
2026-07-30 23:32:32,623 | blacklist took 0.53ms
2026-07-30 23:32:32,623 | log_requests took 0.63ms
2026-07-30 23:32:32,623 | timing took 0.72ms
2026-07-30 23:32:32,624 | authorization took 0.30ms
2026-07-30 23:32:32,624 | check_api_key took 0.39ms
2026-07-30 23:32:32,624 | blacklist took 0.55ms
2026-07-30 23:32:32,624 | log_requests took 0.65ms
2026-07-30 23:32:32,624 | timing took 0.74ms
2026-07-30 23:32:32,625 | authorization took 0.29ms
2026-07-30 23:32:32,626 | check_api_key took 0.38ms
2026-07-30 23:32:32,626 | blacklist took 0.57ms
2026-07-30 23:32:32,626 | log_requests took 0.66ms
2026-07-30 23:32:32,626 | timing took 0.75ms
2026-07-30 23:32:32,627 | authorization took 0.29ms
2026-07-30 23:32:32,627 | check_api_key took 0.38ms
2026-07-30 23:32:32,627 | blacklist took 0.55ms
2026-07-30 23:32:32,627 | log_requests took 0.65ms
2026-07-30 23:32:32,627 | timing took 0.75ms
2026-07-30 23:32:32,628 | authorization took 0.29ms
2026-07-30 23:32:32,628 | check_api_key took 0.38ms
2026-07-30 23:32:32,628 | blacklist took 0.56ms
2026-07-30 23:32:32,628 | log_requests took 0.66ms
2026-07-30 23:32:32,628 | timing took 0.75ms
2026-07-30 23:32:32,630 | authorization took 0.31ms
2026-07-30 23:32:32,630 | check_api_key took 0.40ms
2026-07-30 23:32:32,630 | blacklist took 0.58ms
2026-07-30 23:32:32,630 | log_requests took 0.68ms
2026-07-30 23:32:32,630 | timing took 0.77ms
2026-07-30 23:32:32,631 | authorization took 0.31ms
2026-07-30 23:32:32,631 | check_api_key took 0.40ms
2026-07-30 23:32:32,631 | blacklist took 0.58ms
2026-07-30 23:32:32,631 | log_requests took 0.68ms
2026-07-30 23:32:32,631 | timing took 0.77ms
2026-07-30 23:32:32,632 | authorization took 0.31ms
2026-07-30 23:32:32,632 | check_api_key took 0.39ms
2026-07-30 23:32:32,632 | blacklist took 0.57ms
2026-07-30 23:32:32,632 | log_requests took 0.67ms
2026-07-30 23:32:32,633 | timing took 0.76ms
2026-07-30 23:32:32,634 | authorization took 0.31ms
2026-07-30 23:32:32,634 | check_api_key took 0.40ms
2026-07-30 23:32:32,634 | blacklist took 0.54ms
2026-07-30 23:32:32,634 | log_requests took 0.64ms
2026-07-30 23:32:32,634 | timing took 0.73ms
2026-07-30 23:32:32,635 | authorization took 0.36ms
2026-07-30 23:32:32,635 | check_api_key took 0.47ms
2026-07-30 23:32:32,635 | blacklist took 0.66ms
2026-07-30 23:32:32,635 | log_requests took 0.76ms
2026-07-30 23:32:32,635 | timing took 0.87ms
2026-07-30 23:32:32,637 | authorization took 0.30ms
2026-07-30 23:32:32,637 | check_api_key took 0.39ms
2026-07-30 23:32:32,637 | blacklist took 0.57ms
2026-07-30 23:32:32,637 | log_requests took 0.67ms
2026-07-30 23:32:32,637 | timing took 0.76ms
2026-07-30 23:32:32,638 | authorization took 0.52ms
2026-07-30 23:32:32,638 | check_api_key took 0.61ms
2026-07-30 23:32:32,638 | blacklist took 0.79ms
2026-07-30 23:32:32,638 | log_requests took 0.89ms
2026-07-30 23:32:32,638 | timing took 0.98ms
2026-07-30 23:32:32,640 | authorization took 0.32ms
2026-07-30 23:32:32,640 | check_api_key took 0.41ms
2026-07-30 23:32:32,640 | blacklist took 0.62ms
2026-07-30 23:32:32,640 | log_requests took 0.72ms
2026-07-30 23:32:32,640 | timing took 0.81ms
2026-07-30 23:32:32,641 | authorization took 0.30ms
2026-07-30 23:32:32,641 | check_api_key took 0.38ms
2026-07-30 23:32:32,641 | blacklist took 0.56ms
2026-07-30 23:32:32,641 | log_requests took 0.67ms
2026-07-30 23:32:32,641 | timing took 0.75ms
2026-07-30 23:32:32,642 | authorization took 0.29ms
2026-07-30 23:32:32,642 | check_api_key took 0.38ms
2026-07-30 23:32:32,642 | blacklist took 0.55ms
2026-07-30 23:32:32,642 | log_requests took 0.65ms
2026-07-30 23:32:32,642 | timing took 0.74ms
2026-07-30 23:32:32,644 | authorization took 0.29ms
2026-07-30 23:32:32,644 | check_api_key took 0.39ms
2026-07-30 23:32:32,644 | blacklist took 0.56ms
2026-07-30 23:32:32,644 | log_requests took 0.66ms
2026-07-30 23:32:32,644 | timing took 0.75ms
2026-07-30 23:32:32,645 | authorization took 0.29ms
2026-07-30 23:32:32,645 | check_api_key took 0.37ms
2026-07-30 23:32:32,645 | blacklist took 0.55ms
2026-07-30 23:32:32,645 | log_requests took 0.65ms
2026-07-30 23:32:32,645 | timing took 0.73ms
2026-07-30 23:32:32,646 | authorization took 0.31ms
2026-07-30 23:32:32,646 | check_api_key took 0.39ms
2026-07-30 23:32:32,646 | blacklist took 0.58ms
2026-07-30 23:32:32,646 | log_requests took 0.68ms
2026-07-30 23:32:32,647 | timing took 0.76ms
2026-07-30 23:32:32,648 | authorization took 0.30ms
2026-07-30 23:32:32,648 | check_api_key took 0.39ms
2026-07-30 23:32:32,648 | blacklist took 0.58ms
2026-07-30 23:32:32,648 | log_requests took 0.68ms
2026-07-30 23:32:32,648 | timing took 0.76ms
2026-07-30 23:32:32,649 | authorization took 0.29ms
2026-07-30 23:32:32,649 | check_api_key took 0.37ms
2026-07-30 23:32:32,649 | blacklist took 0.55ms
2026-07-30 23:32:32,649 | log_requests took 0.65ms
2026-07-30 23:32:32,649 | timing took 0.74ms
2026-07-30 23:32:32,650 | authorization took 0.31ms
2026-07-30 23:32:32,650 | check_api_key took 0.40ms
2026-07-30 23:32:32,650 | blacklist took 0.61ms
2026-07-30 23:32:32,651 | log_requests took 0.71ms
2026-07-30 23:32:32,651 | timing took 0.80ms
2026-07-30 23:32:32,652 | authorization took 0.31ms
2026-07-30 23:32:32,652 | check_api_key took 0.39ms
2026-07-30 23:32:32,652 | blacklist took 0.57ms
2026-07-30 23:32:32,652 | log_requests took 0.67ms
2026-07-30 23:32:32,652 | timing took 0.76ms
2026-07-30 23:32:32,653 | authorization took 0.29ms
2026-07-30 23:32:32,653 | check_api_key took 0.38ms
2026-07-30 23:32:32,653 | blacklist took 0.55ms
2026-07-30 23:32:32,653 | log_requests took 0.65ms
2026-07-30 23:32:32,653 | timing took 0.74ms
2026-07-30 23:32:32,654 | authorization took 0.31ms
2026-07-30 23:32:32,654 | check_api_key took 0.40ms
2026-07-30 23:32:32,655 | blacklist took 0.58ms
2026-07-30 23:32:32,655 | log_requests took 0.68ms
2026-07-30 23:32:32,655 | timing took 0.76ms
2026-07-30 23:32:32,656 | authorization took 0.46ms
2026-07-30 23:32:32,656 | check_api_key took 0.54ms
2026-07-30 23:32:32,656 | blacklist took 0.72ms
2026-07-30 23:32:32,656 | log_requests took 0.82ms
2026-07-30 23:32:32,656 | timing took 0.92ms
2026-07-30 23:32:32,657 | authorization took 0.29ms
2026-07-30 23:32:32,657 | check_api_key took 0.37ms
2026-07-30 23:32:32,657 | blacklist took 0.55ms
2026-07-30 23:32:32,657 | log_requests took 0.66ms
2026-07-30 23:32:32,658 | timing took 0.74ms
2026-07-30 23:32:32,659 | authorization took 0.30ms
2026-07-30 23:32:32,659 | check_api_key took 0.38ms
2026-07-30 23:32:32,659 | blacklist took 0.56ms
2026-07-30 23:32:32,659 | log_requests took 0.66ms
2026-07-30 23:32:32,659 | timing took 0.75ms
2026-07-30 23:32:32,660 | authorization took 0.31ms
2026-07-30 23:32:32,660 | check_api_key took 0.39ms
2026-07-30 23:32:32,660 | blacklist took 0.57ms
2026-07-30 23:32:32,660 | log_requests took 0.68ms
2026-07-30 23:32:32,660 | timing took 0.77ms
2026-07-30 23:32:32,661 | authorization took 0.31ms
2026-07-30 23:32:32,661 | check_api_key took 0.40ms
2026-07-30 23:32:32,661 | blacklist took 0.58ms
2026-07-30 23:32:32,662 | log_requests took 0.68ms
2026-07-30 23:32:32,662 | timing took 0.76ms
2026-07-30 23:32:32,663 | authorization took 0.30ms
2026-07-30 23:32:32,663 | check_api_key took 0.39ms
2026-07-30 23:32:32,663 | blacklist took 0.57ms
2026-07-30 23:32:32,663 | log_requests took 0.66ms
2026-07-30 23:32:32,663 | timing took 0.75ms
2026-07-30 23:32:32,664 | authorization took 0.31ms
2026-07-30 23:32:32,664 | check_api_key took 0.39ms
2026-07-30 23:32:32,664 | blacklist took 0.57ms
2026-07-30 23:32:32,664 | log_requests took 0.67ms
2026-07-30 23:32:32,664 | timing took 0.75ms
2026-07-30 23:32:32,665 | authorization took 0.29ms
2026-07-30 23:32:32,665 | check_api_key took 0.37ms
2026-07-30 23:32:32,666 | blacklist took 0.55ms
2026-07-30 23:32:32,666 | log_requests took 0.65ms
2026-07-30 23:32:32,666 | timing took 0.74ms
2026-07-30 23:32:32,667 | authorization took 0.33ms
2026-07-30 23:32:32,667 | check_api_key took 0.43ms
2026-07-30 23:32:32,667 | blacklist took 0.62ms
2026-07-30 23:32:32,667 | log_requests took 0.73ms
2026-07-30 23:32:32,667 | timing took 0.82ms
2026-07-30 23:32:32,668 | authorization took 0.29ms
2026-07-30 23:32:32,668 | check_api_key took 0.38ms
2026-07-30 23:32:32,668 | blacklist took 0.55ms
2026-07-30 23:32:32,668 | log_requests took 0.65ms
2026-07-30 23:32:32,668 | timing took 0.73ms
2026-07-30 23:32:32,669 | authorization took 0.31ms
2026-07-30 23:32:32,669 | check_api_key took 0.39ms
2026-07-30 23:32:32,670 | blacklist took 0.56ms
2026-07-30 23:32:32,670 | log_requests took 0.66ms
2026-07-30 23:32:32,670 | timing took 0.74ms
2026-07-30 23:32:32,671 | authorization took 0.30ms
2026-07-30 23:32:32,671 | check_api_key took 0.39ms
2026-07-30 23:32:32,671 | blacklist took 0.57ms
2026-07-30 23:32:32,671 | log_requests took 0.67ms
2026-07-30 23:32:32,671 | timing took 0.77ms
2026-07-30 23:32:32,672 | authorization took 0.29ms
2026-07-30 23:32:32,672 | check_api_key took 0.38ms
2026-07-30 23:32:32,672 | blacklist took 0.56ms
2026-07-30 23:32:32,672 | log_requests took 0.66ms
2026-07-30 23:32:32,672 | timing took 0.74ms
2026-07-30 23:32:32,674 | authorization took 0.49ms
2026-07-30 23:32:32,674 | check_api_key took 0.58ms
2026-07-30 23:32:32,674 | blacklist took 0.73ms
2026-07-30 23:32:32,674 | log_requests took 0.83ms
2026-07-30 23:32:32,674 | timing took 0.93ms
2026-07-30 23:32:32,675 | authorization took 0.29ms
2026-07-30 23:32:32,675 | check_api_key took 0.38ms
2026-07-30 23:32:32,675 | blacklist took 0.56ms
2026-07-30 23:32:32,675 | log_requests took 0.66ms
2026-07-30 23:32:32,675 | timing took 0.75ms
2026-07-30 23:32:32,677 | authorization took 0.32ms
2026-07-30 23:32:32,677 | check_api_key took 0.41ms
2026-07-30 23:32:32,677 | blacklist took 0.59ms
2026-07-30 23:32:32,677 | log_requests took 0.69ms
2026-07-30 23:32:32,677 | timing took 0.78ms
2026-07-30 23:32:32,678 | authorization took 0.29ms
2026-07-30 23:32:32,678 | check_api_key took 0.38ms
2026-07-30 23:32:32,678 | blacklist took 0.56ms
2026-07-30 23:32:32,678 | log_requests took 0.66ms
2026-07-30 23:32:32,678 | timing took 0.75ms
2026-07-30 23:32:32,679 | authorization took 0.29ms
2026-07-30 23:32:32,679 | check_api_key took 0.38ms
2026-07-30 23:32:32,679 | blacklist took 0.56ms
2026-07-30 23:32:32,679 | log_requests took 0.66ms
2026-07-30 23:32:32,679 | timing took 0.74ms
2026-07-30 23:32:32,681 | authorization took 0.30ms
2026-07-30 23:32:32,681 | check_api_key took 0.38ms
2026-07-30 23:32:32,681 | blacklist took 0.57ms
2026-07-30 23:32:32,681 | log_requests took 0.67ms
2026-07-30 23:32:32,681 | timing took 0.76ms
2026-07-30 23:32:32,682 | authorization took 0.31ms
2026-07-30 23:32:32,682 | check_api_key took 0.39ms
2026-07-30 23:32:32,682 | blacklist took 0.60ms
2026-07-30 23:32:32,682 | log_requests took 0.70ms
2026-07-30 23:32:32,682 | timing took 0.79ms
2026-07-30 23:32:32,683 | authorization took 0.30ms
2026-07-30 23:32:32,683 | check_api_key took 0.39ms
2026-07-30 23:32:32,683 | blacklist took 0.57ms
2026-07-30 23:32:32,683 | log_requests took 0.67ms
2026-07-30 23:32:32,684 | timing took 0.75ms
2026-07-30 23:32:32,685 | authorization took 0.29ms
2026-07-30 23:32:32,685 | check_api_key took 0.38ms
2026-07-30 23:32:32,685 | blacklist took 0.53ms
2026-07-30 23:32:32,685 | log_requests took 0.63ms
2026-07-30 23:32:32,685 | timing took 0.71ms
2026-07-30 23:32:32,686 | authorization took 0.30ms
2026-07-30 23:32:32,686 | check_api_key took 0.38ms
2026-07-30 23:32:32,686 | blacklist took 0.56ms
2026-07-30 23:32:32,686 | log_requests took 0.65ms
2026-07-30 23:32:32,686 | timing took 0.74ms
2026-07-30 23:32:32,687 | authorization took 0.31ms
2026-07-30 23:32:32,687 | check_api_key took 0.39ms
2026-07-30 23:32:32,687 | blacklist took 0.57ms
2026-07-30 23:32:32,687 | log_requests took 0.67ms
2026-07-30 23:32:32,688 | timing took 0.75ms
2026-07-30 23:32:32,689 | authorization took 0.30ms
2026-07-30 23:32:32,689 | check_api_key took 0.39ms
2026-07-30 23:32:32,689 | blacklist took 0.57ms
2026-07-30 23:32:32,689 | log_requests took 0.67ms
2026-07-30 23:32:32,689 | timing took 0.75ms
2026-07-30 23:32:32,690 | authorization took 0.30ms
2026-07-30 23:32:32,690 | check_api_key took 0.39ms
2026-07-30 23:32:32,690 | blacklist took 0.57ms
2026-07-30 23:32:32,690 | log_requests took 0.67ms
2026-07-30 23:32:32,690 | timing took 0.75ms
2026-07-30 23:32:32,692 | authorization took 0.49ms
2026-07-30 23:32:32,692 | check_api_key took 0.57ms
2026-07-30 23:32:32,692 | blacklist took 0.75ms
2026-07-30 23:32:32,692 | log_requests took 0.85ms
2026-07-30 23:32:32,692 | timing took 0.94ms
2026-07-30 23:32:32,693 | authorization took 0.31ms
2026-07-30 23:32:32,693 | check_api_key took 0.39ms
2026-07-30 23:32:32,693 | blacklist took 0.57ms
2026-07-30 23:32:32,693 | log_requests took 0.67ms
2026-07-30 23:32:32,693 | timing took 0.75ms
2026-07-30 23:32:32,694 | authorization took 0.31ms
2026-07-30 23:32:32,694 | check_api_key took 0.39ms
2026-07-30 23:32:32,694 | blacklist took 0.59ms
2026-07-30 23:32:32,694 | log_requests took 0.69ms
2026-07-30 23:32:32,695 | timing took 0.77ms
2026-07-30 23:32:32,696 | authorization took 0.30ms
2026-07-30 23:32:32,696 | check_api_key took 0.39ms
2026-07-30 23:32:32,696 | blacklist took 0.57ms
2026-07-30 23:32:32,696 | log_requests took 0.67ms
2026-07-30 23:32:32,696 | timing took 0.75ms
2026-07-30 23:32:32,697 | authorization took 0.29ms
2026-07-30 23:32:32,697 | check_api_key took 0.38ms
2026-07-30 23:32:32,697 | blacklist took 0.56ms
2026-07-30 23:32:32,697 | log_requests took 0.66ms
2026-07-30 23:32:32,697 | timing took 0.74ms
2026-07-30 23:32:32,698 | authorization took 0.29ms
2026-07-30 23:32:32,698 | check_api_key took 0.37ms
2026-07-30 23:32:32,698 | blacklist took 0.55ms
2026-07-30 23:32:32,698 | log_requests took 0.65ms
2026-07-30 23:32:32,699 | timing took 0.74ms
2026-07-30 23:32:32,700 | authorization took 0.31ms
2026-07-30 23:32:32,700 | check_api_key took 0.40ms
2026-07-30 23:32:32,700 | blacklist took 0.58ms
2026-07-30 23:32:32,700 | log_requests took 0.68ms
2026-07-30 23:32:32,700 | timing took 0.77ms
2026-07-30 23:32:32,701 | authorization took 0.31ms
2026-07-30 23:32:32,701 | check_api_key took 0.40ms
2026-07-30 23:32:32,701 | blacklist took 0.55ms
2026-07-30 23:32:32,701 | log_requests took 0.65ms
2026-07-30 23:32:32,701 | timing took 0.74ms
2026-07-30 23:32:32,702 | authorization took 0.30ms
2026-07-30 23:32:32,702 | check_api_key took 0.39ms
2026-07-30 23:32:32,703 | blacklist took 0.56ms
2026-07-30 23:32:32,703 | log_requests took 0.67ms
2026-07-30 23:32:32,703 | timing took 0.76ms
2026-07-30 23:32:32,704 | authorization took 0.31ms
2026-07-30 23:32:32,704 | check_api_key took 0.40ms
2026-07-30 23:32:32,704 | blacklist took 0.57ms
2026-07-30 23:32:32,704 | log_requests took 0.67ms
2026-07-30 23:32:32,704 | timing took 0.76ms
2026-07-30 23:32:32,705 | authorization took 0.30ms
2026-07-30 23:32:32,705 | check_api_key took 0.38ms
2026-07-30 23:32:32,705 | blacklist took 0.57ms
2026-07-30 23:32:32,705 | log_requests took 0.67ms
2026-07-30 23:32:32,705 | timing took 0.75ms
2026-07-30 23:32:32,706 | authorization took 0.31ms
2026-07-30 23:32:32,707 | check_api_key took 0.39ms
2026-07-30 23:32:32,707 | blacklist took 0.57ms
2026-07-30 23:32:32,707 | log_requests took 0.67ms
2026-07-30 23:32:32,707 | timing took 0.76ms
2026-07-30 23:32:32,708 | authorization took 0.32ms
2026-07-30 23:32:32,708 | check_api_key took 0.40ms
2026-07-30 23:32:32,708 | blacklist took 0.59ms
2026-07-30 23:32:32,708 | log_requests took 0.69ms
2026-07-30 23:32:32,708 | timing took 0.78ms
2026-07-30 23:32:32,709 | authorization took 0.45ms
2026-07-30 23:32:32,709 | check_api_key took 0.54ms
2026-07-30 23:32:32,709 | blacklist took 0.72ms
2026-07-30 23:32:32,710 | log_requests took 0.81ms
2026-07-30 23:32:32,710 | timing took 0.90ms
2026-07-30 23:32:32,711 | authorization took 0.29ms
2026-07-30 23:32:32,711 | check_api_key took 0.37ms
2026-07-30 23:32:32,711 | blacklist took 0.55ms
2026-07-30 23:32:32,711 | log_requests took 0.65ms
2026-07-30 23:32:32,711 | timing took 0.73ms
2026-07-30 23:32:32,712 | authorization took 0.29ms
2026-07-30 23:32:32,712 | check_api_key took 0.38ms
2026-07-30 23:32:32,712 | blacklist took 0.56ms
2026-07-30 23:32:32,712 | log_requests took 0.66ms
2026-07-30 23:32:32,712 | timing took 0.74ms
2026-07-30 23:32:32,713 | authorization took 0.29ms
2026-07-30 23:32:32,713 | check_api_key took 0.38ms
2026-07-30 23:32:32,713 | blacklist took 0.55ms
2026-07-30 23:32:32,713 | log_requests took 0.65ms
2026-07-30 23:32:32,714 | timing took 0.74ms
2026-07-30 23:32:32,715 | authorization took 0.31ms
2026-07-30 23:32:32,715 | check_api_key took 0.39ms
2026-07-30 23:32:32,715 | blacklist took 0.57ms
2026-07-30 23:32:32,715 | log_requests took 0.67ms
2026-07-30 23:32:32,715 | timing took 0.76ms
2026-07-30 23:32:32,716 | authorization took 0.30ms
2026-07-30 23:32:32,716 | check_api_key took 0.38ms
2026-07-30 23:32:32,716 | blacklist took 0.56ms
2026-07-30 23:32:32,716 | log_requests took 0.66ms
2026-07-30 23:32:32,716 | timing took 0.74ms
2026-07-30 23:32:32,717 | authorization took 0.32ms
2026-07-30 23:32:32,717 | check_api_key took 0.42ms
2026-07-30 23:32:32,717 | blacklist took 0.60ms
2026-07-30 23:32:32,718 | log_requests took 0.70ms
2026-07-30 23:32:32,718 | timing took 0.79ms
2026-07-30 23:32:32,719 | authorization took 0.29ms
2026-07-30 23:32:32,719 | check_api_key took 0.38ms
2026-07-30 23:32:32,719 | blacklist took 0.56ms
2026-07-30 23:32:32,719 | log_requests took 0.66ms
2026-07-30 23:32:32,719 | timing took 0.74ms
2026-07-30 23:32:32,720 | authorization took 0.29ms
2026-07-30 23:32:32,720 | check_api_key took 0.38ms
2026-07-30 23:32:32,720 | blacklist took 0.55ms
2026-07-30 23:32:32,720 | log_requests took 0.65ms
2026-07-30 23:32:32,720 | timing took 0.74ms
2026-07-30 23:32:32,721 | authorization took 0.31ms
2026-07-30 23:32:32,721 | check_api_key took 0.39ms
2026-07-30 23:32:32,721 | blacklist took 0.56ms
2026-07-30 23:32:32,722 | log_requests took 0.66ms
2026-07-30 23:32:32,722 | timing took 0.75ms
2026-07-30 23:32:32,723 | authorization took 0.31ms
2026-07-30 23:32:32,723 | check_api_key took 0.40ms
2026-07-30 23:32:32,723 | blacklist took 0.58ms
2026-07-30 23:32:32,723 | log_requests took 0.68ms
2026-07-30 23:32:32,723 | timing took 0.77ms
2026-07-30 23:32:32,724 | authorization took 0.29ms
2026-07-30 23:32:32,724 | check_api_key took 0.38ms
2026-07-30 23:32:32,724 | blacklist took 0.56ms
2026-07-30 23:32:32,724 | log_requests took 0.66ms
2026-07-30 23:32:32,724 | timing took 0.74ms
2026-07-30 23:32:32,725 | authorization took 0.29ms
2026-07-30 23:32:32,725 | check_api_key took 0.37ms
2026-07-30 23:32:32,726 | blacklist took 0.54ms
2026-07-30 23:32:32,726 | log_requests took 0.64ms
2026-07-30 23:32:32,726 | timing took 0.73ms
2026-07-30 23:32:32,727 | authorization took 0.47ms
2026-07-30 23:32:32,727 | check_api_key took 0.56ms
2026-07-30 23:32:32,727 | blacklist took 0.74ms
2026-07-30 23:32:32,727 | log_requests took 0.84ms
2026-07-30 23:32:32,727 | timing took 0.92ms
2026-07-30 23:32:32,728 | authorization took 0.30ms
2026-07-30 23:32:32,728 | check_api_key took 0.38ms
2026-07-30 23:32:32,728 | blacklist took 0.56ms
2026-07-30 23:32:32,728 | log_requests took 0.66ms
2026-07-30 23:32:32,728 | timing took 0.75ms
2026-07-30 23:32:32,730 | authorization took 0.30ms
2026-07-30 23:32:32,730 | check_api_key took 0.38ms
2026-07-30 23:32:32,730 | blacklist took 0.55ms
2026-07-30 23:32:32,730 | log_requests took 0.65ms
2026-07-30 23:32:32,730 | timing took 0.74ms
2026-07-30 23:32:32,731 | authorization took 0.29ms
2026-07-30 23:32:32,731 | check_api_key took 0.38ms
2026-07-30 23:32:32,731 | blacklist took 0.56ms
2026-07-30 23:32:32,731 | log_requests took 0.66ms
2026-07-30 23:32:32,731 | timing took 0.75ms
2026-07-30 23:32:32,732 | authorization took 0.31ms
2026-07-30 23:32:32,732 | check_api_key took 0.39ms
2026-07-30 23:32:32,732 | blacklist took 0.58ms
2026-07-30 23:32:32,732 | log_requests took 0.68ms
2026-07-30 23:32:32,732 | timing took 0.77ms
2026-07-30 23:32:32,734 | authorization took 0.29ms
2026-07-30 23:32:32,734 | check_api_key took 0.38ms
2026-07-30 23:32:32,734 | blacklist took 0.56ms
2026-07-30 23:32:32,734 | log_requests took 0.77ms
2026-07-30 23:32:32,734 | timing took 0.86ms
2026-07-30 23:32:32,735 | authorization took 0.32ms
2026-07-30 23:32:32,735 | check_api_key took 0.40ms
2026-07-30 23:32:32,735 | blacklist took 0.58ms
2026-07-30 23:32:32,735 | log_requests took 0.68ms
2026-07-30 23:32:32,735 | timing took 0.78ms
2026-07-30 23:32:32,737 | authorization took 0.34ms
2026-07-30 23:32:32,737 | check_api_key took 0.43ms
2026-07-30 23:32:32,737 | blacklist took 0.60ms
2026-07-30 23:32:32,737 | log_requests took 0.70ms
2026-07-30 23:32:32,737 | timing took 0.79ms
2026-07-30 23:32:32,738 | authorization took 0.29ms
2026-07-30 23:32:32,738 | check_api_key took 0.38ms
2026-07-30 23:32:32,738 | blacklist took 0.57ms
2026-07-30 23:32:32,738 | log_requests took 0.67ms
2026-07-30 23:32:32,738 | timing took 0.76ms
2026-07-30 23:32:32,739 | authorization took 0.30ms
2026-07-30 23:32:32,739 | check_api_key took 0.38ms
2026-07-30 23:32:32,739 | blacklist took 0.57ms
2026-07-30 23:32:32,739 | log_requests took 0.68ms
2026-07-30 23:32:32,740 | timing took 0.77ms
2026-07-30 23:32:32,741 | authorization took 0.31ms
2026-07-30 23:32:32,741 | check_api_key took 0.40ms
2026-07-30 23:32:32,741 | blacklist took 0.58ms
2026-07-30 23:32:32,741 | log_requests took 0.68ms
2026-07-30 23:32:32,741 | timing took 0.76ms
2026-07-30 23:32:32,742 | authorization took 0.30ms
2026-07-30 23:32:32,742 | check_api_key took 0.39ms
2026-07-30 23:32:32,742 | blacklist took 0.56ms
2026-07-30 23:32:32,742 | log_requests took 0.67ms
2026-07-30 23:32:32,742 | timing took 0.75ms
2026-07-30 23:32:32,743 | authorization took 0.30ms
2026-07-30 23:32:32,743 | check_api_key took 0.39ms
2026-07-30 23:32:32,743 | blacklist took 0.57ms
2026-07-30 23:32:32,744 | log_requests took 0.67ms
2026-07-30 23:32:32,744 | timing took 0.75ms
2026-07-30 23:32:32,745 | authorization took 0.67ms
2026-07-30 23:32:32,745 | check_api_key took 0.76ms
2026-07-30 23:32:32,745 | blacklist took 0.94ms
2026-07-30 23:32:32,745 | log_requests took 1.04ms
2026-07-30 23:32:32,745 | timing took 1.12ms
2026-07-30 23:32:32,746 | authorization took 0.30ms
2026-07-30 23:32:32,746 | check_api_key took 0.38ms
2026-07-30 23:32:32,747 | blacklist took 0.57ms
2026-07-30 23:32:32,747 | log_requests took 0.67ms
2026-07-30 23:32:32,747 | timing took 0.75ms
2026-07-30 23:41:55,058 | authorization took 9.50ms
2026-07-30 23:41:55,058 | check_api_key took 9.71ms
2026-07-30 23:41:55,058 | blacklist took 9.96ms
2026-07-30 23:41:55,058 | log_requests took 10.13ms
2026-07-30 23:41:55,058 | timing took 10.27ms
2026-07-30 23:41:55,062 | authorization took 2.36ms
2026-07-30 23:41:55,062 | check_api_key took 2.49ms
2026-07-30 23:41:55,062 | blacklist took 2.72ms
2026-07-30 23:41:55,062 | log_requests took 2.85ms
2026-07-30 23:41:55,062 | timing took 2.95ms
2026-07-30 23:41:55,068 | authorization took 2.78ms
2026-07-30 23:41:55,068 | check_api_key took 2.90ms
2026-07-30 23:41:55,068 | blacklist took 3.09ms
2026-07-30 23:41:55,068 | log_requests took 3.22ms
2026-07-30 23:41:55,068 | timing took 3.31ms
2026-07-30 23:41:55,071 | authorization took 1.65ms
2026-07-30 23:41:55,071 | check_api_key took 1.92ms
2026-07-30 23:41:55,071 | blacklist took 2.11ms
2026-07-30 23:41:55,071 | log_requests took 2.23ms
2026-07-30 23:41:55,071 | timing took 2.34ms
2026-07-30 23:41:55,072 | authorization took 0.47ms
2026-07-30 23:41:55,072 | check_api_key took 0.57ms
2026-07-30 23:41:55,073 | blacklist took 0.75ms
2026-07-30 23:41:55,073 | log_requests took 0.87ms
2026-07-30 23:41:55,073 | timing took 0.96ms
2026-07-30 23:41:55,076 | authorization took 1.03ms
2026-07-30 23:41:55,076 | check_api_key took 1.27ms
2026-07-30 23:41:55,076 | blacklist took 1.45ms
2026-07-30 23:41:55,076 | log_requests took 1.57ms
2026-07-30 23:41:55,076 | timing took 1.66ms
2026-07-30 23:41:55,079 | authorization took 1.14ms
2026-07-30 23:41:55,079 | check_api_key took 1.28ms
2026-07-30 23:41:55,079 | blacklist took 1.48ms
2026-07-30 23:41:55,079 | log_requests took 1.60ms
2026-07-30 23:41:55,079 | timing took 1.69ms
2026-07-30 23:41:55,083 | authorization took 2.43ms
2026-07-30 23:41:55,083 | check_api_key took 2.54ms
2026-07-30 23:41:55,083 | blacklist took 2.75ms
2026-07-30 23:41:55,083 | log_requests took 2.88ms
2026-07-30 23:41:55,083 | timing took 2.97ms
2026-07-30 23:41:55,086 | authorization took 1.20ms
2026-07-30 23:41:55,086 | check_api_key took 1.30ms
2026-07-30 23:41:55,086 | blacklist took 1.48ms
2026-07-30 23:41:55,086 | log_requests took 1.60ms
2026-07-30 23:41:55,086 | timing took 1.70ms
2026-07-30 23:41:55,087 | authorization took 0.38ms
2026-07-30 23:41:55,087 | check_api_key took 0.49ms
2026-07-30 23:41:55,087 | blacklist took 0.69ms
2026-07-30 23:41:55,087 | log_requests took 0.82ms
2026-07-30 23:41:55,088 | timing took 0.93ms
2026-07-30 23:41:55,093 | authorization took 2.14ms
2026-07-30 23:41:55,093 | check_api_key took 2.25ms
2026-07-30 23:41:55,093 | blacklist took 2.43ms
2026-07-30 23:41:55,093 | log_requests took 2.55ms
2026-07-30 23:41:55,093 | timing took 2.65ms
2026-07-30 23:41:55,096 | authorization took 1.50ms
2026-07-30 23:41:55,096 | check_api_key took 1.62ms
2026-07-30 23:41:55,096 | blacklist took 1.78ms
2026-07-30 23:41:55,096 | log_requests took 1.91ms
2026-07-30 23:41:55,096 | timing took 2.01ms
2026-07-30 23:41:55,099 | authorization took 1.92ms
2026-07-30 23:41:55,099 | check_api_key took 2.02ms
2026-07-30 23:41:55,099 | blacklist took 2.20ms
2026-07-30 23:41:55,100 | log_requests took 2.31ms
2026-07-30 23:41:55,100 | timing took 2.40ms
2026-07-30 23:41:55,102 | authorization took 1.74ms
2026-07-30 23:41:55,102 | check_api_key took 1.84ms
2026-07-30 23:41:55,102 | blacklist took 2.03ms
2026-07-30 23:41:55,102 | log_requests took 2.16ms
2026-07-30 23:41:55,103 | timing took 2.25ms
2026-07-30 23:41:55,105 | authorization took 1.20ms
2026-07-30 23:41:55,105 | check_api_key took 1.31ms
2026-07-30 23:41:55,105 | blacklist took 1.48ms
2026-07-30 23:41:55,105 | log_requests took 1.60ms
2026-07-30 23:41:55,105 | timing took 1.70ms
2026-07-30 23:41:55,107 | authorization took 1.12ms
2026-07-30 23:41:55,107 | check_api_key took 1.24ms
2026-07-30 23:41:55,107 | blacklist took 1.40ms
2026-07-30 23:41:55,107 | log_requests took 1.53ms
2026-07-30 23:41:55,107 | timing took 1.63ms
2026-07-30 23:41:55,109 | authorization took 0.35ms
2026-07-30 23:41:55,109 | check_api_key took 0.44ms
2026-07-30 23:41:55,109 | blacklist took 0.66ms
2026-07-30 23:41:55,109 | log_requests took 0.81ms
2026-07-30 23:41:55,109 | timing took 0.91ms
2026-07-30 23:41:55,114 | authorization took 2.40ms
2026-07-30 23:41:55,114 | check_api_key took 2.52ms
2026-07-30 23:41:55,114 | blacklist took 2.69ms
2026-07-30 23:41:55,114 | log_requests took 2.82ms
2026-07-30 23:41:55,114 | timing took 2.92ms
2026-07-30 23:41:55,117 | authorization took 1.96ms
2026-07-30 23:41:55,117 | check_api_key took 2.06ms
2026-07-30 23:41:55,117 | blacklist took 2.25ms
2026-07-30 23:41:55,117 | log_requests took 2.40ms
2026-07-30 23:41:55,117 | timing took 2.50ms
2026-07-30 23:41:55,121 | authorization took 2.52ms
2026-07-30 23:41:55,122 | check_api_key took 2.66ms
2026-07-30 23:41:55,122 | blacklist took 2.86ms
2026-07-30 23:41:55,122 | log_requests took 3.01ms
2026-07-30 23:41:55,122 | timing took 3.12ms
2026-07-30 23:41:55,125 | authorization took 1.43ms
2026-07-30 23:41:55,125 | check_api_key took 1.75ms
2026-07-30 23:41:55,125 | blacklist took 1.94ms
2026-07-30 23:41:55,125 | log_requests took 2.07ms
2026-07-30 23:41:55,125 | timing took 2.17ms
2026-07-30 23:41:55,127 | authorization took 0.59ms
2026-07-30 23:41:55,127 | check_api_key took 0.71ms
2026-07-30 23:41:55,127 | blacklist took 0.95ms
2026-07-30 23:41:55,127 | log_requests took 1.11ms
2026-07-30 23:41:55,127 | timing took 1.22ms
2026-07-30 23:41:55,132 | authorization took 2.93ms
2026-07-30 23:41:55,132 | check_api_key took 3.09ms
2026-07-30 23:41:55,132 | blacklist took 3.29ms
2026-07-30 23:41:55,132 | log_requests took 3.41ms
2026-07-30 23:41:55,132 | timing took 3.51ms
2026-07-30 23:41:55,137 | authorization took 2.59ms
2026-07-30 23:41:55,137 | check_api_key took 2.74ms
2026-07-30 23:41:55,137 | blacklist took 2.99ms
2026-07-30 23:41:55,137 | log_requests took 3.17ms
2026-07-30 23:41:55,137 | timing took 3.29ms
2026-07-30 23:41:55,141 | authorization took 1.01ms
2026-07-30 23:41:55,141 | check_api_key took 1.13ms
2026-07-30 23:41:55,141 | blacklist took 1.36ms
2026-07-30 23:41:55,141 | log_requests took 1.49ms
2026-07-30 23:41:55,141 | timing took 1.59ms
2026-07-30 23:41:55,145 | authorization took 2.53ms
2026-07-30 23:41:55,146 | check_api_key took 2.65ms
2026-07-30 23:41:55,146 | blacklist took 2.85ms
2026-07-30 23:41:55,146 | log_requests took 2.97ms
2026-07-30 23:41:55,146 | timing took 3.06ms
2026-07-30 23:41:55,148 | authorization took 1.33ms
2026-07-30 23:41:55,148 | check_api_key took 1.57ms
2026-07-30 23:41:55,148 | blacklist took 1.75ms
2026-07-30 23:41:55,148 | log_requests took 1.87ms
2026-07-30 23:41:55,149 | timing took 1.97ms
2026-07-30 23:41:55,150 | authorization took 0.49ms
2026-07-30 23:41:55,150 | check_api_key took 0.59ms
2026-07-30 23:41:55,150 | blacklist took 0.78ms
2026-07-30 23:41:55,150 | log_requests took 0.90ms
2026-07-30 23:41:55,150 | timing took 0.99ms
2026-07-30 23:41:55,154 | authorization took 1.90ms
2026-07-30 23:41:55,154 | check_api_key took 2.00ms
2026-07-30 23:41:55,154 | blacklist took 2.19ms
2026-07-30 23:41:55,154 | log_requests took 2.31ms
2026-07-30 23:41:55,154 | timing took 2.41ms
2026-07-30 23:41:55,156 | authorization took 0.62ms
2026-07-30 23:41:55,156 | check_api_key took 0.85ms
2026-07-30 23:41:55,156 | blacklist took 1.05ms
2026-07-30 23:41:55,156 | log_requests took 1.18ms
2026-07-30 23:41:55,156 | timing took 1.27ms
2026-07-30 23:41:55,159 | authorization took 1.45ms
2026-07-30 23:41:55,159 | check_api_key took 1.56ms
2026-07-30 23:41:55,159 | blacklist took 1.75ms
2026-07-30 23:41:55,159 | log_requests took 1.86ms
2026-07-30 23:41:55,159 | timing took 1.96ms
2026-07-30 23:41:55,163 | authorization took 2.18ms
2026-07-30 23:41:55,163 | check_api_key took 2.30ms
2026-07-30 23:41:55,163 | blacklist took 2.50ms
2026-07-30 23:41:55,163 | log_requests took 2.62ms
2026-07-30 23:41:55,163 | timing took 2.72ms
2026-07-30 23:41:55,164 | check_api_key took 0.02ms
2026-07-30 23:41:55,164 | blacklist took 0.20ms
2026-07-30 23:41:55,164 | log_requests took 0.31ms
2026-07-30 23:41:55,164 | timing took 0.41ms
2026-07-30 23:41:55,168 | authorization took 1.67ms
2026-07-30 23:41:55,168 | check_api_key took 1.77ms
2026-07-30 23:41:55,168 | blacklist took 1.95ms
2026-07-30 23:41:55,168 | log_requests took 2.06ms
2026-07-30 23:41:55,168 | timing took 2.15ms
2026-07-30 23:41:55,170 | authorization took 1.23ms
2026-07-30 23:41:55,170 | check_api_key took 1.45ms
2026-07-30 23:41:55,170 | blacklist took 1.64ms
2026-07-30 23:41:55,170 | log_requests took 1.79ms
2026-07-30 23:41:55,171 | timing took 1.91ms
2026-07-30 23:41:55,174 | authorization took 2.04ms
2026-07-30 23:41:55,174 | check_api_key took 2.14ms
2026-07-30 23:41:55,174 | blacklist took 2.32ms
2026-07-30 23:41:55,174 | log_requests took 2.44ms
2026-07-30 23:41:55,175 | timing took 2.53ms
2026-07-30 23:41:55,177 | authorization took 1.26ms
2026-07-30 23:41:55,177 | check_api_key took 1.38ms
2026-07-30 23:41:55,177 | blacklist took 1.61ms
2026-07-30 23:41:55,177 | log_requests took 1.75ms
2026-07-30 23:41:55,177 | timing took 1.85ms
2026-07-30 23:41:55,182 | authorization took 2.07ms
2026-07-30 23:41:55,182 | check_api_key took 2.18ms
2026-07-30 23:41:55,182 | blacklist took 2.38ms
2026-07-30 23:41:55,182 | log_requests took 2.50ms
2026-07-30 23:41:55,182 | timing took 2.60ms
2026-07-30 23:41:55,184 | authorization took 0.47ms
2026-07-30 23:41:55,184 | check_api_key took 0.57ms
2026-07-30 23:41:55,184 | blacklist took 0.75ms
2026-07-30 23:41:55,185 | log_requests took 0.86ms
2026-07-30 23:41:55,185 | timing took 0.96ms
2026-07-30 23:41:55,188 | authorization took 1.83ms
2026-07-30 23:41:55,188 | check_api_key took 1.93ms
2026-07-30 23:41:55,188 | blacklist took 2.11ms
2026-07-30 23:41:55,188 | log_requests took 2.23ms
2026-07-30 23:41:55,188 | timing took 2.32ms
2026-07-30 23:41:55,190 | authorization took 0.50ms
2026-07-30 23:41:55,190 | check_api_key took 0.60ms
2026-07-30 23:41:55,190 | blacklist took 0.77ms
2026-07-30 23:41:55,190 | log_requests took 0.89ms
2026-07-30 23:41:55,190 | timing took 0.98ms
2026-07-30 23:41:55,193 | authorization took 0.77ms
2026-07-30 23:41:55,193 | check_api_key took 0.87ms
2026-07-30 23:41:55,193 | blacklist took 1.07ms
2026-07-30 23:41:55,193 | log_requests took 1.19ms
2026-07-30 23:41:55,193 | timing took 1.28ms
2026-07-30 23:41:55,197 | authorization took 1.93ms
2026-07-30 23:41:55,197 | check_api_key took 2.04ms
2026-07-30 23:41:55,197 | blacklist took 2.20ms
2026-07-30 23:41:55,197 | log_requests took 2.32ms
2026-07-30 23:41:55,197 | timing took 2.43ms
2026-07-30 23:41:55,199 | authorization took 1.47ms
2026-07-30 23:41:55,199 | check_api_key took 1.58ms
2026-07-30 23:41:55,200 | blacklist took 1.77ms
2026-07-30 23:41:55,200 | log_requests took 1.89ms
2026-07-30 23:41:55,200 | timing took 1.99ms
2026-07-30 23:41:55,203 | authorization took 1.90ms
2026-07-30 23:41:55,203 | check_api_key took 2.00ms
2026-07-30 23:41:55,203 | blacklist took 2.18ms
2026-07-30 23:41:55,203 | log_requests took 2.30ms
2026-07-30 23:41:55,203 | timing took 2.39ms
2026-07-30 23:41:55,205 | authorization took 1.20ms
2026-07-30 23:41:55,205 | check_api_key took 1.30ms
2026-07-30 23:41:55,206 | blacklist took 1.49ms
2026-07-30 23:41:55,206 | log_requests took 1.61ms
2026-07-30 23:41:55,206 | timing took 1.70ms
2026-07-30 23:41:55,209 | authorization took 1.82ms
2026-07-30 23:41:55,209 | check_api_key took 1.93ms
2026-07-30 23:41:55,209 | blacklist took 2.12ms
2026-07-30 23:41:55,209 | log_requests took 2.24ms
2026-07-30 23:41:55,209 | timing took 2.34ms
2026-07-30 23:41:55,211 | authorization took 1.15ms
2026-07-30 23:41:55,211 | check_api_key took 1.26ms
2026-07-30 23:41:55,212 | blacklist took 1.46ms
2026-07-30 23:41:55,212 | log_requests took 1.60ms
2026-07-30 23:41:55,212 | timing took 1.70ms
2026-07-30 23:41:55,215 | authorization took 1.77ms
2026-07-30 23:41:55,215 | check_api_key took 1.87ms
2026-07-30 23:41:55,215 | blacklist took 2.02ms
2026-07-30 23:41:55,215 | log_requests took 2.14ms
2026-07-30 23:41:55,215 | timing took 2.22ms
2026-07-30 23:41:55,217 | authorization took 1.15ms
2026-07-30 23:41:55,217 | check_api_key took 1.39ms
2026-07-30 23:41:55,218 | blacklist took 1.56ms
2026-07-30 23:41:55,218 | log_requests took 1.68ms
2026-07-30 23:41:55,218 | timing took 1.78ms
2026-07-30 23:41:55,219 | authorization took 0.86ms
2026-07-30 23:41:55,219 | check_api_key took 0.95ms
2026-07-30 23:41:55,219 | blacklist took 1.11ms
2026-07-30 23:41:55,220 | log_requests took 1.22ms
2026-07-30 23:41:55,220 | timing took 1.31ms
2026-07-30 23:41:55,223 | authorization took 1.86ms
2026-07-30 23:41:55,223 | check_api_key took 1.97ms
2026-07-30 23:41:55,223 | blacklist took 2.16ms
2026-07-30 23:41:55,223 | log_requests took 2.28ms
2026-07-30 23:41:55,223 | timing took 2.37ms
2026-07-30 23:41:55,228 | authorization took 2.89ms
2026-07-30 23:41:55,228 | check_api_key took 3.14ms
2026-07-30 23:41:55,228 | blacklist took 3.34ms
2026-07-30 23:41:55,228 | log_requests took 3.45ms
2026-07-30 23:41:55,228 | timing took 3.54ms
2026-07-30 23:41:55,231 | authorization took 1.38ms
2026-07-30 23:41:55,231 | check_api_key took 1.49ms
2026-07-30 23:41:55,231 | blacklist took 1.69ms
2026-07-30 23:41:55,231 | log_requests took 1.81ms
2026-07-30 23:41:55,231 | timing took 1.91ms
2026-07-30 23:41:55,233 | authorization took 1.14ms
2026-07-30 23:41:55,233 | check_api_key took 1.25ms
2026-07-30 23:41:55,233 | blacklist took 1.45ms
2026-07-30 23:41:55,233 | log_requests took 1.57ms
2026-07-30 23:41:55,233 | timing took 1.67ms
2026-07-30 23:41:55,235 | authorization took 1.11ms
2026-07-30 23:41:55,235 | check_api_key took 1.21ms
2026-07-30 23:41:55,235 | blacklist took 1.40ms
2026-07-30 23:41:55,235 | log_requests took 1.53ms
2026-07-30 23:41:55,236 | timing took 1.63ms
2026-07-30 23:41:55,239 | authorization took 2.03ms
2026-07-30 23:41:55,239 | check_api_key took 2.13ms
2026-07-30 23:41:55,239 | blacklist took 2.32ms
2026-07-30 23:41:55,239 | log_requests took 2.44ms
2026-07-30 23:41:55,239 | timing took 2.54ms
2026-07-30 23:41:55,243 | authorization took 2.67ms
2026-07-30 23:41:55,243 | check_api_key took 2.90ms
2026-07-30 23:41:55,243 | blacklist took 3.10ms
2026-07-30 23:41:55,243 | log_requests took 3.25ms
2026-07-30 23:41:55,244 | timing took 3.35ms
2026-07-30 23:41:55,246 | authorization took 0.72ms
2026-07-30 23:41:55,246 | check_api_key took 0.95ms
2026-07-30 23:41:55,246 | blacklist took 1.15ms
2026-07-30 23:41:55,246 | log_requests took 1.26ms
2026-07-30 23:41:55,246 | timing took 1.37ms
2026-07-30 23:41:55,249 | authorization took 0.67ms
2026-07-30 23:41:55,249 | check_api_key took 0.88ms
2026-07-30 23:41:55,249 | blacklist took 1.06ms
2026-07-30 23:41:55,249 | log_requests took 1.17ms
2026-07-30 23:41:55,249 | timing took 1.25ms
2026-07-30 23:41:55,252 | authorization took 1.09ms
2026-07-30 23:41:55,252 | check_api_key took 1.29ms
2026-07-30 23:41:55,252 | blacklist took 1.47ms
2026-07-30 23:41:55,252 | log_requests took 1.58ms
2026-07-30 23:41:55,252 | timing took 1.66ms
2026-07-30 23:41:55,255 | authorization took 1.77ms
2026-07-30 23:41:55,256 | check_api_key took 1.98ms
2026-07-30 23:41:55,256 | blacklist took 2.14ms
2026-07-30 23:41:55,256 | log_requests took 2.25ms
2026-07-30 23:41:55,256 | timing took 2.35ms
2026-07-30 23:41:55,257 | authorization took 0.01ms
2026-07-30 23:41:55,258 | check_api_key took 0.22ms
2026-07-30 23:41:55,258 | blacklist took 0.38ms
2026-07-30 23:41:55,258 | log_requests took 0.50ms
2026-07-30 23:41:55,258 | timing took 0.59ms
2026-07-30 23:41:55,259 | check_api_key took 0.01ms
2026-07-30 23:41:55,259 | blacklist took 0.23ms
2026-07-30 23:41:55,259 | log_requests took 0.36ms
2026-07-30 23:41:55,260 | timing took 0.45ms
2026-07-30 23:41:55,263 | authorization took 0.01ms
2026-07-30 23:41:55,263 | check_api_key took 0.27ms
2026-07-30 23:41:55,263 | blacklist took 0.48ms
2026-07-30 23:41:55,263 | log_requests took 0.60ms
2026-07-30 23:41:55,263 | timing took 0.70ms
2026-07-30 23:41:55,267 | authorization took 2.15ms
2026-07-30 23:41:55,267 | check_api_key took 2.37ms
2026-07-30 23:41:55,267 | blacklist took 2.55ms
2026-07-30 23:41:55,267 | log_requests took 2.67ms
2026-07-30 23:41:55,267 | timing took 2.76ms
2026-07-30 23:41:55,271 | authorization took 1.70ms
2026-07-30 23:41:55,271 | check_api_key took 1.80ms
2026-07-30 23:41:55,271 | blacklist took 2.00ms
2026-07-30 23:41:55,271 | log_requests took 2.12ms
2026-07-30 23:41:55,271 | timing took 2.21ms
2026-07-30 23:41:55,274 | authorization took 1.98ms
2026-07-30 23:41:55,274 | check_api_key took 2.21ms
2026-07-30 23:41:55,274 | blacklist took 2.40ms
2026-07-30 23:41:55,274 | log_requests took 2.53ms
2026-07-30 23:41:55,274 | timing took 2.61ms
2026-07-30 23:41:55,277 | authorization took 1.10ms
2026-07-30 23:41:55,277 | check_api_key took 1.20ms
2026-07-30 23:41:55,277 | blacklist took 1.38ms
2026-07-30 23:41:55,277 | log_requests took 1.53ms
2026-07-30 23:41:55,277 | timing took 1.64ms
2026-07-30 23:41:55,281 | authorization took 2.51ms
2026-07-30 23:41:55,281 | check_api_key took 2.62ms
2026-07-30 23:41:55,281 | blacklist took 2.82ms
2026-07-30 23:41:55,281 | log_requests took 2.94ms
2026-07-30 23:41:55,281 | timing took 3.03ms
2026-07-30 23:41:55,284 | authorization took 1.77ms
2026-07-30 23:41:55,284 | check_api_key took 2.01ms
2026-07-30 23:41:55,284 | blacklist took 2.20ms
2026-07-30 23:41:55,284 | log_requests took 2.31ms
2026-07-30 23:41:55,284 | timing took 2.40ms
2026-07-30 23:41:55,288 | authorization took 1.68ms
2026-07-30 23:41:55,288 | check_api_key took 1.78ms
2026-07-30 23:41:55,288 | blacklist took 1.96ms
2026-07-30 23:41:55,288 | log_requests took 2.08ms
2026-07-30 23:41:55,288 | timing took 2.17ms
2026-07-30 23:41:55,291 | authorization took 1.49ms
2026-07-30 23:41:55,291 | check_api_key took 1.72ms
2026-07-30 23:41:55,291 | blacklist took 1.90ms
2026-07-30 23:41:55,291 | log_requests took 2.01ms
2026-07-30 23:41:55,291 | timing took 2.10ms
2026-07-30 23:41:55,293 | authorization took 0.68ms
2026-07-30 23:41:55,293 | check_api_key took 0.79ms
2026-07-30 23:41:55,293 | blacklist took 0.96ms
2026-07-30 23:41:55,293 | log_requests took 1.07ms
2026-07-30 23:41:55,293 | timing took 1.16ms
2026-07-30 23:41:55,297 | authorization took 2.25ms
2026-07-30 23:41:55,297 | check_api_key took 2.37ms
2026-07-30 23:41:55,297 | blacklist took 2.55ms
2026-07-30 23:41:55,297 | log_requests took 2.68ms
2026-07-30 23:41:55,297 | timing took 2.78ms
2026-07-30 23:41:55,299 | authorization took 0.47ms
2026-07-30 23:41:55,299 | check_api_key took 0.58ms
2026-07-30 23:41:55,299 | blacklist took 0.75ms
2026-07-30 23:41:55,299 | log_requests took 0.86ms
2026-07-30 23:41:55,299 | timing took 0.95ms
2026-07-30 23:41:55,302 | authorization took 1.47ms
2026-07-30 23:41:55,302 | check_api_key took 1.70ms
2026-07-30 23:41:55,302 | blacklist took 1.88ms
2026-07-30 23:41:55,302 | log_requests took 1.99ms
2026-07-30 23:41:55,302 | timing took 2.08ms
2026-07-30 23:41:55,304 | authorization took 1.34ms
2026-07-30 23:41:55,305 | check_api_key took 1.44ms
2026-07-30 23:41:55,305 | blacklist took 1.62ms
2026-07-30 23:41:55,305 | log_requests took 1.74ms
2026-07-30 23:41:55,305 | timing took 1.84ms
2026-07-30 23:41:55,308 | authorization took 1.86ms
2026-07-30 23:41:55,308 | check_api_key took 1.98ms
2026-07-30 23:41:55,308 | blacklist took 2.17ms
2026-07-30 23:41:55,309 | log_requests took 2.30ms
2026-07-30 23:41:55,309 | timing took 2.40ms
2026-07-30 23:41:55,312 | authorization took 1.64ms
2026-07-30 23:41:55,312 | check_api_key took 1.91ms
2026-07-30 23:41:55,312 | blacklist took 2.09ms
2026-07-30 23:41:55,312 | log_requests took 2.21ms
2026-07-30 23:41:55,312 | timing took 2.30ms
2026-07-30 23:41:55,314 | authorization took 1.08ms
2026-07-30 23:41:55,314 | check_api_key took 1.19ms
2026-07-30 23:41:55,315 | blacklist took 1.37ms
2026-07-30 23:41:55,315 | log_requests took 1.49ms
2026-07-30 23:41:55,315 | timing took 1.59ms
2026-07-30 23:41:55,318 | authorization took 1.90ms
2026-07-30 23:41:55,318 | check_api_key took 2.01ms
2026-07-30 23:41:55,318 | blacklist took 2.18ms
2026-07-30 23:41:55,318 | log_requests took 2.30ms
2026-07-30 23:41:55,319 | timing took 2.39ms
2026-07-30 23:41:55,321 | authorization took 0.88ms
2026-07-30 23:41:55,321 | check_api_key took 1.12ms
2026-07-30 23:41:55,321 | blacklist took 1.29ms
2026-07-30 23:41:55,321 | log_requests took 1.41ms
2026-07-30 23:41:55,321 | timing took 1.50ms
2026-07-30 23:41:55,324 | authorization took 1.57ms
2026-07-30 23:41:55,324 | check_api_key took 1.67ms
2026-07-30 23:41:55,324 | blacklist took 1.82ms
2026-07-30 23:41:55,324 | log_requests took 1.93ms
2026-07-30 23:41:55,324 | timing took 2.02ms
2026-07-30 23:41:55,325 | check_api_key took 0.01ms
2026-07-30 23:41:55,325 | blacklist took 0.17ms
2026-07-30 23:41:55,325 | log_requests took 0.29ms
2026-07-30 23:41:55,325 | timing took 0.39ms
2026-07-30 23:41:55,328 | authorization took 1.44ms
2026-07-30 23:41:55,328 | check_api_key took 1.67ms
2026-07-30 23:41:55,328 | blacklist took 1.84ms
2026-07-30 23:41:55,328 | log_requests took 1.96ms
2026-07-30 23:41:55,328 | timing took 2.05ms
2026-07-30 23:41:55,333 | authorization took 2.15ms
2026-07-30 23:41:55,333 | check_api_key took 2.26ms
2026-07-30 23:41:55,333 | blacklist took 2.48ms
2026-07-30 23:41:55,333 | log_requests took 2.60ms
2026-07-30 23:41:55,333 | timing took 2.69ms
2026-07-30 23:41:55,335 | authorization took 1.24ms
2026-07-30 23:41:55,335 | check_api_key took 1.48ms
2026-07-30 23:41:55,335 | blacklist took 1.68ms
2026-07-30 23:41:55,335 | log_requests took 1.81ms
2026-07-30 23:41:55,335 | timing took 1.90ms
2026-07-30 23:41:55,338 | authorization took 1.12ms
2026-07-30 23:41:55,338 | check_api_key took 1.34ms
2026-07-30 23:41:55,338 | blacklist took 1.51ms
2026-07-30 23:41:55,338 | log_requests took 1.63ms
2026-07-30 23:41:55,338 | timing took 1.72ms
2026-07-30 23:41:55,342 | authorization took 2.06ms
2026-07-30 23:41:55,342 | check_api_key took 2.16ms
2026-07-30 23:41:55,342 | blacklist took 2.34ms
2026-07-30 23:41:55,342 | log_requests took 2.45ms
2026-07-30 23:41:55,342 | timing took 2.54ms
2026-07-30 23:41:55,344 | authorization took 0.76ms
2026-07-30 23:41:55,344 | check_api_key took 0.98ms
2026-07-30 23:41:55,344 | blacklist took 1.17ms
2026-07-30 23:41:55,344 | log_requests took 1.29ms
2026-07-30 23:41:55,344 | timing took 1.37ms
2026-07-30 23:41:55,347 | authorization took 1.59ms
2026-07-30 23:41:55,347 | check_api_key took 1.69ms
2026-07-30 23:41:55,347 | blacklist took 1.85ms
2026-07-30 23:41:55,347 | log_requests took 1.97ms
2026-07-30 23:41:55,347 | timing took 2.06ms
2026-07-30 23:41:55,349 | authorization took 1.15ms
2026-07-30 23:41:55,349 | check_api_key took 1.27ms
2026-07-30 23:41:55,349 | blacklist took 1.45ms
2026-07-30 23:41:55,350 | log_requests took 1.57ms
2026-07-30 23:41:55,350 | timing took 1.67ms
2026-07-30 23:41:55,352 | authorization took 0.94ms
2026-07-30 23:41:55,352 | check_api_key took 1.04ms
2026-07-30 23:41:55,352 | blacklist took 1.21ms
2026-07-30 23:41:55,352 | log_requests took 1.33ms
2026-07-30 23:41:55,352 | timing took 1.42ms
2026-07-30 23:41:55,356 | authorization took 2.18ms
2026-07-30 23:41:55,356 | check_api_key took 2.29ms
2026-07-30 23:41:55,356 | blacklist took 2.47ms
2026-07-30 23:41:55,356 | log_requests took 2.58ms
2026-07-30 23:41:55,356 | timing took 2.66ms
2026-07-30 23:41:55,358 | authorization took 0.73ms
2026-07-30 23:41:55,358 | check_api_key took 0.96ms
2026-07-30 23:41:55,358 | blacklist took 1.13ms
2026-07-30 23:41:55,358 | log_requests took 1.25ms
2026-07-30 23:41:55,358 | timing took 1.33ms
2026-07-30 23:41:55,362 | authorization took 2.20ms
2026-07-30 23:41:55,362 | check_api_key took 2.31ms
2026-07-30 23:41:55,362 | blacklist took 2.51ms
2026-07-30 23:41:55,363 | log_requests took 2.64ms
2026-07-30 23:41:55,363 | timing took 2.75ms
2026-07-30 23:41:55,534 | authorization took 169.83ms
2026-07-30 23:41:55,534 | check_api_key took 170.12ms
2026-07-30 23:41:55,534 | blacklist took 170.32ms
2026-07-30 23:41:55,534 | log_requests took 170.46ms
2026-07-30 23:41:55,534 | timing took 170.56ms
2026-07-30 23:41:55,536 | authorization took 0.56ms
2026-07-30 23:41:55,536 | check_api_key took 0.68ms
2026-07-30 23:41:55,536 | blacklist took 0.89ms
2026-07-30 23:41:55,536 | log_requests took 1.00ms
2026-07-30 23:41:55,536 | timing took 1.10ms
2026-07-30 23:41:55,707 | authorization took 169.31ms
2026-07-30 23:41:55,707 | check_api_key took 169.45ms
2026-07-30 23:41:55,707 | blacklist took 169.66ms
2026-07-30 23:41:55,707 | log_requests took 169.80ms
2026-07-30 23:41:55,707 | timing took 169.90ms
2026-07-30 23:41:55,878 | authorization took 169.63ms
2026-07-30 23:41:55,878 | check_api_key took 169.78ms
2026-07-30 23:41:55,878 | blacklist took 170.05ms
2026-07-30 23:41:55,879 | log_requests took 170.23ms
2026-07-30 23:41:55,879 | timing took 170.35ms
2026-07-30 23:41:56,050 | authorization took 169.40ms
2026-07-30 23:41:56,050 | check_api_key took 169.54ms
2026-07-30 23:41:56,050 | blacklist took 169.75ms
2026-07-30 23:41:56,050 | log_requests took 169.89ms
2026-07-30 23:41:56,050 | timing took 169.99ms
2026-07-30 23:41:56,220 | authorization took 168.50ms
2026-07-30 23:41:56,220 | check_api_key took 168.68ms
2026-07-30 23:41:56,220 | blacklist took 168.88ms
2026-07-30 23:41:56,220 | log_requests took 169.02ms
2026-07-30 23:41:56,220 | timing took 169.13ms
2026-07-30 23:41:56,393 | authorization took 169.79ms
2026-07-30 23:41:56,393 | check_api_key took 169.94ms
2026-07-30 23:41:56,393 | blacklist took 170.18ms
2026-07-30 23:41:56,393 | log_requests took 170.32ms
2026-07-30 23:41:56,393 | timing took 170.41ms
2026-07-30 23:41:56,396 | authorization took 1.70ms
2026-07-30 23:41:56,396 | check_api_key took 2.06ms
2026-07-30 23:41:56,396 | blacklist took 2.29ms
2026-07-30 23:41:56,396 | log_requests took 2.41ms
2026-07-30 23:41:56,396 | timing took 2.51ms
2026-07-30 23:41:56,398 | authorization took 0.45ms
2026-07-30 23:41:56,398 | check_api_key took 0.55ms
2026-07-30 23:41:56,398 | blacklist took 0.73ms
2026-07-30 23:41:56,398 | log_requests took 0.84ms
2026-07-30 23:41:56,398 | timing took 0.93ms
2026-07-30 23:41:56,570 | authorization took 170.02ms
2026-07-30 23:41:56,570 | check_api_key took 170.17ms
2026-07-30 23:41:56,570 | blacklist took 170.37ms
2026-07-30 23:41:56,570 | log_requests took 170.50ms
2026-07-30 23:41:56,570 | timing took 170.59ms
2026-07-30 23:41:56,573 | authorization took 0.57ms
2026-07-30 23:41:56,573 | check_api_key took 0.68ms
2026-07-30 23:41:56,573 | blacklist took 0.89ms
2026-07-30 23:41:56,573 | log_requests took 1.01ms
2026-07-30 23:41:56,573 | timing took 1.11ms
2026-07-30 23:41:56,578 | authorization took 2.58ms
2026-07-30 23:41:56,578 | check_api_key took 2.69ms
2026-07-30 23:41:56,578 | blacklist took 2.89ms
2026-07-30 23:41:56,578 | log_requests took 3.02ms
2026-07-30 23:41:56,578 | timing took 3.11ms
2026-07-30 23:41:56,580 | authorization took 1.41ms
2026-07-30 23:41:56,580 | check_api_key took 1.54ms
2026-07-30 23:41:56,580 | blacklist took 1.77ms
2026-07-30 23:41:56,580 | log_requests took 1.90ms
2026-07-30 23:41:56,581 | timing took 2.00ms
2026-07-30 23:41:56,751 | authorization took 169.40ms
2026-07-30 23:41:56,751 | check_api_key took 169.78ms
2026-07-30 23:41:56,751 | blacklist took 169.98ms
2026-07-30 23:41:56,752 | log_requests took 170.12ms
2026-07-30 23:41:56,752 | timing took 170.22ms
2026-07-30 23:41:56,753 | authorization took 0.58ms
2026-07-30 23:41:56,753 | check_api_key took 0.70ms
2026-07-30 23:41:56,753 | blacklist took 0.91ms
2026-07-30 23:41:56,754 | log_requests took 1.04ms
2026-07-30 23:41:56,754 | timing took 1.13ms
2026-07-30 23:41:56,926 | authorization took 170.38ms
2026-07-30 23:41:56,926 | check_api_key took 170.53ms
2026-07-30 23:41:56,926 | blacklist took 170.73ms
2026-07-30 23:41:56,926 | log_requests took 170.86ms
2026-07-30 23:41:56,926 | timing took 170.95ms
2026-07-30 23:41:56,928 | authorization took 0.88ms
2026-07-30 23:41:56,928 | check_api_key took 1.02ms
2026-07-30 23:41:56,928 | blacklist took 1.26ms
2026-07-30 23:41:56,928 | log_requests took 1.39ms
2026-07-30 23:41:56,929 | timing took 1.48ms
2026-07-30 23:41:56,932 | authorization took 1.87ms
2026-07-30 23:41:56,932 | check_api_key took 2.24ms
2026-07-30 23:41:56,932 | blacklist took 2.45ms
2026-07-30 23:41:56,932 | log_requests took 2.57ms
2026-07-30 23:41:56,932 | timing took 2.66ms
2026-07-30 23:41:56,934 | authorization took 1.25ms
2026-07-30 23:41:56,934 | check_api_key took 1.35ms
2026-07-30 23:41:56,934 | blacklist took 1.54ms
2026-07-30 23:41:56,934 | log_requests took 1.66ms
2026-07-30 23:41:56,934 | timing took 1.75ms
2026-07-30 23:41:56,937 | authorization took 0.75ms
2026-07-30 23:41:56,937 | check_api_key took 0.86ms
2026-07-30 23:41:56,937 | blacklist took 1.06ms
2026-07-30 23:41:56,937 | log_requests took 1.19ms
2026-07-30 23:41:56,937 | timing took 1.30ms
2026-07-30 23:41:56,939 | authorization took 0.71ms
2026-07-30 23:41:56,939 | check_api_key took 0.81ms
2026-07-30 23:41:56,939 | blacklist took 0.99ms
2026-07-30 23:41:56,940 | log_requests took 1.10ms
2026-07-30 23:41:56,940 | timing took 1.19ms
2026-07-30 23:41:56,942 | authorization took 0.94ms
2026-07-30 23:41:56,942 | check_api_key took 1.04ms
2026-07-30 23:41:56,942 | blacklist took 1.21ms
2026-07-30 23:41:56,942 | log_requests took 1.33ms
2026-07-30 23:41:56,942 | timing took 1.43ms
2026-07-30 23:41:56,944 | authorization took 0.28ms
2026-07-30 23:41:56,944 | check_api_key took 0.38ms
2026-07-30 23:41:56,944 | blacklist took 0.56ms
2026-07-30 23:41:56,944 | log_requests took 0.67ms
2026-07-30 23:41:56,944 | timing took 0.76ms
2026-07-30 23:41:56,947 | authorization took 0.86ms
2026-07-30 23:41:56,947 | check_api_key took 0.97ms
2026-07-30 23:41:56,947 | blacklist took 1.18ms
2026-07-30 23:41:56,947 | log_requests took 1.30ms
2026-07-30 23:41:56,947 | timing took 1.38ms
2026-07-30 23:41:56,951 | authorization took 2.40ms
2026-07-30 23:41:56,951 | check_api_key took 2.50ms
2026-07-30 23:41:56,951 | blacklist took 2.68ms
2026-07-30 23:41:56,951 | log_requests took 2.80ms
2026-07-30 23:41:56,951 | timing took 2.89ms
2026-07-30 23:41:56,955 | authorization took 2.09ms
2026-07-30 23:41:56,955 | check_api_key took 2.20ms
2026-07-30 23:41:56,955 | blacklist took 2.39ms
2026-07-30 23:41:56,955 | log_requests took 2.51ms
2026-07-30 23:41:56,955 | timing took 2.60ms
2026-07-30 23:41:56,957 | authorization took 0.72ms
2026-07-30 23:41:56,957 | check_api_key took 0.82ms
2026-07-30 23:41:56,957 | blacklist took 1.02ms
2026-07-30 23:41:56,957 | log_requests took 1.13ms
2026-07-30 23:41:56,957 | timing took 1.22ms
2026-07-30 23:41:56,958 | check_api_key took 0.01ms
2026-07-30 23:41:56,958 | blacklist took 0.19ms
2026-07-30 23:41:56,959 | log_requests took 0.30ms
2026-07-30 23:41:56,959 | timing took 0.38ms
2026-07-30 23:41:56,962 | authorization took 1.64ms
2026-07-30 23:41:56,962 | check_api_key took 1.76ms
2026-07-30 23:41:56,962 | blacklist took 1.95ms
2026-07-30 23:41:56,962 | log_requests took 2.08ms
2026-07-30 23:41:56,962 | timing took 2.17ms
2026-07-30 23:41:56,965 | authorization took 1.75ms
2026-07-30 23:41:56,965 | check_api_key took 1.84ms
2026-07-30 23:41:56,965 | blacklist took 2.02ms
2026-07-30 23:41:56,965 | log_requests took 2.13ms
2026-07-30 23:41:56,965 | timing took 2.22ms
2026-07-30 23:41:56,975 | authorization took 8.18ms
2026-07-30 23:41:56,975 | check_api_key took 8.44ms
2026-07-30 23:41:56,975 | blacklist took 8.63ms
2026-07-30 23:41:56,975 | log_requests took 8.74ms
2026-07-30 23:41:56,975 | timing took 8.83ms
2026-07-30 23:41:57,148 | authorization took 171.13ms
2026-07-30 23:41:57,148 | check_api_key took 171.27ms
2026-07-30 23:41:57,148 | blacklist took 171.47ms
2026-07-30 23:41:57,148 | log_requests took 171.60ms
2026-07-30 23:41:57,148 | timing took 171.69ms
2026-07-30 23:41:57,151 | authorization took 1.60ms
2026-07-30 23:41:57,151 | check_api_key took 1.95ms
2026-07-30 23:41:57,151 | blacklist took 2.18ms
2026-07-30 23:41:57,151 | log_requests took 2.30ms
2026-07-30 23:41:57,151 | timing took 2.40ms
2026-07-30 23:41:57,155 | authorization took 1.90ms
2026-07-30 23:41:57,155 | check_api_key took 2.01ms
2026-07-30 23:41:57,155 | blacklist took 2.21ms
2026-07-30 23:41:57,155 | log_requests took 2.33ms
2026-07-30 23:41:57,156 | timing took 2.42ms
2026-07-30 23:41:57,159 | authorization took 1.98ms
2026-07-30 23:41:57,159 | check_api_key took 2.08ms
2026-07-30 23:41:57,159 | blacklist took 2.29ms
2026-07-30 23:41:57,159 | log_requests took 2.42ms
2026-07-30 23:41:57,159 | timing took 2.53ms
2026-07-30 23:41:57,161 | authorization took 1.72ms
2026-07-30 23:41:57,162 | check_api_key took 1.82ms
2026-07-30 23:41:57,162 | blacklist took 2.03ms
2026-07-30 23:41:57,162 | log_requests took 2.16ms
2026-07-30 23:41:57,162 | timing took 2.27ms
2026-07-30 23:41:57,165 | authorization took 2.22ms
2026-07-30 23:41:57,165 | check_api_key took 2.33ms
2026-07-30 23:41:57,165 | blacklist took 2.55ms
2026-07-30 23:41:57,165 | log_requests took 2.67ms
2026-07-30 23:41:57,165 | timing took 2.76ms
2026-07-30 23:41:57,168 | authorization took 1.65ms
2026-07-30 23:41:57,168 | check_api_key took 1.75ms
2026-07-30 23:41:57,168 | blacklist took 1.92ms
2026-07-30 23:41:57,168 | log_requests took 2.04ms
2026-07-30 23:41:57,168 | timing took 2.13ms
2026-07-30 23:41:57,172 | authorization took 2.40ms
2026-07-30 23:41:57,172 | check_api_key took 2.63ms
2026-07-30 23:41:57,172 | blacklist took 2.81ms
2026-07-30 23:41:57,172 | log_requests took 2.92ms
2026-07-30 23:41:57,172 | timing took 3.01ms
2026-07-30 23:41:57,176 | authorization took 1.67ms
2026-07-30 23:41:57,176 | check_api_key took 1.77ms
2026-07-30 23:41:57,176 | blacklist took 1.95ms
2026-07-30 23:41:57,176 | log_requests took 2.07ms
2026-07-30 23:41:57,176 | timing took 2.15ms
2026-07-30 23:41:57,178 | authorization took 1.69ms
2026-07-30 23:41:57,179 | check_api_key took 1.78ms
2026-07-30 23:41:57,179 | blacklist took 1.97ms
2026-07-30 23:41:57,179 | log_requests took 2.09ms
2026-07-30 23:41:57,179 | timing took 2.18ms
2026-07-30 23:41:57,182 | authorization took 1.97ms
2026-07-30 23:41:57,182 | check_api_key took 2.08ms
2026-07-30 23:41:57,182 | blacklist took 2.29ms
2026-07-30 23:41:57,182 | log_requests took 2.41ms
2026-07-30 23:41:57,182 | timing took 2.51ms
2026-07-30 23:41:57,185 | authorization took 1.88ms
2026-07-30 23:41:57,185 | check_api_key took 1.99ms
2026-07-30 23:41:57,185 | blacklist took 2.18ms
2026-07-30 23:41:57,185 | log_requests took 2.29ms
2026-07-30 23:41:57,185 | timing took 2.39ms
2026-07-30 23:41:57,188 | authorization took 1.61ms
2026-07-30 23:41:57,188 | check_api_key took 1.71ms
2026-07-30 23:41:57,188 | blacklist took 1.89ms
2026-07-30 23:41:57,188 | log_requests took 2.00ms
2026-07-30 23:41:57,188 | timing took 2.09ms
2026-07-30 23:41:57,191 | authorization took 2.26ms
2026-07-30 23:41:57,191 | check_api_key took 2.48ms
2026-07-30 23:41:57,191 | blacklist took 2.66ms
2026-07-30 23:41:57,191 | log_requests took 2.77ms
2026-07-30 23:41:57,191 | timing took 2.86ms
2026-07-30 23:41:57,195 | authorization took 2.08ms
2026-07-30 23:41:57,195 | check_api_key took 2.29ms
2026-07-30 23:41:57,195 | blacklist took 2.48ms
2026-07-30 23:41:57,195 | log_requests took 2.60ms
2026-07-30 23:41:57,195 | timing took 2.68ms
2026-07-30 23:41:57,198 | authorization took 1.71ms
2026-07-30 23:41:57,198 | check_api_key took 1.81ms
2026-07-30 23:41:57,198 | blacklist took 1.99ms
2026-07-30 23:41:57,198 | log_requests took 2.10ms
2026-07-30 23:41:57,199 | timing took 2.19ms
2026-07-30 23:41:57,201 | authorization took 1.70ms
2026-07-30 23:41:57,201 | check_api_key took 1.80ms
2026-07-30 23:41:57,201 | blacklist took 1.99ms
2026-07-30 23:41:57,201 | log_requests took 2.10ms
2026-07-30 23:41:57,201 | timing took 2.19ms
2026-07-30 23:41:57,204 | authorization took 1.59ms
2026-07-30 23:41:57,204 | check_api_key took 1.68ms
2026-07-30 23:41:57,204 | blacklist took 1.87ms
2026-07-30 23:41:57,204 | log_requests took 1.98ms
2026-07-30 23:41:57,204 | timing took 2.07ms
2026-07-30 23:41:57,207 | authorization took 1.95ms
2026-07-30 23:41:57,207 | check_api_key took 2.18ms
2026-07-30 23:41:57,207 | blacklist took 2.36ms
2026-07-30 23:41:57,207 | log_requests took 2.48ms
2026-07-30 23:41:57,207 | timing took 2.56ms
2026-07-30 23:41:57,210 | authorization took 1.29ms
2026-07-30 23:41:57,211 | check_api_key took 1.51ms
2026-07-30 23:41:57,211 | blacklist took 1.71ms
2026-07-30 23:41:57,211 | log_requests took 1.83ms
2026-07-30 23:41:57,211 | timing took 1.91ms
2026-07-30 23:41:57,213 | authorization took 0.58ms
2026-07-30 23:41:57,213 | check_api_key took 0.70ms
2026-07-30 23:41:57,213 | blacklist took 0.92ms
2026-07-30 23:41:57,213 | log_requests took 1.03ms
2026-07-30 23:41:57,213 | timing took 1.12ms
2026-07-30 23:41:57,215 | authorization took 0.30ms
2026-07-30 23:41:57,215 | check_api_key took 0.40ms
2026-07-30 23:41:57,215 | blacklist took 0.59ms
2026-07-30 23:41:57,215 | log_requests took 0.71ms
2026-07-30 23:41:57,215 | timing took 0.80ms
2026-07-30 23:41:57,217 | authorization took 0.24ms
2026-07-30 23:41:57,217 | check_api_key took 0.33ms
2026-07-30 23:41:57,217 | blacklist took 0.52ms
2026-07-30 23:41:57,217 | log_requests took 0.63ms
2026-07-30 23:41:57,217 | timing took 0.72ms
2026-07-30 23:41:57,219 | authorization took 0.25ms
2026-07-30 23:41:57,219 | check_api_key took 0.35ms
2026-07-30 23:41:57,219 | blacklist took 0.54ms
2026-07-30 23:41:57,219 | log_requests took 0.65ms
2026-07-30 23:41:57,219 | timing took 0.74ms
2026-07-30 23:41:57,221 | authorization took 0.29ms
2026-07-30 23:41:57,221 | check_api_key took 0.39ms
2026-07-30 23:41:57,221 | blacklist took 0.58ms
2026-07-30 23:41:57,222 | log_requests took 0.69ms
2026-07-30 23:41:57,222 | timing took 0.77ms
2026-07-30 23:41:57,225 | authorization took 1.89ms
2026-07-30 23:41:57,225 | check_api_key took 1.99ms
2026-07-30 23:41:57,225 | blacklist took 2.17ms
2026-07-30 23:41:57,225 | log_requests took 2.28ms
2026-07-30 23:41:57,225 | timing took 2.37ms
2026-07-30 23:41:57,227 | authorization took 1.20ms
2026-07-30 23:41:57,227 | check_api_key took 1.30ms
2026-07-30 23:41:57,227 | blacklist took 1.47ms
2026-07-30 23:41:57,228 | log_requests took 1.58ms
2026-07-30 23:41:57,228 | timing took 1.68ms
2026-07-30 23:41:57,231 | authorization took 1.97ms
2026-07-30 23:41:57,231 | check_api_key took 2.08ms
2026-07-30 23:41:57,231 | blacklist took 2.29ms
2026-07-30 23:41:57,231 | log_requests took 2.42ms
2026-07-30 23:41:57,231 | timing took 2.50ms
2026-07-30 23:41:57,234 | authorization took 1.04ms
2026-07-30 23:41:57,234 | check_api_key took 1.15ms
2026-07-30 23:41:57,234 | blacklist took 1.39ms
2026-07-30 23:41:57,234 | log_requests took 1.51ms
2026-07-30 23:41:57,234 | timing took 1.60ms
2026-07-30 23:41:57,236 | check_api_key took 0.01ms
2026-07-30 23:41:57,236 | blacklist took 0.23ms
2026-07-30 23:41:57,236 | log_requests took 0.34ms
2026-07-30 23:41:57,236 | timing took 0.43ms
2026-07-30 23:41:57,238 | check_api_key took 0.14ms
2026-07-30 23:41:57,238 | blacklist took 0.34ms
2026-07-30 23:41:57,238 | log_requests took 0.46ms
2026-07-30 23:41:57,238 | timing took 0.55ms
2026-07-30 23:41:57,242 | authorization took 1.77ms
2026-07-30 23:41:57,242 | check_api_key took 1.99ms
2026-07-30 23:41:57,242 | blacklist took 2.18ms
2026-07-30 23:41:57,242 | log_requests took 2.30ms
2026-07-30 23:41:57,242 | timing took 2.38ms
2026-07-30 23:41:57,244 | check_api_key took 0.12ms
2026-07-30 23:41:57,244 | blacklist took 0.31ms
2026-07-30 23:41:57,244 | log_requests took 0.42ms
2026-07-30 23:41:57,244 | timing took 0.52ms
2026-07-30 23:41:57,246 | blacklist took 0.09ms
2026-07-30 23:41:57,246 | log_requests took 0.22ms
2026-07-30 23:41:57,246 | timing took 0.31ms
2026-07-30 23:41:57,249 | authorization took 1.32ms
2026-07-30 23:41:57,249 | check_api_key took 1.54ms
2026-07-30 23:41:57,249 | blacklist took 1.71ms
2026-07-30 23:41:57,249 | log_requests took 1.82ms
2026-07-30 23:41:57,249 | timing took 1.91ms
2026-07-30 23:41:57,252 | authorization took 1.24ms
2026-07-30 23:41:57,252 | check_api_key took 1.44ms
2026-07-30 23:41:57,252 | blacklist took 1.61ms
2026-07-30 23:41:57,253 | log_requests took 1.72ms
2026-07-30 23:41:57,253 | timing took 1.81ms
2026-07-30 23:41:57,254 | blacklist took 0.09ms
2026-07-30 23:41:57,254 | log_requests took 0.20ms
2026-07-30 23:41:57,254 | timing took 0.28ms
2026-07-30 23:41:57,256 | authorization took 1.27ms
2026-07-30 23:41:57,256 | check_api_key took 1.48ms
2026-07-30 23:41:57,256 | blacklist took 1.64ms
2026-07-30 23:41:57,256 | log_requests took 1.76ms
2026-07-30 23:41:57,256 | timing took 1.84ms
2026-07-30 23:41:57,258 | blacklist took 0.09ms
2026-07-30 23:41:57,258 | log_requests took 0.20ms
2026-07-30 23:41:57,258 | timing took 0.29ms
2026-07-30 23:41:57,260 | blacklist took 0.08ms
2026-07-30 23:41:57,260 | log_requests took 0.20ms
2026-07-30 23:41:57,260 | timing took 0.29ms
2026-07-30 23:41:57,262 | authorization took 0.29ms
2026-07-30 23:41:57,262 | check_api_key took 0.40ms
2026-07-30 23:41:57,262 | blacklist took 0.60ms
2026-07-30 23:41:57,262 | log_requests took 0.72ms
2026-07-30 23:41:57,262 | timing took 0.81ms
2026-07-30 23:41:57,263 | check_api_key took 0.01ms
2026-07-30 23:41:57,263 | blacklist took 0.18ms
2026-07-30 23:41:57,264 | log_requests took 0.29ms
2026-07-30 23:41:57,264 | timing took 0.38ms
2026-07-30 23:41:57,267 | authorization took 1.93ms
2026-07-30 23:41:57,267 | check_api_key took 2.03ms
2026-07-30 23:41:57,267 | blacklist took 2.21ms
2026-07-30 23:41:57,267 | log_requests took 2.33ms
2026-07-30 23:41:57,267 | timing took 2.41ms
2026-07-30 23:41:57,269 | authorization took 1.16ms
2026-07-30 23:41:57,269 | check_api_key took 1.26ms
2026-07-30 23:41:57,269 | blacklist took 1.44ms
2026-07-30 23:41:57,269 | log_requests took 1.56ms
2026-07-30 23:41:57,269 | timing took 1.65ms
2026-07-30 23:41:57,273 | authorization took 1.65ms
2026-07-30 23:41:57,273 | check_api_key took 1.74ms
2026-07-30 23:41:57,273 | blacklist took 1.92ms
2026-07-30 23:41:57,273 | log_requests took 2.04ms
2026-07-30 23:41:57,273 | timing took 2.12ms
2026-07-30 23:41:57,275 | authorization took 1.16ms
2026-07-30 23:41:57,275 | check_api_key took 1.27ms
2026-07-30 23:41:57,275 | blacklist took 1.46ms
2026-07-30 23:41:57,275 | log_requests took 1.59ms
2026-07-30 23:41:57,275 | timing took 1.68ms
2026-07-30 23:41:57,276 | authorization took 0.34ms
2026-07-30 23:41:57,276 | check_api_key took 0.45ms
2026-07-30 23:41:57,277 | blacklist took 0.65ms
2026-07-30 23:41:57,277 | log_requests took 0.76ms
2026-07-30 23:41:57,277 | timing took 0.87ms
2026-07-30 23:41:57,278 | authorization took 0.32ms
2026-07-30 23:41:57,278 | check_api_key took 0.41ms
2026-07-30 23:41:57,278 | blacklist took 0.59ms
2026-07-30 23:41:57,278 | log_requests took 0.71ms
2026-07-30 23:41:57,278 | timing took 0.80ms
2026-07-30 23:41:57,282 | authorization took 2.03ms
2026-07-30 23:41:57,282 | check_api_key took 2.15ms
2026-07-30 23:41:57,282 | blacklist took 2.35ms
2026-07-30 23:41:57,282 | log_requests took 2.49ms
2026-07-30 23:41:57,282 | timing took 2.60ms
2026-07-30 23:41:57,284 | authorization took 1.45ms
2026-07-30 23:41:57,285 | check_api_key took 1.55ms
2026-07-30 23:41:57,285 | blacklist took 1.73ms
2026-07-30 23:41:57,285 | log_requests took 1.85ms
2026-07-30 23:41:57,285 | timing took 1.95ms
2026-07-30 23:41:57,287 | authorization took 1.21ms
2026-07-30 23:41:57,287 | check_api_key took 1.44ms
2026-07-30 23:41:57,287 | blacklist took 1.62ms
2026-07-30 23:41:57,287 | log_requests took 1.73ms
2026-07-30 23:41:57,287 | timing took 1.83ms
2026-07-30 23:41:57,289 | authorization took 0.44ms
2026-07-30 23:41:57,289 | check_api_key took 0.53ms
2026-07-30 23:41:57,289 | blacklist took 0.72ms
2026-07-30 23:41:57,289 | log_requests took 0.84ms
2026-07-30 23:41:57,289 | timing took 0.93ms
2026-07-30 23:41:57,292 | authorization took 1.75ms
2026-07-30 23:41:57,292 | check_api_key took 1.85ms
2026-07-30 23:41:57,292 | blacklist took 2.02ms
2026-07-30 23:41:57,293 | log_requests took 2.13ms
2026-07-30 23:41:57,293 | timing took 2.22ms
2026-07-30 23:41:57,295 | authorization took 1.11ms
2026-07-30 23:41:57,295 | check_api_key took 1.21ms
2026-07-30 23:41:57,295 | blacklist took 1.39ms
2026-07-30 23:41:57,295 | log_requests took 1.51ms
2026-07-30 23:41:57,295 | timing took 1.61ms
2026-07-30 23:41:57,298 | authorization took 1.92ms
2026-07-30 23:41:57,298 | check_api_key took 2.19ms
2026-07-30 23:41:57,298 | blacklist took 2.38ms
2026-07-30 23:41:57,298 | log_requests took 2.50ms
2026-07-30 23:41:57,298 | timing took 2.59ms
2026-07-30 23:41:57,300 | authorization took 1.32ms
2026-07-30 23:41:57,300 | check_api_key took 1.43ms
2026-07-30 23:41:57,301 | blacklist took 1.62ms
2026-07-30 23:41:57,301 | log_requests took 1.74ms
2026-07-30 23:41:57,301 | timing took 1.83ms
2026-07-30 23:41:57,304 | authorization took 1.69ms
2026-07-30 23:41:57,304 | check_api_key took 1.79ms
2026-07-30 23:41:57,304 | blacklist took 1.97ms
2026-07-30 23:41:57,304 | log_requests took 2.08ms
2026-07-30 23:41:57,304 | timing took 2.17ms
2026-07-30 23:41:57,306 | authorization took 1.10ms
2026-07-30 23:41:57,306 | check_api_key took 1.21ms
2026-07-30 23:41:57,306 | blacklist took 1.39ms
2026-07-30 23:41:57,307 | log_requests took 1.50ms
2026-07-30 23:41:57,307 | timing took 1.59ms
2026-07-30 23:41:57,308 | authorization took 0.57ms
2026-07-30 23:41:57,308 | check_api_key took 0.80ms
2026-07-30 23:41:57,308 | blacklist took 0.98ms
2026-07-30 23:41:57,308 | log_requests took 1.09ms
2026-07-30 23:41:57,308 | timing took 1.18ms
2026-07-30 23:41:57,480 | authorization took 170.22ms
2026-07-30 23:41:57,481 | check_api_key took 170.35ms
2026-07-30 23:41:57,481 | blacklist took 170.58ms
2026-07-30 23:41:57,481 | log_requests took 170.71ms
2026-07-30 23:41:57,481 | timing took 170.81ms
2026-07-30 23:41:57,652 | authorization took 170.29ms
2026-07-30 23:41:57,652 | check_api_key took 170.44ms
2026-07-30 23:41:57,652 | blacklist took 170.68ms
2026-07-30 23:41:57,652 | log_requests took 170.82ms
2026-07-30 23:41:57,653 | timing took 170.92ms
2026-07-30 23:41:57,821 | authorization took 167.49ms
2026-07-30 23:41:57,821 | check_api_key took 167.66ms
2026-07-30 23:41:57,821 | blacklist took 167.88ms
2026-07-30 23:41:57,821 | log_requests took 168.02ms
2026-07-30 23:41:57,821 | timing took 168.13ms
2026-07-30 23:42:14,483 | authorization took 9.73ms
2026-07-30 23:42:14,484 | check_api_key took 10.03ms
2026-07-30 23:42:14,484 | blacklist took 10.43ms
2026-07-30 23:42:14,484 | log_requests took 10.74ms
2026-07-30 23:42:14,484 | timing took 10.85ms
2026-07-30 23:42:14,486 | authorization took 0.78ms
2026-07-30 23:42:14,486 | check_api_key took 0.88ms
2026-07-30 23:42:14,486 | blacklist took 1.07ms
2026-07-30 23:42:14,486 | log_requests took 1.18ms
2026-07-30 23:42:14,486 | timing took 1.27ms
2026-07-30 23:42:14,490 | authorization took 2.14ms
2026-07-30 23:42:14,490 | check_api_key took 2.25ms
2026-07-30 23:42:14,490 | blacklist took 2.46ms
2026-07-30 23:42:14,490 | log_requests took 2.57ms
2026-07-30 23:42:14,490 | timing took 2.67ms
2026-07-30 23:42:14,491 | authorization took 0.54ms
2026-07-30 23:42:14,491 | check_api_key took 0.64ms
2026-07-30 23:42:14,492 | blacklist took 0.82ms
2026-07-30 23:42:14,492 | log_requests took 0.92ms
2026-07-30 23:42:14,492 | timing took 1.01ms
2026-07-30 23:42:14,493 | authorization took 0.61ms
2026-07-30 23:42:14,493 | check_api_key took 0.70ms
2026-07-30 23:42:14,493 | blacklist took 0.89ms
2026-07-30 23:42:14,493 | log_requests took 1.00ms
2026-07-30 23:42:14,493 | timing took 1.08ms
2026-07-30 23:42:14,495 | authorization took 0.75ms
2026-07-30 23:42:14,495 | check_api_key took 0.87ms
2026-07-30 23:42:14,495 | blacklist took 1.10ms
2026-07-30 23:42:14,495 | log_requests took 1.22ms
2026-07-30 23:42:14,496 | timing took 1.31ms
2026-07-30 23:42:14,497 | authorization took 0.69ms
2026-07-30 23:42:14,497 | check_api_key took 0.79ms
2026-07-30 23:42:14,497 | blacklist took 1.01ms
2026-07-30 23:42:14,497 | log_requests took 1.12ms
2026-07-30 23:42:14,497 | timing took 1.21ms
2026-07-30 23:42:14,499 | authorization took 0.56ms
2026-07-30 23:42:14,499 | check_api_key took 0.66ms
2026-07-30 23:42:14,499 | blacklist took 0.85ms
2026-07-30 23:42:14,499 | log_requests took 0.96ms
2026-07-30 23:42:14,499 | timing took 1.05ms
2026-07-30 23:42:14,501 | authorization took 0.78ms
2026-07-30 23:42:14,501 | check_api_key took 0.87ms
2026-07-30 23:42:14,501 | blacklist took 1.04ms
2026-07-30 23:42:14,501 | log_requests took 1.15ms
2026-07-30 23:42:14,501 | timing took 1.24ms
2026-07-30 23:42:14,503 | authorization took 0.49ms
2026-07-30 23:42:14,503 | check_api_key took 0.57ms
2026-07-30 23:42:14,503 | blacklist took 0.77ms
2026-07-30 23:42:14,503 | log_requests took 0.87ms
2026-07-30 23:42:14,503 | timing took 0.95ms
2026-07-30 23:42:14,504 | authorization took 0.52ms
2026-07-30 23:42:14,504 | check_api_key took 0.61ms
2026-07-30 23:42:14,504 | blacklist took 0.79ms
2026-07-30 23:42:14,504 | log_requests took 0.90ms
2026-07-30 23:42:14,505 | timing took 1.00ms
2026-07-30 23:42:14,506 | authorization took 0.52ms
2026-07-30 23:42:14,506 | check_api_key took 0.61ms
2026-07-30 23:42:14,506 | blacklist took 0.83ms
2026-07-30 23:42:14,506 | log_requests took 0.94ms
2026-07-30 23:42:14,506 | timing took 1.02ms
2026-07-30 23:42:14,508 | authorization took 0.50ms
2026-07-30 23:42:14,508 | check_api_key took 0.59ms
2026-07-30 23:42:14,508 | blacklist took 0.78ms
2026-07-30 23:42:14,508 | log_requests took 0.89ms
2026-07-30 23:42:14,508 | timing took 0.97ms
2026-07-30 23:42:14,509 | authorization took 0.51ms
2026-07-30 23:42:14,509 | check_api_key took 0.60ms
2026-07-30 23:42:14,510 | blacklist took 0.79ms
2026-07-30 23:42:14,510 | log_requests took 0.89ms
2026-07-30 23:42:14,510 | timing took 0.97ms
2026-07-30 23:42:14,511 | authorization took 0.53ms
2026-07-30 23:42:14,511 | check_api_key took 0.62ms
2026-07-30 23:42:14,511 | blacklist took 0.79ms
2026-07-30 23:42:14,511 | log_requests took 0.90ms
2026-07-30 23:42:14,512 | timing took 1.00ms
2026-07-30 23:42:14,513 | authorization took 0.55ms
2026-07-30 23:42:14,513 | check_api_key took 0.64ms
2026-07-30 23:42:14,513 | blacklist took 0.86ms
2026-07-30 23:42:14,513 | log_requests took 0.97ms
2026-07-30 23:42:14,513 | timing took 1.06ms
2026-07-30 23:42:14,515 | authorization took 0.54ms
2026-07-30 23:42:14,515 | check_api_key took 0.63ms
2026-07-30 23:42:14,515 | blacklist took 0.82ms
2026-07-30 23:42:14,515 | log_requests took 0.93ms
2026-07-30 23:42:14,515 | timing took 1.01ms
2026-07-30 23:42:14,516 | authorization took 0.53ms
2026-07-30 23:42:14,516 | check_api_key took 0.62ms
2026-07-30 23:42:14,517 | blacklist took 0.81ms
2026-07-30 23:42:14,517 | log_requests took 0.91ms
2026-07-30 23:42:14,517 | timing took 1.00ms
2026-07-30 23:42:14,518 | authorization took 0.51ms
2026-07-30 23:42:14,518 | check_api_key took 0.59ms
2026-07-30 23:42:14,518 | blacklist took 0.78ms
2026-07-30 23:42:14,518 | log_requests took 0.88ms
2026-07-30 23:42:14,518 | timing took 0.96ms
2026-07-30 23:42:14,520 | authorization took 0.50ms
2026-07-30 23:42:14,520 | check_api_key took 0.59ms
2026-07-30 23:42:14,520 | blacklist took 0.77ms
2026-07-30 23:42:14,520 | log_requests took 0.87ms
2026-07-30 23:42:14,520 | timing took 0.96ms
2026-07-30 23:42:14,522 | authorization took 0.66ms
2026-07-30 23:42:14,522 | check_api_key took 0.74ms
2026-07-30 23:42:14,522 | blacklist took 0.94ms
2026-07-30 23:42:14,522 | log_requests took 1.04ms
2026-07-30 23:42:14,522 | timing took 1.12ms
2026-07-30 23:42:14,523 | authorization took 0.51ms
2026-07-30 23:42:14,523 | check_api_key took 0.60ms
2026-07-30 23:42:14,523 | blacklist took 0.81ms
2026-07-30 23:42:14,523 | log_requests took 0.91ms
2026-07-30 23:42:14,523 | timing took 1.00ms
2026-07-30 23:42:14,525 | authorization took 0.49ms
2026-07-30 23:42:14,525 | check_api_key took 0.57ms
2026-07-30 23:42:14,525 | blacklist took 0.74ms
2026-07-30 23:42:14,525 | log_requests took 0.84ms
2026-07-30 23:42:14,525 | timing took 0.92ms
2026-07-30 23:42:14,527 | authorization took 0.50ms
2026-07-30 23:42:14,527 | check_api_key took 0.59ms
2026-07-30 23:42:14,527 | blacklist took 1.63ms
2026-07-30 23:42:14,527 | log_requests took 1.73ms
2026-07-30 23:42:14,527 | timing took 1.81ms
2026-07-30 23:42:14,529 | authorization took 0.53ms
2026-07-30 23:42:14,529 | check_api_key took 0.61ms
2026-07-30 23:42:14,529 | blacklist took 0.80ms
2026-07-30 23:42:14,529 | log_requests took 0.91ms
2026-07-30 23:42:14,529 | timing took 1.00ms
2026-07-30 23:42:14,531 | authorization took 0.60ms
2026-07-30 23:42:14,531 | check_api_key took 0.70ms
2026-07-30 23:42:14,531 | blacklist took 0.89ms
2026-07-30 23:42:14,531 | log_requests took 0.99ms
2026-07-30 23:42:14,531 | timing took 1.08ms
2026-07-30 23:42:14,533 | authorization took 0.53ms
2026-07-30 23:42:14,533 | check_api_key took 0.62ms
2026-07-30 23:42:14,533 | blacklist took 0.80ms
2026-07-30 23:42:14,533 | log_requests took 0.91ms
2026-07-30 23:42:14,533 | timing took 1.00ms
2026-07-30 23:42:14,534 | authorization took 0.48ms
2026-07-30 23:42:14,534 | check_api_key took 0.56ms
2026-07-30 23:42:14,534 | blacklist took 0.75ms
2026-07-30 23:42:14,534 | log_requests took 0.86ms
2026-07-30 23:42:14,534 | timing took 0.94ms
2026-07-30 23:42:14,536 | authorization took 0.49ms
2026-07-30 23:42:14,536 | check_api_key took 0.58ms
2026-07-30 23:42:14,536 | blacklist took 0.76ms
2026-07-30 23:42:14,536 | log_requests took 0.86ms
2026-07-30 23:42:14,536 | timing took 0.94ms
2026-07-30 23:42:14,537 | authorization took 0.48ms
2026-07-30 23:42:14,537 | check_api_key took 0.57ms
2026-07-30 23:42:14,538 | blacklist took 0.75ms
2026-07-30 23:42:14,538 | log_requests took 0.85ms
2026-07-30 23:42:14,538 | timing took 0.93ms
2026-07-30 23:42:14,539 | authorization took 0.49ms
2026-07-30 23:42:14,539 | check_api_key took 0.57ms
2026-07-30 23:42:14,539 | blacklist took 0.77ms
2026-07-30 23:42:14,539 | log_requests took 0.86ms
2026-07-30 23:42:14,539 | timing took 0.94ms
2026-07-30 23:42:14,541 | authorization took 0.47ms
2026-07-30 23:42:14,541 | check_api_key took 0.56ms
2026-07-30 23:42:14,541 | blacklist took 0.72ms
2026-07-30 23:42:14,541 | log_requests took 0.83ms
2026-07-30 23:42:14,541 | timing took 0.92ms
2026-07-30 23:42:14,542 | authorization took 0.67ms
2026-07-30 23:42:14,542 | check_api_key took 0.76ms
2026-07-30 23:42:14,543 | blacklist took 0.94ms
2026-07-30 23:42:14,543 | log_requests took 1.04ms
2026-07-30 23:42:14,543 | timing took 1.12ms
2026-07-30 23:42:14,544 | authorization took 0.56ms
2026-07-30 23:42:14,544 | check_api_key took 0.66ms
2026-07-30 23:42:14,544 | blacklist took 0.85ms
2026-07-30 23:42:14,544 | log_requests took 0.95ms
2026-07-30 23:42:14,544 | timing took 1.03ms
2026-07-30 23:42:14,546 | authorization took 0.52ms
2026-07-30 23:42:14,546 | check_api_key took 0.61ms
2026-07-30 23:42:14,546 | blacklist took 0.78ms
2026-07-30 23:42:14,546 | log_requests took 0.89ms
2026-07-30 23:42:14,546 | timing took 0.97ms
2026-07-30 23:42:14,547 | authorization took 0.52ms
2026-07-30 23:42:14,548 | check_api_key took 0.61ms
2026-07-30 23:42:14,548 | blacklist took 0.81ms
2026-07-30 23:42:14,548 | log_requests took 0.92ms
2026-07-30 23:42:14,548 | timing took 1.00ms
2026-07-30 23:42:14,549 | authorization took 0.48ms
2026-07-30 23:42:14,549 | check_api_key took 0.57ms
2026-07-30 23:42:14,549 | blacklist took 0.73ms
2026-07-30 23:42:14,549 | log_requests took 0.83ms
2026-07-30 23:42:14,549 | timing took 0.91ms
2026-07-30 23:42:14,551 | authorization took 0.48ms
2026-07-30 23:42:14,551 | check_api_key took 0.57ms
2026-07-30 23:42:14,551 | blacklist took 0.73ms
2026-07-30 23:42:14,551 | log_requests took 0.83ms
2026-07-30 23:42:14,551 | timing took 0.91ms
2026-07-30 23:42:14,552 | authorization took 0.54ms
2026-07-30 23:42:14,552 | check_api_key took 0.62ms
2026-07-30 23:42:14,552 | blacklist took 0.82ms
2026-07-30 23:42:14,552 | log_requests took 0.92ms
2026-07-30 23:42:14,553 | timing took 1.00ms
2026-07-30 23:42:14,554 | authorization took 0.49ms
2026-07-30 23:42:14,554 | check_api_key took 0.58ms
2026-07-30 23:42:14,554 | blacklist took 0.76ms
2026-07-30 23:42:14,554 | log_requests took 0.86ms
2026-07-30 23:42:14,554 | timing took 0.94ms
2026-07-30 23:42:14,556 | authorization took 0.50ms
2026-07-30 23:42:14,556 | check_api_key took 0.59ms
2026-07-30 23:42:14,556 | blacklist took 0.79ms
2026-07-30 23:42:14,556 | log_requests took 0.89ms
2026-07-30 23:42:14,556 | timing took 0.97ms
2026-07-30 23:42:14,557 | authorization took 0.48ms
2026-07-30 23:42:14,557 | check_api_key took 0.56ms
2026-07-30 23:42:14,557 | blacklist took 0.73ms
2026-07-30 23:42:14,557 | log_requests took 0.83ms
2026-07-30 23:42:14,557 | timing took 0.91ms
2026-07-30 23:42:14,559 | authorization took 0.48ms
2026-07-30 23:42:14,559 | check_api_key took 0.57ms
2026-07-30 23:42:14,559 | blacklist took 0.73ms
2026-07-30 23:42:14,559 | log_requests took 0.83ms
2026-07-30 23:42:14,559 | timing took 0.91ms
2026-07-30 23:42:14,560 | authorization took 0.52ms
2026-07-30 23:42:14,561 | check_api_key took 0.61ms
2026-07-30 23:42:14,561 | blacklist took 0.79ms
2026-07-30 23:42:14,561 | log_requests took 0.89ms
2026-07-30 23:42:14,561 | timing took 0.97ms
2026-07-30 23:42:14,562 | authorization took 0.66ms
2026-07-30 23:42:14,562 | check_api_key took 0.75ms
2026-07-30 23:42:14,562 | blacklist took 0.91ms
2026-07-30 23:42:14,562 | log_requests took 1.01ms
2026-07-30 23:42:14,563 | timing took 1.09ms
2026-07-30 23:42:14,564 | authorization took 0.48ms
2026-07-30 23:42:14,564 | check_api_key took 0.56ms
2026-07-30 23:42:14,564 | blacklist took 0.72ms
2026-07-30 23:42:14,564 | log_requests took 0.82ms
2026-07-30 23:42:14,564 | timing took 0.90ms
2026-07-30 23:42:14,565 | authorization took 0.47ms
2026-07-30 23:42:14,565 | check_api_key took 0.56ms
2026-07-30 23:42:14,565 | blacklist took 0.72ms
2026-07-30 23:42:14,566 | log_requests took 0.82ms
2026-07-30 23:42:14,566 | timing took 0.90ms
2026-07-30 23:42:14,567 | authorization took 0.46ms
2026-07-30 23:42:14,567 | check_api_key took 0.55ms
2026-07-30 23:42:14,567 | blacklist took 0.73ms
2026-07-30 23:42:14,567 | log_requests took 0.83ms
2026-07-30 23:42:14,567 | timing took 0.91ms
2026-07-30 23:42:14,568 | authorization took 0.46ms
2026-07-30 23:42:14,569 | check_api_key took 0.54ms
2026-07-30 23:42:14,569 | blacklist took 0.72ms
2026-07-30 23:42:14,569 | log_requests took 0.81ms
2026-07-30 23:42:14,569 | timing took 0.89ms
2026-07-30 23:42:14,570 | authorization took 0.47ms
2026-07-30 23:42:14,570 | check_api_key took 0.56ms
2026-07-30 23:42:14,570 | blacklist took 0.73ms
2026-07-30 23:42:14,570 | log_requests took 0.83ms
2026-07-30 23:42:14,570 | timing took 0.90ms
2026-07-30 23:42:14,572 | authorization took 0.48ms
2026-07-30 23:42:14,572 | check_api_key took 0.57ms
2026-07-30 23:42:14,572 | blacklist took 0.75ms
2026-07-30 23:42:14,572 | log_requests took 0.85ms
2026-07-30 23:42:14,572 | timing took 0.92ms
2026-07-30 23:42:14,573 | authorization took 0.50ms
2026-07-30 23:42:14,573 | check_api_key took 0.59ms
2026-07-30 23:42:14,573 | blacklist took 0.78ms
2026-07-30 23:42:14,573 | log_requests took 0.88ms
2026-07-30 23:42:14,573 | timing took 0.96ms
2026-07-30 23:42:14,575 | authorization took 0.49ms
2026-07-30 23:42:14,575 | check_api_key took 0.57ms
2026-07-30 23:42:14,575 | blacklist took 0.76ms
2026-07-30 23:42:14,575 | log_requests took 0.86ms
2026-07-30 23:42:14,575 | timing took 0.94ms
2026-07-30 23:42:14,576 | authorization took 0.49ms
2026-07-30 23:42:14,577 | check_api_key took 0.57ms
2026-07-30 23:42:14,577 | blacklist took 0.75ms
2026-07-30 23:42:14,577 | log_requests took 0.85ms
2026-07-30 23:42:14,577 | timing took 0.95ms
2026-07-30 23:42:14,578 | authorization took 0.51ms
2026-07-30 23:42:14,578 | check_api_key took 0.60ms
2026-07-30 23:42:14,578 | blacklist took 0.80ms
2026-07-30 23:42:14,578 | log_requests took 0.89ms
2026-07-30 23:42:14,578 | timing took 0.97ms
2026-07-30 23:42:14,580 | authorization took 0.56ms
2026-07-30 23:42:14,580 | check_api_key took 0.66ms
2026-07-30 23:42:14,580 | blacklist took 0.88ms
2026-07-30 23:42:14,580 | log_requests took 0.99ms
2026-07-30 23:42:14,580 | timing took 1.08ms
2026-07-30 23:42:14,582 | authorization took 0.67ms
2026-07-30 23:42:14,582 | check_api_key took 0.76ms
2026-07-30 23:42:14,582 | blacklist took 0.96ms
2026-07-30 23:42:14,582 | log_requests took 1.06ms
2026-07-30 23:42:14,582 | timing took 1.14ms
2026-07-30 23:42:14,583 | authorization took 0.50ms
2026-07-30 23:42:14,584 | check_api_key took 0.59ms
2026-07-30 23:42:14,584 | blacklist took 0.76ms
2026-07-30 23:42:14,584 | log_requests took 0.86ms
2026-07-30 23:42:14,584 | timing took 0.94ms
2026-07-30 23:42:14,585 | authorization took 0.48ms
2026-07-30 23:42:14,585 | check_api_key took 0.56ms
2026-07-30 23:42:14,585 | blacklist took 0.75ms
2026-07-30 23:42:14,585 | log_requests took 0.85ms
2026-07-30 23:42:14,585 | timing took 0.93ms
2026-07-30 23:42:14,587 | authorization took 0.51ms
2026-07-30 23:42:14,587 | check_api_key took 0.60ms
2026-07-30 23:42:14,587 | blacklist took 0.78ms
2026-07-30 23:42:14,587 | log_requests took 0.88ms
2026-07-30 23:42:14,587 | timing took 0.96ms
2026-07-30 23:42:14,588 | authorization took 0.55ms
2026-07-30 23:42:14,589 | check_api_key took 0.63ms
2026-07-30 23:42:14,589 | blacklist took 0.82ms
2026-07-30 23:42:14,589 | log_requests took 0.92ms
2026-07-30 23:42:14,589 | timing took 1.01ms
2026-07-30 23:42:14,590 | authorization took 0.48ms
2026-07-30 23:42:14,590 | check_api_key took 0.57ms
2026-07-30 23:42:14,590 | blacklist took 0.76ms
2026-07-30 23:42:14,590 | log_requests took 0.86ms
2026-07-30 23:42:14,590 | timing took 0.94ms
2026-07-30 23:42:14,592 | authorization took 0.47ms
2026-07-30 23:42:14,592 | check_api_key took 0.55ms
2026-07-30 23:42:14,592 | blacklist took 0.73ms
2026-07-30 23:42:14,592 | log_requests took 0.83ms
2026-07-30 23:42:14,592 | timing took 0.91ms
2026-07-30 23:42:14,593 | authorization took 0.48ms
2026-07-30 23:42:14,593 | check_api_key took 0.57ms
2026-07-30 23:42:14,593 | blacklist took 0.75ms
2026-07-30 23:42:14,593 | log_requests took 0.85ms
2026-07-30 23:42:14,594 | timing took 0.93ms
2026-07-30 23:42:14,595 | authorization took 0.53ms
2026-07-30 23:42:14,595 | check_api_key took 0.64ms
2026-07-30 23:42:14,595 | blacklist took 0.83ms
2026-07-30 23:42:14,595 | log_requests took 0.93ms
2026-07-30 23:42:14,595 | timing took 1.01ms
2026-07-30 23:42:14,597 | authorization took 0.50ms
2026-07-30 23:42:14,597 | check_api_key took 0.59ms
2026-07-30 23:42:14,597 | blacklist took 0.78ms
2026-07-30 23:42:14,597 | log_requests took 0.89ms
2026-07-30 23:42:14,597 | timing took 0.98ms
2026-07-30 23:42:14,598 | authorization took 0.48ms
2026-07-30 23:42:14,598 | check_api_key took 0.57ms
2026-07-30 23:42:14,598 | blacklist took 0.74ms
2026-07-30 23:42:14,598 | log_requests took 0.84ms
2026-07-30 23:42:14,598 | timing took 0.92ms
2026-07-30 23:42:14,600 | authorization took 0.48ms
2026-07-30 23:42:14,600 | check_api_key took 0.56ms
2026-07-30 23:42:14,600 | blacklist took 0.75ms
2026-07-30 23:42:14,600 | log_requests took 0.85ms
2026-07-30 23:42:14,600 | timing took 0.93ms
2026-07-30 23:42:14,602 | authorization took 0.64ms
2026-07-30 23:42:14,602 | check_api_key took 0.73ms
2026-07-30 23:42:14,602 | blacklist took 0.90ms
2026-07-30 23:42:14,602 | log_requests took 1.00ms
2026-07-30 23:42:14,602 | timing took 1.08ms
2026-07-30 23:42:14,603 | authorization took 0.47ms
2026-07-30 23:42:14,603 | check_api_key took 0.56ms
2026-07-30 23:42:14,603 | blacklist took 0.74ms
2026-07-30 23:42:14,603 | log_requests took 0.84ms
2026-07-30 23:42:14,603 | timing took 0.93ms
2026-07-30 23:42:14,605 | authorization took 0.48ms
2026-07-30 23:42:14,605 | check_api_key took 0.57ms
2026-07-30 23:42:14,605 | blacklist took 0.75ms
2026-07-30 23:42:14,605 | log_requests took 0.85ms
2026-07-30 23:42:14,605 | timing took 0.94ms
2026-07-30 23:42:14,606 | authorization took 0.47ms
2026-07-30 23:42:14,606 | check_api_key took 0.56ms
2026-07-30 23:42:14,606 | blacklist took 0.74ms
2026-07-30 23:42:14,607 | log_requests took 0.84ms
2026-07-30 23:42:14,607 | timing took 0.92ms
2026-07-30 23:42:14,608 | authorization took 0.47ms
2026-07-30 23:42:14,608 | check_api_key took 0.56ms
2026-07-30 23:42:14,608 | blacklist took 0.73ms
2026-07-30 23:42:14,608 | log_requests took 0.84ms
2026-07-30 23:42:14,608 | timing took 0.92ms
2026-07-30 23:42:14,610 | authorization took 0.47ms
2026-07-30 23:42:14,610 | check_api_key took 0.55ms
2026-07-30 23:42:14,610 | blacklist took 0.72ms
2026-07-30 23:42:14,610 | log_requests took 0.83ms
2026-07-30 23:42:14,610 | timing took 0.92ms
2026-07-30 23:42:14,611 | authorization took 0.49ms
2026-07-30 23:42:14,611 | check_api_key took 0.58ms
2026-07-30 23:42:14,611 | blacklist took 0.76ms
2026-07-30 23:42:14,611 | log_requests took 0.86ms
2026-07-30 23:42:14,611 | timing took 0.94ms
2026-07-30 23:42:14,613 | authorization took 0.53ms
2026-07-30 23:42:14,613 | check_api_key took 0.62ms
2026-07-30 23:42:14,613 | blacklist took 0.80ms
2026-07-30 23:42:14,613 | log_requests took 0.90ms
2026-07-30 23:42:14,613 | timing took 0.99ms
2026-07-30 23:42:14,615 | authorization took 0.51ms
2026-07-30 23:42:14,615 | check_api_key took 0.61ms
2026-07-30 23:42:14,615 | blacklist took 0.81ms
2026-07-30 23:42:14,615 | log_requests took 0.91ms
2026-07-30 23:42:14,615 | timing took 0.99ms
2026-07-30 23:42:14,616 | authorization took 0.47ms
2026-07-30 23:42:14,616 | check_api_key took 0.56ms
2026-07-30 23:42:14,616 | blacklist took 0.75ms
2026-07-30 23:42:14,616 | log_requests took 0.85ms
2026-07-30 23:42:14,616 | timing took 0.92ms
2026-07-30 23:42:14,618 | authorization took 0.47ms
2026-07-30 23:42:14,618 | check_api_key took 0.55ms
2026-07-30 23:42:14,618 | blacklist took 0.73ms
2026-07-30 23:42:14,618 | log_requests took 0.83ms
2026-07-30 23:42:14,618 | timing took 0.91ms
2026-07-30 23:42:14,619 | authorization took 0.46ms
2026-07-30 23:42:14,619 | check_api_key took 0.55ms
2026-07-30 23:42:14,619 | blacklist took 0.73ms
2026-07-30 23:42:14,620 | log_requests took 0.82ms
2026-07-30 23:42:14,620 | timing took 0.90ms
2026-07-30 23:42:14,621 | authorization took 0.66ms
2026-07-30 23:42:14,621 | check_api_key took 0.76ms
2026-07-30 23:42:14,621 | blacklist took 0.97ms
2026-07-30 23:42:14,621 | log_requests took 1.07ms
2026-07-30 23:42:14,621 | timing took 1.15ms
2026-07-30 23:42:14,623 | authorization took 0.48ms
2026-07-30 23:42:14,623 | check_api_key took 0.58ms
2026-07-30 23:42:14,623 | blacklist took 0.79ms
2026-07-30 23:42:14,623 | log_requests took 0.90ms
2026-07-30 23:42:14,623 | timing took 0.98ms
2026-07-30 23:42:14,624 | authorization took 0.47ms
2026-07-30 23:42:14,624 | check_api_key took 0.55ms
2026-07-30 23:42:14,625 | blacklist took 0.73ms
2026-07-30 23:42:14,625 | log_requests took 0.83ms
2026-07-30 23:42:14,625 | timing took 0.91ms
2026-07-30 23:42:14,626 | authorization took 0.46ms
2026-07-30 23:42:14,626 | check_api_key took 0.55ms
2026-07-30 23:42:14,626 | blacklist took 0.73ms
2026-07-30 23:42:14,626 | log_requests took 0.83ms
2026-07-30 23:42:14,626 | timing took 0.91ms
2026-07-30 23:42:14,628 | authorization took 0.53ms
2026-07-30 23:42:14,628 | check_api_key took 0.64ms
2026-07-30 23:42:14,628 | blacklist took 0.82ms
2026-07-30 23:42:14,628 | log_requests took 0.93ms
2026-07-30 23:42:14,628 | timing took 1.02ms
2026-07-30 23:42:14,630 | authorization took 0.67ms
2026-07-30 23:42:14,630 | check_api_key took 0.78ms
2026-07-30 23:42:14,630 | blacklist took 1.04ms
2026-07-30 23:42:14,630 | log_requests took 1.17ms
2026-07-30 23:42:14,630 | timing took 1.26ms
2026-07-30 23:42:14,631 | authorization took 0.50ms
2026-07-30 23:42:14,632 | check_api_key took 0.59ms
2026-07-30 23:42:14,632 | blacklist took 0.78ms
2026-07-30 23:42:14,632 | log_requests took 0.88ms
2026-07-30 23:42:14,632 | timing took 0.96ms
2026-07-30 23:42:14,633 | authorization took 0.48ms
2026-07-30 23:42:14,633 | check_api_key took 0.56ms
2026-07-30 23:42:14,633 | blacklist took 0.75ms
2026-07-30 23:42:14,633 | log_requests took 0.85ms
2026-07-30 23:42:14,633 | timing took 0.93ms
2026-07-30 23:42:14,635 | authorization took 0.49ms
2026-07-30 23:42:14,635 | check_api_key took 0.58ms
2026-07-30 23:42:14,635 | blacklist took 0.76ms
2026-07-30 23:42:14,635 | log_requests took 0.87ms
2026-07-30 23:42:14,635 | timing took 0.95ms
2026-07-30 23:42:14,636 | authorization took 0.49ms
2026-07-30 23:42:14,636 | check_api_key took 0.57ms
2026-07-30 23:42:14,636 | blacklist took 0.76ms
2026-07-30 23:42:14,637 | log_requests took 0.86ms
2026-07-30 23:42:14,637 | timing took 0.94ms
2026-07-30 23:42:14,638 | authorization took 0.48ms
2026-07-30 23:42:14,638 | check_api_key took 0.57ms
2026-07-30 23:42:14,638 | blacklist took 0.76ms
2026-07-30 23:42:14,638 | log_requests took 0.85ms
2026-07-30 23:42:14,638 | timing took 0.93ms
2026-07-30 23:42:14,640 | authorization took 0.47ms
2026-07-30 23:42:14,640 | check_api_key took 0.55ms
2026-07-30 23:42:14,640 | blacklist took 0.73ms
2026-07-30 23:42:14,640 | log_requests took 0.83ms
2026-07-30 23:42:14,640 | timing took 0.91ms
2026-07-30 23:42:14,641 | authorization took 0.63ms
2026-07-30 23:42:14,641 | check_api_key took 0.71ms
2026-07-30 23:42:14,641 | blacklist took 0.89ms
2026-07-30 23:42:14,641 | log_requests took 0.99ms
2026-07-30 23:42:14,642 | timing took 1.07ms
2026-07-30 23:42:14,643 | authorization took 0.48ms
2026-07-30 23:42:14,643 | check_api_key took 0.57ms
2026-07-30 23:42:14,643 | blacklist took 0.75ms
2026-07-30 23:42:14,643 | log_requests took 0.86ms
2026-07-30 23:42:14,643 | timing took 0.94ms
2026-07-30 23:42:14,645 | authorization took 0.50ms
2026-07-30 23:42:14,645 | check_api_key took 0.59ms
2026-07-30 23:42:14,645 | blacklist took 0.78ms
2026-07-30 23:42:14,645 | log_requests took 0.90ms
2026-07-30 23:42:14,645 | timing took 0.98ms
2026-07-30 23:42:14,646 | authorization took 0.49ms
2026-07-30 23:42:14,646 | check_api_key took 0.58ms
2026-07-30 23:42:14,646 | blacklist took 0.76ms
2026-07-30 23:42:14,646 | log_requests took 0.86ms
2026-07-30 23:42:14,646 | timing took 0.95ms
2026-07-30 23:42:14,648 | authorization took 0.49ms
2026-07-30 23:42:14,648 | check_api_key took 0.58ms
2026-07-30 23:42:14,648 | blacklist took 0.75ms
2026-07-30 23:42:14,648 | log_requests took 0.86ms
2026-07-30 23:42:14,648 | timing took 0.94ms
2026-07-30 23:42:14,649 | authorization took 0.48ms
2026-07-30 23:42:14,649 | check_api_key took 0.57ms
2026-07-30 23:42:14,650 | blacklist took 0.75ms
2026-07-30 23:42:14,650 | log_requests took 0.85ms
2026-07-30 23:42:14,650 | timing took 0.93ms
2026-07-30 23:42:14,651 | authorization took 0.48ms
2026-07-30 23:42:14,651 | check_api_key took 0.57ms
2026-07-30 23:42:14,651 | blacklist took 0.75ms
2026-07-30 23:42:14,651 | log_requests took 0.85ms
2026-07-30 23:42:14,651 | timing took 0.93ms
2026-07-30 23:42:14,653 | authorization took 0.47ms
2026-07-30 23:42:14,653 | check_api_key took 0.56ms
2026-07-30 23:42:14,653 | blacklist took 0.74ms
2026-07-30 23:42:14,653 | log_requests took 0.84ms
2026-07-30 23:42:14,653 | timing took 0.92ms
2026-07-30 23:42:14,654 | authorization took 0.49ms
2026-07-30 23:42:14,654 | check_api_key took 0.58ms
2026-07-30 23:42:14,654 | blacklist took 0.76ms
2026-07-30 23:42:14,654 | log_requests took 0.87ms
2026-07-30 23:42:14,654 | timing took 0.95ms
2026-07-30 23:42:14,656 | authorization took 0.49ms
2026-07-30 23:42:14,656 | check_api_key took 0.57ms
2026-07-30 23:42:14,656 | blacklist took 0.76ms
2026-07-30 23:42:14,656 | log_requests took 0.86ms
2026-07-30 23:42:14,656 | timing took 0.94ms
2026-07-30 23:42:14,657 | authorization took 0.47ms
2026-07-30 23:42:14,657 | check_api_key took 0.56ms
2026-07-30 23:42:14,658 | blacklist took 0.74ms
2026-07-30 23:42:14,658 | log_requests took 0.84ms
2026-07-30 23:42:14,658 | timing took 0.92ms
2026-07-30 23:42:14,662 | authorization took 3.12ms
2026-07-30 23:42:14,662 | check_api_key took 3.21ms
2026-07-30 23:42:14,662 | blacklist took 3.39ms
2026-07-30 23:42:14,662 | log_requests took 3.49ms
2026-07-30 23:42:14,662 | timing took 3.57ms
2026-07-30 23:42:14,663 | authorization took 0.49ms
2026-07-30 23:42:14,663 | check_api_key took 0.58ms
2026-07-30 23:42:14,663 | blacklist took 0.76ms
2026-07-30 23:42:14,664 | log_requests took 0.86ms
2026-07-30 23:42:14,664 | timing took 0.94ms
2026-07-30 23:42:14,665 | authorization took 0.36ms
2026-07-30 23:42:14,665 | check_api_key took 0.44ms
2026-07-30 23:42:14,665 | blacklist took 0.61ms
2026-07-30 23:42:14,665 | log_requests took 0.71ms
2026-07-30 23:42:14,665 | timing took 0.79ms
2026-07-30 23:42:14,666 | authorization took 0.35ms
2026-07-30 23:42:14,666 | check_api_key took 0.44ms
2026-07-30 23:42:14,666 | blacklist took 0.60ms
2026-07-30 23:42:14,666 | log_requests took 0.69ms
2026-07-30 23:42:14,666 | timing took 0.77ms
2026-07-30 23:42:14,668 | authorization took 0.36ms
2026-07-30 23:42:14,668 | check_api_key took 0.45ms
2026-07-30 23:42:14,668 | blacklist took 0.62ms
2026-07-30 23:42:14,668 | log_requests took 0.72ms
2026-07-30 23:42:14,668 | timing took 0.80ms
2026-07-30 23:42:14,669 | authorization took 0.35ms
2026-07-30 23:42:14,669 | check_api_key took 0.44ms
2026-07-30 23:42:14,669 | blacklist took 0.62ms
2026-07-30 23:42:14,669 | log_requests took 0.72ms
2026-07-30 23:42:14,669 | timing took 0.80ms
2026-07-30 23:42:14,671 | authorization took 0.36ms
2026-07-30 23:42:14,671 | check_api_key took 0.45ms
2026-07-30 23:42:14,671 | blacklist took 0.62ms
2026-07-30 23:42:14,671 | log_requests took 0.73ms
2026-07-30 23:42:14,671 | timing took 0.81ms
2026-07-30 23:42:14,672 | authorization took 0.37ms
2026-07-30 23:42:14,672 | check_api_key took 0.45ms
2026-07-30 23:42:14,672 | blacklist took 0.64ms
2026-07-30 23:42:14,672 | log_requests took 0.75ms
2026-07-30 23:42:14,672 | timing took 0.85ms
2026-07-30 23:42:14,674 | authorization took 0.37ms
2026-07-30 23:42:14,674 | check_api_key took 0.45ms
2026-07-30 23:42:14,674 | blacklist took 0.64ms
2026-07-30 23:42:14,674 | log_requests took 0.74ms
2026-07-30 23:42:14,674 | timing took 0.82ms
2026-07-30 23:42:14,675 | authorization took 0.36ms
2026-07-30 23:42:14,675 | check_api_key took 0.45ms
2026-07-30 23:42:14,675 | blacklist took 0.62ms
2026-07-30 23:42:14,675 | log_requests took 0.72ms
2026-07-30 23:42:14,675 | timing took 0.80ms
2026-07-30 23:42:14,677 | authorization took 0.38ms
2026-07-30 23:42:14,677 | check_api_key took 0.46ms
2026-07-30 23:42:14,677 | blacklist took 0.64ms
2026-07-30 23:42:14,677 | log_requests took 0.73ms
2026-07-30 23:42:14,677 | timing took 0.83ms
2026-07-30 23:42:14,678 | authorization took 0.39ms
2026-07-30 23:42:14,678 | check_api_key took 0.48ms
2026-07-30 23:42:14,678 | blacklist took 0.63ms
2026-07-30 23:42:14,678 | log_requests took 0.73ms
2026-07-30 23:42:14,678 | timing took 0.81ms
2026-07-30 23:42:14,680 | authorization took 0.48ms
2026-07-30 23:42:14,680 | check_api_key took 0.59ms
2026-07-30 23:42:14,680 | blacklist took 0.77ms
2026-07-30 23:42:14,680 | log_requests took 0.88ms
2026-07-30 23:42:14,680 | timing took 0.96ms
2026-07-30 23:42:14,681 | authorization took 0.58ms
2026-07-30 23:42:14,682 | check_api_key took 0.66ms
2026-07-30 23:42:14,682 | blacklist took 0.85ms
2026-07-30 23:42:14,682 | log_requests took 0.95ms
2026-07-30 23:42:14,682 | timing took 1.03ms
2026-07-30 23:42:14,683 | authorization took 0.36ms
2026-07-30 23:42:14,683 | check_api_key took 0.44ms
2026-07-30 23:42:14,683 | blacklist took 0.63ms
2026-07-30 23:42:14,683 | log_requests took 0.72ms
2026-07-30 23:42:14,683 | timing took 0.80ms
2026-07-30 23:42:14,684 | authorization took 0.37ms
2026-07-30 23:42:14,684 | check_api_key took 0.46ms
2026-07-30 23:42:14,685 | blacklist took 0.63ms
2026-07-30 23:42:14,685 | log_requests took 0.73ms
2026-07-30 23:42:14,685 | timing took 0.80ms
2026-07-30 23:42:14,686 | authorization took 0.36ms
2026-07-30 23:42:14,686 | check_api_key took 0.45ms
2026-07-30 23:42:14,686 | blacklist took 0.63ms
2026-07-30 23:42:14,686 | log_requests took 0.73ms
2026-07-30 23:42:14,686 | timing took 0.81ms
2026-07-30 23:42:14,687 | authorization took 0.37ms
2026-07-30 23:42:14,687 | check_api_key took 0.46ms
2026-07-30 23:42:14,688 | blacklist took 0.69ms
2026-07-30 23:42:14,688 | log_requests took 0.79ms
2026-07-30 23:42:14,688 | timing took 0.87ms
2026-07-30 23:42:14,689 | authorization took 0.35ms
2026-07-30 23:42:14,689 | check_api_key took 0.44ms
2026-07-30 23:42:14,689 | blacklist took 0.65ms
2026-07-30 23:42:14,689 | log_requests took 0.74ms
2026-07-30 23:42:14,689 | timing took 0.82ms
2026-07-30 23:42:14,690 | authorization took 0.36ms
2026-07-30 23:42:14,690 | check_api_key took 0.45ms
2026-07-30 23:42:14,690 | blacklist took 0.63ms
2026-07-30 23:42:14,691 | log_requests took 0.73ms
2026-07-30 23:42:14,691 | timing took 0.81ms
2026-07-30 23:42:14,692 | authorization took 0.37ms
2026-07-30 23:42:14,692 | check_api_key took 0.46ms
2026-07-30 23:42:14,692 | blacklist took 0.62ms
2026-07-30 23:42:14,692 | log_requests took 0.71ms
2026-07-30 23:42:14,692 | timing took 0.79ms
2026-07-30 23:42:14,693 | authorization took 0.36ms
2026-07-30 23:42:14,693 | check_api_key took 0.44ms
2026-07-30 23:42:14,693 | blacklist took 0.62ms
2026-07-30 23:42:14,693 | log_requests took 0.74ms
2026-07-30 23:42:14,694 | timing took 0.83ms
2026-07-30 23:42:14,695 | authorization took 0.36ms
2026-07-30 23:42:14,695 | check_api_key took 0.44ms
2026-07-30 23:42:14,695 | blacklist took 0.61ms
2026-07-30 23:42:14,695 | log_requests took 0.71ms
2026-07-30 23:42:14,695 | timing took 0.79ms
2026-07-30 23:42:14,696 | authorization took 0.36ms
2026-07-30 23:42:14,696 | check_api_key took 0.45ms
2026-07-30 23:42:14,696 | blacklist took 0.62ms
2026-07-30 23:42:14,696 | log_requests took 0.72ms
2026-07-30 23:42:14,696 | timing took 0.80ms
2026-07-30 23:42:14,699 | authorization took 0.38ms
2026-07-30 23:42:14,699 | check_api_key took 0.46ms
2026-07-30 23:42:14,699 | blacklist took 1.43ms
2026-07-30 23:42:14,699 | log_requests took 1.52ms
2026-07-30 23:42:14,699 | timing took 1.60ms
2026-07-30 23:42:14,700 | authorization took 0.36ms
2026-07-30 23:42:14,700 | check_api_key took 0.44ms
2026-07-30 23:42:14,700 | blacklist took 0.63ms
2026-07-30 23:42:14,700 | log_requests took 0.73ms
2026-07-30 23:42:14,700 | timing took 0.81ms
2026-07-30 23:42:14,702 | authorization took 0.50ms
2026-07-30 23:42:14,702 | check_api_key took 0.58ms
2026-07-30 23:42:14,702 | blacklist took 0.75ms
2026-07-30 23:42:14,702 | log_requests took 0.85ms
2026-07-30 23:42:14,702 | timing took 0.93ms
2026-07-30 23:42:14,703 | authorization took 0.35ms
2026-07-30 23:42:14,703 | check_api_key took 0.43ms
2026-07-30 23:42:14,703 | blacklist took 0.58ms
2026-07-30 23:42:14,703 | log_requests took 0.68ms
2026-07-30 23:42:14,703 | timing took 0.76ms
2026-07-30 23:42:14,704 | authorization took 0.37ms
2026-07-30 23:42:14,704 | check_api_key took 0.45ms
2026-07-30 23:42:14,705 | blacklist took 0.63ms
2026-07-30 23:42:14,705 | log_requests took 0.73ms
2026-07-30 23:42:14,705 | timing took 0.81ms
2026-07-30 23:42:14,706 | authorization took 0.37ms
2026-07-30 23:42:14,706 | check_api_key took 0.45ms
2026-07-30 23:42:14,706 | blacklist took 0.63ms
2026-07-30 23:42:14,706 | log_requests took 0.73ms
2026-07-30 23:42:14,706 | timing took 0.81ms
2026-07-30 23:42:14,707 | authorization took 0.35ms
2026-07-30 23:42:14,708 | check_api_key took 0.44ms
2026-07-30 23:42:14,708 | blacklist took 0.61ms
2026-07-30 23:42:14,708 | log_requests took 0.71ms
2026-07-30 23:42:14,708 | timing took 0.79ms
2026-07-30 23:42:14,709 | authorization took 0.35ms
2026-07-30 23:42:14,709 | check_api_key took 0.44ms
2026-07-30 23:42:14,709 | blacklist took 0.61ms
2026-07-30 23:42:14,709 | log_requests took 0.71ms
2026-07-30 23:42:14,709 | timing took 0.79ms
2026-07-30 23:42:14,711 | authorization took 0.54ms
2026-07-30 23:42:14,711 | check_api_key took 0.66ms
2026-07-30 23:42:14,711 | blacklist took 0.87ms
2026-07-30 23:42:14,711 | log_requests took 0.98ms
2026-07-30 23:42:14,711 | timing took 1.06ms
2026-07-30 23:42:14,712 | authorization took 0.37ms
2026-07-30 23:42:14,712 | check_api_key took 0.46ms
2026-07-30 23:42:14,712 | blacklist took 0.66ms
2026-07-30 23:42:14,712 | log_requests took 0.76ms
2026-07-30 23:42:14,712 | timing took 0.84ms
2026-07-30 23:42:14,714 | authorization took 0.38ms
2026-07-30 23:42:14,714 | check_api_key took 0.47ms
2026-07-30 23:42:14,714 | blacklist took 0.65ms
2026-07-30 23:42:14,714 | log_requests took 0.75ms
2026-07-30 23:42:14,714 | timing took 0.82ms
2026-07-30 23:42:14,715 | authorization took 0.38ms
2026-07-30 23:42:14,715 | check_api_key took 0.46ms
2026-07-30 23:42:14,715 | blacklist took 0.64ms
2026-07-30 23:42:14,715 | log_requests took 0.74ms
2026-07-30 23:42:14,715 | timing took 0.82ms
2026-07-30 23:42:14,717 | authorization took 0.39ms
2026-07-30 23:42:14,717 | check_api_key took 0.48ms
2026-07-30 23:42:14,717 | blacklist took 0.65ms
2026-07-30 23:42:14,717 | log_requests took 0.75ms
2026-07-30 23:42:14,717 | timing took 0.83ms
2026-07-30 23:42:14,718 | authorization took 0.35ms
2026-07-30 23:42:14,718 | check_api_key took 0.44ms
2026-07-30 23:42:14,718 | blacklist took 0.61ms
2026-07-30 23:42:14,718 | log_requests took 0.71ms
2026-07-30 23:42:14,718 | timing took 0.80ms
2026-07-30 23:42:14,720 | authorization took 0.35ms
2026-07-30 23:42:14,720 | check_api_key took 0.44ms
2026-07-30 23:42:14,720 | blacklist took 0.62ms
2026-07-30 23:42:14,720 | log_requests took 0.72ms
2026-07-30 23:42:14,720 | timing took 0.79ms
2026-07-30 23:42:14,721 | authorization took 0.57ms
2026-07-30 23:42:14,721 | check_api_key took 0.65ms
2026-07-30 23:42:14,721 | blacklist took 0.85ms
2026-07-30 23:42:14,721 | log_requests took 0.97ms
2026-07-30 23:42:14,722 | timing took 1.05ms
2026-07-30 23:42:14,723 | authorization took 0.36ms
2026-07-30 23:42:14,723 | check_api_key took 0.44ms
2026-07-30 23:42:14,723 | blacklist took 0.63ms
2026-07-30 23:42:14,723 | log_requests took 0.72ms
2026-07-30 23:42:14,723 | timing took 0.80ms
2026-07-30 23:42:14,724 | authorization took 0.36ms
2026-07-30 23:42:14,724 | check_api_key took 0.44ms
2026-07-30 23:42:14,724 | blacklist took 0.62ms
2026-07-30 23:42:14,724 | log_requests took 0.72ms
2026-07-30 23:42:14,724 | timing took 0.79ms
2026-07-30 23:42:14,726 | authorization took 0.36ms
2026-07-30 23:42:14,726 | check_api_key took 0.45ms
2026-07-30 23:42:14,726 | blacklist took 0.62ms
2026-07-30 23:42:14,726 | log_requests took 0.71ms
2026-07-30 23:42:14,726 | timing took 0.79ms
2026-07-30 23:42:14,727 | authorization took 0.36ms
2026-07-30 23:42:14,727 | check_api_key took 0.45ms
2026-07-30 23:42:14,727 | blacklist took 0.62ms
2026-07-30 23:42:14,727 | log_requests took 0.72ms
2026-07-30 23:42:14,727 | timing took 0.80ms
2026-07-30 23:42:14,729 | authorization took 0.38ms
2026-07-30 23:42:14,729 | check_api_key took 0.47ms
2026-07-30 23:42:14,729 | blacklist took 0.61ms
2026-07-30 23:42:14,729 | log_requests took 0.71ms
2026-07-30 23:42:14,729 | timing took 0.80ms
2026-07-30 23:42:14,730 | authorization took 0.38ms
2026-07-30 23:42:14,730 | check_api_key took 0.48ms
2026-07-30 23:42:14,730 | blacklist took 0.70ms
2026-07-30 23:42:14,731 | log_requests took 0.81ms
2026-07-30 23:42:14,731 | timing took 0.91ms
2026-07-30 23:42:14,732 | authorization took 0.37ms
2026-07-30 23:42:14,732 | check_api_key took 0.46ms
2026-07-30 23:42:14,732 | blacklist took 0.65ms
2026-07-30 23:42:14,732 | log_requests took 0.75ms
2026-07-30 23:42:14,732 | timing took 0.84ms
2026-07-30 23:42:14,733 | authorization took 0.39ms
2026-07-30 23:42:14,733 | check_api_key took 0.47ms
2026-07-30 23:42:14,734 | blacklist took 0.65ms
2026-07-30 23:42:14,734 | log_requests took 0.75ms
2026-07-30 23:42:14,734 | timing took 0.84ms
2026-07-30 23:42:14,735 | authorization took 0.37ms
2026-07-30 23:42:14,735 | check_api_key took 0.45ms
2026-07-30 23:42:14,735 | blacklist took 0.64ms
2026-07-30 23:42:14,735 | log_requests took 0.74ms
2026-07-30 23:42:14,735 | timing took 0.82ms
2026-07-30 23:42:14,736 | authorization took 0.36ms
2026-07-30 23:42:14,736 | check_api_key took 0.44ms
2026-07-30 23:42:14,737 | blacklist took 0.62ms
2026-07-30 23:42:14,737 | log_requests took 0.72ms
2026-07-30 23:42:14,737 | timing took 0.79ms
2026-07-30 23:42:14,738 | authorization took 0.36ms
2026-07-30 23:42:14,738 | check_api_key took 0.44ms
2026-07-30 23:42:14,738 | blacklist took 0.63ms
2026-07-30 23:42:14,738 | log_requests took 0.73ms
2026-07-30 23:42:14,738 | timing took 0.81ms
2026-07-30 23:42:14,739 | authorization took 0.38ms
2026-07-30 23:42:14,739 | check_api_key took 0.46ms
2026-07-30 23:42:14,739 | blacklist took 0.65ms
2026-07-30 23:42:14,740 | log_requests took 0.75ms
2026-07-30 23:42:14,740 | timing took 0.83ms
2026-07-30 23:42:14,741 | authorization took 0.54ms
2026-07-30 23:42:14,741 | check_api_key took 0.63ms
2026-07-30 23:42:14,741 | blacklist took 0.81ms
2026-07-30 23:42:14,741 | log_requests took 0.91ms
2026-07-30 23:42:14,741 | timing took 0.98ms
2026-07-30 23:42:14,742 | authorization took 0.37ms
2026-07-30 23:42:14,743 | check_api_key took 0.45ms
2026-07-30 23:42:14,743 | blacklist took 0.60ms
2026-07-30 23:42:14,743 | log_requests took 0.70ms
2026-07-30 23:42:14,743 | timing took 0.78ms
2026-07-30 23:42:14,744 | authorization took 0.43ms
2026-07-30 23:42:14,744 | check_api_key took 0.52ms
2026-07-30 23:42:14,744 | blacklist took 0.69ms
2026-07-30 23:42:14,744 | log_requests took 0.79ms
2026-07-30 23:42:14,744 | timing took 0.87ms
2026-07-30 23:42:14,745 | authorization took 0.37ms
2026-07-30 23:42:14,746 | check_api_key took 0.46ms
2026-07-30 23:42:14,746 | blacklist took 0.66ms
2026-07-30 23:42:14,746 | log_requests took 0.76ms
2026-07-30 23:42:14,746 | timing took 0.84ms
2026-07-30 23:42:14,747 | authorization took 0.35ms
2026-07-30 23:42:14,747 | check_api_key took 0.43ms
2026-07-30 23:42:14,747 | blacklist took 0.61ms
2026-07-30 23:42:14,747 | log_requests took 0.70ms
2026-07-30 23:42:14,747 | timing took 0.78ms
2026-07-30 23:42:14,748 | authorization took 0.35ms
2026-07-30 23:42:14,748 | check_api_key took 0.44ms
2026-07-30 23:42:14,748 | blacklist took 0.61ms
2026-07-30 23:42:14,749 | log_requests took 0.71ms
2026-07-30 23:42:14,749 | timing took 0.79ms
2026-07-30 23:42:14,750 | authorization took 0.35ms
2026-07-30 23:42:14,750 | check_api_key took 0.43ms
2026-07-30 23:42:14,750 | blacklist took 0.61ms
2026-07-30 23:42:14,750 | log_requests took 0.71ms
2026-07-30 23:42:14,750 | timing took 0.79ms
2026-07-30 23:42:14,751 | authorization took 0.35ms
2026-07-30 23:42:14,751 | check_api_key took 0.44ms
2026-07-30 23:42:14,751 | blacklist took 0.61ms
2026-07-30 23:42:14,751 | log_requests took 0.71ms
2026-07-30 23:42:14,751 | timing took 0.79ms
2026-07-30 23:42:14,753 | authorization took 0.35ms
2026-07-30 23:42:14,753 | check_api_key took 0.43ms
2026-07-30 23:42:14,753 | blacklist took 0.61ms
2026-07-30 23:42:14,753 | log_requests took 0.70ms
2026-07-30 23:42:14,753 | timing took 0.78ms
2026-07-30 23:42:14,754 | authorization took 0.36ms
2026-07-30 23:42:14,754 | check_api_key took 0.45ms
2026-07-30 23:42:14,754 | blacklist took 0.63ms
2026-07-30 23:42:14,754 | log_requests took 0.73ms
2026-07-30 23:42:14,754 | timing took 0.81ms
2026-07-30 23:42:14,756 | authorization took 0.38ms
2026-07-30 23:42:14,756 | check_api_key took 0.47ms
2026-07-30 23:42:14,756 | blacklist took 0.66ms
2026-07-30 23:42:14,756 | log_requests took 0.76ms
2026-07-30 23:42:14,756 | timing took 0.84ms
2026-07-30 23:42:14,757 | authorization took 0.35ms
2026-07-30 23:42:14,757 | check_api_key took 0.44ms
2026-07-30 23:42:14,757 | blacklist took 0.62ms
2026-07-30 23:42:14,757 | log_requests took 0.71ms
2026-07-30 23:42:14,757 | timing took 0.79ms
2026-07-30 23:42:14,759 | authorization took 0.36ms
2026-07-30 23:42:14,759 | check_api_key took 0.45ms
2026-07-30 23:42:14,759 | blacklist took 0.62ms
2026-07-30 23:42:14,759 | log_requests took 0.72ms
2026-07-30 23:42:14,759 | timing took 0.80ms
2026-07-30 23:42:14,760 | authorization took 0.51ms
2026-07-30 23:42:14,760 | check_api_key took 0.60ms
2026-07-30 23:42:14,760 | blacklist took 0.77ms
2026-07-30 23:42:14,760 | log_requests took 0.87ms
2026-07-30 23:42:14,760 | timing took 0.95ms
2026-07-30 23:42:14,762 | authorization took 0.37ms
2026-07-30 23:42:14,762 | check_api_key took 0.46ms
2026-07-30 23:42:14,762 | blacklist took 0.61ms
2026-07-30 23:42:14,762 | log_requests took 0.71ms
2026-07-30 23:42:14,762 | timing took 0.79ms
2026-07-30 23:42:14,763 | authorization took 0.38ms
2026-07-30 23:42:14,763 | check_api_key took 0.46ms
2026-07-30 23:42:14,763 | blacklist took 0.64ms
2026-07-30 23:42:14,763 | log_requests took 0.74ms
2026-07-30 23:42:14,763 | timing took 0.82ms
2026-07-30 23:42:14,765 | authorization took 0.36ms
2026-07-30 23:42:14,765 | check_api_key took 0.45ms
2026-07-30 23:42:14,765 | blacklist took 0.63ms
2026-07-30 23:42:14,765 | log_requests took 0.72ms
2026-07-30 23:42:14,765 | timing took 0.80ms
2026-07-30 23:42:14,766 | authorization took 0.38ms
2026-07-30 23:42:14,766 | check_api_key took 0.46ms
2026-07-30 23:42:14,766 | blacklist took 0.64ms
2026-07-30 23:42:14,766 | log_requests took 0.75ms
2026-07-30 23:42:14,766 | timing took 0.83ms
2026-07-30 23:42:14,768 | authorization took 0.36ms
2026-07-30 23:42:14,768 | check_api_key took 0.44ms
2026-07-30 23:42:14,768 | blacklist took 0.62ms
2026-07-30 23:42:14,768 | log_requests took 0.71ms
2026-07-30 23:42:14,768 | timing took 0.79ms
2026-07-30 23:42:14,769 | authorization took 0.37ms
2026-07-30 23:42:14,769 | check_api_key took 0.46ms
2026-07-30 23:42:14,769 | blacklist took 0.63ms
2026-07-30 23:42:14,769 | log_requests took 0.73ms
2026-07-30 23:42:14,769 | timing took 0.81ms
2026-07-30 23:42:14,771 | authorization took 0.38ms
2026-07-30 23:42:14,771 | check_api_key took 0.47ms
2026-07-30 23:42:14,771 | blacklist took 0.65ms
2026-07-30 23:42:14,771 | log_requests took 0.75ms
2026-07-30 23:42:14,771 | timing took 0.83ms
2026-07-30 23:42:14,772 | authorization took 0.36ms
2026-07-30 23:42:14,772 | check_api_key took 0.45ms
2026-07-30 23:42:14,772 | blacklist took 0.63ms
2026-07-30 23:42:14,772 | log_requests took 0.72ms
2026-07-30 23:42:14,772 | timing took 0.81ms
2026-07-30 23:42:14,773 | authorization took 0.36ms
2026-07-30 23:42:14,774 | check_api_key took 0.44ms
2026-07-30 23:42:14,774 | blacklist took 0.62ms
2026-07-30 23:42:14,774 | log_requests took 0.72ms
2026-07-30 23:42:14,774 | timing took 0.81ms
2026-07-30 23:42:14,775 | authorization took 0.38ms
2026-07-30 23:42:14,775 | check_api_key took 0.46ms
2026-07-30 23:42:14,775 | blacklist took 0.64ms
2026-07-30 23:42:14,775 | log_requests took 0.73ms
2026-07-30 23:42:14,775 | timing took 0.81ms
2026-07-30 23:42:14,776 | authorization took 0.38ms
2026-07-30 23:42:14,777 | check_api_key took 0.47ms
2026-07-30 23:42:14,777 | blacklist took 0.65ms
2026-07-30 23:42:14,777 | log_requests took 0.74ms
2026-07-30 23:42:14,777 | timing took 0.83ms
2026-07-30 23:42:14,778 | authorization took 0.40ms
2026-07-30 23:42:14,778 | check_api_key took 0.48ms
2026-07-30 23:42:14,778 | blacklist took 0.66ms
2026-07-30 23:42:14,778 | log_requests took 0.76ms
2026-07-30 23:42:14,778 | timing took 0.84ms
2026-07-30 23:42:14,780 | authorization took 0.58ms
2026-07-30 23:42:14,780 | check_api_key took 0.67ms
2026-07-30 23:42:14,780 | blacklist took 0.85ms
2026-07-30 23:42:14,780 | log_requests took 0.97ms
2026-07-30 23:42:14,780 | timing took 1.06ms
2026-07-30 23:42:14,781 | authorization took 0.37ms
2026-07-30 23:42:14,781 | check_api_key took 0.46ms
2026-07-30 23:42:14,781 | blacklist took 0.65ms
2026-07-30 23:42:14,782 | log_requests took 0.75ms
2026-07-30 23:42:14,782 | timing took 0.83ms
2026-07-30 23:42:14,783 | authorization took 0.35ms
2026-07-30 23:42:14,783 | check_api_key took 0.44ms
2026-07-30 23:42:14,783 | blacklist took 0.61ms
2026-07-30 23:42:14,783 | log_requests took 0.71ms
2026-07-30 23:42:14,783 | timing took 0.78ms
2026-07-30 23:42:14,784 | authorization took 0.35ms
2026-07-30 23:42:14,784 | check_api_key took 0.44ms
2026-07-30 23:42:14,784 | blacklist took 0.61ms
2026-07-30 23:42:14,784 | log_requests took 0.71ms
2026-07-30 23:42:14,785 | timing took 0.79ms
2026-07-30 23:42:14,786 | authorization took 0.38ms
2026-07-30 23:42:14,786 | check_api_key took 0.47ms
2026-07-30 23:42:14,786 | blacklist took 0.65ms
2026-07-30 23:42:14,786 | log_requests took 0.75ms
2026-07-30 23:42:14,786 | timing took 0.83ms
2026-07-30 23:42:14,787 | authorization took 0.36ms
2026-07-30 23:42:14,787 | check_api_key took 0.45ms
2026-07-30 23:42:14,787 | blacklist took 0.62ms
2026-07-30 23:42:14,787 | log_requests took 0.72ms
2026-07-30 23:42:14,787 | timing took 0.80ms
2026-07-30 23:42:14,789 | authorization took 0.35ms
2026-07-30 23:42:14,789 | check_api_key took 0.43ms
2026-07-30 23:42:14,789 | blacklist took 0.61ms
2026-07-30 23:42:14,789 | log_requests took 0.71ms
2026-07-30 23:42:14,789 | timing took 0.78ms
2026-07-30 23:42:14,790 | authorization took 0.36ms
2026-07-30 23:42:14,790 | check_api_key took 0.45ms
2026-07-30 23:42:14,790 | blacklist took 0.63ms
2026-07-30 23:42:14,790 | log_requests took 0.73ms
2026-07-30 23:42:14,790 | timing took 0.81ms
2026-07-30 23:42:14,792 | authorization took 0.37ms
2026-07-30 23:42:14,792 | check_api_key took 0.46ms
2026-07-30 23:42:14,792 | blacklist took 0.64ms
2026-07-30 23:42:14,792 | log_requests took 0.74ms
2026-07-30 23:42:14,792 | timing took 0.82ms
2026-07-30 23:42:14,793 | authorization took 0.36ms
2026-07-30 23:42:14,793 | check_api_key took 0.45ms
2026-07-30 23:42:14,793 | blacklist took 0.63ms
2026-07-30 23:42:14,793 | log_requests took 0.73ms
2026-07-30 23:42:14,793 | timing took 0.81ms
2026-07-30 23:42:14,795 | authorization took 0.40ms
2026-07-30 23:42:14,795 | check_api_key took 0.49ms
2026-07-30 23:42:14,795 | blacklist took 0.69ms
2026-07-30 23:42:14,795 | log_requests took 0.82ms
2026-07-30 23:42:14,795 | timing took 0.91ms
2026-07-30 23:42:14,796 | authorization took 0.37ms
2026-07-30 23:42:14,796 | check_api_key took 0.45ms
2026-07-30 23:42:14,796 | blacklist took 0.66ms
2026-07-30 23:42:14,796 | log_requests took 0.77ms
2026-07-30 23:42:14,796 | timing took 0.84ms
2026-07-30 23:42:14,798 | authorization took 0.38ms
2026-07-30 23:42:14,798 | check_api_key took 0.46ms
2026-07-30 23:42:14,798 | blacklist took 0.64ms
2026-07-30 23:42:14,798 | log_requests took 0.74ms
2026-07-30 23:42:14,798 | timing took 0.82ms
2026-07-30 23:42:14,799 | authorization took 0.53ms
2026-07-30 23:42:14,799 | check_api_key took 0.61ms
2026-07-30 23:42:14,799 | blacklist took 0.80ms
2026-07-30 23:42:14,800 | log_requests took 0.90ms
2026-07-30 23:42:14,800 | timing took 0.98ms
2026-07-30 23:42:14,801 | authorization took 0.38ms
2026-07-30 23:42:14,801 | check_api_key took 0.47ms
2026-07-30 23:42:14,801 | blacklist took 0.64ms
2026-07-30 23:42:14,801 | log_requests took 0.74ms
2026-07-30 23:42:14,801 | timing took 0.82ms
2026-07-30 23:42:14,802 | authorization took 0.39ms
2026-07-30 23:42:14,802 | check_api_key took 0.48ms
2026-07-30 23:42:14,802 | blacklist took 0.66ms
2026-07-30 23:42:14,803 | log_requests took 0.77ms
2026-07-30 23:42:14,803 | timing took 0.85ms
2026-07-30 23:42:14,804 | authorization took 0.35ms
2026-07-30 23:42:14,804 | check_api_key took 0.44ms
2026-07-30 23:42:14,804 | blacklist took 0.64ms
2026-07-30 23:42:14,804 | log_requests took 0.74ms
2026-07-30 23:42:14,804 | timing took 0.82ms
2026-07-30 23:42:14,805 | authorization took 0.38ms
2026-07-30 23:42:14,805 | check_api_key took 0.47ms
2026-07-30 23:42:14,805 | blacklist took 0.68ms
2026-07-30 23:42:14,806 | log_requests took 0.78ms
2026-07-30 23:42:14,806 | timing took 0.86ms
2026-07-30 23:42:14,807 | authorization took 0.35ms
2026-07-30 23:42:14,807 | check_api_key took 0.44ms
2026-07-30 23:42:14,807 | blacklist took 0.62ms
2026-07-30 23:42:14,807 | log_requests took 0.72ms
2026-07-30 23:42:14,807 | timing took 0.80ms
2026-07-30 23:42:14,808 | authorization took 0.35ms
2026-07-30 23:42:14,808 | check_api_key took 0.44ms
2026-07-30 23:42:14,808 | blacklist took 0.61ms
2026-07-30 23:42:14,808 | log_requests took 0.71ms
2026-07-30 23:42:14,808 | timing took 0.79ms
2026-07-30 23:42:14,810 | authorization took 0.36ms
2026-07-30 23:42:14,810 | check_api_key took 0.44ms
2026-07-30 23:42:14,810 | blacklist took 0.62ms
2026-07-30 23:42:14,810 | log_requests took 0.71ms
2026-07-30 23:42:14,810 | timing took 0.79ms
2026-07-30 23:42:14,811 | authorization took 0.36ms
2026-07-30 23:42:14,811 | check_api_key took 0.45ms
2026-07-30 23:42:14,811 | blacklist took 0.69ms
2026-07-30 23:42:14,812 | log_requests took 0.80ms
2026-07-30 23:42:14,812 | timing took 0.89ms
2026-07-30 23:42:14,813 | authorization took 0.68ms
2026-07-30 23:42:14,813 | check_api_key took 0.86ms
2026-07-30 23:42:14,813 | blacklist took 1.13ms
2026-07-30 23:42:14,814 | log_requests took 1.31ms
2026-07-30 23:42:14,814 | timing took 1.43ms
2026-07-31 00:48:21,372 | authorization took 12.03ms
2026-07-31 00:48:21,373 | check_api_key took 12.50ms
2026-07-31 00:48:21,373 | blacklist took 12.93ms
2026-07-31 00:48:21,373 | log_requests took 13.32ms
2026-07-31 00:48:21,373 | timing took 13.46ms
2026-07-31 00:48:21,377 | authorization took 2.07ms
2026-07-31 00:48:21,377 | check_api_key took 2.19ms
2026-07-31 00:48:21,377 | blacklist took 2.38ms
2026-07-31 00:48:21,377 | log_requests took 2.52ms
2026-07-31 00:48:21,377 | timing took 2.63ms
2026-07-31 00:48:21,383 | authorization took 2.65ms
2026-07-31 00:48:21,383 | check_api_key took 2.78ms
2026-07-31 00:48:21,383 | blacklist took 2.97ms
2026-07-31 00:48:21,383 | log_requests took 3.11ms
2026-07-31 00:48:21,383 | timing took 3.21ms
2026-07-31 00:48:21,386 | authorization took 2.01ms
2026-07-31 00:48:21,386 | check_api_key took 2.41ms
2026-07-31 00:48:21,387 | blacklist took 2.64ms
2026-07-31 00:48:21,387 | log_requests took 2.78ms
2026-07-31 00:48:21,387 | timing took 2.92ms
2026-07-31 00:48:21,388 | authorization took 0.57ms
2026-07-31 00:48:21,388 | check_api_key took 0.67ms
2026-07-31 00:48:21,388 | blacklist took 0.86ms
2026-07-31 00:48:21,389 | log_requests took 0.97ms
2026-07-31 00:48:21,389 | timing took 1.07ms
2026-07-31 00:48:21,392 | authorization took 1.09ms
2026-07-31 00:48:21,392 | check_api_key took 1.32ms
2026-07-31 00:48:21,392 | blacklist took 1.50ms
2026-07-31 00:48:21,392 | log_requests took 1.61ms
2026-07-31 00:48:21,392 | timing took 1.70ms
2026-07-31 00:48:21,394 | authorization took 1.16ms
2026-07-31 00:48:21,395 | check_api_key took 1.28ms
2026-07-31 00:48:21,395 | blacklist took 1.46ms
2026-07-31 00:48:21,395 | log_requests took 1.59ms
2026-07-31 00:48:21,395 | timing took 1.68ms
2026-07-31 00:48:21,398 | authorization took 2.05ms
2026-07-31 00:48:21,398 | check_api_key took 2.15ms
2026-07-31 00:48:21,398 | blacklist took 2.34ms
2026-07-31 00:48:21,399 | log_requests took 2.45ms
2026-07-31 00:48:21,399 | timing took 2.54ms
2026-07-31 00:48:21,401 | authorization took 1.28ms
2026-07-31 00:48:21,401 | check_api_key took 1.40ms
2026-07-31 00:48:21,401 | blacklist took 1.59ms
2026-07-31 00:48:21,401 | log_requests took 1.71ms
2026-07-31 00:48:21,401 | timing took 1.82ms
2026-07-31 00:48:21,403 | authorization took 0.43ms
2026-07-31 00:48:21,403 | check_api_key took 0.55ms
2026-07-31 00:48:21,403 | blacklist took 0.78ms
2026-07-31 00:48:21,403 | log_requests took 0.91ms
2026-07-31 00:48:21,403 | timing took 1.02ms
2026-07-31 00:48:21,409 | authorization took 2.89ms
2026-07-31 00:48:21,409 | check_api_key took 3.02ms
2026-07-31 00:48:21,409 | blacklist took 3.56ms
2026-07-31 00:48:21,410 | log_requests took 3.69ms
2026-07-31 00:48:21,410 | timing took 3.79ms
2026-07-31 00:48:21,412 | authorization took 1.52ms
2026-07-31 00:48:21,412 | check_api_key took 1.63ms
2026-07-31 00:48:21,412 | blacklist took 1.86ms
2026-07-31 00:48:21,412 | log_requests took 1.99ms
2026-07-31 00:48:21,412 | timing took 2.08ms
2026-07-31 00:48:21,416 | authorization took 1.85ms
2026-07-31 00:48:21,416 | check_api_key took 1.97ms
2026-07-31 00:48:21,416 | blacklist took 2.15ms
2026-07-31 00:48:21,416 | log_requests took 2.28ms
2026-07-31 00:48:21,416 | timing took 2.39ms
2026-07-31 00:48:21,419 | authorization took 2.06ms
2026-07-31 00:48:21,419 | check_api_key took 2.18ms
2026-07-31 00:48:21,419 | blacklist took 2.40ms
2026-07-31 00:48:21,419 | log_requests took 2.53ms
2026-07-31 00:48:21,419 | timing took 2.63ms
2026-07-31 00:48:21,422 | authorization took 1.24ms
2026-07-31 00:48:21,422 | check_api_key took 1.36ms
2026-07-31 00:48:21,422 | blacklist took 1.53ms
2026-07-31 00:48:21,422 | log_requests took 1.66ms
2026-07-31 00:48:21,422 | timing took 1.75ms
2026-07-31 00:48:21,424 | authorization took 1.13ms
2026-07-31 00:48:21,424 | check_api_key took 1.25ms
2026-07-31 00:48:21,424 | blacklist took 1.43ms
2026-07-31 00:48:21,424 | log_requests took 1.55ms
2026-07-31 00:48:21,424 | timing took 1.65ms
2026-07-31 00:48:21,425 | authorization took 0.32ms
2026-07-31 00:48:21,426 | check_api_key took 0.42ms
2026-07-31 00:48:21,426 | blacklist took 0.59ms
2026-07-31 00:48:21,426 | log_requests took 0.71ms
2026-07-31 00:48:21,426 | timing took 0.81ms
2026-07-31 00:48:21,430 | authorization took 2.06ms
2026-07-31 00:48:21,430 | check_api_key took 2.17ms
2026-07-31 00:48:21,430 | blacklist took 2.36ms
2026-07-31 00:48:21,430 | log_requests took 2.49ms
2026-07-31 00:48:21,431 | timing took 2.58ms
2026-07-31 00:48:21,433 | authorization took 1.59ms
2026-07-31 00:48:21,433 | check_api_key took 1.68ms
2026-07-31 00:48:21,433 | blacklist took 1.86ms
2026-07-31 00:48:21,433 | log_requests took 2.12ms
2026-07-31 00:48:21,433 | timing took 2.25ms
2026-07-31 00:48:21,438 | authorization took 2.13ms
2026-07-31 00:48:21,438 | check_api_key took 2.23ms
2026-07-31 00:48:21,438 | blacklist took 2.42ms
2026-07-31 00:48:21,438 | log_requests took 2.54ms
2026-07-31 00:48:21,438 | timing took 2.63ms
2026-07-31 00:48:21,440 | authorization took 1.25ms
2026-07-31 00:48:21,440 | check_api_key took 1.49ms
2026-07-31 00:48:21,440 | blacklist took 1.69ms
2026-07-31 00:48:21,440 | log_requests took 1.81ms
2026-07-31 00:48:21,440 | timing took 1.91ms
2026-07-31 00:48:21,442 | authorization took 0.44ms
2026-07-31 00:48:21,442 | check_api_key took 0.54ms
2026-07-31 00:48:21,442 | blacklist took 0.73ms
2026-07-31 00:48:21,442 | log_requests took 0.84ms
2026-07-31 00:48:21,442 | timing took 0.94ms
2026-07-31 00:48:21,446 | authorization took 2.29ms
2026-07-31 00:48:21,446 | check_api_key took 2.40ms
2026-07-31 00:48:21,446 | blacklist took 2.60ms
2026-07-31 00:48:21,446 | log_requests took 2.71ms
2026-07-31 00:48:21,446 | timing took 2.80ms
2026-07-31 00:48:21,450 | authorization took 2.06ms
2026-07-31 00:48:21,450 | check_api_key took 2.21ms
2026-07-31 00:48:21,450 | blacklist took 2.43ms
2026-07-31 00:48:21,450 | log_requests took 2.56ms
2026-07-31 00:48:21,450 | timing took 2.65ms
2026-07-31 00:48:21,453 | authorization took 0.81ms
2026-07-31 00:48:21,453 | check_api_key took 0.91ms
2026-07-31 00:48:21,453 | blacklist took 1.09ms
2026-07-31 00:48:21,453 | log_requests took 1.22ms
2026-07-31 00:48:21,453 | timing took 1.31ms
2026-07-31 00:48:21,457 | authorization took 2.38ms
2026-07-31 00:48:21,457 | check_api_key took 2.48ms
2026-07-31 00:48:21,457 | blacklist took 2.67ms
2026-07-31 00:48:21,458 | log_requests took 2.79ms
2026-07-31 00:48:21,458 | timing took 2.87ms
2026-07-31 00:48:21,460 | authorization took 1.20ms
2026-07-31 00:48:21,460 | check_api_key took 1.43ms
2026-07-31 00:48:21,460 | blacklist took 1.61ms
2026-07-31 00:48:21,460 | log_requests took 1.74ms
2026-07-31 00:48:21,460 | timing took 1.84ms
2026-07-31 00:48:21,462 | authorization took 0.49ms
2026-07-31 00:48:21,462 | check_api_key took 0.61ms
2026-07-31 00:48:21,462 | blacklist took 0.80ms
2026-07-31 00:48:21,462 | log_requests took 0.92ms
2026-07-31 00:48:21,462 | timing took 1.01ms
2026-07-31 00:48:21,466 | authorization took 1.86ms
2026-07-31 00:48:21,466 | check_api_key took 1.97ms
2026-07-31 00:48:21,466 | blacklist took 2.20ms
2026-07-31 00:48:21,466 | log_requests took 2.47ms
2026-07-31 00:48:21,466 | timing took 2.58ms
2026-07-31 00:48:21,468 | authorization took 0.61ms
2026-07-31 00:48:21,468 | check_api_key took 0.88ms
2026-07-31 00:48:21,468 | blacklist took 1.07ms
2026-07-31 00:48:21,468 | log_requests took 1.19ms
2026-07-31 00:48:21,468 | timing took 1.28ms
2026-07-31 00:48:21,471 | authorization took 1.47ms
2026-07-31 00:48:21,471 | check_api_key took 1.58ms
2026-07-31 00:48:21,471 | blacklist took 1.79ms
2026-07-31 00:48:21,471 | log_requests took 1.91ms
2026-07-31 00:48:21,471 | timing took 2.01ms
2026-07-31 00:48:21,476 | authorization took 2.89ms
2026-07-31 00:48:21,476 | check_api_key took 3.00ms
2026-07-31 00:48:21,476 | blacklist took 3.18ms
2026-07-31 00:48:21,476 | log_requests took 3.29ms
2026-07-31 00:48:21,476 | timing took 3.38ms
2026-07-31 00:48:21,477 | check_api_key took 0.02ms
2026-07-31 00:48:21,477 | blacklist took 0.21ms
2026-07-31 00:48:21,477 | log_requests took 0.32ms
2026-07-31 00:48:21,477 | timing took 0.40ms
2026-07-31 00:48:21,480 | authorization took 1.84ms
2026-07-31 00:48:21,481 | check_api_key took 1.94ms
2026-07-31 00:48:21,481 | blacklist took 2.11ms
2026-07-31 00:48:21,481 | log_requests took 2.22ms
2026-07-31 00:48:21,481 | timing took 2.31ms
2026-07-31 00:48:21,483 | authorization took 1.36ms
2026-07-31 00:48:21,483 | check_api_key took 1.59ms
2026-07-31 00:48:21,483 | blacklist took 1.77ms
2026-07-31 00:48:21,483 | log_requests took 1.90ms
2026-07-31 00:48:21,483 | timing took 2.01ms
2026-07-31 00:48:21,487 | authorization took 2.07ms
2026-07-31 00:48:21,487 | check_api_key took 2.16ms
2026-07-31 00:48:21,487 | blacklist took 2.38ms
2026-07-31 00:48:21,488 | log_requests took 2.50ms
2026-07-31 00:48:21,488 | timing took 2.59ms
2026-07-31 00:48:21,490 | authorization took 1.21ms
2026-07-31 00:48:21,490 | check_api_key took 1.31ms
2026-07-31 00:48:21,490 | blacklist took 1.49ms
2026-07-31 00:48:21,490 | log_requests took 1.61ms
2026-07-31 00:48:21,490 | timing took 1.71ms
2026-07-31 00:48:21,494 | authorization took 1.85ms
2026-07-31 00:48:21,494 | check_api_key took 1.95ms
2026-07-31 00:48:21,494 | blacklist took 2.14ms
2026-07-31 00:48:21,494 | log_requests took 2.25ms
2026-07-31 00:48:21,494 | timing took 2.34ms
2026-07-31 00:48:21,497 | authorization took 0.49ms
2026-07-31 00:48:21,497 | check_api_key took 0.59ms
2026-07-31 00:48:21,497 | blacklist took 0.79ms
2026-07-31 00:48:21,497 | log_requests took 0.91ms
2026-07-31 00:48:21,497 | timing took 1.00ms
2026-07-31 00:48:21,501 | authorization took 2.63ms
2026-07-31 00:48:21,502 | check_api_key took 2.76ms
2026-07-31 00:48:21,502 | blacklist took 2.95ms
2026-07-31 00:48:21,502 | log_requests took 3.08ms
2026-07-31 00:48:21,502 | timing took 3.20ms
2026-07-31 00:48:21,504 | authorization took 0.48ms
2026-07-31 00:48:21,504 | check_api_key took 0.58ms
2026-07-31 00:48:21,504 | blacklist took 0.76ms
2026-07-31 00:48:21,504 | log_requests took 0.87ms
2026-07-31 00:48:21,504 | timing took 0.96ms
2026-07-31 00:48:21,507 | authorization took 0.90ms
2026-07-31 00:48:21,507 | check_api_key took 1.00ms
2026-07-31 00:48:21,507 | blacklist took 1.16ms
2026-07-31 00:48:21,507 | log_requests took 1.28ms
2026-07-31 00:48:21,507 | timing took 1.36ms
2026-07-31 00:48:21,511 | authorization took 1.95ms
2026-07-31 00:48:21,511 | check_api_key took 2.05ms
2026-07-31 00:48:21,511 | blacklist took 2.23ms
2026-07-31 00:48:21,511 | log_requests took 2.34ms
2026-07-31 00:48:21,511 | timing took 2.44ms
2026-07-31 00:48:21,513 | authorization took 1.45ms
2026-07-31 00:48:21,513 | check_api_key took 1.56ms
2026-07-31 00:48:21,513 | blacklist took 1.75ms
2026-07-31 00:48:21,514 | log_requests took 1.88ms
2026-07-31 00:48:21,514 | timing took 1.98ms
2026-07-31 00:48:21,517 | authorization took 2.00ms
2026-07-31 00:48:21,517 | check_api_key took 2.11ms
2026-07-31 00:48:21,517 | blacklist took 2.29ms
2026-07-31 00:48:21,517 | log_requests took 2.41ms
2026-07-31 00:48:21,517 | timing took 2.50ms
2026-07-31 00:48:21,519 | authorization took 1.20ms
2026-07-31 00:48:21,520 | check_api_key took 1.30ms
2026-07-31 00:48:21,520 | blacklist took 1.48ms
2026-07-31 00:48:21,520 | log_requests took 1.61ms
2026-07-31 00:48:21,520 | timing took 1.70ms
2026-07-31 00:48:21,523 | authorization took 1.72ms
2026-07-31 00:48:21,523 | check_api_key took 1.82ms
2026-07-31 00:48:21,523 | blacklist took 1.99ms
2026-07-31 00:48:21,523 | log_requests took 2.11ms
2026-07-31 00:48:21,523 | timing took 2.21ms
2026-07-31 00:48:21,525 | authorization took 1.06ms
2026-07-31 00:48:21,525 | check_api_key took 1.16ms
2026-07-31 00:48:21,525 | blacklist took 1.33ms
2026-07-31 00:48:21,525 | log_requests took 1.44ms
2026-07-31 00:48:21,525 | timing took 1.53ms
2026-07-31 00:48:21,529 | authorization took 1.69ms
2026-07-31 00:48:21,529 | check_api_key took 1.79ms
2026-07-31 00:48:21,529 | blacklist took 1.96ms
2026-07-31 00:48:21,529 | log_requests took 2.08ms
2026-07-31 00:48:21,529 | timing took 2.18ms
2026-07-31 00:48:21,531 | authorization took 1.21ms
2026-07-31 00:48:21,531 | check_api_key took 1.43ms
2026-07-31 00:48:21,531 | blacklist took 1.60ms
2026-07-31 00:48:21,531 | log_requests took 1.72ms
2026-07-31 00:48:21,531 | timing took 1.82ms
2026-07-31 00:48:21,533 | authorization took 1.00ms
2026-07-31 00:48:21,533 | check_api_key took 1.11ms
2026-07-31 00:48:21,533 | blacklist took 1.29ms
2026-07-31 00:48:21,533 | log_requests took 1.42ms
2026-07-31 00:48:21,534 | timing took 1.51ms
2026-07-31 00:48:21,537 | authorization took 2.01ms
2026-07-31 00:48:21,537 | check_api_key took 2.11ms
2026-07-31 00:48:21,537 | blacklist took 2.29ms
2026-07-31 00:48:21,537 | log_requests took 2.41ms
2026-07-31 00:48:21,537 | timing took 2.50ms
2026-07-31 00:48:21,543 | authorization took 3.71ms
2026-07-31 00:48:21,543 | check_api_key took 3.94ms
2026-07-31 00:48:21,543 | blacklist took 4.12ms
2026-07-31 00:48:21,543 | log_requests took 4.24ms
2026-07-31 00:48:21,543 | timing took 4.34ms
2026-07-31 00:48:21,545 | authorization took 1.18ms
2026-07-31 00:48:21,545 | check_api_key took 1.28ms
2026-07-31 00:48:21,545 | blacklist took 1.47ms
2026-07-31 00:48:21,545 | log_requests took 1.59ms
2026-07-31 00:48:21,546 | timing took 1.70ms
2026-07-31 00:48:21,547 | authorization took 1.05ms
2026-07-31 00:48:21,547 | check_api_key took 1.14ms
2026-07-31 00:48:21,548 | blacklist took 1.32ms
2026-07-31 00:48:21,548 | log_requests took 1.43ms
2026-07-31 00:48:21,548 | timing took 1.53ms
2026-07-31 00:48:21,550 | authorization took 1.16ms
2026-07-31 00:48:21,550 | check_api_key took 1.26ms
2026-07-31 00:48:21,550 | blacklist took 1.45ms
2026-07-31 00:48:21,550 | log_requests took 1.57ms
2026-07-31 00:48:21,550 | timing took 1.67ms
2026-07-31 00:48:21,554 | authorization took 2.05ms
2026-07-31 00:48:21,554 | check_api_key took 2.16ms
2026-07-31 00:48:21,554 | blacklist took 2.35ms
2026-07-31 00:48:21,554 | log_requests took 2.46ms
2026-07-31 00:48:21,554 | timing took 2.55ms
2026-07-31 00:48:21,558 | authorization took 3.03ms
2026-07-31 00:48:21,558 | check_api_key took 3.26ms
2026-07-31 00:48:21,558 | blacklist took 3.44ms
2026-07-31 00:48:21,558 | log_requests took 3.55ms
2026-07-31 00:48:21,558 | timing took 3.64ms
2026-07-31 00:48:21,561 | authorization took 0.73ms
2026-07-31 00:48:21,561 | check_api_key took 0.94ms
2026-07-31 00:48:21,561 | blacklist took 1.14ms
2026-07-31 00:48:21,561 | log_requests took 1.27ms
2026-07-31 00:48:21,561 | timing took 1.37ms
2026-07-31 00:48:21,564 | authorization took 0.70ms
2026-07-31 00:48:21,564 | check_api_key took 0.91ms
2026-07-31 00:48:21,564 | blacklist took 1.09ms
2026-07-31 00:48:21,564 | log_requests took 1.20ms
2026-07-31 00:48:21,564 | timing took 1.29ms
2026-07-31 00:48:21,567 | authorization took 1.50ms
2026-07-31 00:48:21,567 | check_api_key took 1.73ms
2026-07-31 00:48:21,567 | blacklist took 1.91ms
2026-07-31 00:48:21,567 | log_requests took 2.03ms
2026-07-31 00:48:21,567 | timing took 2.12ms
2026-07-31 00:48:21,571 | authorization took 1.83ms
2026-07-31 00:48:21,571 | check_api_key took 2.07ms
2026-07-31 00:48:21,571 | blacklist took 2.27ms
2026-07-31 00:48:21,571 | log_requests took 2.39ms
2026-07-31 00:48:21,571 | timing took 2.48ms
2026-07-31 00:48:21,573 | authorization took 0.01ms
2026-07-31 00:48:21,573 | check_api_key took 0.22ms
2026-07-31 00:48:21,573 | blacklist took 0.39ms
2026-07-31 00:48:21,573 | log_requests took 0.50ms
2026-07-31 00:48:21,573 | timing took 0.60ms
2026-07-31 00:48:21,575 | check_api_key took 0.01ms
2026-07-31 00:48:21,575 | blacklist took 0.19ms
2026-07-31 00:48:21,575 | log_requests took 0.31ms
2026-07-31 00:48:21,575 | timing took 0.41ms
2026-07-31 00:48:21,578 | authorization took 0.01ms
2026-07-31 00:48:21,578 | check_api_key took 0.24ms
2026-07-31 00:48:21,578 | blacklist took 0.42ms
2026-07-31 00:48:21,578 | log_requests took 0.53ms
2026-07-31 00:48:21,578 | timing took 0.63ms
2026-07-31 00:48:21,582 | authorization took 1.83ms
2026-07-31 00:48:21,582 | check_api_key took 2.05ms
2026-07-31 00:48:21,582 | blacklist took 2.26ms
2026-07-31 00:48:21,582 | log_requests took 2.40ms
2026-07-31 00:48:21,582 | timing took 2.50ms
2026-07-31 00:48:21,587 | authorization took 2.46ms
2026-07-31 00:48:21,587 | check_api_key took 2.59ms
2026-07-31 00:48:21,587 | blacklist took 2.77ms
2026-07-31 00:48:21,587 | log_requests took 2.91ms
2026-07-31 00:48:21,587 | timing took 3.01ms
2026-07-31 00:48:21,591 | authorization took 2.41ms
2026-07-31 00:48:21,591 | check_api_key took 2.66ms
2026-07-31 00:48:21,591 | blacklist took 2.83ms
2026-07-31 00:48:21,591 | log_requests took 2.95ms
2026-07-31 00:48:21,591 | timing took 3.04ms
2026-07-31 00:48:21,593 | authorization took 1.11ms
2026-07-31 00:48:21,593 | check_api_key took 1.21ms
2026-07-31 00:48:21,593 | blacklist took 1.38ms
2026-07-31 00:48:21,593 | log_requests took 1.50ms
2026-07-31 00:48:21,593 | timing took 1.59ms
2026-07-31 00:48:21,597 | authorization took 2.01ms
2026-07-31 00:48:21,597 | check_api_key took 2.10ms
2026-07-31 00:48:21,597 | blacklist took 2.29ms
2026-07-31 00:48:21,597 | log_requests took 2.40ms
2026-07-31 00:48:21,597 | timing took 2.49ms
2026-07-31 00:48:21,600 | authorization took 1.67ms
2026-07-31 00:48:21,600 | check_api_key took 1.91ms
2026-07-31 00:48:21,600 | blacklist took 2.12ms
2026-07-31 00:48:21,600 | log_requests took 2.27ms
2026-07-31 00:48:21,600 | timing took 2.40ms
2026-07-31 00:48:21,604 | authorization took 2.35ms
2026-07-31 00:48:21,605 | check_api_key took 2.45ms
2026-07-31 00:48:21,605 | blacklist took 2.63ms
2026-07-31 00:48:21,605 | log_requests took 2.75ms
2026-07-31 00:48:21,605 | timing took 2.84ms
2026-07-31 00:48:21,607 | authorization took 1.52ms
2026-07-31 00:48:21,607 | check_api_key took 1.74ms
2026-07-31 00:48:21,607 | blacklist took 1.92ms
2026-07-31 00:48:21,607 | log_requests took 2.04ms
2026-07-31 00:48:21,608 | timing took 2.13ms
2026-07-31 00:48:21,609 | authorization took 0.78ms
2026-07-31 00:48:21,609 | check_api_key took 0.88ms
2026-07-31 00:48:21,609 | blacklist took 1.06ms
2026-07-31 00:48:21,609 | log_requests took 1.18ms
2026-07-31 00:48:21,610 | timing took 1.27ms
2026-07-31 00:48:21,613 | authorization took 1.90ms
2026-07-31 00:48:21,613 | check_api_key took 2.00ms
2026-07-31 00:48:21,613 | blacklist took 2.17ms
2026-07-31 00:48:21,613 | log_requests took 2.28ms
2026-07-31 00:48:21,613 | timing took 2.37ms
2026-07-31 00:48:21,615 | authorization took 0.43ms
2026-07-31 00:48:21,615 | check_api_key took 0.53ms
2026-07-31 00:48:21,615 | blacklist took 0.70ms
2026-07-31 00:48:21,615 | log_requests took 0.81ms
2026-07-31 00:48:21,615 | timing took 0.90ms
2026-07-31 00:48:21,618 | authorization took 1.70ms
2026-07-31 00:48:21,618 | check_api_key took 1.94ms
2026-07-31 00:48:21,618 | blacklist took 2.13ms
2026-07-31 00:48:21,618 | log_requests took 2.27ms
2026-07-31 00:48:21,619 | timing took 2.37ms
2026-07-31 00:48:21,621 | authorization took 1.59ms
2026-07-31 00:48:21,621 | check_api_key took 1.71ms
2026-07-31 00:48:21,621 | blacklist took 1.95ms
2026-07-31 00:48:21,622 | log_requests took 2.08ms
2026-07-31 00:48:21,622 | timing took 2.19ms
2026-07-31 00:48:21,625 | authorization took 2.12ms
2026-07-31 00:48:21,626 | check_api_key took 2.23ms
2026-07-31 00:48:21,626 | blacklist took 2.41ms
2026-07-31 00:48:21,626 | log_requests took 2.53ms
2026-07-31 00:48:21,626 | timing took 2.63ms
2026-07-31 00:48:21,629 | authorization took 1.50ms
2026-07-31 00:48:21,629 | check_api_key took 1.74ms
2026-07-31 00:48:21,629 | blacklist took 1.90ms
2026-07-31 00:48:21,629 | log_requests took 2.02ms
2026-07-31 00:48:21,629 | timing took 2.11ms
2026-07-31 00:48:21,631 | authorization took 1.09ms
2026-07-31 00:48:21,631 | check_api_key took 1.19ms
2026-07-31 00:48:21,631 | blacklist took 1.35ms
2026-07-31 00:48:21,631 | log_requests took 1.47ms
2026-07-31 00:48:21,632 | timing took 1.57ms
2026-07-31 00:48:21,635 | authorization took 2.06ms
2026-07-31 00:48:21,635 | check_api_key took 2.17ms
2026-07-31 00:48:21,635 | blacklist took 2.33ms
2026-07-31 00:48:21,635 | log_requests took 2.45ms
2026-07-31 00:48:21,636 | timing took 2.54ms
2026-07-31 00:48:21,638 | authorization took 0.95ms
2026-07-31 00:48:21,638 | check_api_key took 1.19ms
2026-07-31 00:48:21,638 | blacklist took 1.39ms
2026-07-31 00:48:21,638 | log_requests took 1.51ms
2026-07-31 00:48:21,638 | timing took 1.61ms
2026-07-31 00:48:21,641 | authorization took 1.76ms
2026-07-31 00:48:21,641 | check_api_key took 1.86ms
2026-07-31 00:48:21,641 | blacklist took 2.04ms
2026-07-31 00:48:21,642 | log_requests took 2.15ms
2026-07-31 00:48:21,642 | timing took 2.23ms
2026-07-31 00:48:21,643 | check_api_key took 0.02ms
2026-07-31 00:48:21,643 | blacklist took 0.22ms
2026-07-31 00:48:21,643 | log_requests took 0.33ms
2026-07-31 00:48:21,643 | timing took 0.43ms
2026-07-31 00:48:21,646 | authorization took 1.35ms
2026-07-31 00:48:21,646 | check_api_key took 1.56ms
2026-07-31 00:48:21,646 | blacklist took 1.72ms
2026-07-31 00:48:21,646 | log_requests took 1.83ms
2026-07-31 00:48:21,646 | timing took 1.92ms
2026-07-31 00:48:21,649 | authorization took 1.65ms
2026-07-31 00:48:21,649 | check_api_key took 1.76ms
2026-07-31 00:48:21,649 | blacklist took 1.94ms
2026-07-31 00:48:21,649 | log_requests took 2.06ms
2026-07-31 00:48:21,650 | timing took 2.15ms
2026-07-31 00:48:21,652 | authorization took 1.25ms
2026-07-31 00:48:21,652 | check_api_key took 1.52ms
2026-07-31 00:48:21,652 | blacklist took 1.68ms
2026-07-31 00:48:21,652 | log_requests took 1.80ms
2026-07-31 00:48:21,652 | timing took 1.91ms
2026-07-31 00:48:21,654 | authorization took 1.15ms
2026-07-31 00:48:21,654 | check_api_key took 1.37ms
2026-07-31 00:48:21,654 | blacklist took 1.57ms
2026-07-31 00:48:21,654 | log_requests took 1.69ms
2026-07-31 00:48:21,655 | timing took 1.77ms
2026-07-31 00:48:21,658 | authorization took 1.94ms
2026-07-31 00:48:21,658 | check_api_key took 2.05ms
2026-07-31 00:48:21,658 | blacklist took 2.23ms
2026-07-31 00:48:21,658 | log_requests took 2.34ms
2026-07-31 00:48:21,658 | timing took 2.44ms
2026-07-31 00:48:21,660 | authorization took 0.74ms
2026-07-31 00:48:21,660 | check_api_key took 0.96ms
2026-07-31 00:48:21,660 | blacklist took 1.13ms
2026-07-31 00:48:21,660 | log_requests took 1.25ms
2026-07-31 00:48:21,660 | timing took 1.34ms
2026-07-31 00:48:21,664 | authorization took 1.85ms
2026-07-31 00:48:21,664 | check_api_key took 1.95ms
2026-07-31 00:48:21,664 | blacklist took 2.10ms
2026-07-31 00:48:21,664 | log_requests took 2.22ms
2026-07-31 00:48:21,664 | timing took 2.30ms
2026-07-31 00:48:21,666 | authorization took 1.24ms
2026-07-31 00:48:21,666 | check_api_key took 1.35ms
2026-07-31 00:48:21,666 | blacklist took 1.55ms
2026-07-31 00:48:21,666 | log_requests took 1.67ms
2026-07-31 00:48:21,666 | timing took 1.78ms
2026-07-31 00:48:21,669 | authorization took 0.99ms
2026-07-31 00:48:21,669 | check_api_key took 1.09ms
2026-07-31 00:48:21,669 | blacklist took 1.24ms
2026-07-31 00:48:21,669 | log_requests took 1.36ms
2026-07-31 00:48:21,669 | timing took 1.44ms
2026-07-31 00:48:21,672 | authorization took 1.71ms
2026-07-31 00:48:21,672 | check_api_key took 1.81ms
2026-07-31 00:48:21,672 | blacklist took 1.99ms
2026-07-31 00:48:21,673 | log_requests took 2.10ms
2026-07-31 00:48:21,673 | timing took 2.19ms
2026-07-31 00:48:21,674 | authorization took 0.74ms
2026-07-31 00:48:21,674 | check_api_key took 0.96ms
2026-07-31 00:48:21,675 | blacklist took 1.14ms
2026-07-31 00:48:21,675 | log_requests took 1.26ms
2026-07-31 00:48:21,675 | timing took 1.34ms
2026-07-31 00:48:21,678 | authorization took 1.93ms
2026-07-31 00:48:21,678 | check_api_key took 2.04ms
2026-07-31 00:48:21,678 | blacklist took 2.23ms
2026-07-31 00:48:21,678 | log_requests took 2.35ms
2026-07-31 00:48:21,679 | timing took 2.45ms
2026-07-31 00:48:21,851 | authorization took 171.38ms
2026-07-31 00:48:21,851 | check_api_key took 171.70ms
2026-07-31 00:48:21,851 | blacklist took 171.88ms
2026-07-31 00:48:21,851 | log_requests took 172.03ms
2026-07-31 00:48:21,851 | timing took 172.13ms
2026-07-31 00:48:21,853 | authorization took 0.72ms
2026-07-31 00:48:21,854 | check_api_key took 0.86ms
2026-07-31 00:48:21,854 | blacklist took 1.10ms
2026-07-31 00:48:21,854 | log_requests took 1.22ms
2026-07-31 00:48:21,854 | timing took 1.33ms
2026-07-31 00:48:22,028 | authorization took 172.22ms
2026-07-31 00:48:22,028 | check_api_key took 172.37ms
2026-07-31 00:48:22,028 | blacklist took 172.57ms
2026-07-31 00:48:22,028 | log_requests took 172.71ms
2026-07-31 00:48:22,028 | timing took 172.80ms
2026-07-31 00:48:22,201 | authorization took 171.65ms
2026-07-31 00:48:22,201 | check_api_key took 171.80ms
2026-07-31 00:48:22,201 | blacklist took 172.04ms
2026-07-31 00:48:22,201 | log_requests took 172.19ms
2026-07-31 00:48:22,201 | timing took 172.30ms
2026-07-31 00:48:22,376 | authorization took 173.07ms
2026-07-31 00:48:22,377 | check_api_key took 173.23ms
2026-07-31 00:48:22,377 | blacklist took 173.45ms
2026-07-31 00:48:22,377 | log_requests took 173.59ms
2026-07-31 00:48:22,377 | timing took 173.70ms
2026-07-31 00:48:22,548 | authorization took 170.03ms
2026-07-31 00:48:22,548 | check_api_key took 170.20ms
2026-07-31 00:48:22,548 | blacklist took 170.47ms
2026-07-31 00:48:22,548 | log_requests took 170.61ms
2026-07-31 00:48:22,548 | timing took 170.71ms
2026-07-31 00:48:22,721 | authorization took 170.23ms
2026-07-31 00:48:22,721 | check_api_key took 170.38ms
2026-07-31 00:48:22,721 | blacklist took 170.63ms
2026-07-31 00:48:22,721 | log_requests took 170.77ms
2026-07-31 00:48:22,722 | timing took 170.87ms
2026-07-31 00:48:22,725 | authorization took 1.82ms
2026-07-31 00:48:22,725 | check_api_key took 2.21ms
2026-07-31 00:48:22,725 | blacklist took 2.44ms
2026-07-31 00:48:22,725 | log_requests took 2.58ms
2026-07-31 00:48:22,725 | timing took 2.70ms
2026-07-31 00:48:22,727 | authorization took 0.54ms
2026-07-31 00:48:22,727 | check_api_key took 0.65ms
2026-07-31 00:48:22,727 | blacklist took 0.84ms
2026-07-31 00:48:22,727 | log_requests took 0.96ms
2026-07-31 00:48:22,727 | timing took 1.06ms
2026-07-31 00:48:22,899 | authorization took 170.18ms
2026-07-31 00:48:22,899 | check_api_key took 170.32ms
2026-07-31 00:48:22,899 | blacklist took 170.51ms
2026-07-31 00:48:22,899 | log_requests took 170.64ms
2026-07-31 00:48:22,899 | timing took 170.74ms
2026-07-31 00:48:22,902 | authorization took 0.61ms
2026-07-31 00:48:22,902 | check_api_key took 0.74ms
2026-07-31 00:48:22,902 | blacklist took 0.98ms
2026-07-31 00:48:22,902 | log_requests took 1.11ms
2026-07-31 00:48:22,902 | timing took 1.21ms
2026-07-31 00:48:22,906 | authorization took 2.10ms
2026-07-31 00:48:22,906 | check_api_key took 2.20ms
2026-07-31 00:48:22,906 | blacklist took 2.38ms
2026-07-31 00:48:22,906 | log_requests took 2.50ms
2026-07-31 00:48:22,906 | timing took 2.59ms
2026-07-31 00:48:22,909 | authorization took 1.24ms
2026-07-31 00:48:22,909 | check_api_key took 1.35ms
2026-07-31 00:48:22,909 | blacklist took 1.54ms
2026-07-31 00:48:22,909 | log_requests took 1.66ms
2026-07-31 00:48:22,909 | timing took 1.76ms
2026-07-31 00:48:23,079 | authorization took 169.17ms
2026-07-31 00:48:23,079 | check_api_key took 169.44ms
2026-07-31 00:48:23,079 | blacklist took 169.64ms
2026-07-31 00:48:23,079 | log_requests took 169.77ms
2026-07-31 00:48:23,079 | timing took 169.87ms
2026-07-31 00:48:23,081 | authorization took 0.59ms
2026-07-31 00:48:23,081 | check_api_key took 0.70ms
2026-07-31 00:48:23,081 | blacklist took 0.91ms
2026-07-31 00:48:23,081 | log_requests took 1.03ms
2026-07-31 00:48:23,081 | timing took 1.12ms
2026-07-31 00:48:23,253 | authorization took 170.25ms
2026-07-31 00:48:23,254 | check_api_key took 170.39ms
2026-07-31 00:48:23,254 | blacklist took 170.58ms
2026-07-31 00:48:23,254 | log_requests took 170.72ms
2026-07-31 00:48:23,254 | timing took 170.81ms
2026-07-31 00:48:23,256 | authorization took 0.90ms
2026-07-31 00:48:23,256 | check_api_key took 1.02ms
2026-07-31 00:48:23,256 | blacklist took 1.23ms
2026-07-31 00:48:23,256 | log_requests took 1.36ms
2026-07-31 00:48:23,256 | timing took 1.45ms
2026-07-31 00:48:23,259 | authorization took 1.60ms
2026-07-31 00:48:23,259 | check_api_key took 1.84ms
2026-07-31 00:48:23,259 | blacklist took 2.03ms
2026-07-31 00:48:23,259 | log_requests took 2.15ms
2026-07-31 00:48:23,259 | timing took 2.23ms
2026-07-31 00:48:23,261 | authorization took 1.20ms
2026-07-31 00:48:23,261 | check_api_key took 1.30ms
2026-07-31 00:48:23,261 | blacklist took 1.48ms
2026-07-31 00:48:23,261 | log_requests took 1.60ms
2026-07-31 00:48:23,261 | timing took 1.70ms
2026-07-31 00:48:23,264 | authorization took 0.75ms
2026-07-31 00:48:23,264 | check_api_key took 0.85ms
2026-07-31 00:48:23,264 | blacklist took 1.03ms
2026-07-31 00:48:23,264 | log_requests took 1.15ms
2026-07-31 00:48:23,264 | timing took 1.24ms
2026-07-31 00:48:23,266 | authorization took 0.68ms
2026-07-31 00:48:23,266 | check_api_key took 0.77ms
2026-07-31 00:48:23,266 | blacklist took 0.94ms
2026-07-31 00:48:23,266 | log_requests took 1.05ms
2026-07-31 00:48:23,266 | timing took 1.14ms
2026-07-31 00:48:23,269 | authorization took 1.04ms
2026-07-31 00:48:23,269 | check_api_key took 1.14ms
2026-07-31 00:48:23,269 | blacklist took 1.32ms
2026-07-31 00:48:23,269 | log_requests took 1.43ms
2026-07-31 00:48:23,269 | timing took 1.52ms
2026-07-31 00:48:23,271 | authorization took 0.65ms
2026-07-31 00:48:23,271 | check_api_key took 0.75ms
2026-07-31 00:48:23,271 | blacklist took 0.93ms
2026-07-31 00:48:23,272 | log_requests took 1.04ms
2026-07-31 00:48:23,272 | timing took 1.13ms
2026-07-31 00:48:23,274 | authorization took 0.81ms
2026-07-31 00:48:23,274 | check_api_key took 0.91ms
2026-07-31 00:48:23,274 | blacklist took 1.08ms
2026-07-31 00:48:23,274 | log_requests took 1.19ms
2026-07-31 00:48:23,274 | timing took 1.28ms
2026-07-31 00:48:23,278 | authorization took 2.71ms
2026-07-31 00:48:23,278 | check_api_key took 2.80ms
2026-07-31 00:48:23,278 | blacklist took 2.97ms
2026-07-31 00:48:23,278 | log_requests took 3.09ms
2026-07-31 00:48:23,279 | timing took 3.17ms
2026-07-31 00:48:23,282 | authorization took 2.05ms
2026-07-31 00:48:23,282 | check_api_key took 2.16ms
2026-07-31 00:48:23,282 | blacklist took 2.35ms
2026-07-31 00:48:23,282 | log_requests took 2.48ms
2026-07-31 00:48:23,282 | timing took 2.57ms
2026-07-31 00:48:23,284 | authorization took 0.77ms
2026-07-31 00:48:23,284 | check_api_key took 0.87ms
2026-07-31 00:48:23,284 | blacklist took 1.07ms
2026-07-31 00:48:23,284 | log_requests took 1.18ms
2026-07-31 00:48:23,284 | timing took 1.28ms
2026-07-31 00:48:23,286 | check_api_key took 0.02ms
2026-07-31 00:48:23,286 | blacklist took 0.20ms
2026-07-31 00:48:23,286 | log_requests took 0.32ms
2026-07-31 00:48:23,286 | timing took 0.47ms
2026-07-31 00:48:23,290 | authorization took 1.79ms
2026-07-31 00:48:23,290 | check_api_key took 1.89ms
2026-07-31 00:48:23,290 | blacklist took 2.08ms
2026-07-31 00:48:23,290 | log_requests took 2.19ms
2026-07-31 00:48:23,290 | timing took 2.28ms
2026-07-31 00:48:23,293 | authorization took 1.69ms
2026-07-31 00:48:23,293 | check_api_key took 1.78ms
2026-07-31 00:48:23,293 | blacklist took 1.96ms
2026-07-31 00:48:23,293 | log_requests took 2.07ms
2026-07-31 00:48:23,293 | timing took 2.15ms
2026-07-31 00:48:23,302 | authorization took 8.17ms
2026-07-31 00:48:23,302 | check_api_key took 8.42ms
2026-07-31 00:48:23,302 | blacklist took 8.60ms
2026-07-31 00:48:23,302 | log_requests took 8.71ms
2026-07-31 00:48:23,302 | timing took 8.80ms
2026-07-31 00:48:23,474 | authorization took 169.58ms
2026-07-31 00:48:23,474 | check_api_key took 169.72ms
2026-07-31 00:48:23,474 | blacklist took 169.93ms
2026-07-31 00:48:23,474 | log_requests took 170.06ms
2026-07-31 00:48:23,474 | timing took 170.15ms
2026-07-31 00:48:23,477 | authorization took 1.64ms
2026-07-31 00:48:23,477 | check_api_key took 1.98ms
2026-07-31 00:48:23,477 | blacklist took 2.19ms
2026-07-31 00:48:23,477 | log_requests took 2.30ms
2026-07-31 00:48:23,477 | timing took 2.39ms
2026-07-31 00:48:23,481 | authorization took 1.91ms
2026-07-31 00:48:23,481 | check_api_key took 2.00ms
2026-07-31 00:48:23,481 | blacklist took 2.18ms
2026-07-31 00:48:23,481 | log_requests took 2.29ms
2026-07-31 00:48:23,481 | timing took 2.38ms
2026-07-31 00:48:23,484 | authorization took 2.02ms
2026-07-31 00:48:23,485 | check_api_key took 2.11ms
2026-07-31 00:48:23,485 | blacklist took 2.33ms
2026-07-31 00:48:23,485 | log_requests took 2.46ms
2026-07-31 00:48:23,485 | timing took 2.55ms
2026-07-31 00:48:23,487 | authorization took 1.71ms
2026-07-31 00:48:23,488 | check_api_key took 1.82ms
2026-07-31 00:48:23,488 | blacklist took 2.04ms
2026-07-31 00:48:23,488 | log_requests took 2.16ms
2026-07-31 00:48:23,488 | timing took 2.26ms
2026-07-31 00:48:23,490 | authorization took 1.69ms
2026-07-31 00:48:23,490 | check_api_key took 1.79ms
2026-07-31 00:48:23,491 | blacklist took 1.97ms
2026-07-31 00:48:23,491 | log_requests took 2.08ms
2026-07-31 00:48:23,491 | timing took 2.17ms
2026-07-31 00:48:23,493 | authorization took 1.61ms
2026-07-31 00:48:23,493 | check_api_key took 1.70ms
2026-07-31 00:48:23,493 | blacklist took 1.88ms
2026-07-31 00:48:23,493 | log_requests took 1.99ms
2026-07-31 00:48:23,493 | timing took 2.08ms
2026-07-31 00:48:23,497 | authorization took 2.35ms
2026-07-31 00:48:23,497 | check_api_key took 2.58ms
2026-07-31 00:48:23,497 | blacklist took 2.75ms
2026-07-31 00:48:23,497 | log_requests took 2.87ms
2026-07-31 00:48:23,497 | timing took 2.96ms
2026-07-31 00:48:23,500 | authorization took 1.60ms
2026-07-31 00:48:23,500 | check_api_key took 1.69ms
2026-07-31 00:48:23,501 | blacklist took 1.89ms
2026-07-31 00:48:23,501 | log_requests took 2.02ms
2026-07-31 00:48:23,501 | timing took 2.11ms
2026-07-31 00:48:23,504 | authorization took 2.30ms
2026-07-31 00:48:23,504 | check_api_key took 2.42ms
2026-07-31 00:48:23,504 | blacklist took 2.60ms
2026-07-31 00:48:23,504 | log_requests took 2.72ms
2026-07-31 00:48:23,504 | timing took 2.81ms
2026-07-31 00:48:23,509 | authorization took 3.63ms
2026-07-31 00:48:23,509 | check_api_key took 3.73ms
2026-07-31 00:48:23,509 | blacklist took 3.94ms
2026-07-31 00:48:23,509 | log_requests took 4.06ms
2026-07-31 00:48:23,509 | timing took 4.15ms
2026-07-31 00:48:23,512 | authorization took 2.04ms
2026-07-31 00:48:23,512 | check_api_key took 2.14ms
2026-07-31 00:48:23,512 | blacklist took 2.34ms
2026-07-31 00:48:23,512 | log_requests took 2.46ms
2026-07-31 00:48:23,512 | timing took 2.54ms
2026-07-31 00:48:23,515 | authorization took 1.65ms
2026-07-31 00:48:23,515 | check_api_key took 1.74ms
2026-07-31 00:48:23,515 | blacklist took 1.94ms
2026-07-31 00:48:23,515 | log_requests took 2.05ms
2026-07-31 00:48:23,515 | timing took 2.13ms
2026-07-31 00:48:23,519 | authorization took 2.34ms
2026-07-31 00:48:23,519 | check_api_key took 2.58ms
2026-07-31 00:48:23,519 | blacklist took 2.77ms
2026-07-31 00:48:23,519 | log_requests took 2.90ms
2026-07-31 00:48:23,519 | timing took 2.98ms
2026-07-31 00:48:23,522 | authorization took 2.16ms
2026-07-31 00:48:23,522 | check_api_key took 2.40ms
2026-07-31 00:48:23,522 | blacklist took 2.57ms
2026-07-31 00:48:23,522 | log_requests took 2.69ms
2026-07-31 00:48:23,522 | timing took 2.77ms
2026-07-31 00:48:23,526 | authorization took 1.69ms
2026-07-31 00:48:23,526 | check_api_key took 1.78ms
2026-07-31 00:48:23,526 | blacklist took 1.95ms
2026-07-31 00:48:23,526 | log_requests took 2.06ms
2026-07-31 00:48:23,526 | timing took 2.14ms
2026-07-31 00:48:23,529 | authorization took 1.63ms
2026-07-31 00:48:23,529 | check_api_key took 1.72ms
2026-07-31 00:48:23,529 | blacklist took 1.89ms
2026-07-31 00:48:23,529 | log_requests took 2.01ms
2026-07-31 00:48:23,529 | timing took 2.11ms
2026-07-31 00:48:23,531 | authorization took 1.58ms
2026-07-31 00:48:23,531 | check_api_key took 1.68ms
2026-07-31 00:48:23,532 | blacklist took 1.83ms
2026-07-31 00:48:23,532 | log_requests took 1.94ms
2026-07-31 00:48:23,532 | timing took 2.03ms
2026-07-31 00:48:23,535 | authorization took 2.02ms
2026-07-31 00:48:23,535 | check_api_key took 2.25ms
2026-07-31 00:48:23,535 | blacklist took 2.42ms
2026-07-31 00:48:23,535 | log_requests took 2.55ms
2026-07-31 00:48:23,535 | timing took 2.63ms
2026-07-31 00:48:23,538 | authorization took 1.40ms
2026-07-31 00:48:23,539 | check_api_key took 1.67ms
2026-07-31 00:48:23,539 | blacklist took 1.91ms
2026-07-31 00:48:23,539 | log_requests took 2.03ms
2026-07-31 00:48:23,539 | timing took 2.13ms
2026-07-31 00:48:23,541 | authorization took 0.50ms
2026-07-31 00:48:23,541 | check_api_key took 0.59ms
2026-07-31 00:48:23,541 | blacklist took 0.77ms
2026-07-31 00:48:23,541 | log_requests took 0.88ms
2026-07-31 00:48:23,541 | timing took 0.97ms
2026-07-31 00:48:23,543 | authorization took 0.29ms
2026-07-31 00:48:23,543 | check_api_key took 0.39ms
2026-07-31 00:48:23,543 | blacklist took 0.57ms
2026-07-31 00:48:23,543 | log_requests took 0.68ms
2026-07-31 00:48:23,543 | timing took 0.77ms
2026-07-31 00:48:23,545 | authorization took 0.23ms
2026-07-31 00:48:23,545 | check_api_key took 0.33ms
2026-07-31 00:48:23,545 | blacklist took 0.51ms
2026-07-31 00:48:23,545 | log_requests took 0.63ms
2026-07-31 00:48:23,545 | timing took 0.72ms
2026-07-31 00:48:23,547 | authorization took 0.23ms
2026-07-31 00:48:23,547 | check_api_key took 0.33ms
2026-07-31 00:48:23,547 | blacklist took 0.50ms
2026-07-31 00:48:23,547 | log_requests took 0.62ms
2026-07-31 00:48:23,547 | timing took 0.71ms
2026-07-31 00:48:23,549 | authorization took 0.29ms
2026-07-31 00:48:23,549 | check_api_key took 0.38ms
2026-07-31 00:48:23,549 | blacklist took 0.56ms
2026-07-31 00:48:23,549 | log_requests took 0.67ms
2026-07-31 00:48:23,549 | timing took 0.76ms
2026-07-31 00:48:23,553 | authorization took 2.09ms
2026-07-31 00:48:23,553 | check_api_key took 2.20ms
2026-07-31 00:48:23,553 | blacklist took 2.37ms
2026-07-31 00:48:23,553 | log_requests took 2.50ms
2026-07-31 00:48:23,553 | timing took 2.60ms
2026-07-31 00:48:23,555 | authorization took 1.14ms
2026-07-31 00:48:23,555 | check_api_key took 1.25ms
2026-07-31 00:48:23,555 | blacklist took 1.45ms
2026-07-31 00:48:23,556 | log_requests took 1.56ms
2026-07-31 00:48:23,556 | timing took 1.67ms
2026-07-31 00:48:23,559 | authorization took 1.69ms
2026-07-31 00:48:23,559 | check_api_key took 1.79ms
2026-07-31 00:48:23,559 | blacklist took 2.01ms
2026-07-31 00:48:23,559 | log_requests took 2.13ms
2026-07-31 00:48:23,559 | timing took 2.23ms
2026-07-31 00:48:23,561 | authorization took 0.84ms
2026-07-31 00:48:23,561 | check_api_key took 0.93ms
2026-07-31 00:48:23,561 | blacklist took 1.09ms
2026-07-31 00:48:23,561 | log_requests took 1.20ms
2026-07-31 00:48:23,562 | timing took 1.29ms
2026-07-31 00:48:23,563 | check_api_key took 0.01ms
2026-07-31 00:48:23,563 | blacklist took 0.19ms
2026-07-31 00:48:23,563 | log_requests took 0.30ms
2026-07-31 00:48:23,563 | timing took 0.39ms
2026-07-31 00:48:23,565 | check_api_key took 0.12ms
2026-07-31 00:48:23,565 | blacklist took 0.28ms
2026-07-31 00:48:23,565 | log_requests took 0.39ms
2026-07-31 00:48:23,565 | timing took 0.48ms
2026-07-31 00:48:23,568 | authorization took 1.58ms
2026-07-31 00:48:23,568 | check_api_key took 1.80ms
2026-07-31 00:48:23,568 | blacklist took 1.98ms
2026-07-31 00:48:23,568 | log_requests took 2.09ms
2026-07-31 00:48:23,568 | timing took 2.18ms
2026-07-31 00:48:23,570 | check_api_key took 0.11ms
2026-07-31 00:48:23,570 | blacklist took 0.29ms
2026-07-31 00:48:23,570 | log_requests took 0.39ms
2026-07-31 00:48:23,570 | timing took 0.48ms
2026-07-31 00:48:23,572 | blacklist took 0.10ms
2026-07-31 00:48:23,572 | log_requests took 0.22ms
2026-07-31 00:48:23,572 | timing took 0.30ms
2026-07-31 00:48:23,575 | authorization took 1.26ms
2026-07-31 00:48:23,575 | check_api_key took 1.46ms
2026-07-31 00:48:23,575 | blacklist took 1.64ms
2026-07-31 00:48:23,575 | log_requests took 1.75ms
2026-07-31 00:48:23,575 | timing took 1.84ms
2026-07-31 00:48:23,579 | authorization took 1.26ms
2026-07-31 00:48:23,579 | check_api_key took 1.46ms
2026-07-31 00:48:23,579 | blacklist took 1.63ms
2026-07-31 00:48:23,579 | log_requests took 1.74ms
2026-07-31 00:48:23,579 | timing took 1.82ms
2026-07-31 00:48:23,580 | blacklist took 0.08ms
2026-07-31 00:48:23,580 | log_requests took 0.20ms
2026-07-31 00:48:23,580 | timing took 0.28ms
2026-07-31 00:48:23,582 | authorization took 1.27ms
2026-07-31 00:48:23,582 | check_api_key took 1.49ms
2026-07-31 00:48:23,582 | blacklist took 1.66ms
2026-07-31 00:48:23,582 | log_requests took 1.78ms
2026-07-31 00:48:23,583 | timing took 1.86ms
2026-07-31 00:48:23,584 | blacklist took 0.08ms
2026-07-31 00:48:23,584 | log_requests took 0.20ms
2026-07-31 00:48:23,584 | timing took 0.28ms
2026-07-31 00:48:23,586 | blacklist took 0.09ms
2026-07-31 00:48:23,586 | log_requests took 0.20ms
2026-07-31 00:48:23,586 | timing took 0.29ms
2026-07-31 00:48:23,588 | authorization took 0.30ms
2026-07-31 00:48:23,588 | check_api_key took 0.39ms
2026-07-31 00:48:23,588 | blacklist took 0.57ms
2026-07-31 00:48:23,588 | log_requests took 0.68ms
2026-07-31 00:48:23,588 | timing took 0.77ms
2026-07-31 00:48:23,590 | check_api_key took 0.01ms
2026-07-31 00:48:23,590 | blacklist took 0.18ms
2026-07-31 00:48:23,590 | log_requests took 0.29ms
2026-07-31 00:48:23,590 | timing took 0.38ms
2026-07-31 00:48:23,593 | authorization took 1.87ms
2026-07-31 00:48:23,593 | check_api_key took 1.97ms
2026-07-31 00:48:23,593 | blacklist took 2.15ms
2026-07-31 00:48:23,593 | log_requests took 2.26ms
2026-07-31 00:48:23,593 | timing took 2.34ms
2026-07-31 00:48:23,596 | authorization took 1.22ms
2026-07-31 00:48:23,596 | check_api_key took 1.32ms
2026-07-31 00:48:23,596 | blacklist took 1.50ms
2026-07-31 00:48:23,596 | log_requests took 1.63ms
2026-07-31 00:48:23,596 | timing took 1.74ms
2026-07-31 00:48:23,599 | authorization took 1.58ms
2026-07-31 00:48:23,599 | check_api_key took 1.68ms
2026-07-31 00:48:23,599 | blacklist took 1.85ms
2026-07-31 00:48:23,599 | log_requests took 1.97ms
2026-07-31 00:48:23,599 | timing took 2.05ms
2026-07-31 00:48:23,601 | authorization took 1.10ms
2026-07-31 00:48:23,601 | check_api_key took 1.20ms
2026-07-31 00:48:23,601 | blacklist took 1.37ms
2026-07-31 00:48:23,601 | log_requests took 1.48ms
2026-07-31 00:48:23,601 | timing took 1.58ms
2026-07-31 00:48:23,603 | authorization took 0.34ms
2026-07-31 00:48:23,603 | check_api_key took 0.43ms
2026-07-31 00:48:23,603 | blacklist took 0.62ms
2026-07-31 00:48:23,603 | log_requests took 0.73ms
2026-07-31 00:48:23,603 | timing took 0.83ms
2026-07-31 00:48:23,604 | authorization took 0.30ms
2026-07-31 00:48:23,604 | check_api_key took 0.39ms
2026-07-31 00:48:23,604 | blacklist took 0.57ms
2026-07-31 00:48:23,604 | log_requests took 0.68ms
2026-07-31 00:48:23,604 | timing took 0.77ms
2026-07-31 00:48:23,608 | authorization took 1.88ms
2026-07-31 00:48:23,608 | check_api_key took 1.97ms
2026-07-31 00:48:23,608 | blacklist took 2.15ms
2026-07-31 00:48:23,608 | log_requests took 2.26ms
2026-07-31 00:48:23,608 | timing took 2.35ms
2026-07-31 00:48:23,610 | authorization took 1.37ms
2026-07-31 00:48:23,610 | check_api_key took 1.47ms
2026-07-31 00:48:23,610 | blacklist took 1.65ms
2026-07-31 00:48:23,610 | log_requests took 1.77ms
2026-07-31 00:48:23,611 | timing took 1.88ms
2026-07-31 00:48:23,613 | authorization took 1.13ms
2026-07-31 00:48:23,613 | check_api_key took 1.35ms
2026-07-31 00:48:23,613 | blacklist took 1.53ms
2026-07-31 00:48:23,613 | log_requests took 1.64ms
2026-07-31 00:48:23,613 | timing took 1.74ms
2026-07-31 00:48:23,614 | authorization took 0.43ms
2026-07-31 00:48:23,614 | check_api_key took 0.53ms
2026-07-31 00:48:23,614 | blacklist took 0.70ms
2026-07-31 00:48:23,614 | log_requests took 0.81ms
2026-07-31 00:48:23,614 | timing took 0.90ms
2026-07-31 00:48:23,618 | authorization took 1.69ms
2026-07-31 00:48:23,618 | check_api_key took 1.78ms
2026-07-31 00:48:23,618 | blacklist took 1.96ms
2026-07-31 00:48:23,618 | log_requests took 2.09ms
2026-07-31 00:48:23,618 | timing took 2.19ms
2026-07-31 00:48:23,620 | authorization took 1.10ms
2026-07-31 00:48:23,620 | check_api_key took 1.20ms
2026-07-31 00:48:23,620 | blacklist took 1.39ms
2026-07-31 00:48:23,620 | log_requests took 1.51ms
2026-07-31 00:48:23,620 | timing took 1.60ms
2026-07-31 00:48:23,623 | authorization took 1.73ms
2026-07-31 00:48:23,623 | check_api_key took 1.95ms
2026-07-31 00:48:23,623 | blacklist took 2.14ms
2026-07-31 00:48:23,623 | log_requests took 2.25ms
2026-07-31 00:48:23,623 | timing took 2.34ms
2026-07-31 00:48:23,625 | authorization took 1.04ms
2026-07-31 00:48:23,625 | check_api_key took 1.14ms
2026-07-31 00:48:23,625 | blacklist took 1.32ms
2026-07-31 00:48:23,625 | log_requests took 1.43ms
2026-07-31 00:48:23,626 | timing took 1.53ms
2026-07-31 00:48:23,629 | authorization took 1.70ms
2026-07-31 00:48:23,629 | check_api_key took 1.80ms
2026-07-31 00:48:23,629 | blacklist took 1.98ms
2026-07-31 00:48:23,629 | log_requests took 2.10ms
2026-07-31 00:48:23,629 | timing took 2.18ms
2026-07-31 00:48:23,631 | authorization took 1.10ms
2026-07-31 00:48:23,631 | check_api_key took 1.20ms
2026-07-31 00:48:23,631 | blacklist took 1.37ms
2026-07-31 00:48:23,631 | log_requests took 1.49ms
2026-07-31 00:48:23,631 | timing took 1.58ms
2026-07-31 00:48:23,633 | authorization took 0.60ms
2026-07-31 00:48:23,633 | check_api_key took 0.83ms
2026-07-31 00:48:23,633 | blacklist took 1.02ms
2026-07-31 00:48:23,633 | log_requests took 1.14ms
2026-07-31 00:48:23,633 | timing took 1.24ms
2026-07-31 00:48:23,805 | authorization took 170.14ms
2026-07-31 00:48:23,805 | check_api_key took 170.28ms
2026-07-31 00:48:23,805 | blacklist took 170.47ms
2026-07-31 00:48:23,805 | log_requests took 170.60ms
2026-07-31 00:48:23,805 | timing took 170.70ms
2026-07-31 00:48:23,976 | authorization took 169.70ms
2026-07-31 00:48:23,976 | check_api_key took 169.85ms
2026-07-31 00:48:23,976 | blacklist took 170.10ms
2026-07-31 00:48:23,977 | log_requests took 170.24ms
2026-07-31 00:48:23,977 | timing took 170.35ms
2026-07-31 00:48:24,145 | authorization took 167.55ms
2026-07-31 00:48:24,145 | check_api_key took 167.72ms
2026-07-31 00:48:24,145 | blacklist took 167.95ms
2026-07-31 00:48:24,145 | log_requests took 168.08ms
2026-07-31 00:48:24,146 | timing took 168.19ms
2026-07-31 00:48:24,577 | authorization took 9.39ms
2026-07-31 00:48:24,577 | check_api_key took 9.59ms
2026-07-31 00:48:24,577 | blacklist took 9.90ms
2026-07-31 00:48:24,577 | log_requests took 10.08ms
2026-07-31 00:48:24,577 | timing took 10.20ms
2026-07-31 00:48:24,582 | authorization took 2.59ms
2026-07-31 00:48:24,582 | check_api_key took 2.76ms
2026-07-31 00:48:24,582 | blacklist took 3.00ms
2026-07-31 00:48:24,582 | log_requests took 3.15ms
2026-07-31 00:48:24,582 | timing took 3.26ms
2026-07-31 00:49:17,316 | authorization took 28.67ms
2026-07-31 00:49:17,316 | check_api_key took 29.30ms
2026-07-31 00:49:17,316 | blacklist took 30.26ms
2026-07-31 00:49:17,317 | log_requests took 30.69ms
2026-07-31 00:49:17,317 | timing took 31.00ms
2026-07-31 00:49:17,421 | check_api_key took 0.14ms
2026-07-31 00:49:17,422 | blacklist took 1.13ms
2026-07-31 00:49:17,422 | log_requests took 1.52ms
2026-07-31 00:49:17,422 | timing took 1.91ms
2026-07-31 00:49:21,214 | check_api_key took 1.39ms
2026-07-31 00:49:21,215 | blacklist took 3.36ms
2026-07-31 00:49:21,215 | log_requests took 3.86ms
2026-07-31 00:49:21,215 | timing took 4.36ms
2026-07-31 00:51:41,020 | authorization took 33.95ms
2026-07-31 00:51:41,021 | check_api_key took 35.52ms
2026-07-31 00:51:41,021 | blacklist took 37.61ms
2026-07-31 00:51:41,022 | log_requests took 38.46ms
2026-07-31 00:51:41,022 | timing took 39.51ms
2026-07-31 00:51:41,045 | authorization took 5.06ms
2026-07-31 00:51:41,045 | check_api_key took 5.32ms
2026-07-31 00:51:41,045 | blacklist took 5.85ms
2026-07-31 00:51:41,045 | log_requests took 6.09ms
2026-07-31 00:51:41,045 | timing took 6.30ms
2026-07-31 00:51:41,069 | authorization took 7.10ms
2026-07-31 00:51:41,069 | check_api_key took 7.43ms
2026-07-31 00:51:41,069 | blacklist took 8.22ms
2026-07-31 00:51:41,069 | log_requests took 8.61ms
2026-07-31 00:51:41,069 | timing took 8.92ms
2026-07-31 00:53:18,352 | authorization took 26.12ms
2026-07-31 00:53:18,352 | check_api_key took 26.63ms
2026-07-31 00:53:18,353 | blacklist took 27.33ms
2026-07-31 00:53:18,353 | log_requests took 27.76ms
2026-07-31 00:53:18,353 | timing took 28.05ms
2026-07-31 00:53:18,400 | authorization took 0.17ms
2026-07-31 00:53:18,400 | check_api_key took 0.41ms
2026-07-31 00:53:18,400 | blacklist took 2.73ms
2026-07-31 00:53:18,403 | log_requests took 5.30ms
2026-07-31 00:53:18,403 | timing took 6.16ms
2026-07-31 00:53:18,479 | authorization took 0.31ms
2026-07-31 00:53:18,479 | check_api_key took 0.77ms
2026-07-31 00:53:18,480 | blacklist took 1.33ms
2026-07-31 00:53:18,480 | log_requests took 1.61ms
2026-07-31 00:53:18,480 | timing took 1.83ms
2026-07-31 00:53:59,409 | authorization took 38.80ms
2026-07-31 00:53:59,410 | check_api_key took 39.43ms
2026-07-31 00:53:59,410 | blacklist took 40.90ms
2026-07-31 00:53:59,410 | log_requests took 41.56ms
2026-07-31 00:53:59,410 | timing took 41.91ms
2026-07-31 00:53:59,458 | authorization took 9.58ms
2026-07-31 00:53:59,458 | check_api_key took 9.99ms
2026-07-31 00:53:59,458 | blacklist took 12.10ms
2026-07-31 00:53:59,459 | log_requests took 12.81ms
2026-07-31 00:53:59,459 | timing took 13.28ms
2026-07-31 00:54:11,938 | authorization took 23.88ms
2026-07-31 00:54:11,939 | check_api_key took 25.07ms
2026-07-31 00:54:11,939 | blacklist took 26.22ms
2026-07-31 00:54:11,940 | log_requests took 26.81ms
2026-07-31 00:54:11,940 | timing took 27.30ms
2026-07-31 00:54:18,801 | authorization took 9.55ms
2026-07-31 00:54:18,803 | check_api_key took 15.08ms
2026-07-31 00:54:18,803 | blacklist took 26.15ms
2026-07-31 00:54:18,803 | log_requests took 28.15ms
2026-07-31 00:54:18,803 | timing took 29.31ms
2026-07-31 00:54:23,915 | authorization took 39.92ms
2026-07-31 00:54:23,915 | check_api_key took 40.76ms
2026-07-31 00:54:23,916 | blacklist took 42.64ms
2026-07-31 00:54:23,916 | log_requests took 43.37ms
2026-07-31 00:54:23,916 | timing took 43.92ms
2026-07-31 00:54:23,971 | authorization took 1.15ms
2026-07-31 00:54:23,971 | check_api_key took 1.70ms
2026-07-31 00:54:23,972 | blacklist took 3.10ms
2026-07-31 00:54:23,972 | log_requests took 7.32ms
2026-07-31 00:54:23,972 | timing took 7.76ms
2026-07-31 00:56:24,914 | authorization took 56.37ms
2026-07-31 00:56:24,915 | check_api_key took 56.99ms
2026-07-31 00:56:24,915 | blacklist took 58.45ms
2026-07-31 00:56:24,915 | log_requests took 58.84ms
2026-07-31 00:56:24,915 | timing took 59.10ms
2026-07-31 00:56:29,833 | authorization took 5.28ms
2026-07-31 00:56:29,834 | check_api_key took 7.37ms
2026-07-31 00:56:29,834 | blacklist took 9.47ms
2026-07-31 00:56:29,835 | log_requests took 10.44ms
2026-07-31 00:56:29,836 | timing took 12.33ms
2026-07-31 00:56:56,157 | authorization took 4.05ms
2026-07-31 00:56:56,159 | check_api_key took 9.71ms
2026-07-31 00:56:56,159 | blacklist took 45.28ms
2026-07-31 00:56:56,160 | log_requests took 46.28ms
2026-07-31 00:56:56,161 | timing took 47.04ms
2026-07-31 00:57:01,917 | authorization took 36.29ms
2026-07-31 00:57:01,918 | check_api_key took 36.73ms
2026-07-31 00:57:01,918 | blacklist took 37.39ms
2026-07-31 00:57:01,918 | log_requests took 37.69ms
2026-07-31 00:57:01,918 | timing took 37.97ms
2026-07-31 00:57:08,747 | authorization took 1.83ms
2026-07-31 00:57:08,748 | check_api_key took 3.93ms
2026-07-31 00:57:08,748 | blacklist took 5.94ms
2026-07-31 00:57:08,749 | log_requests took 6.87ms
2026-07-31 00:57:08,749 | timing took 7.84ms
2026-07-31 00:57:31,497 | authorization took 1.45ms
2026-07-31 00:57:31,498 | check_api_key took 3.25ms
2026-07-31 00:57:31,498 | blacklist took 4.69ms
2026-07-31 00:57:31,499 | log_requests took 5.30ms
2026-07-31 00:57:31,499 | timing took 5.81ms
2026-07-31 00:57:43,674 | authorization took 3.66ms
2026-07-31 00:57:43,675 | check_api_key took 5.13ms
2026-07-31 00:57:43,676 | blacklist took 7.11ms
2026-07-31 00:57:43,676 | log_requests took 7.95ms
2026-07-31 00:57:43,676 | timing took 9.39ms
2026-07-31 00:57:54,209 | authorization took 1.03ms
2026-07-31 00:57:54,210 | check_api_key took 2.13ms
2026-07-31 00:57:54,210 | blacklist took 4.09ms
2026-07-31 00:57:54,210 | log_requests took 4.61ms
2026-07-31 00:57:54,211 | timing took 5.57ms
2026-07-31 00:58:10,747 | authorization took 14.60ms
2026-07-31 00:58:10,748 | check_api_key took 16.06ms
2026-07-31 00:58:10,748 | blacklist took 17.31ms
2026-07-31 00:58:10,748 | log_requests took 17.90ms
2026-07-31 00:58:10,748 | timing took 18.73ms
2026-07-31 00:58:20,154 | authorization took 1.44ms
2026-07-31 00:58:20,154 | check_api_key took 1.93ms
2026-07-31 00:58:20,155 | blacklist took 2.95ms
2026-07-31 00:58:20,155 | log_requests took 3.70ms
2026-07-31 00:58:20,155 | timing took 4.08ms
2026-07-31 01:00:23,228 | authorization took 6.97ms
2026-07-31 01:00:23,229 | check_api_key took 9.02ms
2026-07-31 01:00:23,230 | blacklist took 11.71ms
2026-07-31 01:00:23,230 | log_requests took 12.74ms
2026-07-31 01:00:23,230 | timing took 13.22ms
2026-07-31 01:01:24,124 | check_api_key took 1.19ms
2026-07-31 01:01:24,157 | blacklist took 36.74ms
2026-07-31 01:01:24,159 | log_requests took 39.66ms
2026-07-31 01:01:24,160 | timing took 40.95ms
2026-07-31 01:01:28,237 | authorization took 36.97ms
2026-07-31 01:01:28,237 | check_api_key took 37.89ms
2026-07-31 01:01:28,237 | blacklist took 40.45ms
2026-07-31 01:01:28,237 | log_requests took 40.86ms
2026-07-31 01:01:28,238 | timing took 41.44ms
2026-07-31 01:04:29,365 | check_api_key took 26.32ms
2026-07-31 01:04:29,374 | blacklist took 47.31ms
2026-07-31 01:04:29,377 | log_requests took 50.26ms
2026-07-31 01:04:29,377 | timing took 53.47ms
2026-07-31 01:04:33,653 | authorization took 55.50ms
2026-07-31 01:04:33,654 | check_api_key took 56.39ms
2026-07-31 01:04:33,654 | blacklist took 57.13ms
2026-07-31 01:04:33,654 | log_requests took 57.43ms
2026-07-31 01:04:33,654 | timing took 57.74ms
2026-07-31 01:07:10,151 | authorization took 7.52ms
2026-07-31 01:07:10,151 | check_api_key took 7.70ms
2026-07-31 01:07:10,151 | blacklist took 8.13ms
2026-07-31 01:07:10,152 | log_requests took 8.28ms
2026-07-31 01:07:10,152 | timing took 8.52ms
2026-07-31 01:07:10,172 | authorization took 19.38ms
2026-07-31 01:07:10,172 | check_api_key took 19.52ms
2026-07-31 01:07:10,172 | blacklist took 19.83ms
2026-07-31 01:07:10,173 | log_requests took 19.97ms
2026-07-31 01:07:10,173 | timing took 20.08ms
2026-07-31 01:07:10,178 | authorization took 2.57ms
2026-07-31 01:07:10,178 | check_api_key took 2.72ms
2026-07-31 01:07:10,179 | blacklist took 2.93ms
2026-07-31 01:07:10,179 | log_requests took 3.08ms
2026-07-31 01:07:10,179 | timing took 3.18ms
2026-07-31 01:07:10,182 | authorization took 2.45ms
2026-07-31 01:07:10,182 | check_api_key took 2.72ms
2026-07-31 01:07:10,183 | blacklist took 2.89ms
2026-07-31 01:07:10,183 | log_requests took 3.02ms
2026-07-31 01:07:10,183 | timing took 3.12ms
2026-07-31 01:07:10,184 | authorization took 0.75ms
2026-07-31 01:07:10,184 | check_api_key took 0.87ms
2026-07-31 01:07:10,184 | blacklist took 1.05ms
2026-07-31 01:07:10,185 | log_requests took 1.17ms
2026-07-31 01:07:10,185 | timing took 1.26ms
2026-07-31 01:07:10,188 | authorization took 1.09ms
2026-07-31 01:07:10,188 | check_api_key took 1.32ms
2026-07-31 01:07:10,188 | blacklist took 1.52ms
2026-07-31 01:07:10,188 | log_requests took 1.64ms
2026-07-31 01:07:10,188 | timing took 1.73ms
2026-07-31 01:07:10,191 | authorization took 1.30ms
2026-07-31 01:07:10,191 | check_api_key took 1.43ms
2026-07-31 01:07:10,191 | blacklist took 1.62ms
2026-07-31 01:07:10,191 | log_requests took 1.74ms
2026-07-31 01:07:10,191 | timing took 1.83ms
2026-07-31 01:07:10,194 | authorization took 1.74ms
2026-07-31 01:07:10,194 | check_api_key took 1.84ms
2026-07-31 01:07:10,194 | blacklist took 2.02ms
2026-07-31 01:07:10,195 | log_requests took 2.14ms
2026-07-31 01:07:10,195 | timing took 2.22ms
2026-07-31 01:07:10,198 | authorization took 2.00ms
2026-07-31 01:07:10,198 | check_api_key took 2.10ms
2026-07-31 01:07:10,198 | blacklist took 2.30ms
2026-07-31 01:07:10,198 | log_requests took 2.42ms
2026-07-31 01:07:10,198 | timing took 2.52ms
2026-07-31 01:07:10,200 | authorization took 1.36ms
2026-07-31 01:07:10,200 | check_api_key took 1.46ms
2026-07-31 01:07:10,200 | blacklist took 1.66ms
2026-07-31 01:07:10,200 | log_requests took 1.78ms
2026-07-31 01:07:10,200 | timing took 1.88ms
2026-07-31 01:07:10,205 | authorization took 1.69ms
2026-07-31 01:07:10,205 | check_api_key took 1.79ms
2026-07-31 01:07:10,205 | blacklist took 1.99ms
2026-07-31 01:07:10,205 | log_requests took 2.12ms
2026-07-31 01:07:10,205 | timing took 2.21ms
2026-07-31 01:07:10,209 | authorization took 2.50ms
2026-07-31 01:07:10,209 | check_api_key took 2.62ms
2026-07-31 01:07:10,209 | blacklist took 2.78ms
2026-07-31 01:07:10,209 | log_requests took 2.91ms
2026-07-31 01:07:10,209 | timing took 3.01ms
2026-07-31 01:07:10,213 | authorization took 1.99ms
2026-07-31 01:07:10,213 | check_api_key took 2.10ms
2026-07-31 01:07:10,213 | blacklist took 2.28ms
2026-07-31 01:07:10,213 | log_requests took 2.41ms
2026-07-31 01:07:10,213 | timing took 2.50ms
2026-07-31 01:07:10,216 | authorization took 1.84ms
2026-07-31 01:07:10,216 | check_api_key took 1.94ms
2026-07-31 01:07:10,216 | blacklist took 2.14ms
2026-07-31 01:07:10,216 | log_requests took 2.25ms
2026-07-31 01:07:10,216 | timing took 2.34ms
2026-07-31 01:07:10,219 | authorization took 1.76ms
2026-07-31 01:07:10,219 | check_api_key took 1.90ms
2026-07-31 01:07:10,219 | blacklist took 2.13ms
2026-07-31 01:07:10,219 | log_requests took 2.28ms
2026-07-31 01:07:10,219 | timing took 2.40ms
2026-07-31 01:07:10,222 | authorization took 1.67ms
2026-07-31 01:07:10,222 | check_api_key took 1.79ms
2026-07-31 01:07:10,222 | blacklist took 1.98ms
2026-07-31 01:07:10,222 | log_requests took 2.10ms
2026-07-31 01:07:10,222 | timing took 2.21ms
2026-07-31 01:07:10,224 | authorization took 0.67ms
2026-07-31 01:07:10,224 | check_api_key took 0.78ms
2026-07-31 01:07:10,224 | blacklist took 0.98ms
2026-07-31 01:07:10,224 | log_requests took 1.13ms
2026-07-31 01:07:10,224 | timing took 1.24ms
2026-07-31 01:07:10,230 | authorization took 2.00ms
2026-07-31 01:07:10,230 | check_api_key took 2.11ms
2026-07-31 01:07:10,230 | blacklist took 2.32ms
2026-07-31 01:07:10,230 | log_requests took 2.45ms
2026-07-31 01:07:10,230 | timing took 2.55ms
2026-07-31 01:07:10,233 | authorization took 2.09ms
2026-07-31 01:07:10,233 | check_api_key took 2.21ms
2026-07-31 01:07:10,233 | blacklist took 2.41ms
2026-07-31 01:07:10,233 | log_requests took 2.54ms
2026-07-31 01:07:10,233 | timing took 2.63ms
2026-07-31 01:07:10,237 | authorization took 1.86ms
2026-07-31 01:07:10,237 | check_api_key took 1.97ms
2026-07-31 01:07:10,237 | blacklist took 2.17ms
2026-07-31 01:07:10,238 | log_requests took 2.29ms
2026-07-31 01:07:10,238 | timing took 2.39ms
2026-07-31 01:07:10,240 | authorization took 1.50ms
2026-07-31 01:07:10,240 | check_api_key took 1.75ms
2026-07-31 01:07:10,240 | blacklist took 1.94ms
2026-07-31 01:07:10,240 | log_requests took 2.07ms
2026-07-31 01:07:10,241 | timing took 2.17ms
2026-07-31 01:07:10,242 | authorization took 0.59ms
2026-07-31 01:07:10,242 | check_api_key took 0.69ms
2026-07-31 01:07:10,242 | blacklist took 0.88ms
2026-07-31 01:07:10,242 | log_requests took 0.99ms
2026-07-31 01:07:10,242 | timing took 1.09ms
2026-07-31 01:07:10,247 | authorization took 2.55ms
2026-07-31 01:07:10,247 | check_api_key took 2.72ms
2026-07-31 01:07:10,247 | blacklist took 2.98ms
2026-07-31 01:07:10,247 | log_requests took 3.23ms
2026-07-31 01:07:10,247 | timing took 3.37ms
2026-07-31 01:07:10,251 | authorization took 2.31ms
2026-07-31 01:07:10,251 | check_api_key took 2.41ms
2026-07-31 01:07:10,251 | blacklist took 2.64ms
2026-07-31 01:07:10,252 | log_requests took 2.75ms
2026-07-31 01:07:10,252 | timing took 2.84ms
2026-07-31 01:07:10,254 | authorization took 0.89ms
2026-07-31 01:07:10,254 | check_api_key took 1.00ms
2026-07-31 01:07:10,255 | blacklist took 1.21ms
2026-07-31 01:07:10,255 | log_requests took 1.33ms
2026-07-31 01:07:10,255 | timing took 1.44ms
2026-07-31 01:07:10,259 | authorization took 2.36ms
2026-07-31 01:07:10,259 | check_api_key took 2.47ms
2026-07-31 01:07:10,259 | blacklist took 2.65ms
2026-07-31 01:07:10,259 | log_requests took 2.77ms
2026-07-31 01:07:10,259 | timing took 2.87ms
2026-07-31 01:07:10,262 | authorization took 1.58ms
2026-07-31 01:07:10,262 | check_api_key took 1.81ms
2026-07-31 01:07:10,262 | blacklist took 2.00ms
2026-07-31 01:07:10,262 | log_requests took 2.11ms
2026-07-31 01:07:10,262 | timing took 2.21ms
2026-07-31 01:07:10,264 | authorization took 0.64ms
2026-07-31 01:07:10,264 | check_api_key took 0.76ms
2026-07-31 01:07:10,264 | blacklist took 0.95ms
2026-07-31 01:07:10,264 | log_requests took 1.07ms
2026-07-31 01:07:10,264 | timing took 1.16ms
2026-07-31 01:07:10,268 | authorization took 1.99ms
2026-07-31 01:07:10,268 | check_api_key took 2.10ms
2026-07-31 01:07:10,268 | blacklist took 2.29ms
2026-07-31 01:07:10,268 | log_requests took 2.41ms
2026-07-31 01:07:10,268 | timing took 2.51ms
2026-07-31 01:07:10,270 | authorization took 0.61ms
2026-07-31 01:07:10,270 | check_api_key took 0.85ms
2026-07-31 01:07:10,270 | blacklist took 1.04ms
2026-07-31 01:07:10,270 | log_requests took 1.23ms
2026-07-31 01:07:10,270 | timing took 1.38ms
2026-07-31 01:07:10,274 | authorization took 2.94ms
2026-07-31 01:07:10,274 | check_api_key took 3.05ms
2026-07-31 01:07:10,274 | blacklist took 3.24ms
2026-07-31 01:07:10,275 | log_requests took 3.37ms
2026-07-31 01:07:10,275 | timing took 3.47ms
2026-07-31 01:07:10,278 | authorization took 1.94ms
2026-07-31 01:07:10,280 | check_api_key took 3.43ms
2026-07-31 01:07:10,280 | blacklist took 3.66ms
2026-07-31 01:07:10,280 | log_requests took 3.80ms
2026-07-31 01:07:10,280 | timing took 3.90ms
2026-07-31 01:07:10,281 | check_api_key took 0.02ms
2026-07-31 01:07:10,281 | blacklist took 0.20ms
2026-07-31 01:07:10,281 | log_requests took 0.32ms
2026-07-31 01:07:10,281 | timing took 0.41ms
2026-07-31 01:07:10,286 | authorization took 1.61ms
2026-07-31 01:07:10,286 | check_api_key took 1.71ms
2026-07-31 01:07:10,287 | blacklist took 1.90ms
2026-07-31 01:07:10,287 | log_requests took 2.01ms
2026-07-31 01:07:10,287 | timing took 2.10ms
2026-07-31 01:07:10,289 | authorization took 1.52ms
2026-07-31 01:07:10,289 | check_api_key took 1.75ms
2026-07-31 01:07:10,289 | blacklist took 1.93ms
2026-07-31 01:07:10,289 | log_requests took 2.05ms
2026-07-31 01:07:10,290 | timing took 2.16ms
2026-07-31 01:07:10,293 | authorization took 1.84ms
2026-07-31 01:07:10,293 | check_api_key took 1.94ms
2026-07-31 01:07:10,293 | blacklist took 2.14ms
2026-07-31 01:07:10,293 | log_requests took 2.25ms
2026-07-31 01:07:10,293 | timing took 2.34ms
2026-07-31 01:07:10,296 | authorization took 1.50ms
2026-07-31 01:07:10,296 | check_api_key took 1.60ms
2026-07-31 01:07:10,296 | blacklist took 1.78ms
2026-07-31 01:07:10,296 | log_requests took 1.89ms
2026-07-31 01:07:10,296 | timing took 1.99ms
2026-07-31 01:07:10,300 | authorization took 1.64ms
2026-07-31 01:07:10,300 | check_api_key took 1.73ms
2026-07-31 01:07:10,300 | blacklist took 1.92ms
2026-07-31 01:07:10,300 | log_requests took 2.03ms
2026-07-31 01:07:10,300 | timing took 2.12ms
2026-07-31 01:07:10,303 | authorization took 0.64ms
2026-07-31 01:07:10,303 | check_api_key took 0.74ms
2026-07-31 01:07:10,303 | blacklist took 0.94ms
2026-07-31 01:07:10,303 | log_requests took 1.05ms
2026-07-31 01:07:10,303 | timing took 1.15ms
2026-07-31 01:07:10,307 | authorization took 1.97ms
2026-07-31 01:07:10,307 | check_api_key took 2.09ms
2026-07-31 01:07:10,307 | blacklist took 2.28ms
2026-07-31 01:07:10,307 | log_requests took 2.41ms
2026-07-31 01:07:10,307 | timing took 2.49ms
2026-07-31 01:07:10,309 | authorization took 0.60ms
2026-07-31 01:07:10,309 | check_api_key took 0.71ms
2026-07-31 01:07:10,310 | blacklist took 0.89ms
2026-07-31 01:07:10,310 | log_requests took 1.01ms
2026-07-31 01:07:10,310 | timing took 1.10ms
2026-07-31 01:07:10,312 | authorization took 0.77ms
2026-07-31 01:07:10,312 | check_api_key took 0.87ms
2026-07-31 01:07:10,312 | blacklist took 1.07ms
2026-07-31 01:07:10,312 | log_requests took 1.18ms
2026-07-31 01:07:10,312 | timing took 1.27ms
2026-07-31 01:07:10,316 | authorization took 1.60ms
2026-07-31 01:07:10,316 | check_api_key took 1.70ms
2026-07-31 01:07:10,316 | blacklist took 1.89ms
2026-07-31 01:07:10,316 | log_requests took 2.00ms
2026-07-31 01:07:10,316 | timing took 2.10ms
2026-07-31 01:07:10,319 | authorization took 1.75ms
2026-07-31 01:07:10,319 | check_api_key took 1.85ms
2026-07-31 01:07:10,319 | blacklist took 2.04ms
2026-07-31 01:07:10,319 | log_requests took 2.15ms
2026-07-31 01:07:10,319 | timing took 2.25ms
2026-07-31 01:07:10,322 | authorization took 1.69ms
2026-07-31 01:07:10,322 | check_api_key took 1.79ms
2026-07-31 01:07:10,322 | blacklist took 1.97ms
2026-07-31 01:07:10,322 | log_requests took 2.08ms
2026-07-31 01:07:10,322 | timing took 2.17ms
2026-07-31 01:07:10,325 | authorization took 1.46ms
2026-07-31 01:07:10,325 | check_api_key took 1.56ms
2026-07-31 01:07:10,325 | blacklist took 1.72ms
2026-07-31 01:07:10,325 | log_requests took 1.84ms
2026-07-31 01:07:10,325 | timing took 1.93ms
2026-07-31 01:07:10,328 | authorization took 1.62ms
2026-07-31 01:07:10,328 | check_api_key took 1.71ms
2026-07-31 01:07:10,328 | blacklist took 1.88ms
2026-07-31 01:07:10,328 | log_requests took 1.99ms
2026-07-31 01:07:10,328 | timing took 2.08ms
2026-07-31 01:07:10,330 | authorization took 1.06ms
2026-07-31 01:07:10,330 | check_api_key took 1.16ms
2026-07-31 01:07:10,330 | blacklist took 1.33ms
2026-07-31 01:07:10,330 | log_requests took 1.44ms
2026-07-31 01:07:10,330 | timing took 1.53ms
2026-07-31 01:07:10,334 | authorization took 1.79ms
2026-07-31 01:07:10,334 | check_api_key took 1.88ms
2026-07-31 01:07:10,334 | blacklist took 2.07ms
2026-07-31 01:07:10,334 | log_requests took 2.18ms
2026-07-31 01:07:10,334 | timing took 2.27ms
2026-07-31 01:07:10,337 | authorization took 1.52ms
2026-07-31 01:07:10,337 | check_api_key took 1.75ms
2026-07-31 01:07:10,337 | blacklist took 1.92ms
2026-07-31 01:07:10,337 | log_requests took 2.03ms
2026-07-31 01:07:10,337 | timing took 2.13ms
2026-07-31 01:07:10,339 | authorization took 0.88ms
2026-07-31 01:07:10,339 | check_api_key took 0.98ms
2026-07-31 01:07:10,339 | blacklist took 1.16ms
2026-07-31 01:07:10,339 | log_requests took 1.28ms
2026-07-31 01:07:10,339 | timing took 1.37ms
2026-07-31 01:07:10,342 | authorization took 1.83ms
2026-07-31 01:07:10,342 | check_api_key took 1.92ms
2026-07-31 01:07:10,342 | blacklist took 2.11ms
2026-07-31 01:07:10,342 | log_requests took 2.23ms
2026-07-31 01:07:10,343 | timing took 2.33ms
2026-07-31 01:07:10,348 | authorization took 3.23ms
2026-07-31 01:07:10,348 | check_api_key took 3.48ms
2026-07-31 01:07:10,348 | blacklist took 3.71ms
2026-07-31 01:07:10,348 | log_requests took 3.83ms
2026-07-31 01:07:10,348 | timing took 3.92ms
2026-07-31 01:07:10,350 | authorization took 1.55ms
2026-07-31 01:07:10,350 | check_api_key took 1.65ms
2026-07-31 01:07:10,351 | blacklist took 1.85ms
2026-07-31 01:07:10,351 | log_requests took 1.96ms
2026-07-31 01:07:10,351 | timing took 2.06ms
2026-07-31 01:07:10,353 | authorization took 1.47ms
2026-07-31 01:07:10,353 | check_api_key took 1.57ms
2026-07-31 01:07:10,353 | blacklist took 1.75ms
2026-07-31 01:07:10,353 | log_requests took 1.86ms
2026-07-31 01:07:10,353 | timing took 1.96ms
2026-07-31 01:07:10,356 | authorization took 1.52ms
2026-07-31 01:07:10,356 | check_api_key took 1.63ms
2026-07-31 01:07:10,356 | blacklist took 1.83ms
2026-07-31 01:07:10,356 | log_requests took 1.95ms
2026-07-31 01:07:10,356 | timing took 2.05ms
2026-07-31 01:07:10,359 | authorization took 1.78ms
2026-07-31 01:07:10,359 | check_api_key took 1.88ms
2026-07-31 01:07:10,359 | blacklist took 2.05ms
2026-07-31 01:07:10,359 | log_requests took 2.17ms
2026-07-31 01:07:10,360 | timing took 2.25ms
2026-07-31 01:07:10,363 | authorization took 2.64ms
2026-07-31 01:07:10,363 | check_api_key took 2.87ms
2026-07-31 01:07:10,363 | blacklist took 3.06ms
2026-07-31 01:07:10,363 | log_requests took 3.17ms
2026-07-31 01:07:10,364 | timing took 3.26ms
2026-07-31 01:07:10,366 | authorization took 0.71ms
2026-07-31 01:07:10,366 | check_api_key took 0.93ms
2026-07-31 01:07:10,366 | blacklist took 1.12ms
2026-07-31 01:07:10,366 | log_requests took 1.24ms
2026-07-31 01:07:10,366 | timing took 1.33ms
2026-07-31 01:07:10,369 | authorization took 0.71ms
2026-07-31 01:07:10,369 | check_api_key took 0.93ms
2026-07-31 01:07:10,369 | blacklist took 1.12ms
2026-07-31 01:07:10,369 | log_requests took 1.24ms
2026-07-31 01:07:10,369 | timing took 1.32ms
2026-07-31 01:07:10,372 | authorization took 1.16ms
2026-07-31 01:07:10,372 | check_api_key took 1.36ms
2026-07-31 01:07:10,372 | blacklist took 1.53ms
2026-07-31 01:07:10,372 | log_requests took 1.64ms
2026-07-31 01:07:10,372 | timing took 1.73ms
2026-07-31 01:07:10,376 | authorization took 1.77ms
2026-07-31 01:07:10,376 | check_api_key took 2.01ms
2026-07-31 01:07:10,376 | blacklist took 2.17ms
2026-07-31 01:07:10,376 | log_requests took 2.29ms
2026-07-31 01:07:10,376 | timing took 2.38ms
2026-07-31 01:07:10,378 | authorization took 0.01ms
2026-07-31 01:07:10,378 | check_api_key took 0.23ms
2026-07-31 01:07:10,378 | blacklist took 0.42ms
2026-07-31 01:07:10,378 | log_requests took 0.53ms
2026-07-31 01:07:10,378 | timing took 0.63ms
2026-07-31 01:07:10,380 | check_api_key took 0.01ms
2026-07-31 01:07:10,380 | blacklist took 0.19ms
2026-07-31 01:07:10,380 | log_requests took 0.30ms
2026-07-31 01:07:10,380 | timing took 0.39ms
2026-07-31 01:07:10,383 | authorization took 0.01ms
2026-07-31 01:07:10,383 | check_api_key took 0.24ms
2026-07-31 01:07:10,383 | blacklist took 0.42ms
2026-07-31 01:07:10,384 | log_requests took 0.53ms
2026-07-31 01:07:10,384 | timing took 0.62ms
2026-07-31 01:07:10,387 | authorization took 1.91ms
2026-07-31 01:07:10,387 | check_api_key took 2.16ms
2026-07-31 01:07:10,387 | blacklist took 2.32ms
2026-07-31 01:07:10,387 | log_requests took 2.44ms
2026-07-31 01:07:10,388 | timing took 2.53ms
2026-07-31 01:07:10,391 | authorization took 1.79ms
2026-07-31 01:07:10,391 | check_api_key took 1.90ms
2026-07-31 01:07:10,391 | blacklist took 2.10ms
2026-07-31 01:07:10,391 | log_requests took 2.22ms
2026-07-31 01:07:10,391 | timing took 2.31ms
2026-07-31 01:07:10,395 | authorization took 2.29ms
2026-07-31 01:07:10,395 | check_api_key took 2.52ms
2026-07-31 01:07:10,395 | blacklist took 2.73ms
2026-07-31 01:07:10,395 | log_requests took 2.85ms
2026-07-31 01:07:10,395 | timing took 2.94ms
2026-07-31 01:07:10,398 | authorization took 2.11ms
2026-07-31 01:07:10,398 | check_api_key took 2.21ms
2026-07-31 01:07:10,398 | blacklist took 2.40ms
2026-07-31 01:07:10,398 | log_requests took 2.52ms
2026-07-31 01:07:10,398 | timing took 2.61ms
2026-07-31 01:07:10,402 | authorization took 1.91ms
2026-07-31 01:07:10,402 | check_api_key took 2.01ms
2026-07-31 01:07:10,402 | blacklist took 2.20ms
2026-07-31 01:07:10,402 | log_requests took 2.32ms
2026-07-31 01:07:10,402 | timing took 2.41ms
2026-07-31 01:07:10,405 | authorization took 2.29ms
2026-07-31 01:07:10,406 | check_api_key took 2.54ms
2026-07-31 01:07:10,406 | blacklist took 2.73ms
2026-07-31 01:07:10,406 | log_requests took 2.86ms
2026-07-31 01:07:10,406 | timing took 2.96ms
2026-07-31 01:07:10,410 | authorization took 1.78ms
2026-07-31 01:07:10,410 | check_api_key took 1.88ms
2026-07-31 01:07:10,410 | blacklist took 2.07ms
2026-07-31 01:07:10,410 | log_requests took 2.18ms
2026-07-31 01:07:10,410 | timing took 2.28ms
2026-07-31 01:07:10,413 | authorization took 1.99ms
2026-07-31 01:07:10,413 | check_api_key took 2.22ms
2026-07-31 01:07:10,413 | blacklist took 2.41ms
2026-07-31 01:07:10,413 | log_requests took 2.53ms
2026-07-31 01:07:10,413 | timing took 2.62ms
2026-07-31 01:07:10,415 | authorization took 0.85ms
2026-07-31 01:07:10,415 | check_api_key took 0.94ms
2026-07-31 01:07:10,415 | blacklist took 1.12ms
2026-07-31 01:07:10,415 | log_requests took 1.23ms
2026-07-31 01:07:10,415 | timing took 1.33ms
2026-07-31 01:07:10,419 | authorization took 1.74ms
2026-07-31 01:07:10,419 | check_api_key took 1.84ms
2026-07-31 01:07:10,419 | blacklist took 2.02ms
2026-07-31 01:07:10,419 | log_requests took 2.14ms
2026-07-31 01:07:10,419 | timing took 2.22ms
2026-07-31 01:07:10,421 | authorization took 0.60ms
2026-07-31 01:07:10,421 | check_api_key took 0.70ms
2026-07-31 01:07:10,421 | blacklist took 0.87ms
2026-07-31 01:07:10,421 | log_requests took 0.99ms
2026-07-31 01:07:10,421 | timing took 1.08ms
2026-07-31 01:07:10,424 | authorization took 1.65ms
2026-07-31 01:07:10,424 | check_api_key took 1.87ms
2026-07-31 01:07:10,424 | blacklist took 2.06ms
2026-07-31 01:07:10,424 | log_requests took 2.17ms
2026-07-31 01:07:10,424 | timing took 2.26ms
2026-07-31 01:07:10,427 | authorization took 1.72ms
2026-07-31 01:07:10,427 | check_api_key took 1.83ms
2026-07-31 01:07:10,427 | blacklist took 2.00ms
2026-07-31 01:07:10,427 | log_requests took 2.11ms
2026-07-31 01:07:10,427 | timing took 2.21ms
2026-07-31 01:07:10,431 | authorization took 1.80ms
2026-07-31 01:07:10,431 | check_api_key took 1.90ms
2026-07-31 01:07:10,431 | blacklist took 2.09ms
2026-07-31 01:07:10,431 | log_requests took 2.21ms
2026-07-31 01:07:10,431 | timing took 2.29ms
2026-07-31 01:07:10,434 | authorization took 1.73ms
2026-07-31 01:07:10,434 | check_api_key took 1.95ms
2026-07-31 01:07:10,435 | blacklist took 2.16ms
2026-07-31 01:07:10,435 | log_requests took 2.27ms
2026-07-31 01:07:10,435 | timing took 2.36ms
2026-07-31 01:07:10,438 | authorization took 2.21ms
2026-07-31 01:07:10,438 | check_api_key took 2.31ms
2026-07-31 01:07:10,438 | blacklist took 2.48ms
2026-07-31 01:07:10,438 | log_requests took 2.60ms
2026-07-31 01:07:10,438 | timing took 2.69ms
2026-07-31 01:07:10,442 | authorization took 2.01ms
2026-07-31 01:07:10,442 | check_api_key took 2.12ms
2026-07-31 01:07:10,442 | blacklist took 2.33ms
2026-07-31 01:07:10,442 | log_requests took 2.45ms
2026-07-31 01:07:10,442 | timing took 2.54ms
2026-07-31 01:07:10,444 | authorization took 0.90ms
2026-07-31 01:07:10,444 | check_api_key took 1.12ms
2026-07-31 01:07:10,444 | blacklist took 1.29ms
2026-07-31 01:07:10,444 | log_requests took 1.40ms
2026-07-31 01:07:10,444 | timing took 1.49ms
2026-07-31 01:07:10,448 | authorization took 1.69ms
2026-07-31 01:07:10,448 | check_api_key took 1.79ms
2026-07-31 01:07:10,448 | blacklist took 1.97ms
2026-07-31 01:07:10,448 | log_requests took 2.09ms
2026-07-31 01:07:10,448 | timing took 2.18ms
2026-07-31 01:07:10,449 | check_api_key took 0.01ms
2026-07-31 01:07:10,449 | blacklist took 0.18ms
2026-07-31 01:07:10,449 | log_requests took 0.29ms
2026-07-31 01:07:10,449 | timing took 0.37ms
2026-07-31 01:07:10,452 | authorization took 1.67ms
2026-07-31 01:07:10,452 | check_api_key took 1.88ms
2026-07-31 01:07:10,452 | blacklist took 2.07ms
2026-07-31 01:07:10,453 | log_requests took 2.18ms
2026-07-31 01:07:10,453 | timing took 2.27ms
2026-07-31 01:07:10,456 | authorization took 1.67ms
2026-07-31 01:07:10,456 | check_api_key took 1.78ms
2026-07-31 01:07:10,456 | blacklist took 1.98ms
2026-07-31 01:07:10,456 | log_requests took 2.10ms
2026-07-31 01:07:10,456 | timing took 2.21ms
2026-07-31 01:07:10,459 | authorization took 1.44ms
2026-07-31 01:07:10,459 | check_api_key took 1.66ms
2026-07-31 01:07:10,459 | blacklist took 1.84ms
2026-07-31 01:07:10,459 | log_requests took 1.96ms
2026-07-31 01:07:10,459 | timing took 2.06ms
2026-07-31 01:07:10,461 | authorization took 1.30ms
2026-07-31 01:07:10,461 | check_api_key took 1.51ms
2026-07-31 01:07:10,461 | blacklist took 1.70ms
2026-07-31 01:07:10,462 | log_requests took 1.82ms
2026-07-31 01:07:10,462 | timing took 1.90ms
2026-07-31 01:07:10,465 | authorization took 1.92ms
2026-07-31 01:07:10,465 | check_api_key took 2.02ms
2026-07-31 01:07:10,465 | blacklist took 2.20ms
2026-07-31 01:07:10,465 | log_requests took 2.31ms
2026-07-31 01:07:10,465 | timing took 2.40ms
2026-07-31 01:07:10,467 | authorization took 0.72ms
2026-07-31 01:07:10,467 | check_api_key took 0.94ms
2026-07-31 01:07:10,467 | blacklist took 1.11ms
2026-07-31 01:07:10,467 | log_requests took 1.22ms
2026-07-31 01:07:10,467 | timing took 1.31ms
2026-07-31 01:07:10,470 | authorization took 1.53ms
2026-07-31 01:07:10,470 | check_api_key took 1.63ms
2026-07-31 01:07:10,470 | blacklist took 1.81ms
2026-07-31 01:07:10,471 | log_requests took 1.92ms
2026-07-31 01:07:10,471 | timing took 2.01ms
2026-07-31 01:07:10,473 | authorization took 1.49ms
2026-07-31 01:07:10,473 | check_api_key took 1.59ms
2026-07-31 01:07:10,473 | blacklist took 1.77ms
2026-07-31 01:07:10,473 | log_requests took 1.90ms
2026-07-31 01:07:10,473 | timing took 2.00ms
2026-07-31 01:07:10,476 | authorization took 1.02ms
2026-07-31 01:07:10,476 | check_api_key took 1.12ms
2026-07-31 01:07:10,476 | blacklist took 1.33ms
2026-07-31 01:07:10,476 | log_requests took 1.45ms
2026-07-31 01:07:10,476 | timing took 1.54ms
2026-07-31 01:07:10,480 | authorization took 1.76ms
2026-07-31 01:07:10,480 | check_api_key took 1.86ms
2026-07-31 01:07:10,480 | blacklist took 2.05ms
2026-07-31 01:07:10,480 | log_requests took 2.16ms
2026-07-31 01:07:10,480 | timing took 2.26ms
2026-07-31 01:07:10,482 | authorization took 0.74ms
2026-07-31 01:07:10,482 | check_api_key took 0.97ms
2026-07-31 01:07:10,482 | blacklist took 1.16ms
2026-07-31 01:07:10,482 | log_requests took 1.27ms
2026-07-31 01:07:10,482 | timing took 1.36ms
2026-07-31 01:07:10,486 | authorization took 1.88ms
2026-07-31 01:07:10,486 | check_api_key took 1.97ms
2026-07-31 01:07:10,486 | blacklist took 2.18ms
2026-07-31 01:07:10,486 | log_requests took 2.30ms
2026-07-31 01:07:10,486 | timing took 2.39ms
2026-07-31 01:07:10,657 | authorization took 170.17ms
2026-07-31 01:07:10,657 | check_api_key took 170.48ms
2026-07-31 01:07:10,657 | blacklist took 170.71ms
2026-07-31 01:07:10,658 | log_requests took 170.86ms
2026-07-31 01:07:10,658 | timing took 170.96ms
2026-07-31 01:07:10,660 | authorization took 0.87ms
2026-07-31 01:07:10,660 | check_api_key took 1.00ms
2026-07-31 01:07:10,660 | blacklist took 1.28ms
2026-07-31 01:07:10,660 | log_requests took 1.43ms
2026-07-31 01:07:10,660 | timing took 1.52ms
2026-07-31 01:07:10,832 | authorization took 169.84ms
2026-07-31 01:07:10,832 | check_api_key took 169.98ms
2026-07-31 01:07:10,832 | blacklist took 170.17ms
2026-07-31 01:07:10,832 | log_requests took 170.30ms
2026-07-31 01:07:10,832 | timing took 170.39ms
2026-07-31 01:07:11,003 | authorization took 169.94ms
2026-07-31 01:07:11,003 | check_api_key took 170.09ms
2026-07-31 01:07:11,003 | blacklist took 170.32ms
2026-07-31 01:07:11,003 | log_requests took 170.46ms
2026-07-31 01:07:11,004 | timing took 170.57ms
2026-07-31 01:07:11,175 | authorization took 169.12ms
2026-07-31 01:07:11,175 | check_api_key took 169.26ms
2026-07-31 01:07:11,175 | blacklist took 169.49ms
2026-07-31 01:07:11,175 | log_requests took 169.62ms
2026-07-31 01:07:11,175 | timing took 169.73ms
2026-07-31 01:07:11,344 | authorization took 167.83ms
2026-07-31 01:07:11,344 | check_api_key took 167.99ms
2026-07-31 01:07:11,344 | blacklist took 168.21ms
2026-07-31 01:07:11,344 | log_requests took 168.35ms
2026-07-31 01:07:11,344 | timing took 168.45ms
2026-07-31 01:07:11,516 | authorization took 169.16ms
2026-07-31 01:07:11,516 | check_api_key took 169.30ms
2026-07-31 01:07:11,516 | blacklist took 169.53ms
2026-07-31 01:07:11,516 | log_requests took 169.67ms
2026-07-31 01:07:11,516 | timing took 169.76ms
2026-07-31 01:07:11,520 | authorization took 1.93ms
2026-07-31 01:07:11,520 | check_api_key took 2.26ms
2026-07-31 01:07:11,520 | blacklist took 2.50ms
2026-07-31 01:07:11,520 | log_requests took 2.63ms
2026-07-31 01:07:11,520 | timing took 2.73ms
2026-07-31 01:07:11,521 | authorization took 0.62ms
2026-07-31 01:07:11,521 | check_api_key took 0.73ms
2026-07-31 01:07:11,521 | blacklist took 0.91ms
2026-07-31 01:07:11,522 | log_requests took 1.02ms
2026-07-31 01:07:11,522 | timing took 1.12ms
2026-07-31 01:07:11,693 | authorization took 170.00ms
2026-07-31 01:07:11,693 | check_api_key took 170.15ms
2026-07-31 01:07:11,693 | blacklist took 170.32ms
2026-07-31 01:07:11,694 | log_requests took 170.48ms
2026-07-31 01:07:11,694 | timing took 170.58ms
2026-07-31 01:07:11,696 | authorization took 0.75ms
2026-07-31 01:07:11,696 | check_api_key took 0.86ms
2026-07-31 01:07:11,696 | blacklist took 1.05ms
2026-07-31 01:07:11,697 | log_requests took 1.17ms
2026-07-31 01:07:11,697 | timing took 1.26ms
2026-07-31 01:07:11,702 | authorization took 3.73ms
2026-07-31 01:07:11,702 | check_api_key took 3.86ms
2026-07-31 01:07:11,702 | blacklist took 4.05ms
2026-07-31 01:07:11,702 | log_requests took 4.17ms
2026-07-31 01:07:11,702 | timing took 4.27ms
2026-07-31 01:07:11,705 | authorization took 1.70ms
2026-07-31 01:07:11,705 | check_api_key took 1.80ms
2026-07-31 01:07:11,705 | blacklist took 2.01ms
2026-07-31 01:07:11,705 | log_requests took 2.13ms
2026-07-31 01:07:11,705 | timing took 2.23ms
2026-07-31 01:07:11,877 | authorization took 170.36ms
2026-07-31 01:07:11,877 | check_api_key took 170.64ms
2026-07-31 01:07:11,877 | blacklist took 170.84ms
2026-07-31 01:07:11,877 | log_requests took 170.98ms
2026-07-31 01:07:11,877 | timing took 171.07ms
2026-07-31 01:07:11,879 | authorization took 0.80ms
2026-07-31 01:07:11,879 | check_api_key took 0.92ms
2026-07-31 01:07:11,879 | blacklist took 1.14ms
2026-07-31 01:07:11,879 | log_requests took 1.26ms
2026-07-31 01:07:11,879 | timing took 1.36ms
2026-07-31 01:07:12,058 | authorization took 177.04ms
2026-07-31 01:07:12,058 | check_api_key took 177.18ms
2026-07-31 01:07:12,059 | blacklist took 177.40ms
2026-07-31 01:07:12,059 | log_requests took 177.53ms
2026-07-31 01:07:12,059 | timing took 177.62ms
2026-07-31 01:07:12,061 | authorization took 0.80ms
2026-07-31 01:07:12,061 | check_api_key took 0.91ms
2026-07-31 01:07:12,061 | blacklist took 1.13ms
2026-07-31 01:07:12,061 | log_requests took 1.24ms
2026-07-31 01:07:12,061 | timing took 1.33ms
2026-07-31 01:07:12,064 | authorization took 2.01ms
2026-07-31 01:07:12,064 | check_api_key took 2.28ms
2026-07-31 01:07:12,064 | blacklist took 2.51ms
2026-07-31 01:07:12,064 | log_requests took 2.62ms
2026-07-31 01:07:12,064 | timing took 2.72ms
2026-07-31 01:07:12,067 | authorization took 1.50ms
2026-07-31 01:07:12,067 | check_api_key took 1.61ms
2026-07-31 01:07:12,067 | blacklist took 1.80ms
2026-07-31 01:07:12,067 | log_requests took 1.92ms
2026-07-31 01:07:12,067 | timing took 2.02ms
2026-07-31 01:07:12,069 | authorization took 0.71ms
2026-07-31 01:07:12,069 | check_api_key took 0.80ms
2026-07-31 01:07:12,070 | blacklist took 0.99ms
2026-07-31 01:07:12,070 | log_requests took 1.10ms
2026-07-31 01:07:12,070 | timing took 1.19ms
2026-07-31 01:07:12,072 | authorization took 0.70ms
2026-07-31 01:07:12,072 | check_api_key took 0.81ms
2026-07-31 01:07:12,072 | blacklist took 1.46ms
2026-07-31 01:07:12,073 | log_requests took 1.60ms
2026-07-31 01:07:12,073 | timing took 1.71ms
2026-07-31 01:07:12,075 | authorization took 0.76ms
2026-07-31 01:07:12,075 | check_api_key took 0.86ms
2026-07-31 01:07:12,075 | blacklist took 1.05ms
2026-07-31 01:07:12,075 | log_requests took 1.17ms
2026-07-31 01:07:12,075 | timing took 1.28ms
2026-07-31 01:07:12,077 | authorization took 0.31ms
2026-07-31 01:07:12,077 | check_api_key took 0.41ms
2026-07-31 01:07:12,077 | blacklist took 0.59ms
2026-07-31 01:07:12,077 | log_requests took 0.70ms
2026-07-31 01:07:12,077 | timing took 0.79ms
2026-07-31 01:07:12,080 | authorization took 1.13ms
2026-07-31 01:07:12,080 | check_api_key took 1.23ms
2026-07-31 01:07:12,080 | blacklist took 1.40ms
2026-07-31 01:07:12,080 | log_requests took 1.52ms
2026-07-31 01:07:12,080 | timing took 1.61ms
2026-07-31 01:07:12,085 | authorization took 3.01ms
2026-07-31 01:07:12,085 | check_api_key took 3.11ms
2026-07-31 01:07:12,085 | blacklist took 3.29ms
2026-07-31 01:07:12,085 | log_requests took 3.41ms
2026-07-31 01:07:12,085 | timing took 3.50ms
2026-07-31 01:07:12,088 | authorization took 1.72ms
2026-07-31 01:07:12,088 | check_api_key took 1.82ms
2026-07-31 01:07:12,088 | blacklist took 2.00ms
2026-07-31 01:07:12,088 | log_requests took 2.11ms
2026-07-31 01:07:12,088 | timing took 2.20ms
2026-07-31 01:07:12,090 | authorization took 0.88ms
2026-07-31 01:07:12,090 | check_api_key took 0.99ms
2026-07-31 01:07:12,090 | blacklist took 1.18ms
2026-07-31 01:07:12,091 | log_requests took 1.30ms
2026-07-31 01:07:12,091 | timing took 1.39ms
2026-07-31 01:07:12,092 | check_api_key took 0.02ms
2026-07-31 01:07:12,092 | blacklist took 0.21ms
2026-07-31 01:07:12,092 | log_requests took 0.33ms
2026-07-31 01:07:12,092 | timing took 0.42ms
2026-07-31 01:07:12,096 | authorization took 2.09ms
2026-07-31 01:07:12,096 | check_api_key took 2.20ms
2026-07-31 01:07:12,096 | blacklist took 2.39ms
2026-07-31 01:07:12,097 | log_requests took 2.51ms
2026-07-31 01:07:12,097 | timing took 2.61ms
2026-07-31 01:07:12,100 | authorization took 2.24ms
2026-07-31 01:07:12,100 | check_api_key took 2.33ms
2026-07-31 01:07:12,100 | blacklist took 2.53ms
2026-07-31 01:07:12,100 | log_requests took 2.64ms
2026-07-31 01:07:12,100 | timing took 2.73ms
2026-07-31 01:07:12,109 | authorization took 7.77ms
2026-07-31 01:07:12,109 | check_api_key took 8.00ms
2026-07-31 01:07:12,109 | blacklist took 8.19ms
2026-07-31 01:07:12,109 | log_requests took 8.31ms
2026-07-31 01:07:12,109 | timing took 8.42ms
2026-07-31 01:07:12,282 | authorization took 170.86ms
2026-07-31 01:07:12,282 | check_api_key took 171.00ms
2026-07-31 01:07:12,282 | blacklist took 171.22ms
2026-07-31 01:07:12,282 | log_requests took 171.35ms
2026-07-31 01:07:12,282 | timing took 171.45ms
2026-07-31 01:07:12,285 | authorization took 1.63ms
2026-07-31 01:07:12,285 | check_api_key took 2.02ms
2026-07-31 01:07:12,286 | blacklist took 2.24ms
2026-07-31 01:07:12,286 | log_requests took 2.36ms
2026-07-31 01:07:12,286 | timing took 2.46ms
2026-07-31 01:07:12,289 | authorization took 1.89ms
2026-07-31 01:07:12,289 | check_api_key took 1.99ms
2026-07-31 01:07:12,289 | blacklist took 2.17ms
2026-07-31 01:07:12,290 | log_requests took 2.28ms
2026-07-31 01:07:12,290 | timing took 2.37ms
2026-07-31 01:07:12,293 | authorization took 2.18ms
2026-07-31 01:07:12,293 | check_api_key took 2.30ms
2026-07-31 01:07:12,293 | blacklist took 2.49ms
2026-07-31 01:07:12,293 | log_requests took 2.64ms
2026-07-31 01:07:12,293 | timing took 2.76ms
2026-07-31 01:07:12,296 | authorization took 1.72ms
2026-07-31 01:07:12,296 | check_api_key took 1.82ms
2026-07-31 01:07:12,296 | blacklist took 2.02ms
2026-07-31 01:07:12,296 | log_requests took 2.14ms
2026-07-31 01:07:12,296 | timing took 2.24ms
2026-07-31 01:07:12,299 | authorization took 1.66ms
2026-07-31 01:07:12,299 | check_api_key took 1.75ms
2026-07-31 01:07:12,299 | blacklist took 1.93ms
2026-07-31 01:07:12,299 | log_requests took 2.04ms
2026-07-31 01:07:12,299 | timing took 2.13ms
2026-07-31 01:07:12,302 | authorization took 1.88ms
2026-07-31 01:07:12,302 | check_api_key took 1.98ms
2026-07-31 01:07:12,302 | blacklist took 2.19ms
2026-07-31 01:07:12,302 | log_requests took 2.32ms
2026-07-31 01:07:12,302 | timing took 2.43ms
2026-07-31 01:07:12,306 | authorization took 2.46ms
2026-07-31 01:07:12,306 | check_api_key took 2.70ms
2026-07-31 01:07:12,306 | blacklist took 2.89ms
2026-07-31 01:07:12,306 | log_requests took 3.01ms
2026-07-31 01:07:12,306 | timing took 3.10ms
2026-07-31 01:07:12,310 | authorization took 1.76ms
2026-07-31 01:07:12,310 | check_api_key took 1.85ms
2026-07-31 01:07:12,310 | blacklist took 2.02ms
2026-07-31 01:07:12,310 | log_requests took 2.14ms
2026-07-31 01:07:12,310 | timing took 2.24ms
2026-07-31 01:07:12,312 | authorization took 1.67ms
2026-07-31 01:07:12,312 | check_api_key took 1.76ms
2026-07-31 01:07:12,313 | blacklist took 1.95ms
2026-07-31 01:07:12,313 | log_requests took 2.07ms
2026-07-31 01:07:12,313 | timing took 2.16ms
2026-07-31 01:07:12,315 | authorization took 1.59ms
2026-07-31 01:07:12,315 | check_api_key took 1.69ms
2026-07-31 01:07:12,315 | blacklist took 1.87ms
2026-07-31 01:07:12,315 | log_requests took 1.98ms
2026-07-31 01:07:12,315 | timing took 2.07ms
2026-07-31 01:07:12,318 | authorization took 2.12ms
2026-07-31 01:07:12,319 | check_api_key took 2.22ms
2026-07-31 01:07:12,319 | blacklist took 2.41ms
2026-07-31 01:07:12,319 | log_requests took 2.52ms
2026-07-31 01:07:12,319 | timing took 2.61ms
2026-07-31 01:07:12,321 | authorization took 1.63ms
2026-07-31 01:07:12,321 | check_api_key took 1.72ms
2026-07-31 01:07:12,321 | blacklist took 1.91ms
2026-07-31 01:07:12,322 | log_requests took 2.02ms
2026-07-31 01:07:12,322 | timing took 2.11ms
2026-07-31 01:07:12,325 | authorization took 2.33ms
2026-07-31 01:07:12,325 | check_api_key took 2.55ms
2026-07-31 01:07:12,325 | blacklist took 2.73ms
2026-07-31 01:07:12,325 | log_requests took 2.85ms
2026-07-31 01:07:12,325 | timing took 2.93ms
2026-07-31 01:07:12,328 | authorization took 2.14ms
2026-07-31 01:07:12,328 | check_api_key took 2.36ms
2026-07-31 01:07:12,329 | blacklist took 2.55ms
2026-07-31 01:07:12,329 | log_requests took 2.66ms
2026-07-31 01:07:12,329 | timing took 2.75ms
2026-07-31 01:07:12,332 | authorization took 1.74ms
2026-07-31 01:07:12,332 | check_api_key took 1.84ms
2026-07-31 01:07:12,332 | blacklist took 2.04ms
2026-07-31 01:07:12,332 | log_requests took 2.15ms
2026-07-31 01:07:12,332 | timing took 2.24ms
2026-07-31 01:07:12,335 | authorization took 1.69ms
2026-07-31 01:07:12,335 | check_api_key took 1.78ms
2026-07-31 01:07:12,335 | blacklist took 1.96ms
2026-07-31 01:07:12,335 | log_requests took 2.08ms
2026-07-31 01:07:12,335 | timing took 2.17ms
2026-07-31 01:07:12,338 | authorization took 1.60ms
2026-07-31 01:07:12,338 | check_api_key took 1.70ms
2026-07-31 01:07:12,338 | blacklist took 1.88ms
2026-07-31 01:07:12,338 | log_requests took 1.99ms
2026-07-31 01:07:12,338 | timing took 2.08ms
2026-07-31 01:07:12,341 | authorization took 2.01ms
2026-07-31 01:07:12,341 | check_api_key took 2.25ms
2026-07-31 01:07:12,341 | blacklist took 2.43ms
2026-07-31 01:07:12,341 | log_requests took 2.55ms
2026-07-31 01:07:12,341 | timing took 2.64ms
2026-07-31 01:07:12,345 | authorization took 1.40ms
2026-07-31 01:07:12,345 | check_api_key took 1.68ms
2026-07-31 01:07:12,345 | blacklist took 1.89ms
2026-07-31 01:07:12,345 | log_requests took 2.01ms
2026-07-31 01:07:12,345 | timing took 2.10ms
2026-07-31 01:07:12,347 | authorization took 0.51ms
2026-07-31 01:07:12,347 | check_api_key took 0.61ms
2026-07-31 01:07:12,347 | blacklist took 0.79ms
2026-07-31 01:07:12,347 | log_requests took 0.90ms
2026-07-31 01:07:12,347 | timing took 0.99ms
2026-07-31 01:07:12,349 | authorization took 0.29ms
2026-07-31 01:07:12,349 | check_api_key took 0.39ms
2026-07-31 01:07:12,349 | blacklist took 0.55ms
2026-07-31 01:07:12,349 | log_requests took 0.66ms
2026-07-31 01:07:12,349 | timing took 0.75ms
2026-07-31 01:07:12,351 | authorization took 0.26ms
2026-07-31 01:07:12,352 | check_api_key took 0.37ms
2026-07-31 01:07:12,352 | blacklist took 0.57ms
2026-07-31 01:07:12,352 | log_requests took 0.69ms
2026-07-31 01:07:12,352 | timing took 0.78ms
2026-07-31 01:07:12,354 | authorization took 0.25ms
2026-07-31 01:07:12,354 | check_api_key took 0.35ms
2026-07-31 01:07:12,354 | blacklist took 0.53ms
2026-07-31 01:07:12,354 | log_requests took 0.65ms
2026-07-31 01:07:12,354 | timing took 0.74ms
2026-07-31 01:07:12,356 | authorization took 0.30ms
2026-07-31 01:07:12,356 | check_api_key took 0.40ms
2026-07-31 01:07:12,356 | blacklist took 0.59ms
2026-07-31 01:07:12,356 | log_requests took 0.70ms
2026-07-31 01:07:12,356 | timing took 0.78ms
2026-07-31 01:07:12,360 | authorization took 2.19ms
2026-07-31 01:07:12,360 | check_api_key took 2.29ms
2026-07-31 01:07:12,360 | blacklist took 2.49ms
2026-07-31 01:07:12,360 | log_requests took 2.60ms
2026-07-31 01:07:12,360 | timing took 2.69ms
2026-07-31 01:07:12,362 | authorization took 1.65ms
2026-07-31 01:07:12,363 | check_api_key took 1.76ms
2026-07-31 01:07:12,363 | blacklist took 1.94ms
2026-07-31 01:07:12,363 | log_requests took 2.06ms
2026-07-31 01:07:12,363 | timing took 2.17ms
2026-07-31 01:07:12,366 | authorization took 1.67ms
2026-07-31 01:07:12,366 | check_api_key took 1.78ms
2026-07-31 01:07:12,366 | blacklist took 1.96ms
2026-07-31 01:07:12,366 | log_requests took 2.08ms
2026-07-31 01:07:12,366 | timing took 2.18ms
2026-07-31 01:07:12,369 | authorization took 0.84ms
2026-07-31 01:07:12,369 | check_api_key took 0.94ms
2026-07-31 01:07:12,369 | blacklist took 1.13ms
2026-07-31 01:07:12,369 | log_requests took 1.24ms
2026-07-31 01:07:12,369 | timing took 1.33ms
2026-07-31 01:07:12,370 | check_api_key took 0.01ms
2026-07-31 01:07:12,370 | blacklist took 0.18ms
2026-07-31 01:07:12,370 | log_requests took 0.29ms
2026-07-31 01:07:12,370 | timing took 0.38ms
2026-07-31 01:07:12,372 | check_api_key took 0.13ms
2026-07-31 01:07:12,372 | blacklist took 0.30ms
2026-07-31 01:07:12,372 | log_requests took 0.41ms
2026-07-31 01:07:12,372 | timing took 0.50ms
2026-07-31 01:07:12,375 | authorization took 1.66ms
2026-07-31 01:07:12,375 | check_api_key took 1.93ms
2026-07-31 01:07:12,376 | blacklist took 2.11ms
2026-07-31 01:07:12,376 | log_requests took 2.23ms
2026-07-31 01:07:12,376 | timing took 2.32ms
2026-07-31 01:07:12,377 | check_api_key took 0.12ms
2026-07-31 01:07:12,377 | blacklist took 0.30ms
2026-07-31 01:07:12,377 | log_requests took 0.41ms
2026-07-31 01:07:12,377 | timing took 0.50ms
2026-07-31 01:07:12,379 | blacklist took 0.09ms
2026-07-31 01:07:12,379 | log_requests took 0.20ms
2026-07-31 01:07:12,380 | timing took 0.28ms
2026-07-31 01:07:12,383 | authorization took 1.31ms
2026-07-31 01:07:12,383 | check_api_key took 1.52ms
2026-07-31 01:07:12,383 | blacklist took 1.69ms
2026-07-31 01:07:12,383 | log_requests took 1.80ms
2026-07-31 01:07:12,383 | timing took 1.88ms
2026-07-31 01:07:12,386 | authorization took 1.25ms
2026-07-31 01:07:12,386 | check_api_key took 1.46ms
2026-07-31 01:07:12,386 | blacklist took 1.78ms
2026-07-31 01:07:12,386 | log_requests took 1.89ms
2026-07-31 01:07:12,386 | timing took 1.99ms
2026-07-31 01:07:12,387 | blacklist took 0.07ms
2026-07-31 01:07:12,387 | log_requests took 0.19ms
2026-07-31 01:07:12,388 | timing took 0.27ms
2026-07-31 01:07:12,390 | authorization took 1.29ms
2026-07-31 01:07:12,390 | check_api_key took 1.51ms
2026-07-31 01:07:12,390 | blacklist took 1.67ms
2026-07-31 01:07:12,390 | log_requests took 1.78ms
2026-07-31 01:07:12,390 | timing took 1.87ms
2026-07-31 01:07:12,392 | blacklist took 0.08ms
2026-07-31 01:07:12,392 | log_requests took 0.20ms
2026-07-31 01:07:12,392 | timing took 0.29ms
2026-07-31 01:07:12,394 | blacklist took 0.10ms
2026-07-31 01:07:12,394 | log_requests took 0.23ms
2026-07-31 01:07:12,394 | timing took 0.32ms
2026-07-31 01:07:12,396 | authorization took 0.30ms
2026-07-31 01:07:12,396 | check_api_key took 0.40ms
2026-07-31 01:07:12,396 | blacklist took 0.57ms
2026-07-31 01:07:12,396 | log_requests took 0.68ms
2026-07-31 01:07:12,396 | timing took 0.77ms
2026-07-31 01:07:12,397 | check_api_key took 0.01ms
2026-07-31 01:07:12,397 | blacklist took 0.19ms
2026-07-31 01:07:12,397 | log_requests took 0.30ms
2026-07-31 01:07:12,397 | timing took 0.39ms
2026-07-31 01:07:12,401 | authorization took 1.95ms
2026-07-31 01:07:12,401 | check_api_key took 2.05ms
2026-07-31 01:07:12,401 | blacklist took 2.22ms
2026-07-31 01:07:12,401 | log_requests took 2.34ms
2026-07-31 01:07:12,401 | timing took 2.43ms
2026-07-31 01:07:12,404 | authorization took 1.58ms
2026-07-31 01:07:12,404 | check_api_key took 1.68ms
2026-07-31 01:07:12,404 | blacklist took 1.85ms
2026-07-31 01:07:12,404 | log_requests took 1.97ms
2026-07-31 01:07:12,404 | timing took 2.06ms
2026-07-31 01:07:12,407 | authorization took 1.62ms
2026-07-31 01:07:12,407 | check_api_key took 1.72ms
2026-07-31 01:07:12,407 | blacklist took 1.91ms
2026-07-31 01:07:12,407 | log_requests took 2.02ms
2026-07-31 01:07:12,407 | timing took 2.11ms
2026-07-31 01:07:12,410 | authorization took 1.47ms
2026-07-31 01:07:12,410 | check_api_key took 1.58ms
2026-07-31 01:07:12,410 | blacklist took 1.75ms
2026-07-31 01:07:12,410 | log_requests took 1.87ms
2026-07-31 01:07:12,410 | timing took 1.97ms
2026-07-31 01:07:12,412 | authorization took 0.88ms
2026-07-31 01:07:12,412 | check_api_key took 0.98ms
2026-07-31 01:07:12,412 | blacklist took 1.17ms
2026-07-31 01:07:12,412 | log_requests took 1.29ms
2026-07-31 01:07:12,412 | timing took 1.39ms
2026-07-31 01:07:12,413 | authorization took 0.70ms
2026-07-31 01:07:12,413 | check_api_key took 0.79ms
2026-07-31 01:07:12,414 | blacklist took 0.98ms
2026-07-31 01:07:12,414 | log_requests took 1.10ms
2026-07-31 01:07:12,414 | timing took 1.20ms
2026-07-31 01:07:12,417 | authorization took 1.76ms
2026-07-31 01:07:12,417 | check_api_key took 1.86ms
2026-07-31 01:07:12,417 | blacklist took 2.05ms
2026-07-31 01:07:12,417 | log_requests took 2.16ms
2026-07-31 01:07:12,417 | timing took 2.25ms
2026-07-31 01:07:12,420 | authorization took 1.81ms
2026-07-31 01:07:12,420 | check_api_key took 1.90ms
2026-07-31 01:07:12,420 | blacklist took 2.08ms
2026-07-31 01:07:12,420 | log_requests took 2.19ms
2026-07-31 01:07:12,420 | timing took 2.29ms
2026-07-31 01:07:12,423 | authorization took 1.41ms
2026-07-31 01:07:12,423 | check_api_key took 1.64ms
2026-07-31 01:07:12,423 | blacklist took 1.82ms
2026-07-31 01:07:12,423 | log_requests took 1.93ms
2026-07-31 01:07:12,423 | timing took 2.03ms
2026-07-31 01:07:12,424 | authorization took 0.55ms
2026-07-31 01:07:12,424 | check_api_key took 0.64ms
2026-07-31 01:07:12,425 | blacklist took 0.84ms
2026-07-31 01:07:12,425 | log_requests took 0.98ms
2026-07-31 01:07:12,425 | timing took 1.08ms
2026-07-31 01:07:12,428 | authorization took 1.71ms
2026-07-31 01:07:12,428 | check_api_key took 1.80ms
2026-07-31 01:07:12,428 | blacklist took 2.00ms
2026-07-31 01:07:12,428 | log_requests took 2.11ms
2026-07-31 01:07:12,428 | timing took 2.19ms
2026-07-31 01:07:12,431 | authorization took 1.43ms
2026-07-31 01:07:12,431 | check_api_key took 1.54ms
2026-07-31 01:07:12,431 | blacklist took 1.70ms
2026-07-31 01:07:12,431 | log_requests took 1.82ms
2026-07-31 01:07:12,431 | timing took 1.92ms
2026-07-31 01:07:12,434 | authorization took 2.19ms
2026-07-31 01:07:12,434 | check_api_key took 2.42ms
2026-07-31 01:07:12,434 | blacklist took 2.62ms
2026-07-31 01:07:12,434 | log_requests took 2.73ms
2026-07-31 01:07:12,434 | timing took 2.82ms
2026-07-31 01:07:12,437 | authorization took 1.53ms
2026-07-31 01:07:12,437 | check_api_key took 1.63ms
2026-07-31 01:07:12,437 | blacklist took 1.83ms
2026-07-31 01:07:12,437 | log_requests took 1.95ms
2026-07-31 01:07:12,437 | timing took 2.05ms
2026-07-31 01:07:12,441 | authorization took 1.72ms
2026-07-31 01:07:12,441 | check_api_key took 2.55ms
2026-07-31 01:07:12,441 | blacklist took 2.74ms
2026-07-31 01:07:12,441 | log_requests took 2.85ms
2026-07-31 01:07:12,442 | timing took 2.95ms
2026-07-31 01:07:12,448 | authorization took 5.00ms
2026-07-31 01:07:12,448 | check_api_key took 5.11ms
2026-07-31 01:07:12,448 | blacklist took 5.31ms
2026-07-31 01:07:12,452 | log_requests took 9.21ms
2026-07-31 01:07:12,452 | timing took 9.32ms
2026-07-31 01:07:12,453 | authorization took 0.59ms
2026-07-31 01:07:12,456 | check_api_key took 3.07ms
2026-07-31 01:07:12,456 | blacklist took 3.28ms
2026-07-31 01:07:12,456 | log_requests took 3.41ms
2026-07-31 01:07:12,456 | timing took 3.51ms
2026-07-31 01:07:12,632 | authorization took 171.28ms
2026-07-31 01:07:12,632 | check_api_key took 171.43ms
2026-07-31 01:07:12,632 | blacklist took 171.64ms
2026-07-31 01:07:12,632 | log_requests took 171.77ms
2026-07-31 01:07:12,633 | timing took 171.87ms
2026-07-31 01:07:12,804 | authorization took 169.99ms
2026-07-31 01:07:12,804 | check_api_key took 170.15ms
2026-07-31 01:07:12,804 | blacklist took 170.39ms
2026-07-31 01:07:12,804 | log_requests took 170.53ms
2026-07-31 01:07:12,804 | timing took 170.64ms
2026-07-31 01:07:12,974 | authorization took 168.32ms
2026-07-31 01:07:12,974 | check_api_key took 168.50ms
2026-07-31 01:07:12,974 | blacklist took 168.73ms
2026-07-31 01:07:12,974 | log_requests took 168.88ms
2026-07-31 01:07:12,974 | timing took 169.00ms
2026-07-31 01:07:21,050 | authorization took 8.30ms
2026-07-31 01:07:21,050 | check_api_key took 8.47ms
2026-07-31 01:07:21,050 | blacklist took 8.76ms
2026-07-31 01:07:21,050 | log_requests took 8.91ms
2026-07-31 01:07:21,050 | timing took 9.02ms
2026-07-31 01:07:21,059 | authorization took 7.42ms
2026-07-31 01:07:21,059 | check_api_key took 7.54ms
2026-07-31 01:07:21,059 | blacklist took 7.74ms
2026-07-31 01:07:21,059 | log_requests took 7.85ms
2026-07-31 01:07:21,059 | timing took 7.96ms
2026-08-04 23:27:00,261 | authorization took 10.02ms
2026-08-04 23:27:00,261 | check_api_key took 10.39ms
2026-08-04 23:27:00,261 | blacklist took 10.91ms
2026-08-04 23:27:00,261 | log_requests took 11.34ms
2026-08-04 23:27:00,261 | timing took 11.46ms
2026-08-04 23:27:00,309 | authorization took 46.18ms
2026-08-04 23:27:00,309 | check_api_key took 46.33ms
2026-08-04 23:27:00,309 | blacklist took 46.53ms
2026-08-04 23:27:00,309 | log_requests took 46.68ms
2026-08-04 23:27:00,309 | timing took 46.81ms
2026-08-04 23:27:00,316 | authorization took 3.54ms
2026-08-04 23:27:00,316 | check_api_key took 3.66ms
2026-08-04 23:27:00,316 | blacklist took 3.84ms
2026-08-04 23:27:00,316 | log_requests took 3.97ms
2026-08-04 23:27:00,316 | timing took 4.07ms
2026-08-04 23:27:00,319 | authorization took 2.01ms
2026-08-04 23:27:00,319 | check_api_key took 2.37ms
2026-08-04 23:27:00,319 | blacklist took 2.58ms
2026-08-04 23:27:00,320 | log_requests took 2.71ms
2026-08-04 23:27:00,320 | timing took 2.82ms
2026-08-04 23:27:00,321 | authorization took 0.69ms
2026-08-04 23:27:00,321 | check_api_key took 0.81ms
2026-08-04 23:27:00,321 | blacklist took 0.99ms
2026-08-04 23:27:00,321 | log_requests took 1.12ms
2026-08-04 23:27:00,322 | timing took 1.23ms
2026-08-04 23:27:00,325 | authorization took 1.25ms
2026-08-04 23:27:00,325 | check_api_key took 1.56ms
2026-08-04 23:27:00,325 | blacklist took 1.73ms
2026-08-04 23:27:00,325 | log_requests took 1.85ms
2026-08-04 23:27:00,325 | timing took 1.95ms
2026-08-04 23:27:00,328 | authorization took 1.36ms
2026-08-04 23:27:00,328 | check_api_key took 1.50ms
2026-08-04 23:27:00,328 | blacklist took 1.69ms
2026-08-04 23:27:00,328 | log_requests took 1.82ms
2026-08-04 23:27:00,328 | timing took 1.92ms
2026-08-04 23:27:00,332 | authorization took 2.10ms
2026-08-04 23:27:00,332 | check_api_key took 2.20ms
2026-08-04 23:27:00,332 | blacklist took 2.37ms
2026-08-04 23:27:00,332 | log_requests took 2.49ms
2026-08-04 23:27:00,332 | timing took 2.59ms
2026-08-04 23:27:00,335 | authorization took 1.39ms
2026-08-04 23:27:00,335 | check_api_key took 1.50ms
2026-08-04 23:27:00,335 | blacklist took 1.67ms
2026-08-04 23:27:00,335 | log_requests took 1.80ms
2026-08-04 23:27:00,335 | timing took 1.89ms
2026-08-04 23:27:00,337 | authorization took 1.58ms
2026-08-04 23:27:00,337 | check_api_key took 1.68ms
2026-08-04 23:27:00,337 | blacklist took 1.86ms
2026-08-04 23:27:00,338 | log_requests took 1.98ms
2026-08-04 23:27:00,338 | timing took 2.09ms
2026-08-04 23:27:00,346 | authorization took 2.22ms
2026-08-04 23:27:00,346 | check_api_key took 2.34ms
2026-08-04 23:27:00,346 | blacklist took 2.54ms
2026-08-04 23:27:00,346 | log_requests took 2.67ms
2026-08-04 23:27:00,346 | timing took 2.76ms
2026-08-04 23:27:00,350 | authorization took 3.10ms
2026-08-04 23:27:00,350 | check_api_key took 3.21ms
2026-08-04 23:27:00,350 | blacklist took 3.41ms
2026-08-04 23:27:00,351 | log_requests took 3.53ms
2026-08-04 23:27:00,351 | timing took 3.63ms
2026-08-04 23:27:00,355 | authorization took 2.32ms
2026-08-04 23:27:00,355 | check_api_key took 2.45ms
2026-08-04 23:27:00,355 | blacklist took 2.67ms
2026-08-04 23:27:00,355 | log_requests took 2.79ms
2026-08-04 23:27:00,355 | timing took 2.89ms
2026-08-04 23:27:00,358 | authorization took 1.70ms
2026-08-04 23:27:00,358 | check_api_key took 1.81ms
2026-08-04 23:27:00,358 | blacklist took 2.03ms
2026-08-04 23:27:00,358 | log_requests took 2.15ms
2026-08-04 23:27:00,358 | timing took 2.24ms
2026-08-04 23:27:00,361 | authorization took 1.69ms
2026-08-04 23:27:00,361 | check_api_key took 1.81ms
2026-08-04 23:27:00,361 | blacklist took 2.02ms
2026-08-04 23:27:00,361 | log_requests took 2.15ms
2026-08-04 23:27:00,361 | timing took 2.26ms
2026-08-04 23:27:00,365 | authorization took 3.51ms
2026-08-04 23:27:00,365 | check_api_key took 3.63ms
2026-08-04 23:27:00,365 | blacklist took 3.81ms
2026-08-04 23:27:00,366 | log_requests took 3.94ms
2026-08-04 23:27:00,366 | timing took 4.04ms
2026-08-04 23:27:00,367 | authorization took 0.85ms
2026-08-04 23:27:00,371 | check_api_key took 4.59ms
2026-08-04 23:27:00,371 | blacklist took 4.78ms
2026-08-04 23:27:00,371 | log_requests took 4.91ms
2026-08-04 23:27:00,371 | timing took 5.03ms
2026-08-04 23:27:00,379 | authorization took 2.29ms
2026-08-04 23:27:00,379 | check_api_key took 2.39ms
2026-08-04 23:27:00,379 | blacklist took 2.56ms
2026-08-04 23:27:00,379 | log_requests took 2.68ms
2026-08-04 23:27:00,379 | timing took 2.77ms
2026-08-04 23:27:00,382 | authorization took 1.71ms
2026-08-04 23:27:00,382 | check_api_key took 1.81ms
2026-08-04 23:27:00,382 | blacklist took 1.98ms
2026-08-04 23:27:00,382 | log_requests took 2.09ms
2026-08-04 23:27:00,382 | timing took 2.18ms
2026-08-04 23:27:00,386 | authorization took 1.96ms
2026-08-04 23:27:00,386 | check_api_key took 2.06ms
2026-08-04 23:27:00,386 | blacklist took 2.25ms
2026-08-04 23:27:00,386 | log_requests took 2.37ms
2026-08-04 23:27:00,386 | timing took 2.46ms
2026-08-04 23:27:00,389 | authorization took 1.53ms
2026-08-04 23:27:00,389 | check_api_key took 1.77ms
2026-08-04 23:27:00,389 | blacklist took 1.98ms
2026-08-04 23:27:00,389 | log_requests took 2.10ms
2026-08-04 23:27:00,389 | timing took 2.20ms
2026-08-04 23:27:00,391 | authorization took 0.89ms
2026-08-04 23:27:00,391 | check_api_key took 0.99ms
2026-08-04 23:27:00,391 | blacklist took 1.23ms
2026-08-04 23:27:00,391 | log_requests took 1.36ms
2026-08-04 23:27:00,391 | timing took 1.46ms
2026-08-04 23:27:00,395 | authorization took 2.17ms
2026-08-04 23:27:00,395 | check_api_key took 2.28ms
2026-08-04 23:27:00,395 | blacklist took 2.47ms
2026-08-04 23:27:00,395 | log_requests took 2.58ms
2026-08-04 23:27:00,396 | timing took 2.67ms
2026-08-04 23:27:00,399 | authorization took 1.97ms
2026-08-04 23:27:00,399 | check_api_key took 2.07ms
2026-08-04 23:27:00,399 | blacklist took 2.24ms
2026-08-04 23:27:00,399 | log_requests took 2.36ms
2026-08-04 23:27:00,399 | timing took 2.45ms
2026-08-04 23:27:00,402 | authorization took 0.83ms
2026-08-04 23:27:00,402 | check_api_key took 0.93ms
2026-08-04 23:27:00,402 | blacklist took 1.12ms
2026-08-04 23:27:00,402 | log_requests took 1.24ms
2026-08-04 23:27:00,402 | timing took 1.34ms
2026-08-04 23:27:00,406 | authorization took 2.11ms
2026-08-04 23:27:00,406 | check_api_key took 2.21ms
2026-08-04 23:27:00,406 | blacklist took 2.39ms
2026-08-04 23:27:00,406 | log_requests took 2.51ms
2026-08-04 23:27:00,406 | timing took 2.60ms
2026-08-04 23:27:00,409 | authorization took 1.50ms
2026-08-04 23:27:00,409 | check_api_key took 1.73ms
2026-08-04 23:27:00,409 | blacklist took 1.92ms
2026-08-04 23:27:00,409 | log_requests took 2.04ms
2026-08-04 23:27:00,409 | timing took 2.14ms
2026-08-04 23:27:00,411 | authorization took 0.61ms
2026-08-04 23:27:00,411 | check_api_key took 0.72ms
2026-08-04 23:27:00,411 | blacklist took 0.91ms
2026-08-04 23:27:00,411 | log_requests took 1.05ms
2026-08-04 23:27:00,411 | timing took 1.15ms
2026-08-04 23:27:00,415 | authorization took 1.87ms
2026-08-04 23:27:00,415 | check_api_key took 1.97ms
2026-08-04 23:27:00,415 | blacklist took 2.15ms
2026-08-04 23:27:00,415 | log_requests took 2.26ms
2026-08-04 23:27:00,415 | timing took 2.35ms
2026-08-04 23:27:00,417 | authorization took 0.58ms
2026-08-04 23:27:00,417 | check_api_key took 0.79ms
2026-08-04 23:27:00,417 | blacklist took 0.96ms
2026-08-04 23:27:00,417 | log_requests took 1.08ms
2026-08-04 23:27:00,417 | timing took 1.17ms
2026-08-04 23:27:00,420 | authorization took 1.73ms
2026-08-04 23:27:00,420 | check_api_key took 1.84ms
2026-08-04 23:27:00,420 | blacklist took 2.05ms
2026-08-04 23:27:00,420 | log_requests took 2.18ms
2026-08-04 23:27:00,420 | timing took 2.28ms
2026-08-04 23:27:00,423 | authorization took 1.79ms
2026-08-04 23:27:00,423 | check_api_key took 1.89ms
2026-08-04 23:27:00,423 | blacklist took 2.06ms
2026-08-04 23:27:00,424 | log_requests took 2.19ms
2026-08-04 23:27:00,424 | timing took 2.27ms
2026-08-04 23:27:00,425 | check_api_key took 0.02ms
2026-08-04 23:27:00,425 | blacklist took 0.17ms
2026-08-04 23:27:00,425 | log_requests took 0.29ms
2026-08-04 23:27:00,425 | timing took 0.38ms
2026-08-04 23:27:00,428 | authorization took 1.90ms
2026-08-04 23:27:00,428 | check_api_key took 2.00ms
2026-08-04 23:27:00,428 | blacklist took 2.17ms
2026-08-04 23:27:00,428 | log_requests took 2.28ms
2026-08-04 23:27:00,429 | timing took 2.37ms
2026-08-04 23:27:00,431 | authorization took 1.34ms
2026-08-04 23:27:00,431 | check_api_key took 1.57ms
2026-08-04 23:27:00,431 | blacklist took 1.74ms
2026-08-04 23:27:00,431 | log_requests took 1.86ms
2026-08-04 23:27:00,431 | timing took 1.96ms
2026-08-04 23:27:00,435 | authorization took 2.19ms
2026-08-04 23:27:00,435 | check_api_key took 2.30ms
2026-08-04 23:27:00,435 | blacklist took 2.48ms
2026-08-04 23:27:00,435 | log_requests took 2.60ms
2026-08-04 23:27:00,435 | timing took 2.70ms
2026-08-04 23:27:00,438 | authorization took 1.43ms
2026-08-04 23:27:00,438 | check_api_key took 1.53ms
2026-08-04 23:27:00,438 | blacklist took 1.71ms
2026-08-04 23:27:00,438 | log_requests took 1.83ms
2026-08-04 23:27:00,438 | timing took 1.92ms
2026-08-04 23:27:00,442 | authorization took 1.76ms
2026-08-04 23:27:00,442 | check_api_key took 1.87ms
2026-08-04 23:27:00,442 | blacklist took 2.07ms
2026-08-04 23:27:00,442 | log_requests took 2.20ms
2026-08-04 23:27:00,442 | timing took 2.29ms
2026-08-04 23:27:00,445 | authorization took 0.65ms
2026-08-04 23:27:00,445 | check_api_key took 0.76ms
2026-08-04 23:27:00,445 | blacklist took 0.93ms
2026-08-04 23:27:00,445 | log_requests took 1.05ms
2026-08-04 23:27:00,445 | timing took 1.13ms
2026-08-04 23:27:00,448 | authorization took 2.06ms
2026-08-04 23:27:00,448 | check_api_key took 2.17ms
2026-08-04 23:27:00,449 | blacklist took 2.34ms
2026-08-04 23:27:00,449 | log_requests took 2.47ms
2026-08-04 23:27:00,449 | timing took 2.56ms
2026-08-04 23:27:00,451 | authorization took 0.72ms
2026-08-04 23:27:00,451 | check_api_key took 0.82ms
2026-08-04 23:27:00,451 | blacklist took 0.99ms
2026-08-04 23:27:00,451 | log_requests took 1.10ms
2026-08-04 23:27:00,451 | timing took 1.19ms
2026-08-04 23:27:00,454 | authorization took 0.74ms
2026-08-04 23:27:00,454 | check_api_key took 0.85ms
2026-08-04 23:27:00,454 | blacklist took 1.02ms
2026-08-04 23:27:00,454 | log_requests took 1.15ms
2026-08-04 23:27:00,454 | timing took 1.24ms
2026-08-04 23:27:00,457 | authorization took 1.88ms
2026-08-04 23:27:00,457 | check_api_key took 2.02ms
2026-08-04 23:27:00,457 | blacklist took 2.21ms
2026-08-04 23:27:00,457 | log_requests took 2.32ms
2026-08-04 23:27:00,458 | timing took 2.41ms
2026-08-04 23:27:00,460 | authorization took 1.69ms
2026-08-04 23:27:00,460 | check_api_key took 1.79ms
2026-08-04 23:27:00,460 | blacklist took 1.98ms
2026-08-04 23:27:00,460 | log_requests took 2.09ms
2026-08-04 23:27:00,461 | timing took 2.19ms
2026-08-04 23:27:00,464 | authorization took 1.73ms
2026-08-04 23:27:00,464 | check_api_key took 1.83ms
2026-08-04 23:27:00,464 | blacklist took 2.01ms
2026-08-04 23:27:00,464 | log_requests took 2.13ms
2026-08-04 23:27:00,464 | timing took 2.21ms
2026-08-04 23:27:00,466 | authorization took 1.43ms
2026-08-04 23:27:00,466 | check_api_key took 1.54ms
2026-08-04 23:27:00,466 | blacklist took 1.73ms
2026-08-04 23:27:00,467 | log_requests took 1.85ms
2026-08-04 23:27:00,467 | timing took 1.95ms
2026-08-04 23:27:00,470 | authorization took 1.73ms
2026-08-04 23:27:00,470 | check_api_key took 1.83ms
2026-08-04 23:27:00,470 | blacklist took 2.02ms
2026-08-04 23:27:00,470 | log_requests took 2.14ms
2026-08-04 23:27:00,470 | timing took 2.23ms
2026-08-04 23:27:00,472 | authorization took 1.08ms
2026-08-04 23:27:00,472 | check_api_key took 1.18ms
2026-08-04 23:27:00,472 | blacklist took 1.35ms
2026-08-04 23:27:00,472 | log_requests took 1.47ms
2026-08-04 23:27:00,472 | timing took 1.55ms
2026-08-04 23:27:00,476 | authorization took 2.43ms
2026-08-04 23:27:00,477 | check_api_key took 2.55ms
2026-08-04 23:27:00,477 | blacklist took 2.72ms
2026-08-04 23:27:00,477 | log_requests took 2.85ms
2026-08-04 23:27:00,477 | timing took 2.95ms
2026-08-04 23:27:00,479 | authorization took 1.49ms
2026-08-04 23:27:00,479 | check_api_key took 1.75ms
2026-08-04 23:27:00,480 | blacklist took 1.94ms
2026-08-04 23:27:00,480 | log_requests took 2.06ms
2026-08-04 23:27:00,480 | timing took 2.15ms
2026-08-04 23:27:00,481 | authorization took 0.89ms
2026-08-04 23:27:00,481 | check_api_key took 0.99ms
2026-08-04 23:27:00,482 | blacklist took 1.17ms
2026-08-04 23:27:00,482 | log_requests took 1.28ms
2026-08-04 23:27:00,482 | timing took 1.37ms
2026-08-04 23:27:00,485 | authorization took 1.79ms
2026-08-04 23:27:00,485 | check_api_key took 1.89ms
2026-08-04 23:27:00,485 | blacklist took 2.07ms
2026-08-04 23:27:00,485 | log_requests took 2.18ms
2026-08-04 23:27:00,485 | timing took 2.27ms
2026-08-04 23:27:00,490 | authorization took 3.25ms
2026-08-04 23:27:00,491 | check_api_key took 3.49ms
2026-08-04 23:27:00,491 | blacklist took 3.71ms
2026-08-04 23:27:00,491 | log_requests took 3.85ms
2026-08-04 23:27:00,491 | timing took 3.95ms
2026-08-04 23:27:00,493 | authorization took 1.59ms
2026-08-04 23:27:00,493 | check_api_key took 1.70ms
2026-08-04 23:27:00,494 | blacklist took 1.91ms
2026-08-04 23:27:00,494 | log_requests took 2.04ms
2026-08-04 23:27:00,494 | timing took 2.15ms
2026-08-04 23:27:00,496 | authorization took 1.87ms
2026-08-04 23:27:00,497 | check_api_key took 1.98ms
2026-08-04 23:27:00,497 | blacklist took 2.17ms
2026-08-04 23:27:00,497 | log_requests took 2.29ms
2026-08-04 23:27:00,497 | timing took 2.39ms
2026-08-04 23:27:00,499 | authorization took 1.30ms
2026-08-04 23:27:00,499 | check_api_key took 1.40ms
2026-08-04 23:27:00,499 | blacklist took 1.58ms
2026-08-04 23:27:00,499 | log_requests took 1.70ms
2026-08-04 23:27:00,499 | timing took 1.79ms
2026-08-04 23:27:00,503 | authorization took 1.77ms
2026-08-04 23:27:00,503 | check_api_key took 1.86ms
2026-08-04 23:27:00,503 | blacklist took 2.03ms
2026-08-04 23:27:00,503 | log_requests took 2.14ms
2026-08-04 23:27:00,503 | timing took 2.23ms
2026-08-04 23:27:00,506 | authorization took 2.52ms
2026-08-04 23:27:00,506 | check_api_key took 2.77ms
2026-08-04 23:27:00,507 | blacklist took 2.97ms
2026-08-04 23:27:00,507 | log_requests took 3.10ms
2026-08-04 23:27:00,507 | timing took 3.23ms
2026-08-04 23:27:00,509 | authorization took 0.69ms
2026-08-04 23:27:00,509 | check_api_key took 0.90ms
2026-08-04 23:27:00,509 | blacklist took 1.07ms
2026-08-04 23:27:00,509 | log_requests took 1.17ms
2026-08-04 23:27:00,509 | timing took 1.26ms
2026-08-04 23:27:00,512 | authorization took 0.71ms
2026-08-04 23:27:00,512 | check_api_key took 0.92ms
2026-08-04 23:27:00,512 | blacklist took 1.11ms
2026-08-04 23:27:00,512 | log_requests took 1.22ms
2026-08-04 23:27:00,512 | timing took 1.31ms
2026-08-04 23:27:00,515 | authorization took 1.16ms
2026-08-04 23:27:00,515 | check_api_key took 1.37ms
2026-08-04 23:27:00,515 | blacklist took 1.55ms
2026-08-04 23:27:00,515 | log_requests took 1.67ms
2026-08-04 23:27:00,515 | timing took 1.76ms
2026-08-04 23:27:00,519 | authorization took 1.58ms
2026-08-04 23:27:00,519 | check_api_key took 1.79ms
2026-08-04 23:27:00,519 | blacklist took 1.96ms
2026-08-04 23:27:00,519 | log_requests took 2.08ms
2026-08-04 23:27:00,519 | timing took 2.17ms
2026-08-04 23:27:00,521 | authorization took 0.01ms
2026-08-04 23:27:00,521 | check_api_key took 0.21ms
2026-08-04 23:27:00,521 | blacklist took 0.37ms
2026-08-04 23:27:00,521 | log_requests took 0.48ms
2026-08-04 23:27:00,521 | timing took 0.58ms
2026-08-04 23:27:00,522 | check_api_key took 0.01ms
2026-08-04 23:27:00,522 | blacklist took 0.20ms
2026-08-04 23:27:00,522 | log_requests took 0.31ms
2026-08-04 23:27:00,523 | timing took 0.40ms
2026-08-04 23:27:00,526 | authorization took 0.01ms
2026-08-04 23:27:00,526 | check_api_key took 0.25ms
2026-08-04 23:27:00,526 | blacklist took 0.42ms
2026-08-04 23:27:00,526 | log_requests took 0.53ms
2026-08-04 23:27:00,526 | timing took 0.63ms
2026-08-04 23:27:00,529 | authorization took 1.77ms
2026-08-04 23:27:00,530 | check_api_key took 2.00ms
2026-08-04 23:27:00,530 | blacklist took 2.18ms
2026-08-04 23:27:00,530 | log_requests took 2.29ms
2026-08-04 23:27:00,530 | timing took 2.38ms
2026-08-04 23:27:00,533 | authorization took 1.67ms
2026-08-04 23:27:00,533 | check_api_key took 1.77ms
2026-08-04 23:27:00,533 | blacklist took 1.93ms
2026-08-04 23:27:00,533 | log_requests took 2.05ms
2026-08-04 23:27:00,533 | timing took 2.14ms
2026-08-04 23:27:00,536 | authorization took 2.08ms
2026-08-04 23:27:00,537 | check_api_key took 2.30ms
2026-08-04 23:27:00,537 | blacklist took 2.53ms
2026-08-04 23:27:00,537 | log_requests took 2.65ms
2026-08-04 23:27:00,537 | timing took 2.74ms
2026-08-04 23:27:00,539 | authorization took 1.43ms
2026-08-04 23:27:00,539 | check_api_key took 1.54ms
2026-08-04 23:27:00,539 | blacklist took 1.73ms
2026-08-04 23:27:00,539 | log_requests took 1.85ms
2026-08-04 23:27:00,539 | timing took 1.94ms
2026-08-04 23:27:00,543 | authorization took 2.36ms
2026-08-04 23:27:00,543 | check_api_key took 2.46ms
2026-08-04 23:27:00,543 | blacklist took 2.61ms
2026-08-04 23:27:00,544 | log_requests took 2.73ms
2026-08-04 23:27:00,544 | timing took 2.82ms
2026-08-04 23:27:00,546 | authorization took 1.73ms
2026-08-04 23:27:00,546 | check_api_key took 1.94ms
2026-08-04 23:27:00,546 | blacklist took 2.13ms
2026-08-04 23:27:00,547 | log_requests took 2.24ms
2026-08-04 23:27:00,547 | timing took 2.32ms
2026-08-04 23:27:00,551 | authorization took 2.10ms
2026-08-04 23:27:00,551 | check_api_key took 2.20ms
2026-08-04 23:27:00,551 | blacklist took 2.38ms
2026-08-04 23:27:00,551 | log_requests took 2.49ms
2026-08-04 23:27:00,551 | timing took 2.58ms
2026-08-04 23:27:00,553 | authorization took 1.60ms
2026-08-04 23:27:00,554 | check_api_key took 1.82ms
2026-08-04 23:27:00,554 | blacklist took 2.00ms
2026-08-04 23:27:00,554 | log_requests took 2.12ms
2026-08-04 23:27:00,554 | timing took 2.20ms
2026-08-04 23:27:00,556 | authorization took 0.83ms
2026-08-04 23:27:00,556 | check_api_key took 0.94ms
2026-08-04 23:27:00,556 | blacklist took 1.12ms
2026-08-04 23:27:00,556 | log_requests took 1.24ms
2026-08-04 23:27:00,556 | timing took 1.34ms
2026-08-04 23:27:00,559 | authorization took 1.97ms
2026-08-04 23:27:00,559 | check_api_key took 2.08ms
2026-08-04 23:27:00,560 | blacklist took 2.26ms
2026-08-04 23:27:00,560 | log_requests took 2.37ms
2026-08-04 23:27:00,560 | timing took 2.46ms
2026-08-04 23:27:00,562 | authorization took 0.62ms
2026-08-04 23:27:00,562 | check_api_key took 0.72ms
2026-08-04 23:27:00,562 | blacklist took 0.91ms
2026-08-04 23:27:00,562 | log_requests took 1.02ms
2026-08-04 23:27:00,562 | timing took 1.12ms
2026-08-04 23:27:00,565 | authorization took 1.54ms
2026-08-04 23:27:00,565 | check_api_key took 1.75ms
2026-08-04 23:27:00,565 | blacklist took 1.94ms
2026-08-04 23:27:00,565 | log_requests took 2.05ms
2026-08-04 23:27:00,565 | timing took 2.14ms
2026-08-04 23:27:00,567 | authorization took 1.56ms
2026-08-04 23:27:00,568 | check_api_key took 1.65ms
2026-08-04 23:27:00,568 | blacklist took 1.83ms
2026-08-04 23:27:00,568 | log_requests took 1.95ms
2026-08-04 23:27:00,568 | timing took 2.05ms
2026-08-04 23:27:00,571 | authorization took 1.85ms
2026-08-04 23:27:00,571 | check_api_key took 1.96ms
2026-08-04 23:27:00,571 | blacklist took 2.15ms
2026-08-04 23:27:00,571 | log_requests took 2.27ms
2026-08-04 23:27:00,572 | timing took 2.36ms
2026-08-04 23:27:00,575 | authorization took 1.60ms
2026-08-04 23:27:00,575 | check_api_key took 1.85ms
2026-08-04 23:27:00,575 | blacklist took 2.05ms
2026-08-04 23:27:00,575 | log_requests took 2.17ms
2026-08-04 23:27:00,575 | timing took 2.26ms
2026-08-04 23:27:00,578 | authorization took 2.25ms
2026-08-04 23:27:00,578 | check_api_key took 2.38ms
2026-08-04 23:27:00,578 | blacklist took 2.58ms
2026-08-04 23:27:00,579 | log_requests took 2.71ms
2026-08-04 23:27:00,579 | timing took 2.81ms
2026-08-04 23:27:00,584 | authorization took 3.36ms
2026-08-04 23:27:00,584 | check_api_key took 3.46ms
2026-08-04 23:27:00,584 | blacklist took 3.80ms
2026-08-04 23:27:00,584 | log_requests took 3.91ms
2026-08-04 23:27:00,584 | timing took 4.00ms
2026-08-04 23:27:00,588 | authorization took 1.24ms
2026-08-04 23:27:00,588 | check_api_key took 1.47ms
2026-08-04 23:27:00,588 | blacklist took 1.67ms
2026-08-04 23:27:00,588 | log_requests took 1.79ms
2026-08-04 23:27:00,588 | timing took 1.88ms
2026-08-04 23:27:00,591 | authorization took 1.98ms
2026-08-04 23:27:00,591 | check_api_key took 2.09ms
2026-08-04 23:27:00,592 | blacklist took 2.30ms
2026-08-04 23:27:00,592 | log_requests took 2.43ms
2026-08-04 23:27:00,592 | timing took 2.53ms
2026-08-04 23:27:00,593 | check_api_key took 0.02ms
2026-08-04 23:27:00,593 | blacklist took 0.25ms
2026-08-04 23:27:00,593 | log_requests took 0.37ms
2026-08-04 23:27:00,593 | timing took 0.47ms
2026-08-04 23:27:00,596 | authorization took 1.51ms
2026-08-04 23:27:00,596 | check_api_key took 1.74ms
2026-08-04 23:27:00,596 | blacklist took 1.90ms
2026-08-04 23:27:00,597 | log_requests took 2.02ms
2026-08-04 23:27:00,597 | timing took 2.11ms
2026-08-04 23:27:00,600 | authorization took 1.94ms
2026-08-04 23:27:00,600 | check_api_key took 2.04ms
2026-08-04 23:27:00,600 | blacklist took 2.21ms
2026-08-04 23:27:00,600 | log_requests took 2.32ms
2026-08-04 23:27:00,600 | timing took 2.40ms
2026-08-04 23:27:00,603 | authorization took 1.43ms
2026-08-04 23:27:00,603 | check_api_key took 1.67ms
2026-08-04 23:27:00,603 | blacklist took 1.86ms
2026-08-04 23:27:00,603 | log_requests took 1.99ms
2026-08-04 23:27:00,603 | timing took 2.10ms
2026-08-04 23:27:00,605 | authorization took 1.11ms
2026-08-04 23:27:00,605 | check_api_key took 1.33ms
2026-08-04 23:27:00,605 | blacklist took 1.51ms
2026-08-04 23:27:00,606 | log_requests took 1.62ms
2026-08-04 23:27:00,606 | timing took 1.71ms
2026-08-04 23:27:00,610 | authorization took 2.48ms
2026-08-04 23:27:00,610 | check_api_key took 2.60ms
2026-08-04 23:27:00,610 | blacklist took 2.81ms
2026-08-04 23:27:00,610 | log_requests took 2.93ms
2026-08-04 23:27:00,610 | timing took 3.02ms
2026-08-04 23:27:00,612 | authorization took 0.74ms
2026-08-04 23:27:00,612 | check_api_key took 0.96ms
2026-08-04 23:27:00,612 | blacklist took 1.14ms
2026-08-04 23:27:00,612 | log_requests took 1.25ms
2026-08-04 23:27:00,612 | timing took 1.34ms
2026-08-04 23:27:00,615 | authorization took 1.56ms
2026-08-04 23:27:00,615 | check_api_key took 1.65ms
2026-08-04 23:27:00,615 | blacklist took 1.82ms
2026-08-04 23:27:00,615 | log_requests took 1.94ms
2026-08-04 23:27:00,615 | timing took 2.03ms
2026-08-04 23:27:00,618 | authorization took 1.54ms
2026-08-04 23:27:00,618 | check_api_key took 1.65ms
2026-08-04 23:27:00,618 | blacklist took 1.83ms
2026-08-04 23:27:00,618 | log_requests took 1.95ms
2026-08-04 23:27:00,618 | timing took 2.04ms
2026-08-04 23:27:00,620 | authorization took 0.93ms
2026-08-04 23:27:00,621 | check_api_key took 1.03ms
2026-08-04 23:27:00,621 | blacklist took 1.23ms
2026-08-04 23:27:00,621 | log_requests took 1.37ms
2026-08-04 23:27:00,621 | timing took 1.46ms
2026-08-04 23:27:00,624 | authorization took 1.83ms
2026-08-04 23:27:00,624 | check_api_key took 1.95ms
2026-08-04 23:27:00,624 | blacklist took 2.14ms
2026-08-04 23:27:00,624 | log_requests took 2.27ms
2026-08-04 23:27:00,624 | timing took 2.36ms
2026-08-04 23:27:00,627 | authorization took 0.92ms
2026-08-04 23:27:00,627 | check_api_key took 1.25ms
2026-08-04 23:27:00,627 | blacklist took 1.49ms
2026-08-04 23:27:00,627 | log_requests took 1.61ms
2026-08-04 23:27:00,627 | timing took 1.70ms
2026-08-04 23:27:00,631 | authorization took 2.18ms
2026-08-04 23:27:00,631 | check_api_key took 2.29ms
2026-08-04 23:27:00,631 | blacklist took 2.48ms
2026-08-04 23:27:00,631 | log_requests took 2.59ms
2026-08-04 23:27:00,631 | timing took 2.68ms
2026-08-04 23:27:00,805 | authorization took 172.36ms
2026-08-04 23:27:00,805 | check_api_key took 172.64ms
2026-08-04 23:27:00,805 | blacklist took 172.85ms
2026-08-04 23:27:00,805 | log_requests took 172.98ms
2026-08-04 23:27:00,805 | timing took 173.08ms
2026-08-04 23:27:00,807 | authorization took 0.75ms
2026-08-04 23:27:00,807 | check_api_key took 0.88ms
2026-08-04 23:27:00,807 | blacklist took 1.11ms
2026-08-04 23:27:00,807 | log_requests took 1.25ms
2026-08-04 23:27:00,807 | timing took 1.35ms
2026-08-04 23:27:00,982 | authorization took 172.45ms
2026-08-04 23:27:00,982 | check_api_key took 172.61ms
2026-08-04 23:27:00,982 | blacklist took 172.81ms
2026-08-04 23:27:00,982 | log_requests took 172.95ms
2026-08-04 23:27:00,982 | timing took 173.05ms
2026-08-04 23:27:01,155 | authorization took 171.84ms
2026-08-04 23:27:01,155 | check_api_key took 172.01ms
2026-08-04 23:27:01,155 | blacklist took 172.24ms
2026-08-04 23:27:01,155 | log_requests took 172.39ms
2026-08-04 23:27:01,155 | timing took 172.50ms
2026-08-04 23:27:01,330 | authorization took 171.97ms
2026-08-04 23:27:01,330 | check_api_key took 172.12ms
2026-08-04 23:27:01,330 | blacklist took 172.33ms
2026-08-04 23:27:01,330 | log_requests took 172.47ms
2026-08-04 23:27:01,330 | timing took 172.58ms
2026-08-04 23:27:01,500 | authorization took 169.02ms
2026-08-04 23:27:01,500 | check_api_key took 169.19ms
2026-08-04 23:27:01,500 | blacklist took 169.41ms
2026-08-04 23:27:01,500 | log_requests took 169.56ms
2026-08-04 23:27:01,500 | timing took 169.65ms
2026-08-04 23:27:01,674 | authorization took 171.20ms
2026-08-04 23:27:01,674 | check_api_key took 171.42ms
2026-08-04 23:27:01,675 | blacklist took 171.68ms
2026-08-04 23:27:01,675 | log_requests took 171.84ms
2026-08-04 23:27:01,675 | timing took 171.95ms
2026-08-04 23:27:01,679 | authorization took 2.33ms
2026-08-04 23:27:01,679 | check_api_key took 2.78ms
2026-08-04 23:27:01,679 | blacklist took 3.04ms
2026-08-04 23:27:01,679 | log_requests took 3.20ms
2026-08-04 23:27:01,679 | timing took 3.32ms
2026-08-04 23:27:01,681 | authorization took 0.63ms
2026-08-04 23:27:01,681 | check_api_key took 0.75ms
2026-08-04 23:27:01,681 | blacklist took 0.94ms
2026-08-04 23:27:01,681 | log_requests took 1.06ms
2026-08-04 23:27:01,681 | timing took 1.16ms
2026-08-04 23:27:01,853 | authorization took 170.66ms
2026-08-04 23:27:01,853 | check_api_key took 170.81ms
2026-08-04 23:27:01,854 | blacklist took 171.01ms
2026-08-04 23:27:01,854 | log_requests took 171.15ms
2026-08-04 23:27:01,854 | timing took 171.24ms
2026-08-04 23:27:01,856 | authorization took 0.79ms
2026-08-04 23:27:01,856 | check_api_key took 0.91ms
2026-08-04 23:27:01,856 | blacklist took 1.10ms
2026-08-04 23:27:01,856 | log_requests took 1.23ms
2026-08-04 23:27:01,856 | timing took 1.32ms
2026-08-04 23:27:01,863 | authorization took 4.42ms
2026-08-04 23:27:01,863 | check_api_key took 4.54ms
2026-08-04 23:27:01,863 | blacklist took 4.75ms
2026-08-04 23:27:01,863 | log_requests took 4.88ms
2026-08-04 23:27:01,863 | timing took 4.98ms
2026-08-04 23:27:01,866 | authorization took 1.52ms
2026-08-04 23:27:01,866 | check_api_key took 1.63ms
2026-08-04 23:27:01,866 | blacklist took 1.85ms
2026-08-04 23:27:01,866 | log_requests took 1.98ms
2026-08-04 23:27:01,866 | timing took 2.08ms
2026-08-04 23:27:02,037 | authorization took 169.82ms
2026-08-04 23:27:02,037 | check_api_key took 170.07ms
2026-08-04 23:27:02,037 | blacklist took 170.25ms
2026-08-04 23:27:02,037 | log_requests took 170.38ms
2026-08-04 23:27:02,037 | timing took 170.47ms
2026-08-04 23:27:02,039 | authorization took 0.52ms
2026-08-04 23:27:02,039 | check_api_key took 0.63ms
2026-08-04 23:27:02,039 | blacklist took 0.86ms
2026-08-04 23:27:02,039 | log_requests took 0.98ms
2026-08-04 23:27:02,039 | timing took 1.07ms
2026-08-04 23:27:02,211 | authorization took 169.90ms
2026-08-04 23:27:02,211 | check_api_key took 170.04ms
2026-08-04 23:27:02,211 | blacklist took 170.22ms
2026-08-04 23:27:02,211 | log_requests took 170.35ms
2026-08-04 23:27:02,211 | timing took 170.45ms
2026-08-04 23:27:02,221 | authorization took 8.19ms
2026-08-04 23:27:02,221 | check_api_key took 8.35ms
2026-08-04 23:27:02,221 | blacklist took 8.73ms
2026-08-04 23:27:02,221 | log_requests took 8.88ms
2026-08-04 23:27:02,221 | timing took 8.98ms
2026-08-04 23:27:02,225 | authorization took 2.09ms
2026-08-04 23:27:02,225 | check_api_key took 2.43ms
2026-08-04 23:27:02,225 | blacklist took 2.70ms
2026-08-04 23:27:02,225 | log_requests took 2.89ms
2026-08-04 23:27:02,225 | timing took 3.00ms
2026-08-04 23:27:02,228 | authorization took 1.60ms
2026-08-04 23:27:02,228 | check_api_key took 1.70ms
2026-08-04 23:27:02,228 | blacklist took 1.91ms
2026-08-04 23:27:02,228 | log_requests took 2.03ms
2026-08-04 23:27:02,228 | timing took 2.13ms
2026-08-04 23:27:02,230 | authorization took 0.72ms
2026-08-04 23:27:02,230 | check_api_key took 0.81ms
2026-08-04 23:27:02,230 | blacklist took 0.96ms
2026-08-04 23:27:02,230 | log_requests took 1.08ms
2026-08-04 23:27:02,230 | timing took 1.16ms
2026-08-04 23:27:02,233 | authorization took 1.31ms
2026-08-04 23:27:02,233 | check_api_key took 1.43ms
2026-08-04 23:27:02,233 | blacklist took 1.62ms
2026-08-04 23:27:02,233 | log_requests took 1.75ms
2026-08-04 23:27:02,233 | timing took 1.84ms
2026-08-04 23:27:02,236 | authorization took 0.72ms
2026-08-04 23:27:02,236 | check_api_key took 0.82ms
2026-08-04 23:27:02,236 | blacklist took 1.00ms
2026-08-04 23:27:02,236 | log_requests took 1.11ms
2026-08-04 23:27:02,236 | timing took 1.20ms
2026-08-04 23:27:02,238 | authorization took 0.31ms
2026-08-04 23:27:02,238 | check_api_key took 0.41ms
2026-08-04 23:27:02,238 | blacklist took 0.57ms
2026-08-04 23:27:02,238 | log_requests took 0.68ms
2026-08-04 23:27:02,238 | timing took 0.77ms
2026-08-04 23:27:02,240 | authorization took 1.03ms
2026-08-04 23:27:02,240 | check_api_key took 1.13ms
2026-08-04 23:27:02,240 | blacklist took 1.31ms
2026-08-04 23:27:02,241 | log_requests took 1.44ms
2026-08-04 23:27:02,241 | timing took 1.53ms
2026-08-04 23:27:02,245 | authorization took 3.19ms
2026-08-04 23:27:02,245 | check_api_key took 3.30ms
2026-08-04 23:27:02,245 | blacklist took 3.51ms
2026-08-04 23:27:02,246 | log_requests took 3.64ms
2026-08-04 23:27:02,246 | timing took 3.73ms
2026-08-04 23:27:02,249 | authorization took 1.64ms
2026-08-04 23:27:02,249 | check_api_key took 1.74ms
2026-08-04 23:27:02,249 | blacklist took 1.93ms
2026-08-04 23:27:02,249 | log_requests took 2.05ms
2026-08-04 23:27:02,249 | timing took 2.14ms
2026-08-04 23:27:02,251 | authorization took 0.91ms
2026-08-04 23:27:02,251 | check_api_key took 1.02ms
2026-08-04 23:27:02,251 | blacklist took 1.18ms
2026-08-04 23:27:02,251 | log_requests took 1.30ms
2026-08-04 23:27:02,251 | timing took 1.39ms
2026-08-04 23:27:02,253 | check_api_key took 0.01ms
2026-08-04 23:27:02,253 | blacklist took 0.19ms
2026-08-04 23:27:02,253 | log_requests took 0.30ms
2026-08-04 23:27:02,253 | timing took 0.38ms
2026-08-04 23:27:02,256 | authorization took 1.83ms
2026-08-04 23:27:02,256 | check_api_key took 1.93ms
2026-08-04 23:27:02,256 | blacklist took 2.10ms
2026-08-04 23:27:02,256 | log_requests took 2.21ms
2026-08-04 23:27:02,256 | timing took 2.31ms
2026-08-04 23:27:02,260 | authorization took 2.15ms
2026-08-04 23:27:02,260 | check_api_key took 2.26ms
2026-08-04 23:27:02,260 | blacklist took 2.45ms
2026-08-04 23:27:02,260 | log_requests took 2.58ms
2026-08-04 23:27:02,260 | timing took 2.68ms
2026-08-04 23:27:02,268 | authorization took 7.54ms
2026-08-04 23:27:02,269 | check_api_key took 7.79ms
2026-08-04 23:27:02,269 | blacklist took 7.96ms
2026-08-04 23:27:02,269 | log_requests took 8.08ms
2026-08-04 23:27:02,269 | timing took 8.18ms
2026-08-04 23:27:02,441 | authorization took 170.81ms
2026-08-04 23:27:02,441 | check_api_key took 170.96ms
2026-08-04 23:27:02,442 | blacklist took 171.16ms
2026-08-04 23:27:02,442 | log_requests took 171.30ms
2026-08-04 23:27:02,442 | timing took 171.40ms
2026-08-04 23:27:02,445 | authorization took 1.61ms
2026-08-04 23:27:02,445 | check_api_key took 1.94ms
2026-08-04 23:27:02,445 | blacklist took 2.14ms
2026-08-04 23:27:02,445 | log_requests took 2.26ms
2026-08-04 23:27:02,445 | timing took 2.35ms
2026-08-04 23:27:02,449 | authorization took 1.86ms
2026-08-04 23:27:02,449 | check_api_key took 1.96ms
2026-08-04 23:27:02,449 | blacklist took 2.18ms
2026-08-04 23:27:02,449 | log_requests took 2.30ms
2026-08-04 23:27:02,449 | timing took 2.40ms
2026-08-04 23:27:02,452 | authorization took 2.02ms
2026-08-04 23:27:02,452 | check_api_key took 2.13ms
2026-08-04 23:27:02,452 | blacklist took 2.33ms
2026-08-04 23:27:02,452 | log_requests took 2.45ms
2026-08-04 23:27:02,452 | timing took 2.53ms
2026-08-04 23:27:02,455 | authorization took 1.63ms
2026-08-04 23:27:02,455 | check_api_key took 1.72ms
2026-08-04 23:27:02,455 | blacklist took 1.90ms
2026-08-04 23:27:02,455 | log_requests took 2.01ms
2026-08-04 23:27:02,455 | timing took 2.10ms
2026-08-04 23:27:02,458 | authorization took 1.61ms
2026-08-04 23:27:02,458 | check_api_key took 1.71ms
2026-08-04 23:27:02,458 | blacklist took 1.87ms
2026-08-04 23:27:02,458 | log_requests took 1.98ms
2026-08-04 23:27:02,458 | timing took 2.07ms
2026-08-04 23:27:02,461 | authorization took 1.63ms
2026-08-04 23:27:02,461 | check_api_key took 1.73ms
2026-08-04 23:27:02,461 | blacklist took 1.90ms
2026-08-04 23:27:02,461 | log_requests took 2.02ms
2026-08-04 23:27:02,461 | timing took 2.15ms
2026-08-04 23:27:02,464 | authorization took 2.40ms
2026-08-04 23:27:02,464 | check_api_key took 2.62ms
2026-08-04 23:27:02,464 | blacklist took 2.80ms
2026-08-04 23:27:02,464 | log_requests took 2.92ms
2026-08-04 23:27:02,465 | timing took 3.00ms
2026-08-04 23:27:02,468 | authorization took 1.63ms
2026-08-04 23:27:02,468 | check_api_key took 1.73ms
2026-08-04 23:27:02,468 | blacklist took 1.89ms
2026-08-04 23:27:02,468 | log_requests took 2.01ms
2026-08-04 23:27:02,468 | timing took 2.10ms
2026-08-04 23:27:02,471 | authorization took 1.83ms
2026-08-04 23:27:02,471 | check_api_key took 1.93ms
2026-08-04 23:27:02,471 | blacklist took 2.11ms
2026-08-04 23:27:02,471 | log_requests took 2.22ms
2026-08-04 23:27:02,471 | timing took 2.31ms
2026-08-04 23:27:02,474 | authorization took 1.77ms
2026-08-04 23:27:02,474 | check_api_key took 1.88ms
2026-08-04 23:27:02,474 | blacklist took 2.06ms
2026-08-04 23:27:02,474 | log_requests took 2.19ms
2026-08-04 23:27:02,474 | timing took 2.28ms
2026-08-04 23:27:02,477 | authorization took 2.09ms
2026-08-04 23:27:02,477 | check_api_key took 2.21ms
2026-08-04 23:27:02,477 | blacklist took 2.41ms
2026-08-04 23:27:02,477 | log_requests took 2.52ms
2026-08-04 23:27:02,477 | timing took 2.61ms
2026-08-04 23:27:02,480 | authorization took 1.68ms
2026-08-04 23:27:02,480 | check_api_key took 1.78ms
2026-08-04 23:27:02,480 | blacklist took 1.95ms
2026-08-04 23:27:02,480 | log_requests took 2.07ms
2026-08-04 23:27:02,480 | timing took 2.15ms
2026-08-04 23:27:02,484 | authorization took 2.30ms
2026-08-04 23:27:02,484 | check_api_key took 2.52ms
2026-08-04 23:27:02,484 | blacklist took 2.70ms
2026-08-04 23:27:02,484 | log_requests took 2.81ms
2026-08-04 23:27:02,484 | timing took 2.90ms
2026-08-04 23:27:02,487 | authorization took 2.19ms
2026-08-04 23:27:02,487 | check_api_key took 2.40ms
2026-08-04 23:27:02,487 | blacklist took 2.57ms
2026-08-04 23:27:02,487 | log_requests took 2.69ms
2026-08-04 23:27:02,487 | timing took 2.77ms
2026-08-04 23:27:02,491 | authorization took 1.87ms
2026-08-04 23:27:02,491 | check_api_key took 1.97ms
2026-08-04 23:27:02,491 | blacklist took 2.16ms
2026-08-04 23:27:02,491 | log_requests took 2.28ms
2026-08-04 23:27:02,491 | timing took 2.36ms
2026-08-04 23:27:02,494 | authorization took 1.66ms
2026-08-04 23:27:02,494 | check_api_key took 1.76ms
2026-08-04 23:27:02,494 | blacklist took 1.93ms
2026-08-04 23:27:02,494 | log_requests took 2.04ms
2026-08-04 23:27:02,494 | timing took 2.12ms
2026-08-04 23:27:02,497 | authorization took 1.58ms
2026-08-04 23:27:02,497 | check_api_key took 1.67ms
2026-08-04 23:27:02,497 | blacklist took 1.84ms
2026-08-04 23:27:02,497 | log_requests took 1.95ms
2026-08-04 23:27:02,497 | timing took 2.03ms
2026-08-04 23:27:02,500 | authorization took 2.03ms
2026-08-04 23:27:02,500 | check_api_key took 2.26ms
2026-08-04 23:27:02,500 | blacklist took 2.45ms
2026-08-04 23:27:02,500 | log_requests took 2.56ms
2026-08-04 23:27:02,500 | timing took 2.65ms
2026-08-04 23:27:02,503 | authorization took 1.32ms
2026-08-04 23:27:02,503 | check_api_key took 1.56ms
2026-08-04 23:27:02,504 | blacklist took 1.74ms
2026-08-04 23:27:02,504 | log_requests took 1.85ms
2026-08-04 23:27:02,504 | timing took 1.94ms
2026-08-04 23:27:02,505 | authorization took 0.49ms
2026-08-04 23:27:02,506 | check_api_key took 0.58ms
2026-08-04 23:27:02,506 | blacklist took 0.73ms
2026-08-04 23:27:02,506 | log_requests took 0.85ms
2026-08-04 23:27:02,506 | timing took 0.93ms
2026-08-04 23:27:02,507 | authorization took 0.29ms
2026-08-04 23:27:02,507 | check_api_key took 0.38ms
2026-08-04 23:27:02,507 | blacklist took 0.54ms
2026-08-04 23:27:02,508 | log_requests took 0.66ms
2026-08-04 23:27:02,508 | timing took 0.74ms
2026-08-04 23:27:02,509 | authorization took 0.26ms
2026-08-04 23:27:02,509 | check_api_key took 0.37ms
2026-08-04 23:27:02,510 | blacklist took 0.55ms
2026-08-04 23:27:02,510 | log_requests took 0.66ms
2026-08-04 23:27:02,510 | timing took 0.75ms
2026-08-04 23:27:02,512 | authorization took 0.29ms
2026-08-04 23:27:02,512 | check_api_key took 0.41ms
2026-08-04 23:27:02,512 | blacklist took 0.61ms
2026-08-04 23:27:02,512 | log_requests took 0.81ms
2026-08-04 23:27:02,512 | timing took 0.91ms
2026-08-04 23:27:02,514 | authorization took 0.34ms
2026-08-04 23:27:02,514 | check_api_key took 0.44ms
2026-08-04 23:27:02,514 | blacklist took 0.63ms
2026-08-04 23:27:02,514 | log_requests took 0.74ms
2026-08-04 23:27:02,514 | timing took 0.82ms
2026-08-04 23:27:02,518 | authorization took 2.13ms
2026-08-04 23:27:02,518 | check_api_key took 2.22ms
2026-08-04 23:27:02,518 | blacklist took 2.40ms
2026-08-04 23:27:02,518 | log_requests took 2.51ms
2026-08-04 23:27:02,518 | timing took 2.60ms
2026-08-04 23:27:02,520 | authorization took 1.50ms
2026-08-04 23:27:02,520 | check_api_key took 1.60ms
2026-08-04 23:27:02,521 | blacklist took 1.78ms
2026-08-04 23:27:02,521 | log_requests took 1.90ms
2026-08-04 23:27:02,521 | timing took 2.00ms
2026-08-04 23:27:02,524 | authorization took 1.58ms
2026-08-04 23:27:02,524 | check_api_key took 1.68ms
2026-08-04 23:27:02,524 | blacklist took 1.84ms
2026-08-04 23:27:02,524 | log_requests took 1.96ms
2026-08-04 23:27:02,524 | timing took 2.05ms
2026-08-04 23:27:02,526 | authorization took 0.87ms
2026-08-04 23:27:02,526 | check_api_key took 0.96ms
2026-08-04 23:27:02,526 | blacklist took 1.12ms
2026-08-04 23:27:02,526 | log_requests took 1.27ms
2026-08-04 23:27:02,526 | timing took 1.41ms
2026-08-04 23:27:02,528 | check_api_key took 0.01ms
2026-08-04 23:27:02,528 | blacklist took 0.18ms
2026-08-04 23:27:02,528 | log_requests took 0.29ms
2026-08-04 23:27:02,528 | timing took 0.39ms
2026-08-04 23:27:02,530 | check_api_key took 0.11ms
2026-08-04 23:27:02,530 | blacklist took 0.28ms
2026-08-04 23:27:02,530 | log_requests took 0.38ms
2026-08-04 23:27:02,530 | timing took 0.47ms
2026-08-04 23:27:02,533 | authorization took 1.54ms
2026-08-04 23:27:02,533 | check_api_key took 1.75ms
2026-08-04 23:27:02,533 | blacklist took 1.91ms
2026-08-04 23:27:02,533 | log_requests took 2.02ms
2026-08-04 23:27:02,533 | timing took 2.11ms
2026-08-04 23:27:02,534 | check_api_key took 0.12ms
2026-08-04 23:27:02,534 | blacklist took 0.28ms
2026-08-04 23:27:02,534 | log_requests took 0.38ms
2026-08-04 23:27:02,535 | timing took 0.47ms
2026-08-04 23:27:02,536 | blacklist took 0.09ms
2026-08-04 23:27:02,536 | log_requests took 0.20ms
2026-08-04 23:27:02,536 | timing took 0.28ms
2026-08-04 23:27:02,539 | authorization took 1.31ms
2026-08-04 23:27:02,539 | check_api_key took 1.52ms
2026-08-04 23:27:02,539 | blacklist took 1.67ms
2026-08-04 23:27:02,539 | log_requests took 1.78ms
2026-08-04 23:27:02,539 | timing took 1.87ms
2026-08-04 23:27:02,543 | authorization took 1.39ms
2026-08-04 23:27:02,543 | check_api_key took 1.60ms
2026-08-04 23:27:02,543 | blacklist took 1.77ms
2026-08-04 23:27:02,543 | log_requests took 1.90ms
2026-08-04 23:27:02,543 | timing took 1.99ms
2026-08-04 23:27:02,544 | blacklist took 0.08ms
2026-08-04 23:27:02,544 | log_requests took 0.20ms
2026-08-04 23:27:02,544 | timing took 0.28ms
2026-08-04 23:27:02,546 | authorization took 1.27ms
2026-08-04 23:27:02,546 | check_api_key took 1.49ms
2026-08-04 23:27:02,546 | blacklist took 1.67ms
2026-08-04 23:27:02,546 | log_requests took 1.79ms
2026-08-04 23:27:02,547 | timing took 1.88ms
2026-08-04 23:27:02,548 | blacklist took 0.09ms
2026-08-04 23:27:02,548 | log_requests took 0.22ms
2026-08-04 23:27:02,548 | timing took 0.31ms
2026-08-04 23:27:02,550 | blacklist took 0.07ms
2026-08-04 23:27:02,550 | log_requests took 0.19ms
2026-08-04 23:27:02,550 | timing took 0.27ms
2026-08-04 23:27:02,552 | authorization took 0.29ms
2026-08-04 23:27:02,552 | check_api_key took 0.39ms
2026-08-04 23:27:02,552 | blacklist took 0.55ms
2026-08-04 23:27:02,552 | log_requests took 0.66ms
2026-08-04 23:27:02,552 | timing took 0.75ms
2026-08-04 23:27:02,553 | check_api_key took 0.01ms
2026-08-04 23:27:02,553 | blacklist took 0.18ms
2026-08-04 23:27:02,553 | log_requests took 0.28ms
2026-08-04 23:27:02,553 | timing took 0.37ms
2026-08-04 23:27:02,557 | authorization took 1.92ms
2026-08-04 23:27:02,557 | check_api_key took 2.01ms
2026-08-04 23:27:02,557 | blacklist took 2.18ms
2026-08-04 23:27:02,557 | log_requests took 2.30ms
2026-08-04 23:27:02,557 | timing took 2.39ms
2026-08-04 23:27:02,559 | authorization took 1.53ms
2026-08-04 23:27:02,559 | check_api_key took 1.67ms
2026-08-04 23:27:02,559 | blacklist took 1.85ms
2026-08-04 23:27:02,560 | log_requests took 1.97ms
2026-08-04 23:27:02,560 | timing took 2.08ms
2026-08-04 23:27:02,563 | authorization took 1.61ms
2026-08-04 23:27:02,563 | check_api_key took 1.71ms
2026-08-04 23:27:02,563 | blacklist took 1.88ms
2026-08-04 23:27:02,563 | log_requests took 1.99ms
2026-08-04 23:27:02,563 | timing took 2.08ms
2026-08-04 23:27:02,565 | authorization took 1.58ms
2026-08-04 23:27:02,565 | check_api_key took 1.68ms
2026-08-04 23:27:02,565 | blacklist took 1.85ms
2026-08-04 23:27:02,566 | log_requests took 1.97ms
2026-08-04 23:27:02,566 | timing took 2.07ms
2026-08-04 23:27:02,567 | authorization took 0.75ms
2026-08-04 23:27:02,567 | check_api_key took 0.85ms
2026-08-04 23:27:02,567 | blacklist took 1.01ms
2026-08-04 23:27:02,567 | log_requests took 1.12ms
2026-08-04 23:27:02,567 | timing took 1.22ms
2026-08-04 23:27:02,569 | authorization took 0.70ms
2026-08-04 23:27:02,569 | check_api_key took 0.79ms
2026-08-04 23:27:02,569 | blacklist took 0.98ms
2026-08-04 23:27:02,569 | log_requests took 1.09ms
2026-08-04 23:27:02,569 | timing took 1.19ms
2026-08-04 23:27:02,573 | authorization took 1.72ms
2026-08-04 23:27:02,573 | check_api_key took 1.82ms
2026-08-04 23:27:02,573 | blacklist took 1.97ms
2026-08-04 23:27:02,573 | log_requests took 2.08ms
2026-08-04 23:27:02,573 | timing took 2.17ms
2026-08-04 23:27:02,575 | authorization took 1.52ms
2026-08-04 23:27:02,575 | check_api_key took 1.62ms
2026-08-04 23:27:02,575 | blacklist took 1.79ms
2026-08-04 23:27:02,575 | log_requests took 1.91ms
2026-08-04 23:27:02,575 | timing took 2.01ms
2026-08-04 23:27:02,578 | authorization took 1.34ms
2026-08-04 23:27:02,578 | check_api_key took 1.57ms
2026-08-04 23:27:02,578 | blacklist took 1.73ms
2026-08-04 23:27:02,578 | log_requests took 1.84ms
2026-08-04 23:27:02,578 | timing took 1.95ms
2026-08-04 23:27:02,580 | authorization took 0.58ms
2026-08-04 23:27:02,580 | check_api_key took 0.68ms
2026-08-04 23:27:02,580 | blacklist took 0.86ms
2026-08-04 23:27:02,580 | log_requests took 0.97ms
2026-08-04 23:27:02,580 | timing took 1.06ms
2026-08-04 23:27:02,583 | authorization took 1.75ms
2026-08-04 23:27:02,583 | check_api_key took 1.84ms
2026-08-04 23:27:02,583 | blacklist took 2.05ms
2026-08-04 23:27:02,583 | log_requests took 2.17ms
2026-08-04 23:27:02,583 | timing took 2.25ms
2026-08-04 23:27:02,586 | authorization took 1.34ms
2026-08-04 23:27:02,586 | check_api_key took 1.44ms
2026-08-04 23:27:02,586 | blacklist took 1.60ms
2026-08-04 23:27:02,586 | log_requests took 1.72ms
2026-08-04 23:27:02,586 | timing took 1.81ms
2026-08-04 23:27:02,589 | authorization took 2.00ms
2026-08-04 23:27:02,589 | check_api_key took 2.23ms
2026-08-04 23:27:02,589 | blacklist took 2.39ms
2026-08-04 23:27:02,589 | log_requests took 2.51ms
2026-08-04 23:27:02,589 | timing took 2.60ms
2026-08-04 23:27:02,591 | authorization took 1.03ms
2026-08-04 23:27:02,591 | check_api_key took 1.13ms
2026-08-04 23:27:02,591 | blacklist took 1.29ms
2026-08-04 23:27:02,591 | log_requests took 1.41ms
2026-08-04 23:27:02,591 | timing took 1.51ms
2026-08-04 23:27:02,595 | authorization took 1.78ms
2026-08-04 23:27:02,595 | check_api_key took 1.88ms
2026-08-04 23:27:02,595 | blacklist took 2.03ms
2026-08-04 23:27:02,595 | log_requests took 2.15ms
2026-08-04 23:27:02,595 | timing took 2.23ms
2026-08-04 23:27:02,598 | authorization took 1.41ms
2026-08-04 23:27:02,598 | check_api_key took 1.51ms
2026-08-04 23:27:02,598 | blacklist took 1.69ms
2026-08-04 23:27:02,598 | log_requests took 1.81ms
2026-08-04 23:27:02,598 | timing took 1.90ms
2026-08-04 23:27:02,600 | authorization took 0.62ms
2026-08-04 23:27:02,600 | check_api_key took 0.85ms
2026-08-04 23:27:02,600 | blacklist took 1.04ms
2026-08-04 23:27:02,600 | log_requests took 1.15ms
2026-08-04 23:27:02,600 | timing took 1.24ms
2026-08-04 23:27:02,772 | authorization took 170.63ms
2026-08-04 23:27:02,772 | check_api_key took 170.77ms
2026-08-04 23:27:02,772 | blacklist took 170.95ms
2026-08-04 23:27:02,772 | log_requests took 171.08ms
2026-08-04 23:27:02,772 | timing took 171.17ms
2026-08-04 23:27:02,983 | authorization took 209.35ms
2026-08-04 23:27:02,983 | check_api_key took 209.62ms
2026-08-04 23:27:02,983 | blacklist took 209.90ms
2026-08-04 23:27:02,983 | log_requests took 210.06ms
2026-08-04 23:27:02,984 | timing took 210.18ms
2026-08-04 23:27:03,156 | authorization took 171.47ms
2026-08-04 23:27:03,156 | check_api_key took 171.62ms
2026-08-04 23:27:03,156 | blacklist took 171.82ms
2026-08-04 23:27:03,157 | log_requests took 171.96ms
2026-08-04 23:27:03,157 | timing took 172.07ms
2026-08-04 23:27:14,590 | authorization took 21.31ms
2026-08-04 23:27:14,590 | check_api_key took 21.72ms
2026-08-04 23:27:14,591 | blacklist took 22.95ms
2026-08-04 23:27:14,591 | log_requests took 23.52ms
2026-08-04 23:27:14,591 | timing took 24.22ms
2026-08-04 23:27:14,720 | authorization took 126.71ms
2026-08-04 23:27:14,720 | check_api_key took 127.10ms
2026-08-04 23:27:14,721 | blacklist took 128.10ms
2026-08-04 23:27:14,722 | log_requests took 128.54ms
2026-08-04 23:27:14,722 | timing took 128.83ms
2026-08-04 23:27:14,739 | authorization took 8.19ms
2026-08-04 23:27:14,739 | check_api_key took 8.51ms
2026-08-04 23:27:14,740 | blacklist took 9.41ms
2026-08-04 23:27:14,740 | log_requests took 9.78ms
2026-08-04 23:27:14,740 | timing took 10.07ms
2026-08-04 23:27:14,754 | authorization took 8.05ms
2026-08-04 23:27:14,755 | check_api_key took 10.25ms
2026-08-04 23:27:14,756 | blacklist took 12.28ms
2026-08-04 23:27:14,758 | log_requests took 14.13ms
2026-08-04 23:27:14,758 | timing took 14.69ms
2026-08-04 23:27:14,769 | authorization took 4.00ms
2026-08-04 23:27:14,769 | check_api_key took 4.64ms
2026-08-04 23:27:14,769 | blacklist took 6.48ms
2026-08-04 23:27:14,769 | log_requests took 7.01ms
2026-08-04 23:27:14,769 | timing took 7.37ms
2026-08-04 23:27:14,780 | authorization took 4.75ms
2026-08-04 23:27:14,781 | check_api_key took 5.92ms
2026-08-04 23:27:14,781 | blacklist took 6.43ms
2026-08-04 23:27:14,781 | log_requests took 6.91ms
2026-08-04 23:27:14,782 | timing took 7.28ms
2026-08-04 23:27:14,789 | authorization took 2.11ms
2026-08-04 23:27:14,789 | check_api_key took 2.30ms
2026-08-04 23:27:14,789 | blacklist took 2.75ms
2026-08-04 23:27:14,789 | log_requests took 2.90ms
2026-08-04 23:27:14,790 | timing took 3.02ms
2026-08-04 23:27:14,794 | authorization took 2.63ms
2026-08-04 23:27:14,795 | check_api_key took 2.78ms
2026-08-04 23:27:14,795 | blacklist took 3.03ms
2026-08-04 23:27:14,795 | log_requests took 3.16ms
2026-08-04 23:27:14,795 | timing took 3.26ms
2026-08-04 23:27:14,798 | authorization took 1.78ms
2026-08-04 23:27:14,798 | check_api_key took 1.90ms
2026-08-04 23:27:14,798 | blacklist took 2.13ms
2026-08-04 23:27:14,798 | log_requests took 2.30ms
2026-08-04 23:27:14,798 | timing took 2.41ms
2026-08-04 23:27:14,800 | authorization took 1.11ms
2026-08-04 23:27:14,800 | check_api_key took 1.24ms
2026-08-04 23:27:14,801 | blacklist took 1.45ms
2026-08-04 23:27:14,801 | log_requests took 1.58ms
2026-08-04 23:27:14,801 | timing took 1.70ms
2026-08-04 23:27:14,818 | authorization took 6.36ms
2026-08-04 23:27:14,819 | check_api_key took 6.93ms
2026-08-04 23:27:14,819 | blacklist took 7.34ms
2026-08-04 23:27:14,820 | log_requests took 7.84ms
2026-08-04 23:27:14,820 | timing took 8.08ms
2026-08-04 23:27:14,829 | authorization took 3.62ms
2026-08-04 23:27:14,829 | check_api_key took 4.00ms
2026-08-04 23:27:14,829 | blacklist took 4.84ms
2026-08-04 23:27:14,830 | log_requests took 6.24ms
2026-08-04 23:27:14,830 | timing took 6.55ms
2026-08-04 23:27:14,840 | authorization took 6.33ms
2026-08-04 23:27:14,840 | check_api_key took 6.84ms
2026-08-04 23:27:14,840 | blacklist took 7.31ms
2026-08-04 23:27:14,841 | log_requests took 8.10ms
2026-08-04 23:27:14,841 | timing took 8.41ms
2026-08-04 23:27:14,847 | authorization took 3.42ms
2026-08-04 23:27:14,847 | check_api_key took 3.58ms
2026-08-04 23:27:14,847 | blacklist took 3.86ms
2026-08-04 23:27:14,847 | log_requests took 4.10ms
2026-08-04 23:27:14,847 | timing took 4.21ms
2026-08-04 23:27:14,852 | authorization took 2.87ms
2026-08-04 23:27:14,852 | check_api_key took 3.09ms
2026-08-04 23:27:14,852 | blacklist took 3.54ms
2026-08-04 23:27:14,852 | log_requests took 3.73ms
2026-08-04 23:27:14,853 | timing took 3.89ms
2026-08-04 23:27:14,857 | authorization took 2.85ms
2026-08-04 23:27:14,857 | check_api_key took 3.13ms
2026-08-04 23:27:14,858 | blacklist took 3.55ms
2026-08-04 23:27:14,858 | log_requests took 4.13ms
2026-08-04 23:27:14,858 | timing took 4.30ms
2026-08-04 23:27:14,862 | authorization took 1.85ms
2026-08-04 23:27:14,862 | check_api_key took 2.13ms
2026-08-04 23:27:14,862 | blacklist took 2.66ms
2026-08-04 23:27:14,863 | log_requests took 3.04ms
2026-08-04 23:27:14,863 | timing took 3.23ms
2026-08-04 23:27:14,876 | authorization took 3.27ms
2026-08-04 23:27:14,876 | check_api_key took 3.47ms
2026-08-04 23:27:14,876 | blacklist took 3.74ms
2026-08-04 23:27:14,876 | log_requests took 4.05ms
2026-08-04 23:27:14,876 | timing took 4.27ms
2026-08-04 23:27:14,881 | authorization took 2.94ms
2026-08-04 23:27:14,881 | check_api_key took 3.09ms
2026-08-04 23:27:14,881 | blacklist took 3.29ms
2026-08-04 23:27:14,881 | log_requests took 3.43ms
2026-08-04 23:27:14,881 | timing took 3.53ms
2026-08-04 23:27:14,890 | authorization took 3.83ms
2026-08-04 23:27:14,890 | check_api_key took 4.06ms
2026-08-04 23:27:14,890 | blacklist took 4.45ms
2026-08-04 23:27:14,891 | log_requests took 4.70ms
2026-08-04 23:27:14,891 | timing took 4.85ms
2026-08-04 23:27:14,895 | authorization took 2.07ms
2026-08-04 23:27:14,896 | check_api_key took 2.79ms
2026-08-04 23:27:14,896 | blacklist took 3.14ms
2026-08-04 23:27:14,896 | log_requests took 3.32ms
2026-08-04 23:27:14,896 | timing took 3.46ms
2026-08-04 23:27:14,899 | authorization took 1.05ms
2026-08-04 23:27:14,899 | check_api_key took 1.25ms
2026-08-04 23:27:14,899 | blacklist took 2.18ms
2026-08-04 23:27:14,900 | log_requests took 2.32ms
2026-08-04 23:27:14,900 | timing took 2.48ms
2026-08-04 23:27:14,906 | authorization took 3.30ms
2026-08-04 23:27:14,906 | check_api_key took 3.46ms
2026-08-04 23:27:14,906 | blacklist took 3.72ms
2026-08-04 23:27:14,906 | log_requests took 3.88ms
2026-08-04 23:27:14,907 | timing took 3.99ms
2026-08-04 23:27:14,911 | authorization took 2.02ms
2026-08-04 23:27:14,911 | check_api_key took 2.14ms
2026-08-04 23:27:14,911 | blacklist took 2.35ms
2026-08-04 23:27:14,911 | log_requests took 2.48ms
2026-08-04 23:27:14,911 | timing took 2.59ms
2026-08-04 23:27:14,914 | authorization took 0.99ms
2026-08-04 23:27:14,914 | check_api_key took 1.15ms
2026-08-04 23:27:14,914 | blacklist took 1.37ms
2026-08-04 23:27:14,914 | log_requests took 1.51ms
2026-08-04 23:27:14,914 | timing took 1.60ms
2026-08-04 23:27:14,920 | authorization took 3.23ms
2026-08-04 23:27:14,920 | check_api_key took 3.40ms
2026-08-04 23:27:14,920 | blacklist took 3.61ms
2026-08-04 23:27:14,921 | log_requests took 4.68ms
2026-08-04 23:27:14,921 | timing took 4.86ms
2026-08-04 23:27:14,924 | authorization took 1.75ms
2026-08-04 23:27:14,924 | check_api_key took 2.14ms
2026-08-04 23:27:14,924 | blacklist took 2.39ms
2026-08-04 23:27:14,925 | log_requests took 2.57ms
2026-08-04 23:27:14,925 | timing took 2.69ms
2026-08-04 23:27:14,926 | authorization took 0.63ms
2026-08-04 23:27:14,926 | check_api_key took 0.74ms
2026-08-04 23:27:14,926 | blacklist took 0.93ms
2026-08-04 23:27:14,926 | log_requests took 1.05ms
2026-08-04 23:27:14,927 | timing took 1.15ms
2026-08-04 23:27:14,931 | authorization took 2.45ms
2026-08-04 23:27:14,931 | check_api_key took 2.59ms
2026-08-04 23:27:14,931 | blacklist took 2.81ms
2026-08-04 23:27:14,931 | log_requests took 2.94ms
2026-08-04 23:27:14,931 | timing took 3.04ms
2026-08-04 23:27:14,933 | authorization took 0.70ms
2026-08-04 23:27:14,934 | check_api_key took 1.00ms
2026-08-04 23:27:14,934 | blacklist took 1.21ms
2026-08-04 23:27:14,934 | log_requests took 1.34ms
2026-08-04 23:27:14,934 | timing took 1.45ms
2026-08-04 23:27:14,938 | authorization took 3.16ms
2026-08-04 23:27:14,938 | check_api_key took 3.39ms
2026-08-04 23:27:14,939 | blacklist took 3.78ms
2026-08-04 23:27:14,939 | log_requests took 4.19ms
2026-08-04 23:27:14,939 | timing took 4.45ms
2026-08-04 23:27:14,968 | authorization took 18.82ms
2026-08-04 23:27:14,968 | check_api_key took 19.12ms
2026-08-04 23:27:14,968 | blacklist took 19.87ms
2026-08-04 23:27:14,977 | log_requests took 28.26ms
2026-08-04 23:27:14,977 | timing took 29.16ms
2026-08-04 23:27:15,025 | check_api_key took 0.10ms
2026-08-04 23:27:15,025 | blacklist took 2.42ms
2026-08-04 23:27:15,026 | log_requests took 3.26ms
2026-08-04 23:27:15,026 | timing took 3.77ms
2026-08-04 23:27:15,084 | authorization took 31.42ms
2026-08-04 23:27:15,085 | check_api_key took 31.98ms
2026-08-04 23:27:15,085 | blacklist took 40.86ms
2026-08-04 23:27:15,089 | log_requests took 45.44ms
2026-08-04 23:27:15,090 | timing took 46.66ms
2026-08-04 23:27:15,119 | authorization took 10.97ms
2026-08-04 23:27:15,119 | check_api_key took 12.18ms
2026-08-04 23:27:15,119 | blacklist took 12.71ms
2026-08-04 23:27:15,120 | log_requests took 13.22ms
2026-08-04 23:27:15,120 | timing took 14.01ms
2026-08-04 23:27:15,136 | authorization took 9.69ms
2026-08-04 23:27:15,137 | check_api_key took 10.54ms
2026-08-04 23:27:15,138 | blacklist took 11.64ms
2026-08-04 23:27:15,139 | log_requests took 12.69ms
2026-08-04 23:27:15,140 | timing took 13.79ms
2026-08-04 23:27:15,153 | authorization took 6.42ms
2026-08-04 23:27:15,153 | check_api_key took 6.62ms
2026-08-04 23:27:15,153 | blacklist took 7.02ms
2026-08-04 23:27:15,154 | log_requests took 7.26ms
2026-08-04 23:27:15,154 | timing took 7.52ms
2026-08-04 23:27:15,164 | authorization took 6.37ms
2026-08-04 23:27:15,164 | check_api_key took 6.56ms
2026-08-04 23:27:15,164 | blacklist took 6.86ms
2026-08-04 23:27:15,164 | log_requests took 7.07ms
2026-08-04 23:27:15,165 | timing took 7.29ms
2026-08-04 23:27:15,168 | authorization took 0.82ms
2026-08-04 23:27:15,168 | check_api_key took 0.95ms
2026-08-04 23:27:15,168 | blacklist took 1.18ms
2026-08-04 23:27:15,168 | log_requests took 1.33ms
2026-08-04 23:27:15,168 | timing took 1.51ms
2026-08-04 23:27:15,174 | authorization took 3.06ms
2026-08-04 23:27:15,174 | check_api_key took 3.23ms
2026-08-04 23:27:15,174 | blacklist took 3.46ms
2026-08-04 23:27:15,174 | log_requests took 3.65ms
2026-08-04 23:27:15,174 | timing took 3.75ms
2026-08-04 23:27:15,177 | authorization took 0.80ms
2026-08-04 23:27:15,177 | check_api_key took 0.92ms
2026-08-04 23:27:15,177 | blacklist took 1.14ms
2026-08-04 23:27:15,177 | log_requests took 1.43ms
2026-08-04 23:27:15,177 | timing took 1.53ms
2026-08-04 23:27:15,182 | authorization took 2.03ms
2026-08-04 23:27:15,182 | check_api_key took 2.18ms
2026-08-04 23:27:15,182 | blacklist took 2.50ms
2026-08-04 23:27:15,182 | log_requests took 2.73ms
2026-08-04 23:27:15,182 | timing took 2.86ms
2026-08-04 23:27:15,187 | authorization took 2.68ms
2026-08-04 23:27:15,187 | check_api_key took 2.81ms
2026-08-04 23:27:15,187 | blacklist took 3.05ms
2026-08-04 23:27:15,187 | log_requests took 3.19ms
2026-08-04 23:27:15,187 | timing took 3.28ms
2026-08-04 23:27:15,191 | authorization took 2.10ms
2026-08-04 23:27:15,191 | check_api_key took 2.22ms
2026-08-04 23:27:15,191 | blacklist took 2.42ms
2026-08-04 23:27:15,191 | log_requests took 2.55ms
2026-08-04 23:27:15,191 | timing took 2.67ms
2026-08-04 23:27:15,195 | authorization took 2.66ms
2026-08-04 23:27:15,195 | check_api_key took 2.78ms
2026-08-04 23:27:15,195 | blacklist took 3.00ms
2026-08-04 23:27:15,196 | log_requests took 3.24ms
2026-08-04 23:27:15,196 | timing took 3.35ms
2026-08-04 23:27:15,199 | authorization took 1.90ms
2026-08-04 23:27:15,200 | check_api_key took 2.03ms
2026-08-04 23:27:15,200 | blacklist took 2.54ms
2026-08-04 23:27:15,200 | log_requests took 2.67ms
2026-08-04 23:27:15,200 | timing took 2.80ms
2026-08-04 23:27:15,204 | authorization took 2.74ms
2026-08-04 23:27:15,204 | check_api_key took 2.86ms
2026-08-04 23:27:15,204 | blacklist took 3.05ms
2026-08-04 23:27:15,204 | log_requests took 3.18ms
2026-08-04 23:27:15,204 | timing took 3.28ms
2026-08-04 23:27:15,207 | authorization took 1.36ms
2026-08-04 23:27:15,207 | check_api_key took 1.49ms
2026-08-04 23:27:15,207 | blacklist took 1.71ms
2026-08-04 23:27:15,207 | log_requests took 1.84ms
2026-08-04 23:27:15,207 | timing took 1.95ms
2026-08-04 23:27:15,212 | authorization took 3.04ms
2026-08-04 23:27:15,212 | check_api_key took 3.16ms
2026-08-04 23:27:15,212 | blacklist took 3.38ms
2026-08-04 23:27:15,213 | log_requests took 3.51ms
2026-08-04 23:27:15,213 | timing took 3.61ms
2026-08-04 23:27:15,215 | authorization took 1.60ms
2026-08-04 23:27:15,216 | check_api_key took 1.90ms
2026-08-04 23:27:15,216 | blacklist took 2.11ms
2026-08-04 23:27:15,216 | log_requests took 2.25ms
2026-08-04 23:27:15,216 | timing took 2.36ms
2026-08-04 23:27:15,218 | authorization took 1.04ms
2026-08-04 23:27:15,218 | check_api_key took 1.14ms
2026-08-04 23:27:15,218 | blacklist took 1.35ms
2026-08-04 23:27:15,218 | log_requests took 1.47ms
2026-08-04 23:27:15,218 | timing took 1.56ms
2026-08-04 23:27:15,222 | authorization took 2.14ms
2026-08-04 23:27:15,222 | check_api_key took 2.25ms
2026-08-04 23:27:15,222 | blacklist took 2.47ms
2026-08-04 23:27:15,222 | log_requests took 2.60ms
2026-08-04 23:27:15,222 | timing took 2.69ms
2026-08-04 23:27:15,229 | authorization took 4.35ms
2026-08-04 23:27:15,229 | check_api_key took 4.64ms
2026-08-04 23:27:15,229 | blacklist took 4.86ms
2026-08-04 23:27:15,229 | log_requests took 4.99ms
2026-08-04 23:27:15,229 | timing took 5.08ms
2026-08-04 23:27:15,232 | authorization took 1.90ms
2026-08-04 23:27:15,232 | check_api_key took 2.02ms
2026-08-04 23:27:15,232 | blacklist took 2.25ms
2026-08-04 23:27:15,234 | log_requests took 3.97ms
2026-08-04 23:27:15,234 | timing took 4.12ms
2026-08-04 23:27:15,238 | authorization took 2.20ms
2026-08-04 23:27:15,238 | check_api_key took 2.37ms
2026-08-04 23:27:15,238 | blacklist took 2.69ms
2026-08-04 23:27:15,238 | log_requests took 2.92ms
2026-08-04 23:27:15,238 | timing took 3.03ms
2026-08-04 23:27:15,241 | authorization took 1.60ms
2026-08-04 23:27:15,241 | check_api_key took 1.72ms
2026-08-04 23:27:15,241 | blacklist took 1.89ms
2026-08-04 23:27:15,241 | log_requests took 2.04ms
2026-08-04 23:27:15,241 | timing took 2.16ms
2026-08-04 23:27:15,247 | authorization took 3.73ms
2026-08-04 23:27:15,247 | check_api_key took 3.85ms
2026-08-04 23:27:15,247 | blacklist took 4.05ms
2026-08-04 23:27:15,247 | log_requests took 4.18ms
2026-08-04 23:27:15,247 | timing took 4.27ms
2026-08-04 23:27:15,252 | authorization took 4.02ms
2026-08-04 23:27:15,252 | check_api_key took 4.36ms
2026-08-04 23:27:15,253 | blacklist took 4.61ms
2026-08-04 23:27:15,253 | log_requests took 4.75ms
2026-08-04 23:27:15,253 | timing took 4.86ms
2026-08-04 23:27:15,256 | authorization took 0.83ms
2026-08-04 23:27:15,256 | check_api_key took 1.06ms
2026-08-04 23:27:15,256 | blacklist took 1.25ms
2026-08-04 23:27:15,256 | log_requests took 1.37ms
2026-08-04 23:27:15,256 | timing took 1.47ms
2026-08-04 23:27:15,259 | authorization took 0.82ms
2026-08-04 23:27:15,259 | check_api_key took 1.07ms
2026-08-04 23:27:15,259 | blacklist took 1.30ms
2026-08-04 23:27:15,259 | log_requests took 1.43ms
2026-08-04 23:27:15,259 | timing took 1.51ms
2026-08-04 23:27:15,262 | authorization took 1.28ms
2026-08-04 23:27:15,262 | check_api_key took 1.52ms
2026-08-04 23:27:15,263 | blacklist took 1.71ms
2026-08-04 23:27:15,263 | log_requests took 1.84ms
2026-08-04 23:27:15,263 | timing took 1.94ms
2026-08-04 23:27:15,268 | authorization took 3.38ms
2026-08-04 23:27:15,268 | check_api_key took 3.63ms
2026-08-04 23:27:15,268 | blacklist took 3.84ms
2026-08-04 23:27:15,268 | log_requests took 3.98ms
2026-08-04 23:27:15,268 | timing took 4.11ms
2026-08-04 23:27:15,271 | authorization took 0.01ms
2026-08-04 23:27:15,271 | check_api_key took 0.27ms
2026-08-04 23:27:15,271 | blacklist took 0.47ms
2026-08-04 23:27:15,271 | log_requests took 0.59ms
2026-08-04 23:27:15,271 | timing took 0.69ms
2026-08-04 23:27:15,273 | check_api_key took 0.01ms
2026-08-04 23:27:15,273 | blacklist took 0.21ms
2026-08-04 23:27:15,273 | log_requests took 0.33ms
2026-08-04 23:27:15,273 | timing took 0.42ms
2026-08-04 23:27:15,279 | authorization took 0.01ms
2026-08-04 23:27:15,279 | check_api_key took 0.30ms
2026-08-04 23:27:15,279 | blacklist took 0.49ms
2026-08-04 23:27:15,279 | log_requests took 0.61ms
2026-08-04 23:27:15,279 | timing took 0.72ms
2026-08-04 23:27:15,283 | authorization took 2.27ms
2026-08-04 23:27:15,283 | check_api_key took 2.52ms
2026-08-04 23:27:15,284 | blacklist took 2.69ms
2026-08-04 23:27:15,284 | log_requests took 2.82ms
2026-08-04 23:27:15,284 | timing took 2.92ms
2026-08-04 23:27:15,288 | authorization took 2.17ms
2026-08-04 23:27:15,288 | check_api_key took 2.30ms
2026-08-04 23:27:15,288 | blacklist took 2.54ms
2026-08-04 23:27:15,288 | log_requests took 2.67ms
2026-08-04 23:27:15,288 | timing took 2.78ms
2026-08-04 23:27:15,296 | authorization took 6.13ms
2026-08-04 23:27:15,296 | check_api_key took 6.42ms
2026-08-04 23:27:15,296 | blacklist took 6.62ms
2026-08-04 23:27:15,296 | log_requests took 6.75ms
2026-08-04 23:27:15,296 | timing took 6.85ms
2026-08-04 23:27:15,299 | authorization took 1.71ms
2026-08-04 23:27:15,299 | check_api_key took 1.83ms
2026-08-04 23:27:15,299 | blacklist took 2.05ms
2026-08-04 23:27:15,299 | log_requests took 2.18ms
2026-08-04 23:27:15,299 | timing took 2.30ms
2026-08-04 23:27:15,304 | authorization took 2.70ms
2026-08-04 23:27:15,304 | check_api_key took 2.83ms
2026-08-04 23:27:15,304 | blacklist took 3.06ms
2026-08-04 23:27:15,304 | log_requests took 3.20ms
2026-08-04 23:27:15,304 | timing took 3.30ms
2026-08-04 23:27:15,307 | authorization took 2.01ms
2026-08-04 23:27:15,307 | check_api_key took 2.27ms
2026-08-04 23:27:15,307 | blacklist took 2.47ms
2026-08-04 23:27:15,307 | log_requests took 2.62ms
2026-08-04 23:27:15,308 | timing took 2.73ms
2026-08-04 23:27:15,311 | authorization took 1.82ms
2026-08-04 23:27:15,311 | check_api_key took 1.93ms
2026-08-04 23:27:15,311 | blacklist took 2.15ms
2026-08-04 23:27:15,312 | log_requests took 2.27ms
2026-08-04 23:27:15,312 | timing took 2.37ms
2026-08-04 23:27:15,315 | authorization took 1.80ms
2026-08-04 23:27:15,315 | check_api_key took 2.06ms
2026-08-04 23:27:15,315 | blacklist took 2.27ms
2026-08-04 23:27:15,315 | log_requests took 2.69ms
2026-08-04 23:27:15,315 | timing took 2.79ms
2026-08-04 23:27:15,317 | authorization took 1.06ms
2026-08-04 23:27:15,317 | check_api_key took 1.21ms
2026-08-04 23:27:15,317 | blacklist took 1.43ms
2026-08-04 23:27:15,318 | log_requests took 1.61ms
2026-08-04 23:27:15,318 | timing took 1.71ms
2026-08-04 23:27:15,322 | authorization took 2.24ms
2026-08-04 23:27:15,322 | check_api_key took 2.39ms
2026-08-04 23:27:15,323 | blacklist took 2.62ms
2026-08-04 23:27:15,323 | log_requests took 2.76ms
2026-08-04 23:27:15,323 | timing took 2.85ms
2026-08-04 23:27:15,325 | authorization took 0.72ms
2026-08-04 23:27:15,325 | check_api_key took 0.85ms
2026-08-04 23:27:15,325 | blacklist took 1.05ms
2026-08-04 23:27:15,325 | log_requests took 1.17ms
2026-08-04 23:27:15,325 | timing took 1.27ms
2026-08-04 23:27:15,329 | authorization took 2.77ms
2026-08-04 23:27:15,330 | check_api_key took 3.05ms
2026-08-04 23:27:15,330 | blacklist took 3.29ms
2026-08-04 23:27:15,330 | log_requests took 3.42ms
2026-08-04 23:27:15,330 | timing took 3.52ms
2026-08-04 23:27:15,334 | authorization took 2.37ms
2026-08-04 23:27:15,334 | check_api_key took 2.50ms
2026-08-04 23:27:15,334 | blacklist took 2.78ms
2026-08-04 23:27:15,334 | log_requests took 2.91ms
2026-08-04 23:27:15,335 | timing took 3.02ms
2026-08-04 23:27:15,339 | authorization took 2.11ms
2026-08-04 23:27:15,339 | check_api_key took 2.23ms
2026-08-04 23:27:15,339 | blacklist took 2.44ms
2026-08-04 23:27:15,339 | log_requests took 2.56ms
2026-08-04 23:27:15,339 | timing took 2.66ms
2026-08-04 23:27:15,343 | authorization took 2.05ms
2026-08-04 23:27:15,343 | check_api_key took 2.34ms
2026-08-04 23:27:15,343 | blacklist took 2.55ms
2026-08-04 23:27:15,343 | log_requests took 2.69ms
2026-08-04 23:27:15,343 | timing took 2.80ms
2026-08-04 23:27:15,346 | authorization took 1.80ms
2026-08-04 23:27:15,346 | check_api_key took 1.92ms
2026-08-04 23:27:15,346 | blacklist took 2.16ms
2026-08-04 23:27:15,347 | log_requests took 2.28ms
2026-08-04 23:27:15,347 | timing took 2.39ms
2026-08-04 23:27:15,352 | authorization took 2.63ms
2026-08-04 23:27:15,352 | check_api_key took 2.80ms
2026-08-04 23:27:15,352 | blacklist took 3.37ms
2026-08-04 23:27:15,352 | log_requests took 3.53ms
2026-08-04 23:27:15,352 | timing took 3.64ms
2026-08-04 23:27:15,354 | authorization took 1.05ms
2026-08-04 23:27:15,355 | check_api_key took 1.38ms
2026-08-04 23:27:15,355 | blacklist took 1.60ms
2026-08-04 23:27:15,355 | log_requests took 1.72ms
2026-08-04 23:27:15,355 | timing took 1.82ms
2026-08-04 23:27:15,359 | authorization took 2.82ms
2026-08-04 23:27:15,360 | check_api_key took 2.96ms
2026-08-04 23:27:15,360 | blacklist took 3.15ms
2026-08-04 23:27:15,360 | log_requests took 3.29ms
2026-08-04 23:27:15,360 | timing took 3.39ms
2026-08-04 23:27:15,361 | check_api_key took 0.02ms
2026-08-04 23:27:15,361 | blacklist took 0.21ms
2026-08-04 23:27:15,361 | log_requests took 0.33ms
2026-08-04 23:27:15,361 | timing took 0.42ms
2026-08-04 23:27:15,366 | authorization took 2.14ms
2026-08-04 23:27:15,366 | check_api_key took 2.56ms
2026-08-04 23:27:15,366 | blacklist took 2.79ms
2026-08-04 23:27:15,366 | log_requests took 2.94ms
2026-08-04 23:27:15,366 | timing took 3.16ms
2026-08-04 23:27:15,370 | authorization took 2.48ms
2026-08-04 23:27:15,370 | check_api_key took 2.61ms
2026-08-04 23:27:15,371 | blacklist took 2.83ms
2026-08-04 23:27:15,371 | log_requests took 2.96ms
2026-08-04 23:27:15,371 | timing took 3.06ms
2026-08-04 23:27:15,374 | authorization took 1.73ms
2026-08-04 23:27:15,374 | check_api_key took 2.02ms
2026-08-04 23:27:15,374 | blacklist took 2.21ms
2026-08-04 23:27:15,374 | log_requests took 2.34ms
2026-08-04 23:27:15,374 | timing took 2.44ms
2026-08-04 23:27:15,376 | authorization took 1.30ms
2026-08-04 23:27:15,377 | check_api_key took 1.61ms
2026-08-04 23:27:15,377 | blacklist took 1.83ms
2026-08-04 23:27:15,377 | log_requests took 1.96ms
2026-08-04 23:27:15,377 | timing took 2.07ms
2026-08-04 23:27:15,381 | authorization took 2.67ms
2026-08-04 23:27:15,382 | check_api_key took 2.94ms
2026-08-04 23:27:15,382 | blacklist took 3.27ms
2026-08-04 23:27:15,382 | log_requests took 3.43ms
2026-08-04 23:27:15,382 | timing took 3.53ms
2026-08-04 23:27:15,385 | authorization took 0.98ms
2026-08-04 23:27:15,385 | check_api_key took 1.42ms
2026-08-04 23:27:15,385 | blacklist took 1.70ms
2026-08-04 23:27:15,385 | log_requests took 1.86ms
2026-08-04 23:27:15,385 | timing took 1.97ms
2026-08-04 23:27:15,390 | authorization took 2.29ms
2026-08-04 23:27:15,390 | check_api_key took 2.42ms
2026-08-04 23:27:15,390 | blacklist took 2.61ms
2026-08-04 23:27:15,390 | log_requests took 2.74ms
2026-08-04 23:27:15,390 | timing took 2.83ms
2026-08-04 23:27:15,393 | authorization took 2.08ms
2026-08-04 23:27:15,393 | check_api_key took 2.33ms
2026-08-04 23:27:15,393 | blacklist took 2.55ms
2026-08-04 23:27:15,394 | log_requests took 2.71ms
2026-08-04 23:27:15,394 | timing took 2.82ms
2026-08-04 23:27:15,397 | authorization took 1.22ms
2026-08-04 23:27:15,397 | check_api_key took 1.34ms
2026-08-04 23:27:15,397 | blacklist took 1.58ms
2026-08-04 23:27:15,397 | log_requests took 1.71ms
2026-08-04 23:27:15,397 | timing took 1.82ms
2026-08-04 23:27:15,402 | authorization took 2.30ms
2026-08-04 23:27:15,402 | check_api_key took 2.44ms
2026-08-04 23:27:15,402 | blacklist took 2.67ms
2026-08-04 23:27:15,402 | log_requests took 2.81ms
2026-08-04 23:27:15,402 | timing took 2.92ms
2026-08-04 23:27:15,404 | authorization took 0.87ms
2026-08-04 23:27:15,404 | check_api_key took 1.23ms
2026-08-04 23:27:15,404 | blacklist took 1.45ms
2026-08-04 23:27:15,405 | log_requests took 1.57ms
2026-08-04 23:27:15,405 | timing took 1.67ms
2026-08-04 23:27:15,409 | authorization took 2.64ms
2026-08-04 23:27:15,409 | check_api_key took 2.76ms
2026-08-04 23:27:15,409 | blacklist took 2.97ms
2026-08-04 23:27:15,409 | log_requests took 3.10ms
2026-08-04 23:27:15,410 | timing took 3.19ms
2026-08-04 23:27:15,593 | authorization took 182.47ms
2026-08-04 23:27:15,593 | check_api_key took 182.81ms
2026-08-04 23:27:15,593 | blacklist took 183.03ms
2026-08-04 23:27:15,594 | log_requests took 183.18ms
2026-08-04 23:27:15,594 | timing took 183.29ms
2026-08-04 23:27:15,596 | authorization took 0.80ms
2026-08-04 23:27:15,596 | check_api_key took 0.94ms
2026-08-04 23:27:15,596 | blacklist took 1.18ms
2026-08-04 23:27:15,596 | log_requests took 1.31ms
2026-08-04 23:27:15,596 | timing took 1.41ms
2026-08-04 23:27:15,777 | authorization took 179.25ms
2026-08-04 23:27:15,777 | check_api_key took 179.43ms
2026-08-04 23:27:15,777 | blacklist took 179.62ms
2026-08-04 23:27:15,778 | log_requests took 179.77ms
2026-08-04 23:27:15,778 | timing took 179.88ms
2026-08-04 23:27:15,960 | authorization took 180.31ms
2026-08-04 23:27:15,960 | check_api_key took 180.53ms
2026-08-04 23:27:15,960 | blacklist took 180.95ms
2026-08-04 23:27:15,960 | log_requests took 181.16ms
2026-08-04 23:27:15,960 | timing took 181.31ms
2026-08-04 23:27:16,152 | authorization took 190.02ms
2026-08-04 23:27:16,153 | check_api_key took 190.18ms
2026-08-04 23:27:16,153 | blacklist took 190.42ms
2026-08-04 23:27:16,153 | log_requests took 190.56ms
2026-08-04 23:27:16,153 | timing took 190.67ms
2026-08-04 23:27:16,330 | authorization took 175.32ms
2026-08-04 23:27:16,330 | check_api_key took 175.51ms
2026-08-04 23:27:16,330 | blacklist took 175.78ms
2026-08-04 23:27:16,330 | log_requests took 175.93ms
2026-08-04 23:27:16,330 | timing took 176.06ms
2026-08-04 23:27:16,507 | authorization took 174.55ms
2026-08-04 23:27:16,508 | check_api_key took 174.70ms
2026-08-04 23:27:16,508 | blacklist took 174.96ms
2026-08-04 23:27:16,508 | log_requests took 175.10ms
2026-08-04 23:27:16,508 | timing took 175.21ms
2026-08-04 23:27:16,511 | authorization took 2.05ms
2026-08-04 23:27:16,511 | check_api_key took 2.41ms
2026-08-04 23:27:16,511 | blacklist took 2.64ms
2026-08-04 23:27:16,512 | log_requests took 2.76ms
2026-08-04 23:27:16,512 | timing took 2.86ms
2026-08-04 23:27:16,513 | authorization took 0.63ms
2026-08-04 23:27:16,513 | check_api_key took 0.75ms
2026-08-04 23:27:16,513 | blacklist took 0.98ms
2026-08-04 23:27:16,513 | log_requests took 1.09ms
2026-08-04 23:27:16,513 | timing took 1.19ms
2026-08-04 23:27:16,689 | authorization took 174.04ms
2026-08-04 23:27:16,689 | check_api_key took 174.18ms
2026-08-04 23:27:16,690 | blacklist took 174.40ms
2026-08-04 23:27:16,690 | log_requests took 174.53ms
2026-08-04 23:27:16,690 | timing took 174.62ms
2026-08-04 23:27:16,692 | authorization took 0.75ms
2026-08-04 23:27:16,692 | check_api_key took 0.88ms
2026-08-04 23:27:16,692 | blacklist took 1.10ms
2026-08-04 23:27:16,693 | log_requests took 1.24ms
2026-08-04 23:27:16,693 | timing took 1.34ms
2026-08-04 23:27:16,699 | authorization took 4.43ms
2026-08-04 23:27:16,699 | check_api_key took 4.56ms
2026-08-04 23:27:16,699 | blacklist took 4.76ms
2026-08-04 23:27:16,699 | log_requests took 4.88ms
2026-08-04 23:27:16,699 | timing took 4.97ms
2026-08-04 23:27:16,702 | authorization took 1.67ms
2026-08-04 23:27:16,702 | check_api_key took 1.79ms
2026-08-04 23:27:16,702 | blacklist took 2.01ms
2026-08-04 23:27:16,702 | log_requests took 2.15ms
2026-08-04 23:27:16,702 | timing took 2.26ms
2026-08-04 23:27:16,877 | authorization took 173.64ms
2026-08-04 23:27:16,877 | check_api_key took 173.92ms
2026-08-04 23:27:16,877 | blacklist took 174.12ms
2026-08-04 23:27:16,877 | log_requests took 174.25ms
2026-08-04 23:27:16,877 | timing took 174.34ms
2026-08-04 23:27:16,879 | authorization took 0.52ms
2026-08-04 23:27:16,879 | check_api_key took 0.63ms
2026-08-04 23:27:16,879 | blacklist took 0.83ms
2026-08-04 23:27:16,879 | log_requests took 0.95ms
2026-08-04 23:27:16,879 | timing took 1.04ms
2026-08-04 23:27:17,053 | authorization took 171.84ms
2026-08-04 23:27:17,053 | check_api_key took 171.99ms
2026-08-04 23:27:17,053 | blacklist took 172.19ms
2026-08-04 23:27:17,053 | log_requests took 172.33ms
2026-08-04 23:27:17,053 | timing took 172.43ms
2026-08-04 23:27:17,073 | authorization took 18.13ms
2026-08-04 23:27:17,073 | check_api_key took 18.27ms
2026-08-04 23:27:17,073 | blacklist took 18.51ms
2026-08-04 23:27:17,073 | log_requests took 18.64ms
2026-08-04 23:27:17,073 | timing took 18.73ms
2026-08-04 23:27:17,076 | authorization took 1.95ms
2026-08-04 23:27:17,076 | check_api_key took 2.21ms
2026-08-04 23:27:17,076 | blacklist took 2.49ms
2026-08-04 23:27:17,076 | log_requests took 2.61ms
2026-08-04 23:27:17,076 | timing took 2.70ms
2026-08-04 23:27:17,079 | authorization took 1.38ms
2026-08-04 23:27:17,079 | check_api_key took 1.48ms
2026-08-04 23:27:17,079 | blacklist took 1.66ms
2026-08-04 23:27:17,079 | log_requests took 1.78ms
2026-08-04 23:27:17,079 | timing took 1.88ms
2026-08-04 23:27:17,081 | authorization took 0.70ms
2026-08-04 23:27:17,081 | check_api_key took 0.79ms
2026-08-04 23:27:17,081 | blacklist took 0.95ms
2026-08-04 23:27:17,081 | log_requests took 1.06ms
2026-08-04 23:27:17,081 | timing took 1.14ms
2026-08-04 23:27:17,084 | authorization took 1.23ms
2026-08-04 23:27:17,084 | check_api_key took 1.33ms
2026-08-04 23:27:17,084 | blacklist took 1.50ms
2026-08-04 23:27:17,084 | log_requests took 1.61ms
2026-08-04 23:27:17,084 | timing took 1.70ms
2026-08-04 23:27:17,086 | authorization took 0.67ms
2026-08-04 23:27:17,086 | check_api_key took 0.77ms
2026-08-04 23:27:17,087 | blacklist took 0.92ms
2026-08-04 23:27:17,087 | log_requests took 1.03ms
2026-08-04 23:27:17,087 | timing took 1.12ms
2026-08-04 23:27:17,088 | authorization took 0.28ms
2026-08-04 23:27:17,088 | check_api_key took 0.38ms
2026-08-04 23:27:17,088 | blacklist took 0.55ms
2026-08-04 23:27:17,088 | log_requests took 0.66ms
2026-08-04 23:27:17,089 | timing took 0.74ms
2026-08-04 23:27:17,091 | authorization took 0.95ms
2026-08-04 23:27:17,091 | check_api_key took 1.06ms
2026-08-04 23:27:17,091 | blacklist took 1.21ms
2026-08-04 23:27:17,091 | log_requests took 1.33ms
2026-08-04 23:27:17,091 | timing took 1.47ms
2026-08-04 23:27:17,096 | authorization took 3.14ms
2026-08-04 23:27:17,096 | check_api_key took 3.25ms
2026-08-04 23:27:17,096 | blacklist took 3.45ms
2026-08-04 23:27:17,096 | log_requests took 3.57ms
2026-08-04 23:27:17,096 | timing took 3.67ms
2026-08-04 23:27:17,100 | authorization took 2.09ms
2026-08-04 23:27:17,100 | check_api_key took 2.20ms
2026-08-04 23:27:17,100 | blacklist took 2.40ms
2026-08-04 23:27:17,100 | log_requests took 2.52ms
2026-08-04 23:27:17,100 | timing took 2.61ms
2026-08-04 23:27:17,102 | authorization took 1.01ms
2026-08-04 23:27:17,102 | check_api_key took 1.12ms
2026-08-04 23:27:17,102 | blacklist took 1.32ms
2026-08-04 23:27:17,103 | log_requests took 1.44ms
2026-08-04 23:27:17,103 | timing took 1.53ms
2026-08-04 23:27:17,104 | check_api_key took 0.01ms
2026-08-04 23:27:17,104 | blacklist took 0.16ms
2026-08-04 23:27:17,104 | log_requests took 0.28ms
2026-08-04 23:27:17,104 | timing took 0.37ms
2026-08-04 23:27:17,108 | authorization took 1.75ms
2026-08-04 23:27:17,108 | check_api_key took 1.86ms
2026-08-04 23:27:17,108 | blacklist took 2.06ms
2026-08-04 23:27:17,108 | log_requests took 2.18ms
2026-08-04 23:27:17,108 | timing took 2.27ms
2026-08-04 23:27:17,111 | authorization took 2.02ms
2026-08-04 23:27:17,111 | check_api_key took 2.11ms
2026-08-04 23:27:17,111 | blacklist took 2.28ms
2026-08-04 23:27:17,111 | log_requests took 2.40ms
2026-08-04 23:27:17,111 | timing took 2.48ms
2026-08-04 23:27:17,120 | authorization took 7.90ms
2026-08-04 23:27:17,120 | check_api_key took 8.16ms
2026-08-04 23:27:17,120 | blacklist took 8.34ms
2026-08-04 23:27:17,120 | log_requests took 8.46ms
2026-08-04 23:27:17,120 | timing took 8.55ms
2026-08-04 23:27:17,295 | authorization took 172.80ms
2026-08-04 23:27:17,295 | check_api_key took 172.93ms
2026-08-04 23:27:17,295 | blacklist took 173.16ms
2026-08-04 23:27:17,295 | log_requests took 173.32ms
2026-08-04 23:27:17,296 | timing took 173.41ms
2026-08-04 23:27:17,298 | authorization took 1.52ms
2026-08-04 23:27:17,298 | check_api_key took 1.76ms
2026-08-04 23:27:17,298 | blacklist took 1.95ms
2026-08-04 23:27:17,298 | log_requests took 2.06ms
2026-08-04 23:27:17,298 | timing took 2.14ms
2026-08-04 23:27:17,302 | authorization took 1.74ms
2026-08-04 23:27:17,302 | check_api_key took 1.84ms
2026-08-04 23:27:17,302 | blacklist took 2.02ms
2026-08-04 23:27:17,302 | log_requests took 2.13ms
2026-08-04 23:27:17,302 | timing took 2.23ms
2026-08-04 23:27:17,305 | authorization took 1.92ms
2026-08-04 23:27:17,305 | check_api_key took 2.02ms
2026-08-04 23:27:17,305 | blacklist took 2.21ms
2026-08-04 23:27:17,305 | log_requests took 2.33ms
2026-08-04 23:27:17,305 | timing took 2.42ms
2026-08-04 23:27:17,308 | authorization took 1.65ms
2026-08-04 23:27:17,308 | check_api_key took 1.74ms
2026-08-04 23:27:17,308 | blacklist took 1.93ms
2026-08-04 23:27:17,308 | log_requests took 2.04ms
2026-08-04 23:27:17,308 | timing took 2.13ms
2026-08-04 23:27:17,311 | authorization took 1.56ms
2026-08-04 23:27:17,311 | check_api_key took 1.65ms
2026-08-04 23:27:17,311 | blacklist took 1.83ms
2026-08-04 23:27:17,311 | log_requests took 1.95ms
2026-08-04 23:27:17,311 | timing took 2.04ms
2026-08-04 23:27:17,314 | authorization took 1.82ms
2026-08-04 23:27:17,314 | check_api_key took 1.92ms
2026-08-04 23:27:17,314 | blacklist took 2.11ms
2026-08-04 23:27:17,314 | log_requests took 2.22ms
2026-08-04 23:27:17,314 | timing took 2.31ms
2026-08-04 23:27:17,318 | authorization took 2.62ms
2026-08-04 23:27:17,318 | check_api_key took 2.90ms
2026-08-04 23:27:17,318 | blacklist took 3.08ms
2026-08-04 23:27:17,318 | log_requests took 3.20ms
2026-08-04 23:27:17,318 | timing took 3.30ms
2026-08-04 23:27:17,322 | authorization took 1.70ms
2026-08-04 23:27:17,322 | check_api_key took 1.80ms
2026-08-04 23:27:17,322 | blacklist took 1.97ms
2026-08-04 23:27:17,322 | log_requests took 2.09ms
2026-08-04 23:27:17,322 | timing took 2.18ms
2026-08-04 23:27:17,324 | authorization took 1.53ms
2026-08-04 23:27:17,324 | check_api_key took 1.63ms
2026-08-04 23:27:17,324 | blacklist took 1.80ms
2026-08-04 23:27:17,325 | log_requests took 1.92ms
2026-08-04 23:27:17,325 | timing took 2.00ms
2026-08-04 23:27:17,327 | authorization took 1.66ms
2026-08-04 23:27:17,327 | check_api_key took 1.76ms
2026-08-04 23:27:17,327 | blacklist took 1.96ms
2026-08-04 23:27:17,327 | log_requests took 2.08ms
2026-08-04 23:27:17,327 | timing took 2.17ms
2026-08-04 23:27:17,330 | authorization took 1.96ms
2026-08-04 23:27:17,330 | check_api_key took 2.05ms
2026-08-04 23:27:17,330 | blacklist took 2.23ms
2026-08-04 23:27:17,331 | log_requests took 2.35ms
2026-08-04 23:27:17,331 | timing took 2.44ms
2026-08-04 23:27:17,333 | authorization took 1.69ms
2026-08-04 23:27:17,333 | check_api_key took 1.78ms
2026-08-04 23:27:17,333 | blacklist took 1.97ms
2026-08-04 23:27:17,333 | log_requests took 2.09ms
2026-08-04 23:27:17,333 | timing took 2.18ms
2026-08-04 23:27:17,337 | authorization took 2.56ms
2026-08-04 23:27:17,337 | check_api_key took 2.80ms
2026-08-04 23:27:17,337 | blacklist took 2.99ms
2026-08-04 23:27:17,337 | log_requests took 3.11ms
2026-08-04 23:27:17,337 | timing took 3.20ms
2026-08-04 23:27:17,341 | authorization took 2.21ms
2026-08-04 23:27:17,341 | check_api_key took 2.43ms
2026-08-04 23:27:17,341 | blacklist took 2.62ms
2026-08-04 23:27:17,341 | log_requests took 2.73ms
2026-08-04 23:27:17,341 | timing took 2.82ms
2026-08-04 23:27:17,344 | authorization took 1.69ms
2026-08-04 23:27:17,344 | check_api_key took 1.78ms
2026-08-04 23:27:17,345 | blacklist took 1.97ms
2026-08-04 23:27:17,345 | log_requests took 2.09ms
2026-08-04 23:27:17,345 | timing took 2.18ms
2026-08-04 23:27:17,347 | authorization took 1.60ms
2026-08-04 23:27:17,347 | check_api_key took 1.69ms
2026-08-04 23:27:17,347 | blacklist took 1.86ms
2026-08-04 23:27:17,347 | log_requests took 1.97ms
2026-08-04 23:27:17,347 | timing took 2.06ms
2026-08-04 23:27:17,350 | authorization took 1.69ms
2026-08-04 23:27:17,350 | check_api_key took 1.79ms
2026-08-04 23:27:17,350 | blacklist took 1.96ms
2026-08-04 23:27:17,350 | log_requests took 2.07ms
2026-08-04 23:27:17,350 | timing took 2.16ms
2026-08-04 23:27:17,354 | authorization took 2.20ms
2026-08-04 23:27:17,354 | check_api_key took 2.45ms
2026-08-04 23:27:17,354 | blacklist took 2.64ms
2026-08-04 23:27:17,354 | log_requests took 2.75ms
2026-08-04 23:27:17,354 | timing took 2.84ms
2026-08-04 23:27:17,357 | authorization took 1.31ms
2026-08-04 23:27:17,357 | check_api_key took 1.53ms
2026-08-04 23:27:17,357 | blacklist took 1.76ms
2026-08-04 23:27:17,357 | log_requests took 1.88ms
2026-08-04 23:27:17,357 | timing took 1.97ms
2026-08-04 23:27:17,359 | authorization took 0.50ms
2026-08-04 23:27:17,359 | check_api_key took 0.61ms
2026-08-04 23:27:17,360 | blacklist took 0.81ms
2026-08-04 23:27:17,360 | log_requests took 0.92ms
2026-08-04 23:27:17,360 | timing took 1.01ms
2026-08-04 23:27:17,362 | authorization took 0.28ms
2026-08-04 23:27:17,362 | check_api_key took 0.38ms
2026-08-04 23:27:17,362 | blacklist took 0.56ms
2026-08-04 23:27:17,362 | log_requests took 0.67ms
2026-08-04 23:27:17,362 | timing took 0.76ms
2026-08-04 23:27:17,364 | authorization took 0.24ms
2026-08-04 23:27:17,364 | check_api_key took 0.33ms
2026-08-04 23:27:17,364 | blacklist took 0.50ms
2026-08-04 23:27:17,364 | log_requests took 0.62ms
2026-08-04 23:27:17,364 | timing took 0.71ms
2026-08-04 23:27:17,366 | authorization took 0.26ms
2026-08-04 23:27:17,366 | check_api_key took 0.36ms
2026-08-04 23:27:17,366 | blacklist took 0.55ms
2026-08-04 23:27:17,366 | log_requests took 0.67ms
2026-08-04 23:27:17,366 | timing took 0.77ms
2026-08-04 23:27:17,368 | authorization took 0.32ms
2026-08-04 23:27:17,368 | check_api_key took 0.43ms
2026-08-04 23:27:17,368 | blacklist took 0.63ms
2026-08-04 23:27:17,368 | log_requests took 0.77ms
2026-08-04 23:27:17,368 | timing took 0.87ms
2026-08-04 23:27:17,372 | authorization took 2.18ms
2026-08-04 23:27:17,372 | check_api_key took 2.28ms
2026-08-04 23:27:17,372 | blacklist took 2.49ms
2026-08-04 23:27:17,372 | log_requests took 2.60ms
2026-08-04 23:27:17,372 | timing took 2.70ms
2026-08-04 23:27:17,375 | authorization took 1.70ms
2026-08-04 23:27:17,375 | check_api_key took 1.80ms
2026-08-04 23:27:17,375 | blacklist took 2.00ms
2026-08-04 23:27:17,375 | log_requests took 2.12ms
2026-08-04 23:27:17,375 | timing took 2.22ms
2026-08-04 23:27:17,378 | authorization took 1.56ms
2026-08-04 23:27:17,378 | check_api_key took 1.65ms
2026-08-04 23:27:17,378 | blacklist took 1.84ms
2026-08-04 23:27:17,378 | log_requests took 1.95ms
2026-08-04 23:27:17,379 | timing took 2.04ms
2026-08-04 23:27:17,381 | authorization took 0.79ms
2026-08-04 23:27:17,381 | check_api_key took 0.89ms
2026-08-04 23:27:17,381 | blacklist took 1.06ms
2026-08-04 23:27:17,381 | log_requests took 1.17ms
2026-08-04 23:27:17,381 | timing took 1.26ms
2026-08-04 23:27:17,383 | check_api_key took 0.01ms
2026-08-04 23:27:17,383 | blacklist took 0.20ms
2026-08-04 23:27:17,383 | log_requests took 0.30ms
2026-08-04 23:27:17,383 | timing took 0.39ms
2026-08-04 23:27:17,384 | check_api_key took 0.13ms
2026-08-04 23:27:17,384 | blacklist took 0.31ms
2026-08-04 23:27:17,385 | log_requests took 0.42ms
2026-08-04 23:27:17,385 | timing took 0.51ms
2026-08-04 23:27:17,388 | authorization took 1.66ms
2026-08-04 23:27:17,388 | check_api_key took 1.90ms
2026-08-04 23:27:17,388 | blacklist took 2.08ms
2026-08-04 23:27:17,388 | log_requests took 2.19ms
2026-08-04 23:27:17,388 | timing took 2.28ms
2026-08-04 23:27:17,390 | check_api_key took 0.12ms
2026-08-04 23:27:17,390 | blacklist took 0.30ms
2026-08-04 23:27:17,390 | log_requests took 0.41ms
2026-08-04 23:27:17,390 | timing took 0.50ms
2026-08-04 23:27:17,392 | blacklist took 0.08ms
2026-08-04 23:27:17,392 | log_requests took 0.19ms
2026-08-04 23:27:17,392 | timing took 0.27ms
2026-08-04 23:27:17,395 | authorization took 1.37ms
2026-08-04 23:27:17,395 | check_api_key took 1.58ms
2026-08-04 23:27:17,395 | blacklist took 1.75ms
2026-08-04 23:27:17,395 | log_requests took 1.86ms
2026-08-04 23:27:17,395 | timing took 1.95ms
2026-08-04 23:27:17,398 | authorization took 1.29ms
2026-08-04 23:27:17,398 | check_api_key took 1.50ms
2026-08-04 23:27:17,398 | blacklist took 1.68ms
2026-08-04 23:27:17,398 | log_requests took 1.79ms
2026-08-04 23:27:17,398 | timing took 1.88ms
2026-08-04 23:27:17,400 | blacklist took 0.11ms
2026-08-04 23:27:17,400 | log_requests took 0.25ms
2026-08-04 23:27:17,400 | timing took 0.33ms
2026-08-04 23:27:17,402 | authorization took 1.42ms
2026-08-04 23:27:17,402 | check_api_key took 1.67ms
2026-08-04 23:27:17,402 | blacklist took 1.84ms
2026-08-04 23:27:17,402 | log_requests took 1.96ms
2026-08-04 23:27:17,403 | timing took 2.05ms
2026-08-04 23:27:17,404 | blacklist took 0.09ms
2026-08-04 23:27:17,404 | log_requests took 0.21ms
2026-08-04 23:27:17,404 | timing took 0.29ms
2026-08-04 23:27:17,406 | blacklist took 0.07ms
2026-08-04 23:27:17,406 | log_requests took 0.18ms
2026-08-04 23:27:17,406 | timing took 0.26ms
2026-08-04 23:27:17,408 | authorization took 0.31ms
2026-08-04 23:27:17,408 | check_api_key took 0.40ms
2026-08-04 23:27:17,408 | blacklist took 0.57ms
2026-08-04 23:27:17,408 | log_requests took 0.69ms
2026-08-04 23:27:17,408 | timing took 0.77ms
2026-08-04 23:27:17,410 | check_api_key took 0.01ms
2026-08-04 23:27:17,410 | blacklist took 0.20ms
2026-08-04 23:27:17,410 | log_requests took 0.30ms
2026-08-04 23:27:17,410 | timing took 0.39ms
2026-08-04 23:27:17,413 | authorization took 1.86ms
2026-08-04 23:27:17,413 | check_api_key took 1.95ms
2026-08-04 23:27:17,413 | blacklist took 2.15ms
2026-08-04 23:27:17,413 | log_requests took 2.26ms
2026-08-04 23:27:17,413 | timing took 2.35ms
2026-08-04 23:27:17,416 | authorization took 1.40ms
2026-08-04 23:27:17,416 | check_api_key took 1.50ms
2026-08-04 23:27:17,416 | blacklist took 1.67ms
2026-08-04 23:27:17,416 | log_requests took 1.79ms
2026-08-04 23:27:17,416 | timing took 1.89ms
2026-08-04 23:27:17,419 | authorization took 1.78ms
2026-08-04 23:27:17,419 | check_api_key took 1.88ms
2026-08-04 23:27:17,419 | blacklist took 2.05ms
2026-08-04 23:27:17,419 | log_requests took 2.17ms
2026-08-04 23:27:17,419 | timing took 2.26ms
2026-08-04 23:27:17,422 | authorization took 1.41ms
2026-08-04 23:27:17,422 | check_api_key took 1.52ms
2026-08-04 23:27:17,422 | blacklist took 1.69ms
2026-08-04 23:27:17,422 | log_requests took 1.81ms
2026-08-04 23:27:17,422 | timing took 1.91ms
2026-08-04 23:27:17,424 | authorization took 0.67ms
2026-08-04 23:27:17,424 | check_api_key took 0.77ms
2026-08-04 23:27:17,424 | blacklist took 0.98ms
2026-08-04 23:27:17,424 | log_requests took 1.09ms
2026-08-04 23:27:17,424 | timing took 1.18ms
2026-08-04 23:27:17,425 | authorization took 0.71ms
2026-08-04 23:27:17,425 | check_api_key took 0.80ms
2026-08-04 23:27:17,425 | blacklist took 0.97ms
2026-08-04 23:27:17,426 | log_requests took 1.08ms
2026-08-04 23:27:17,426 | timing took 1.17ms
2026-08-04 23:27:17,429 | authorization took 1.68ms
2026-08-04 23:27:17,429 | check_api_key took 1.78ms
2026-08-04 23:27:17,429 | blacklist took 1.95ms
2026-08-04 23:27:17,429 | log_requests took 2.07ms
2026-08-04 23:27:17,429 | timing took 2.16ms
2026-08-04 23:27:17,432 | authorization took 1.61ms
2026-08-04 23:27:17,432 | check_api_key took 1.71ms
2026-08-04 23:27:17,432 | blacklist took 1.89ms
2026-08-04 23:27:17,432 | log_requests took 2.00ms
2026-08-04 23:27:17,432 | timing took 2.10ms
2026-08-04 23:27:17,434 | authorization took 1.38ms
2026-08-04 23:27:17,434 | check_api_key took 1.61ms
2026-08-04 23:27:17,434 | blacklist took 1.79ms
2026-08-04 23:27:17,435 | log_requests took 1.92ms
2026-08-04 23:27:17,435 | timing took 2.02ms
2026-08-04 23:27:17,436 | authorization took 0.58ms
2026-08-04 23:27:17,436 | check_api_key took 0.68ms
2026-08-04 23:27:17,436 | blacklist took 0.85ms
2026-08-04 23:27:17,436 | log_requests took 0.96ms
2026-08-04 23:27:17,436 | timing took 1.06ms
2026-08-04 23:27:17,440 | authorization took 1.71ms
2026-08-04 23:27:17,440 | check_api_key took 1.81ms
2026-08-04 23:27:17,440 | blacklist took 1.99ms
2026-08-04 23:27:17,440 | log_requests took 2.10ms
2026-08-04 23:27:17,440 | timing took 2.19ms
2026-08-04 23:27:17,443 | authorization took 1.65ms
2026-08-04 23:27:17,443 | check_api_key took 1.75ms
2026-08-04 23:27:17,443 | blacklist took 1.96ms
2026-08-04 23:27:17,443 | log_requests took 2.08ms
2026-08-04 23:27:17,443 | timing took 2.18ms
2026-08-04 23:27:17,446 | authorization took 1.90ms
2026-08-04 23:27:17,446 | check_api_key took 2.14ms
2026-08-04 23:27:17,446 | blacklist took 2.31ms
2026-08-04 23:27:17,446 | log_requests took 2.43ms
2026-08-04 23:27:17,446 | timing took 2.52ms
2026-08-04 23:27:17,448 | authorization took 0.74ms
2026-08-04 23:27:17,448 | check_api_key took 0.83ms
2026-08-04 23:27:17,448 | blacklist took 1.02ms
2026-08-04 23:27:17,448 | log_requests took 1.14ms
2026-08-04 23:27:17,448 | timing took 1.23ms
2026-08-04 23:27:17,452 | authorization took 1.82ms
2026-08-04 23:27:17,452 | check_api_key took 1.94ms
2026-08-04 23:27:17,452 | blacklist took 2.15ms
2026-08-04 23:27:17,452 | log_requests took 2.26ms
2026-08-04 23:27:17,452 | timing took 2.37ms
2026-08-04 23:27:17,454 | authorization took 1.45ms
2026-08-04 23:27:17,454 | check_api_key took 1.55ms
2026-08-04 23:27:17,454 | blacklist took 1.74ms
2026-08-04 23:27:17,455 | log_requests took 1.85ms
2026-08-04 23:27:17,455 | timing took 1.95ms
2026-08-04 23:27:17,456 | authorization took 0.58ms
2026-08-04 23:27:17,456 | check_api_key took 0.81ms
2026-08-04 23:27:17,456 | blacklist took 0.98ms
2026-08-04 23:27:17,456 | log_requests took 1.09ms
2026-08-04 23:27:17,457 | timing took 1.18ms
2026-08-04 23:27:17,635 | authorization took 176.74ms
2026-08-04 23:27:17,635 | check_api_key took 176.87ms
2026-08-04 23:27:17,635 | blacklist took 177.08ms
2026-08-04 23:27:17,635 | log_requests took 177.21ms
2026-08-04 23:27:17,635 | timing took 177.31ms
2026-08-04 23:27:17,808 | authorization took 172.01ms
2026-08-04 23:27:17,809 | check_api_key took 172.14ms
2026-08-04 23:27:17,809 | blacklist took 172.35ms
2026-08-04 23:27:17,809 | log_requests took 172.47ms
2026-08-04 23:27:17,809 | timing took 172.58ms
2026-08-04 23:27:17,983 | authorization took 173.16ms
2026-08-04 23:27:17,983 | check_api_key took 173.33ms
2026-08-04 23:27:17,983 | blacklist took 173.55ms
2026-08-04 23:27:17,983 | log_requests took 173.70ms
2026-08-04 23:27:17,983 | timing took 173.80ms
2026-08-04 23:27:44,187 | authorization took 10.63ms
2026-08-04 23:27:44,188 | check_api_key took 11.00ms
2026-08-04 23:27:44,188 | blacklist took 11.46ms
2026-08-04 23:27:44,188 | log_requests took 11.81ms
2026-08-04 23:27:44,188 | timing took 12.09ms
2026-08-04 23:27:44,200 | authorization took 10.53ms
2026-08-04 23:27:44,201 | check_api_key took 10.75ms
2026-08-04 23:27:44,201 | blacklist took 11.05ms
2026-08-04 23:27:44,201 | log_requests took 11.24ms
2026-08-04 23:27:44,201 | timing took 11.36ms
2026-08-04 23:27:44,222 | authorization took 18.66ms
2026-08-04 23:27:44,222 | check_api_key took 19.11ms
2026-08-04 23:27:44,222 | blacklist took 20.10ms
2026-08-04 23:27:44,223 | log_requests took 20.29ms
2026-08-04 23:27:44,223 | timing took 20.40ms
2026-08-04 23:27:44,226 | authorization took 1.23ms
2026-08-04 23:27:44,226 | check_api_key took 1.66ms
2026-08-04 23:27:44,227 | blacklist took 2.07ms
2026-08-04 23:27:44,227 | log_requests took 2.23ms
2026-08-04 23:27:44,227 | timing took 2.39ms
2026-08-04 23:27:44,242 | authorization took 5.98ms
2026-08-04 23:27:44,243 | check_api_key took 6.66ms
2026-08-04 23:27:44,243 | blacklist took 7.06ms
2026-08-04 23:27:44,243 | log_requests took 7.26ms
2026-08-04 23:27:44,243 | timing took 7.41ms
2026-08-04 23:27:44,247 | authorization took 2.27ms
2026-08-04 23:27:44,247 | check_api_key took 2.41ms
2026-08-04 23:27:44,247 | blacklist took 2.65ms
2026-08-04 23:27:44,247 | log_requests took 2.79ms
2026-08-04 23:27:44,247 | timing took 2.91ms
2026-08-04 23:27:44,250 | authorization took 1.99ms
2026-08-04 23:27:44,251 | check_api_key took 2.26ms
2026-08-04 23:27:44,251 | blacklist took 2.59ms
2026-08-04 23:27:44,251 | log_requests took 2.89ms
2026-08-04 23:27:44,251 | timing took 3.07ms
2026-08-04 23:27:44,254 | authorization took 1.49ms
2026-08-04 23:27:44,254 | check_api_key took 1.63ms
2026-08-04 23:27:44,254 | blacklist took 1.85ms
2026-08-04 23:27:44,255 | log_requests took 1.99ms
2026-08-04 23:27:44,255 | timing took 2.12ms
2026-08-04 23:27:44,257 | authorization took 0.84ms
2026-08-04 23:27:44,257 | check_api_key took 0.96ms
2026-08-04 23:27:44,257 | blacklist took 1.17ms
2026-08-04 23:27:44,257 | log_requests took 1.30ms
2026-08-04 23:27:44,257 | timing took 1.41ms
2026-08-04 23:27:44,269 | authorization took 10.08ms
2026-08-04 23:27:44,269 | check_api_key took 10.88ms
2026-08-04 23:27:44,270 | blacklist took 11.11ms
2026-08-04 23:27:44,270 | log_requests took 11.29ms
2026-08-04 23:27:44,270 | timing took 11.43ms
2026-08-04 23:27:44,456 | authorization took 182.56ms
2026-08-04 23:27:44,456 | check_api_key took 182.73ms
2026-08-04 23:27:44,456 | blacklist took 182.99ms
2026-08-04 23:27:44,456 | log_requests took 183.14ms
2026-08-04 23:27:44,456 | timing took 183.26ms
2026-08-04 23:27:44,631 | authorization took 173.71ms
2026-08-04 23:27:44,631 | check_api_key took 173.87ms
2026-08-04 23:27:44,631 | blacklist took 174.09ms
2026-08-04 23:27:44,631 | log_requests took 174.23ms
2026-08-04 23:27:44,631 | timing took 174.35ms
2026-08-04 23:27:44,635 | authorization took 2.20ms
2026-08-04 23:27:44,635 | check_api_key took 2.57ms
2026-08-04 23:27:44,635 | blacklist took 2.79ms
2026-08-04 23:27:44,635 | log_requests took 2.92ms
2026-08-04 23:27:44,636 | timing took 3.02ms
2026-08-04 23:27:44,637 | authorization took 0.77ms
2026-08-04 23:27:44,638 | check_api_key took 0.87ms
2026-08-04 23:27:44,638 | blacklist took 1.06ms
2026-08-04 23:27:44,638 | log_requests took 1.18ms
2026-08-04 23:27:44,638 | timing took 1.28ms
2026-08-04 23:27:54,598 | authorization took 8.56ms
2026-08-04 23:27:54,598 | check_api_key took 8.76ms
2026-08-04 23:27:54,598 | blacklist took 9.01ms
2026-08-04 23:27:54,598 | log_requests took 9.19ms
2026-08-04 23:27:54,598 | timing took 9.31ms
2026-08-04 23:27:54,606 | authorization took 6.79ms
2026-08-04 23:27:54,607 | check_api_key took 6.94ms
2026-08-04 23:27:54,607 | blacklist took 7.24ms
2026-08-04 23:27:54,607 | log_requests took 7.38ms
2026-08-04 23:27:54,607 | timing took 7.50ms
2026-08-04 23:27:54,612 | authorization took 2.40ms
2026-08-04 23:27:54,612 | check_api_key took 2.51ms
2026-08-04 23:27:54,612 | blacklist took 2.71ms
2026-08-04 23:27:54,612 | log_requests took 2.83ms
2026-08-04 23:27:54,612 | timing took 2.92ms
2026-08-04 23:27:54,615 | authorization took 1.90ms
2026-08-04 23:27:54,615 | check_api_key took 2.18ms
2026-08-04 23:27:54,615 | blacklist took 2.38ms
2026-08-04 23:27:54,615 | log_requests took 2.50ms
2026-08-04 23:27:54,615 | timing took 2.60ms
2026-08-04 23:27:54,617 | authorization took 0.79ms
2026-08-04 23:27:54,617 | check_api_key took 0.90ms
2026-08-04 23:27:54,617 | blacklist took 1.09ms
2026-08-04 23:27:54,617 | log_requests took 1.21ms
2026-08-04 23:27:54,617 | timing took 1.30ms
2026-08-04 23:27:54,621 | authorization took 1.28ms
2026-08-04 23:27:54,621 | check_api_key took 1.60ms
2026-08-04 23:27:54,621 | blacklist took 1.79ms
2026-08-04 23:27:54,621 | log_requests took 1.92ms
2026-08-04 23:27:54,621 | timing took 2.02ms
2026-08-04 23:27:54,624 | authorization took 1.23ms
2026-08-04 23:27:54,624 | check_api_key took 1.35ms
2026-08-04 23:27:54,624 | blacklist took 1.55ms
2026-08-04 23:27:54,624 | log_requests took 1.68ms
2026-08-04 23:27:54,624 | timing took 1.77ms
2026-08-04 23:27:54,628 | authorization took 1.82ms
2026-08-04 23:27:54,628 | check_api_key took 1.92ms
2026-08-04 23:27:54,628 | blacklist took 2.10ms
2026-08-04 23:27:54,628 | log_requests took 2.22ms
2026-08-04 23:27:54,628 | timing took 2.31ms
2026-08-04 23:27:54,631 | authorization took 1.58ms
2026-08-04 23:27:54,631 | check_api_key took 1.69ms
2026-08-04 23:27:54,631 | blacklist took 1.89ms
2026-08-04 23:27:54,631 | log_requests took 2.02ms
2026-08-04 23:27:54,631 | timing took 2.12ms
2026-08-04 23:27:54,633 | authorization took 0.77ms
2026-08-04 23:27:54,633 | check_api_key took 0.87ms
2026-08-04 23:27:54,633 | blacklist took 1.05ms
2026-08-04 23:27:54,633 | log_requests took 1.17ms
2026-08-04 23:27:54,633 | timing took 1.27ms
2026-08-04 23:27:54,644 | authorization took 1.79ms
2026-08-04 23:27:54,644 | check_api_key took 1.90ms
2026-08-04 23:27:54,645 | blacklist took 2.10ms
2026-08-04 23:27:54,645 | log_requests took 2.23ms
2026-08-04 23:27:54,645 | timing took 2.33ms
2026-08-04 23:27:54,648 | authorization took 1.78ms
2026-08-04 23:27:54,648 | check_api_key took 1.90ms
2026-08-04 23:27:54,648 | blacklist took 2.10ms
2026-08-04 23:27:54,648 | log_requests took 2.23ms
2026-08-04 23:27:54,648 | timing took 2.35ms
2026-08-04 23:27:54,651 | authorization took 1.67ms
2026-08-04 23:27:54,651 | check_api_key took 1.77ms
2026-08-04 23:27:54,651 | blacklist took 1.97ms
2026-08-04 23:27:54,651 | log_requests took 2.09ms
2026-08-04 23:27:54,651 | timing took 2.18ms
2026-08-04 23:27:54,654 | authorization took 1.64ms
2026-08-04 23:27:54,654 | check_api_key took 1.75ms
2026-08-04 23:27:54,654 | blacklist took 1.92ms
2026-08-04 23:27:54,654 | log_requests took 2.05ms
2026-08-04 23:27:54,654 | timing took 2.15ms
2026-08-04 23:27:54,657 | authorization took 1.46ms
2026-08-04 23:27:54,657 | check_api_key took 1.57ms
2026-08-04 23:27:54,657 | blacklist took 1.74ms
2026-08-04 23:27:54,657 | log_requests took 1.86ms
2026-08-04 23:27:54,657 | timing took 1.96ms
2026-08-04 23:27:54,659 | authorization took 1.41ms
2026-08-04 23:27:54,659 | check_api_key took 1.54ms
2026-08-04 23:27:54,659 | blacklist took 1.73ms
2026-08-04 23:27:54,659 | log_requests took 1.85ms
2026-08-04 23:27:54,660 | timing took 1.95ms
2026-08-04 23:27:54,661 | authorization took 0.72ms
2026-08-04 23:27:54,661 | check_api_key took 0.81ms
2026-08-04 23:27:54,661 | blacklist took 1.00ms
2026-08-04 23:27:54,661 | log_requests took 1.12ms
2026-08-04 23:27:54,661 | timing took 1.21ms
2026-08-04 23:27:54,673 | authorization took 1.89ms
2026-08-04 23:27:54,673 | check_api_key took 1.99ms
2026-08-04 23:27:54,673 | blacklist took 2.17ms
2026-08-04 23:27:54,673 | log_requests took 2.29ms
2026-08-04 23:27:54,673 | timing took 2.37ms
2026-08-04 23:27:54,675 | authorization took 1.58ms
2026-08-04 23:27:54,675 | check_api_key took 1.69ms
2026-08-04 23:27:54,675 | blacklist took 1.87ms
2026-08-04 23:27:54,676 | log_requests took 2.00ms
2026-08-04 23:27:54,676 | timing took 2.09ms
2026-08-04 23:27:54,679 | authorization took 1.70ms
2026-08-04 23:27:54,679 | check_api_key took 1.81ms
2026-08-04 23:27:54,679 | blacklist took 1.99ms
2026-08-04 23:27:54,679 | log_requests took 2.11ms
2026-08-04 23:27:54,679 | timing took 2.21ms
2026-08-04 23:27:54,682 | authorization took 1.50ms
2026-08-04 23:27:54,682 | check_api_key took 1.78ms
2026-08-04 23:27:54,682 | blacklist took 1.96ms
2026-08-04 23:27:54,682 | log_requests took 2.09ms
2026-08-04 23:27:54,683 | timing took 2.19ms
2026-08-04 23:27:54,684 | authorization took 0.57ms
2026-08-04 23:27:54,684 | check_api_key took 0.67ms
2026-08-04 23:27:54,684 | blacklist took 0.85ms
2026-08-04 23:27:54,684 | log_requests took 0.96ms
2026-08-04 23:27:54,684 | timing took 1.05ms
2026-08-04 23:27:54,688 | authorization took 2.19ms
2026-08-04 23:27:54,688 | check_api_key took 2.30ms
2026-08-04 23:27:54,688 | blacklist took 2.50ms
2026-08-04 23:27:54,688 | log_requests took 2.62ms
2026-08-04 23:27:54,689 | timing took 2.71ms
2026-08-04 23:27:54,692 | authorization took 1.59ms
2026-08-04 23:27:54,692 | check_api_key took 1.69ms
2026-08-04 23:27:54,692 | blacklist took 1.89ms
2026-08-04 23:27:54,692 | log_requests took 2.01ms
2026-08-04 23:27:54,692 | timing took 2.10ms
2026-08-04 23:27:54,695 | authorization took 0.84ms
2026-08-04 23:27:54,695 | check_api_key took 0.94ms
2026-08-04 23:27:54,695 | blacklist took 1.12ms
2026-08-04 23:27:54,695 | log_requests took 1.24ms
2026-08-04 23:27:54,695 | timing took 1.33ms
2026-08-04 23:27:54,699 | authorization took 2.04ms
2026-08-04 23:27:54,699 | check_api_key took 2.13ms
2026-08-04 23:27:54,699 | blacklist took 2.31ms
2026-08-04 23:27:54,699 | log_requests took 2.43ms
2026-08-04 23:27:54,699 | timing took 2.53ms
2026-08-04 23:27:54,701 | authorization took 1.48ms
2026-08-04 23:27:54,702 | check_api_key took 1.73ms
2026-08-04 23:27:54,702 | blacklist took 1.92ms
2026-08-04 23:27:54,702 | log_requests took 2.05ms
2026-08-04 23:27:54,702 | timing took 2.16ms
2026-08-04 23:27:54,703 | authorization took 0.55ms
2026-08-04 23:27:54,703 | check_api_key took 0.65ms
2026-08-04 23:27:54,703 | blacklist took 0.84ms
2026-08-04 23:27:54,704 | log_requests took 0.94ms
2026-08-04 23:27:54,704 | timing took 1.03ms
2026-08-04 23:27:54,707 | authorization took 1.63ms
2026-08-04 23:27:54,707 | check_api_key took 1.72ms
2026-08-04 23:27:54,707 | blacklist took 1.89ms
2026-08-04 23:27:54,707 | log_requests took 2.00ms
2026-08-04 23:27:54,707 | timing took 2.09ms
2026-08-04 23:27:54,709 | authorization took 0.58ms
2026-08-04 23:27:54,709 | check_api_key took 0.79ms
2026-08-04 23:27:54,709 | blacklist took 0.97ms
2026-08-04 23:27:54,709 | log_requests took 1.08ms
2026-08-04 23:27:54,709 | timing took 1.17ms
2026-08-04 23:27:54,712 | authorization took 1.62ms
2026-08-04 23:27:54,712 | check_api_key took 1.73ms
2026-08-04 23:27:54,712 | blacklist took 1.91ms
2026-08-04 23:27:54,712 | log_requests took 2.03ms
2026-08-04 23:27:54,712 | timing took 2.13ms
2026-08-04 23:27:54,715 | authorization took 1.71ms
2026-08-04 23:27:54,715 | check_api_key took 1.81ms
2026-08-04 23:27:54,715 | blacklist took 1.99ms
2026-08-04 23:27:54,715 | log_requests took 2.11ms
2026-08-04 23:27:54,716 | timing took 2.20ms
2026-08-04 23:27:54,716 | check_api_key took 0.02ms
2026-08-04 23:27:54,717 | blacklist took 0.20ms
2026-08-04 23:27:54,717 | log_requests took 0.31ms
2026-08-04 23:27:54,717 | timing took 0.39ms
2026-08-04 23:27:54,720 | authorization took 1.72ms
2026-08-04 23:27:54,720 | check_api_key took 1.82ms
2026-08-04 23:27:54,720 | blacklist took 2.02ms
2026-08-04 23:27:54,720 | log_requests took 2.15ms
2026-08-04 23:27:54,720 | timing took 2.24ms
2026-08-04 23:27:54,723 | authorization took 1.48ms
2026-08-04 23:27:54,723 | check_api_key took 1.71ms
2026-08-04 23:27:54,723 | blacklist took 1.87ms
2026-08-04 23:27:54,723 | log_requests took 1.99ms
2026-08-04 23:27:54,723 | timing took 2.09ms
2026-08-04 23:27:54,727 | authorization took 1.81ms
2026-08-04 23:27:54,727 | check_api_key took 1.91ms
2026-08-04 23:27:54,727 | blacklist took 2.10ms
2026-08-04 23:27:54,727 | log_requests took 2.21ms
2026-08-04 23:27:54,727 | timing took 2.29ms
2026-08-04 23:27:54,729 | authorization took 1.49ms
2026-08-04 23:27:54,730 | check_api_key took 1.59ms
2026-08-04 23:27:54,730 | blacklist took 1.77ms
2026-08-04 23:27:54,730 | log_requests took 1.89ms
2026-08-04 23:27:54,730 | timing took 1.99ms
2026-08-04 23:27:54,734 | authorization took 1.65ms
2026-08-04 23:27:54,734 | check_api_key took 1.76ms
2026-08-04 23:27:54,734 | blacklist took 1.93ms
2026-08-04 23:27:54,734 | log_requests took 2.06ms
2026-08-04 23:27:54,734 | timing took 2.16ms
2026-08-04 23:27:54,737 | authorization took 0.68ms
2026-08-04 23:27:54,737 | check_api_key took 0.79ms
2026-08-04 23:27:54,737 | blacklist took 1.00ms
2026-08-04 23:27:54,737 | log_requests took 1.12ms
2026-08-04 23:27:54,737 | timing took 1.21ms
2026-08-04 23:27:54,740 | authorization took 1.80ms
2026-08-04 23:27:54,740 | check_api_key took 1.89ms
2026-08-04 23:27:54,740 | blacklist took 2.07ms
2026-08-04 23:27:54,740 | log_requests took 2.18ms
2026-08-04 23:27:54,741 | timing took 2.27ms
2026-08-04 23:27:54,743 | authorization took 0.57ms
2026-08-04 23:27:54,743 | check_api_key took 0.67ms
2026-08-04 23:27:54,743 | blacklist took 0.85ms
2026-08-04 23:27:54,743 | log_requests took 0.97ms
2026-08-04 23:27:54,743 | timing took 1.05ms
2026-08-04 23:27:54,745 | authorization took 0.79ms
2026-08-04 23:27:54,745 | check_api_key took 0.89ms
2026-08-04 23:27:54,745 | blacklist took 1.07ms
2026-08-04 23:27:54,745 | log_requests took 1.19ms
2026-08-04 23:27:54,745 | timing took 1.28ms
2026-08-04 23:27:54,749 | authorization took 1.99ms
2026-08-04 23:27:54,749 | check_api_key took 2.10ms
2026-08-04 23:27:54,749 | blacklist took 2.28ms
2026-08-04 23:27:54,749 | log_requests took 2.39ms
2026-08-04 23:27:54,749 | timing took 2.48ms
2026-08-04 23:27:54,752 | authorization took 1.73ms
2026-08-04 23:27:54,752 | check_api_key took 1.84ms
2026-08-04 23:27:54,752 | blacklist took 2.02ms
2026-08-04 23:27:54,752 | log_requests took 2.14ms
2026-08-04 23:27:54,752 | timing took 2.24ms
2026-08-04 23:27:54,756 | authorization took 1.75ms
2026-08-04 23:27:54,756 | check_api_key took 1.85ms
2026-08-04 23:27:54,756 | blacklist took 2.04ms
2026-08-04 23:27:54,756 | log_requests took 2.16ms
2026-08-04 23:27:54,756 | timing took 2.26ms
2026-08-04 23:27:54,758 | authorization took 1.40ms
2026-08-04 23:27:54,758 | check_api_key took 1.50ms
2026-08-04 23:27:54,759 | blacklist took 1.69ms
2026-08-04 23:27:54,759 | log_requests took 1.81ms
2026-08-04 23:27:54,759 | timing took 1.91ms
2026-08-04 23:27:54,762 | authorization took 1.70ms
2026-08-04 23:27:54,762 | check_api_key took 1.79ms
2026-08-04 23:27:54,762 | blacklist took 1.97ms
2026-08-04 23:27:54,762 | log_requests took 2.10ms
2026-08-04 23:27:54,762 | timing took 2.19ms
2026-08-04 23:27:54,764 | authorization took 1.10ms
2026-08-04 23:27:54,764 | check_api_key took 1.20ms
2026-08-04 23:27:54,764 | blacklist took 1.39ms
2026-08-04 23:27:54,764 | log_requests took 1.51ms
2026-08-04 23:27:54,764 | timing took 1.60ms
2026-08-04 23:27:54,768 | authorization took 1.85ms
2026-08-04 23:27:54,768 | check_api_key took 1.95ms
2026-08-04 23:27:54,768 | blacklist took 2.14ms
2026-08-04 23:27:54,768 | log_requests took 2.26ms
2026-08-04 23:27:54,768 | timing took 2.35ms
2026-08-04 23:27:54,771 | authorization took 1.48ms
2026-08-04 23:27:54,771 | check_api_key took 1.71ms
2026-08-04 23:27:54,771 | blacklist took 1.91ms
2026-08-04 23:27:54,771 | log_requests took 2.02ms
2026-08-04 23:27:54,771 | timing took 2.12ms
2026-08-04 23:27:54,773 | authorization took 0.86ms
2026-08-04 23:27:54,773 | check_api_key took 0.95ms
2026-08-04 23:27:54,773 | blacklist took 1.12ms
2026-08-04 23:27:54,773 | log_requests took 1.23ms
2026-08-04 23:27:54,773 | timing took 1.31ms
2026-08-04 23:27:54,776 | authorization took 1.75ms
2026-08-04 23:27:54,776 | check_api_key took 1.84ms
2026-08-04 23:27:54,776 | blacklist took 2.02ms
2026-08-04 23:27:54,776 | log_requests took 2.13ms
2026-08-04 23:27:54,776 | timing took 2.21ms
2026-08-04 23:27:54,781 | authorization took 2.96ms
2026-08-04 23:27:54,781 | check_api_key took 3.20ms
2026-08-04 23:27:54,781 | blacklist took 3.40ms
2026-08-04 23:27:54,781 | log_requests took 3.53ms
2026-08-04 23:27:54,781 | timing took 3.62ms
2026-08-04 23:27:54,784 | authorization took 1.43ms
2026-08-04 23:27:54,784 | check_api_key took 1.54ms
2026-08-04 23:27:54,784 | blacklist took 1.73ms
2026-08-04 23:27:54,784 | log_requests took 1.90ms
2026-08-04 23:27:54,784 | timing took 2.01ms
2026-08-04 23:27:54,786 | authorization took 1.35ms
2026-08-04 23:27:54,786 | check_api_key took 1.45ms
2026-08-04 23:27:54,786 | blacklist took 1.64ms
2026-08-04 23:27:54,787 | log_requests took 1.76ms
2026-08-04 23:27:54,787 | timing took 1.86ms
2026-08-04 23:27:54,789 | authorization took 1.90ms
2026-08-04 23:27:54,789 | check_api_key took 2.00ms
2026-08-04 23:27:54,789 | blacklist took 2.17ms
2026-08-04 23:27:54,790 | log_requests took 2.29ms
2026-08-04 23:27:54,790 | timing took 2.39ms
2026-08-04 23:27:54,793 | authorization took 1.83ms
2026-08-04 23:27:54,793 | check_api_key took 1.94ms
2026-08-04 23:27:54,793 | blacklist took 2.11ms
2026-08-04 23:27:54,793 | log_requests took 2.23ms
2026-08-04 23:27:54,793 | timing took 2.33ms
2026-08-04 23:27:54,799 | authorization took 4.19ms
2026-08-04 23:27:54,799 | check_api_key took 4.42ms
2026-08-04 23:27:54,799 | blacklist took 4.60ms
2026-08-04 23:27:54,799 | log_requests took 4.73ms
2026-08-04 23:27:54,799 | timing took 4.82ms
2026-08-04 23:27:54,802 | authorization took 0.79ms
2026-08-04 23:27:54,802 | check_api_key took 1.02ms
2026-08-04 23:27:54,802 | blacklist took 1.23ms
2026-08-04 23:27:54,802 | log_requests took 1.35ms
2026-08-04 23:27:54,802 | timing took 1.44ms
2026-08-04 23:27:54,804 | authorization took 0.69ms
2026-08-04 23:27:54,804 | check_api_key took 0.91ms
2026-08-04 23:27:54,805 | blacklist took 1.09ms
2026-08-04 23:27:54,805 | log_requests took 1.20ms
2026-08-04 23:27:54,805 | timing took 1.29ms
2026-08-04 23:27:54,808 | authorization took 1.17ms
2026-08-04 23:27:54,808 | check_api_key took 1.38ms
2026-08-04 23:27:54,808 | blacklist took 1.56ms
2026-08-04 23:27:54,808 | log_requests took 1.67ms
2026-08-04 23:27:54,808 | timing took 1.76ms
2026-08-04 23:27:54,811 | authorization took 1.59ms
2026-08-04 23:27:54,811 | check_api_key took 1.80ms
2026-08-04 23:27:54,811 | blacklist took 1.98ms
2026-08-04 23:27:54,811 | log_requests took 2.09ms
2026-08-04 23:27:54,811 | timing took 2.18ms
2026-08-04 23:27:54,813 | authorization took 0.01ms
2026-08-04 23:27:54,813 | check_api_key took 0.23ms
2026-08-04 23:27:54,813 | blacklist took 0.40ms
2026-08-04 23:27:54,813 | log_requests took 0.52ms
2026-08-04 23:27:54,814 | timing took 0.62ms
2026-08-04 23:27:54,815 | check_api_key took 0.01ms
2026-08-04 23:27:54,815 | blacklist took 0.19ms
2026-08-04 23:27:54,815 | log_requests took 0.29ms
2026-08-04 23:27:54,815 | timing took 0.38ms
2026-08-04 23:27:54,818 | authorization took 0.02ms
2026-08-04 23:27:54,818 | check_api_key took 0.27ms
2026-08-04 23:27:54,818 | blacklist took 0.44ms
2026-08-04 23:27:54,818 | log_requests took 0.56ms
2026-08-04 23:27:54,819 | timing took 0.66ms
2026-08-04 23:27:54,822 | authorization took 1.88ms
2026-08-04 23:27:54,822 | check_api_key took 2.09ms
2026-08-04 23:27:54,822 | blacklist took 2.28ms
2026-08-04 23:27:54,822 | log_requests took 2.40ms
2026-08-04 23:27:54,822 | timing took 2.49ms
2026-08-04 23:27:54,826 | authorization took 1.65ms
2026-08-04 23:27:54,826 | check_api_key took 1.75ms
2026-08-04 23:27:54,826 | blacklist took 1.93ms
2026-08-04 23:27:54,826 | log_requests took 2.05ms
2026-08-04 23:27:54,826 | timing took 2.14ms
2026-08-04 23:27:54,829 | authorization took 2.10ms
2026-08-04 23:27:54,829 | check_api_key took 2.34ms
2026-08-04 23:27:54,829 | blacklist took 2.54ms
2026-08-04 23:27:54,829 | log_requests took 2.66ms
2026-08-04 23:27:54,829 | timing took 2.75ms
2026-08-04 23:27:54,832 | authorization took 1.43ms
2026-08-04 23:27:54,832 | check_api_key took 1.54ms
2026-08-04 23:27:54,832 | blacklist took 1.73ms
2026-08-04 23:27:54,832 | log_requests took 1.85ms
2026-08-04 23:27:54,832 | timing took 1.95ms
2026-08-04 23:27:54,836 | authorization took 1.98ms
2026-08-04 23:27:54,836 | check_api_key took 2.08ms
2026-08-04 23:27:54,836 | blacklist took 2.26ms
2026-08-04 23:27:54,836 | log_requests took 2.38ms
2026-08-04 23:27:54,836 | timing took 2.47ms
2026-08-04 23:27:54,839 | authorization took 1.82ms
2026-08-04 23:27:54,839 | check_api_key took 2.06ms
2026-08-04 23:27:54,839 | blacklist took 2.26ms
2026-08-04 23:27:54,839 | log_requests took 2.37ms
2026-08-04 23:27:54,839 | timing took 2.46ms
2026-08-04 23:27:54,842 | authorization took 1.60ms
2026-08-04 23:27:54,843 | check_api_key took 1.70ms
2026-08-04 23:27:54,843 | blacklist took 1.88ms
2026-08-04 23:27:54,843 | log_requests took 1.99ms
2026-08-04 23:27:54,843 | timing took 2.07ms
2026-08-04 23:27:54,845 | authorization took 1.63ms
2026-08-04 23:27:54,845 | check_api_key took 1.85ms
2026-08-04 23:27:54,846 | blacklist took 2.02ms
2026-08-04 23:27:54,846 | log_requests took 2.14ms
2026-08-04 23:27:54,846 | timing took 2.23ms
2026-08-04 23:27:54,847 | authorization took 0.86ms
2026-08-04 23:27:54,848 | check_api_key took 0.97ms
2026-08-04 23:27:54,848 | blacklist took 1.15ms
2026-08-04 23:27:54,848 | log_requests took 1.26ms
2026-08-04 23:27:54,848 | timing took 1.34ms
2026-08-04 23:27:54,851 | authorization took 1.72ms
2026-08-04 23:27:54,851 | check_api_key took 1.83ms
2026-08-04 23:27:54,851 | blacklist took 2.03ms
2026-08-04 23:27:54,851 | log_requests took 2.15ms
2026-08-04 23:27:54,851 | timing took 2.24ms
2026-08-04 23:27:54,854 | authorization took 0.69ms
2026-08-04 23:27:54,854 | check_api_key took 0.84ms
2026-08-04 23:27:54,854 | blacklist took 1.03ms
2026-08-04 23:27:54,854 | log_requests took 1.15ms
2026-08-04 23:27:54,854 | timing took 1.25ms
2026-08-04 23:27:54,857 | authorization took 1.58ms
2026-08-04 23:27:54,857 | check_api_key took 1.81ms
2026-08-04 23:27:54,857 | blacklist took 1.99ms
2026-08-04 23:27:54,857 | log_requests took 2.10ms
2026-08-04 23:27:54,857 | timing took 2.19ms
2026-08-04 23:27:54,859 | authorization took 1.60ms
2026-08-04 23:27:54,859 | check_api_key took 1.70ms
2026-08-04 23:27:54,859 | blacklist took 1.88ms
2026-08-04 23:27:54,860 | log_requests took 1.99ms
2026-08-04 23:27:54,860 | timing took 2.09ms
2026-08-04 23:27:54,863 | authorization took 1.81ms
2026-08-04 23:27:54,863 | check_api_key took 1.91ms
2026-08-04 23:27:54,863 | blacklist took 2.09ms
2026-08-04 23:27:54,863 | log_requests took 2.20ms
2026-08-04 23:27:54,863 | timing took 2.28ms
2026-08-04 23:27:54,866 | authorization took 1.49ms
2026-08-04 23:27:54,866 | check_api_key took 1.70ms
2026-08-04 23:27:54,866 | blacklist took 1.87ms
2026-08-04 23:27:54,867 | log_requests took 1.99ms
2026-08-04 23:27:54,867 | timing took 2.07ms
2026-08-04 23:27:54,869 | authorization took 1.65ms
2026-08-04 23:27:54,869 | check_api_key took 1.76ms
2026-08-04 23:27:54,869 | blacklist took 1.94ms
2026-08-04 23:27:54,869 | log_requests took 2.05ms
2026-08-04 23:27:54,869 | timing took 2.15ms
2026-08-04 23:27:54,873 | authorization took 1.93ms
2026-08-04 23:27:54,873 | check_api_key took 2.03ms
2026-08-04 23:27:54,873 | blacklist took 2.21ms
2026-08-04 23:27:54,873 | log_requests took 2.32ms
2026-08-04 23:27:54,873 | timing took 2.41ms
2026-08-04 23:27:54,875 | authorization took 0.91ms
2026-08-04 23:27:54,875 | check_api_key took 1.13ms
2026-08-04 23:27:54,876 | blacklist took 1.31ms
2026-08-04 23:27:54,876 | log_requests took 1.42ms
2026-08-04 23:27:54,876 | timing took 1.52ms
2026-08-04 23:27:54,879 | authorization took 1.62ms
2026-08-04 23:27:54,879 | check_api_key took 1.72ms
2026-08-04 23:27:54,879 | blacklist took 1.90ms
2026-08-04 23:27:54,879 | log_requests took 2.02ms
2026-08-04 23:27:54,879 | timing took 2.11ms
2026-08-04 23:27:54,880 | check_api_key took 0.01ms
2026-08-04 23:27:54,880 | blacklist took 0.18ms
2026-08-04 23:27:54,880 | log_requests took 0.28ms
2026-08-04 23:27:54,880 | timing took 0.36ms
2026-08-04 23:27:54,883 | authorization took 1.36ms
2026-08-04 23:27:54,883 | check_api_key took 1.58ms
2026-08-04 23:27:54,883 | blacklist took 1.76ms
2026-08-04 23:27:54,883 | log_requests took 1.88ms
2026-08-04 23:27:54,883 | timing took 1.97ms
2026-08-04 23:27:54,887 | authorization took 1.81ms
2026-08-04 23:27:54,887 | check_api_key took 1.91ms
2026-08-04 23:27:54,887 | blacklist took 2.11ms
2026-08-04 23:27:54,887 | log_requests took 2.24ms
2026-08-04 23:27:54,887 | timing took 2.33ms
2026-08-04 23:27:54,890 | authorization took 1.36ms
2026-08-04 23:27:54,890 | check_api_key took 1.58ms
2026-08-04 23:27:54,890 | blacklist took 1.75ms
2026-08-04 23:27:54,890 | log_requests took 1.87ms
2026-08-04 23:27:54,890 | timing took 1.96ms
2026-08-04 23:27:54,892 | authorization took 1.17ms
2026-08-04 23:27:54,892 | check_api_key took 1.39ms
2026-08-04 23:27:54,892 | blacklist took 1.57ms
2026-08-04 23:27:54,892 | log_requests took 1.69ms
2026-08-04 23:27:54,892 | timing took 1.78ms
2026-08-04 23:27:54,896 | authorization took 1.95ms
2026-08-04 23:27:54,896 | check_api_key took 2.05ms
2026-08-04 23:27:54,896 | blacklist took 2.23ms
2026-08-04 23:27:54,896 | log_requests took 2.35ms
2026-08-04 23:27:54,896 | timing took 2.44ms
2026-08-04 23:27:54,898 | authorization took 0.72ms
2026-08-04 23:27:54,898 | check_api_key took 0.94ms
2026-08-04 23:27:54,898 | blacklist took 1.12ms
2026-08-04 23:27:54,898 | log_requests took 1.23ms
2026-08-04 23:27:54,898 | timing took 1.32ms
2026-08-04 23:27:54,901 | authorization took 1.67ms
2026-08-04 23:27:54,901 | check_api_key took 1.77ms
2026-08-04 23:27:54,901 | blacklist took 1.96ms
2026-08-04 23:27:54,902 | log_requests took 2.08ms
2026-08-04 23:27:54,902 | timing took 2.18ms
2026-08-04 23:27:54,904 | authorization took 1.53ms
2026-08-04 23:27:54,904 | check_api_key took 1.64ms
2026-08-04 23:27:54,904 | blacklist took 1.81ms
2026-08-04 23:27:54,904 | log_requests took 1.93ms
2026-08-04 23:27:54,904 | timing took 2.03ms
2026-08-04 23:27:54,907 | authorization took 0.94ms
2026-08-04 23:27:54,907 | check_api_key took 1.04ms
2026-08-04 23:27:54,907 | blacklist took 1.22ms
2026-08-04 23:27:54,907 | log_requests took 1.34ms
2026-08-04 23:27:54,907 | timing took 1.42ms
2026-08-04 23:27:54,911 | authorization took 1.78ms
2026-08-04 23:27:54,911 | check_api_key took 1.88ms
2026-08-04 23:27:54,911 | blacklist took 2.07ms
2026-08-04 23:27:54,911 | log_requests took 2.19ms
2026-08-04 23:27:54,911 | timing took 2.28ms
2026-08-04 23:27:54,913 | authorization took 0.71ms
2026-08-04 23:27:54,913 | check_api_key took 0.93ms
2026-08-04 23:27:54,913 | blacklist took 1.13ms
2026-08-04 23:27:54,913 | log_requests took 1.25ms
2026-08-04 23:27:54,913 | timing took 1.34ms
2026-08-04 23:27:54,917 | authorization took 1.90ms
2026-08-04 23:27:54,917 | check_api_key took 2.00ms
2026-08-04 23:27:54,917 | blacklist took 2.19ms
2026-08-04 23:27:54,917 | log_requests took 2.31ms
2026-08-04 23:27:54,917 | timing took 2.41ms
2026-08-04 23:27:55,090 | authorization took 171.78ms
2026-08-04 23:27:55,090 | check_api_key took 172.07ms
2026-08-04 23:27:55,090 | blacklist took 172.25ms
2026-08-04 23:27:55,090 | log_requests took 172.39ms
2026-08-04 23:27:55,090 | timing took 172.49ms
2026-08-04 23:27:55,092 | authorization took 0.77ms
2026-08-04 23:27:55,092 | check_api_key took 0.88ms
2026-08-04 23:27:55,092 | blacklist took 1.09ms
2026-08-04 23:27:55,092 | log_requests took 1.21ms
2026-08-04 23:27:55,092 | timing took 1.30ms
2026-08-04 23:27:55,265 | authorization took 170.29ms
2026-08-04 23:27:55,265 | check_api_key took 170.42ms
2026-08-04 23:27:55,265 | blacklist took 170.62ms
2026-08-04 23:27:55,265 | log_requests took 170.75ms
2026-08-04 23:27:55,265 | timing took 170.85ms
2026-08-04 23:27:55,436 | authorization took 170.13ms
2026-08-04 23:27:55,436 | check_api_key took 170.28ms
2026-08-04 23:27:55,436 | blacklist took 170.53ms
2026-08-04 23:27:55,436 | log_requests took 170.67ms
2026-08-04 23:27:55,437 | timing took 170.78ms
2026-08-04 23:27:55,609 | authorization took 170.11ms
2026-08-04 23:27:55,609 | check_api_key took 170.26ms
2026-08-04 23:27:55,609 | blacklist took 170.49ms
2026-08-04 23:27:55,609 | log_requests took 170.63ms
2026-08-04 23:27:55,609 | timing took 170.74ms
2026-08-04 23:27:55,778 | authorization took 168.13ms
2026-08-04 23:27:55,778 | check_api_key took 168.31ms
2026-08-04 23:27:55,779 | blacklist took 168.53ms
2026-08-04 23:27:55,779 | log_requests took 168.68ms
2026-08-04 23:27:55,779 | timing took 168.78ms
2026-08-04 23:27:55,951 | authorization took 169.99ms
2026-08-04 23:27:55,951 | check_api_key took 170.12ms
2026-08-04 23:27:55,951 | blacklist took 170.37ms
2026-08-04 23:27:55,951 | log_requests took 170.50ms
2026-08-04 23:27:55,951 | timing took 170.59ms
2026-08-04 23:27:55,955 | authorization took 1.99ms
2026-08-04 23:27:55,955 | check_api_key took 2.30ms
2026-08-04 23:27:55,955 | blacklist took 2.51ms
2026-08-04 23:27:55,955 | log_requests took 2.63ms
2026-08-04 23:27:55,955 | timing took 2.74ms
2026-08-04 23:27:55,957 | authorization took 0.68ms
2026-08-04 23:27:55,957 | check_api_key took 0.78ms
2026-08-04 23:27:55,957 | blacklist took 0.97ms
2026-08-04 23:27:55,957 | log_requests took 1.09ms
2026-08-04 23:27:55,957 | timing took 1.18ms
2026-08-04 23:27:56,128 | authorization took 169.66ms
2026-08-04 23:27:56,128 | check_api_key took 169.80ms
2026-08-04 23:27:56,129 | blacklist took 170.01ms
2026-08-04 23:27:56,129 | log_requests took 170.14ms
2026-08-04 23:27:56,129 | timing took 170.23ms
2026-08-04 23:27:56,131 | authorization took 0.76ms
2026-08-04 23:27:56,131 | check_api_key took 0.88ms
2026-08-04 23:27:56,132 | blacklist took 1.08ms
2026-08-04 23:27:56,132 | log_requests took 1.20ms
2026-08-04 23:27:56,132 | timing took 1.29ms
2026-08-04 23:27:56,137 | authorization took 3.52ms
2026-08-04 23:27:56,137 | check_api_key took 3.65ms
2026-08-04 23:27:56,137 | blacklist took 3.83ms
2026-08-04 23:27:56,137 | log_requests took 3.97ms
2026-08-04 23:27:56,137 | timing took 4.08ms
2026-08-04 23:27:56,140 | authorization took 1.65ms
2026-08-04 23:27:56,140 | check_api_key took 1.75ms
2026-08-04 23:27:56,140 | blacklist took 1.96ms
2026-08-04 23:27:56,140 | log_requests took 2.08ms
2026-08-04 23:27:56,140 | timing took 2.19ms
2026-08-04 23:27:56,313 | authorization took 171.36ms
2026-08-04 23:27:56,313 | check_api_key took 171.64ms
2026-08-04 23:27:56,313 | blacklist took 171.85ms
2026-08-04 23:27:56,313 | log_requests took 171.98ms
2026-08-04 23:27:56,313 | timing took 172.08ms
2026-08-04 23:27:56,315 | authorization took 0.55ms
2026-08-04 23:27:56,315 | check_api_key took 0.66ms
2026-08-04 23:27:56,315 | blacklist took 0.89ms
2026-08-04 23:27:56,315 | log_requests took 1.00ms
2026-08-04 23:27:56,315 | timing took 1.09ms
2026-08-04 23:27:56,487 | authorization took 170.27ms
2026-08-04 23:27:56,487 | check_api_key took 170.42ms
2026-08-04 23:27:56,487 | blacklist took 170.63ms
2026-08-04 23:27:56,488 | log_requests took 170.76ms
2026-08-04 23:27:56,488 | timing took 170.86ms
2026-08-04 23:27:56,496 | authorization took 7.76ms
2026-08-04 23:27:56,497 | check_api_key took 7.91ms
2026-08-04 23:27:56,497 | blacklist took 8.12ms
2026-08-04 23:27:56,497 | log_requests took 8.25ms
2026-08-04 23:27:56,497 | timing took 8.34ms
2026-08-04 23:27:56,500 | authorization took 1.95ms
2026-08-04 23:27:56,500 | check_api_key took 2.28ms
2026-08-04 23:27:56,500 | blacklist took 2.57ms
2026-08-04 23:27:56,500 | log_requests took 2.70ms
2026-08-04 23:27:56,500 | timing took 2.79ms
2026-08-04 23:27:56,503 | authorization took 1.56ms
2026-08-04 23:27:56,503 | check_api_key took 1.68ms
2026-08-04 23:27:56,503 | blacklist took 1.91ms
2026-08-04 23:27:56,503 | log_requests took 2.09ms
2026-08-04 23:27:56,503 | timing took 2.21ms
2026-08-04 23:27:56,506 | authorization took 0.73ms
2026-08-04 23:27:56,506 | check_api_key took 0.82ms
2026-08-04 23:27:56,506 | blacklist took 1.01ms
2026-08-04 23:27:56,506 | log_requests took 1.12ms
2026-08-04 23:27:56,506 | timing took 1.21ms
2026-08-04 23:27:56,509 | authorization took 1.22ms
2026-08-04 23:27:56,509 | check_api_key took 1.32ms
2026-08-04 23:27:56,509 | blacklist took 1.51ms
2026-08-04 23:27:56,509 | log_requests took 1.63ms
2026-08-04 23:27:56,509 | timing took 1.72ms
2026-08-04 23:27:56,511 | authorization took 0.72ms
2026-08-04 23:27:56,511 | check_api_key took 0.82ms
2026-08-04 23:27:56,511 | blacklist took 1.01ms
2026-08-04 23:27:56,512 | log_requests took 1.12ms
2026-08-04 23:27:56,512 | timing took 1.21ms
2026-08-04 23:27:56,517 | authorization took 0.32ms
2026-08-04 23:27:56,517 | check_api_key took 0.43ms
2026-08-04 23:27:56,517 | blacklist took 0.62ms
2026-08-04 23:27:56,517 | log_requests took 0.74ms
2026-08-04 23:27:56,517 | timing took 0.84ms
2026-08-04 23:27:56,520 | authorization took 1.11ms
2026-08-04 23:27:56,520 | check_api_key took 1.25ms
2026-08-04 23:27:56,520 | blacklist took 1.43ms
2026-08-04 23:27:56,520 | log_requests took 1.55ms
2026-08-04 23:27:56,520 | timing took 1.64ms
2026-08-04 23:27:56,524 | authorization took 2.15ms
2026-08-04 23:27:56,524 | check_api_key took 2.25ms
2026-08-04 23:27:56,524 | blacklist took 2.46ms
2026-08-04 23:27:56,524 | log_requests took 2.57ms
2026-08-04 23:27:56,524 | timing took 2.66ms
2026-08-04 23:27:56,527 | authorization took 1.67ms
2026-08-04 23:27:56,528 | check_api_key took 1.76ms
2026-08-04 23:27:56,528 | blacklist took 1.94ms
2026-08-04 23:27:56,528 | log_requests took 2.05ms
2026-08-04 23:27:56,528 | timing took 2.14ms
2026-08-04 23:27:56,530 | authorization took 0.92ms
2026-08-04 23:27:56,530 | check_api_key took 1.02ms
2026-08-04 23:27:56,530 | blacklist took 1.21ms
2026-08-04 23:27:56,530 | log_requests took 1.32ms
2026-08-04 23:27:56,530 | timing took 1.41ms
2026-08-04 23:27:56,531 | check_api_key took 0.02ms
2026-08-04 23:27:56,531 | blacklist took 0.23ms
2026-08-04 23:27:56,532 | log_requests took 0.34ms
2026-08-04 23:27:56,532 | timing took 0.44ms
2026-08-04 23:27:56,535 | authorization took 1.80ms
2026-08-04 23:27:56,535 | check_api_key took 1.90ms
2026-08-04 23:27:56,535 | blacklist took 2.09ms
2026-08-04 23:27:56,535 | log_requests took 2.25ms
2026-08-04 23:27:56,536 | timing took 2.34ms
2026-08-04 23:27:56,539 | authorization took 2.10ms
2026-08-04 23:27:56,539 | check_api_key took 2.20ms
2026-08-04 23:27:56,539 | blacklist took 2.40ms
2026-08-04 23:27:56,539 | log_requests took 2.52ms
2026-08-04 23:27:56,539 | timing took 2.62ms
2026-08-04 23:27:56,543 | authorization took 3.37ms
2026-08-04 23:27:56,543 | check_api_key took 3.60ms
2026-08-04 23:27:56,544 | blacklist took 3.78ms
2026-08-04 23:27:56,544 | log_requests took 3.90ms
2026-08-04 23:27:56,544 | timing took 3.99ms
2026-08-04 23:27:56,717 | authorization took 171.72ms
2026-08-04 23:27:56,717 | check_api_key took 171.86ms
2026-08-04 23:27:56,717 | blacklist took 172.07ms
2026-08-04 23:27:56,717 | log_requests took 172.22ms
2026-08-04 23:27:56,718 | timing took 172.32ms
2026-08-04 23:27:56,721 | authorization took 1.79ms
2026-08-04 23:27:56,721 | check_api_key took 2.18ms
2026-08-04 23:27:56,721 | blacklist took 2.42ms
2026-08-04 23:27:56,721 | log_requests took 2.56ms
2026-08-04 23:27:56,721 | timing took 2.65ms
2026-08-04 23:27:56,725 | authorization took 1.92ms
2026-08-04 23:27:56,725 | check_api_key took 2.03ms
2026-08-04 23:27:56,725 | blacklist took 2.23ms
2026-08-04 23:27:56,725 | log_requests took 2.35ms
2026-08-04 23:27:56,725 | timing took 2.45ms
2026-08-04 23:27:56,728 | authorization took 2.09ms
2026-08-04 23:27:56,728 | check_api_key took 2.19ms
2026-08-04 23:27:56,729 | blacklist took 2.38ms
2026-08-04 23:27:56,729 | log_requests took 2.51ms
2026-08-04 23:27:56,729 | timing took 2.61ms
2026-08-04 23:27:56,731 | authorization took 1.62ms
2026-08-04 23:27:56,731 | check_api_key took 1.71ms
2026-08-04 23:27:56,731 | blacklist took 1.90ms
2026-08-04 23:27:56,731 | log_requests took 2.01ms
2026-08-04 23:27:56,732 | timing took 2.10ms
2026-08-04 23:27:56,734 | authorization took 1.72ms
2026-08-04 23:27:56,734 | check_api_key took 1.82ms
2026-08-04 23:27:56,734 | blacklist took 1.99ms
2026-08-04 23:27:56,734 | log_requests took 2.11ms
2026-08-04 23:27:56,734 | timing took 2.19ms
2026-08-04 23:27:56,737 | authorization took 2.02ms
2026-08-04 23:27:56,738 | check_api_key took 2.16ms
2026-08-04 23:27:56,738 | blacklist took 2.34ms
2026-08-04 23:27:56,738 | log_requests took 2.48ms
2026-08-04 23:27:56,738 | timing took 2.58ms
2026-08-04 23:27:56,742 | authorization took 2.63ms
2026-08-04 23:27:56,742 | check_api_key took 2.91ms
2026-08-04 23:27:56,742 | blacklist took 3.12ms
2026-08-04 23:27:56,742 | log_requests took 3.24ms
2026-08-04 23:27:56,742 | timing took 3.32ms
2026-08-04 23:27:56,745 | authorization took 1.76ms
2026-08-04 23:27:56,745 | check_api_key took 1.86ms
2026-08-04 23:27:56,746 | blacklist took 2.04ms
2026-08-04 23:27:56,746 | log_requests took 2.15ms
2026-08-04 23:27:56,746 | timing took 2.24ms
2026-08-04 23:27:56,748 | authorization took 1.63ms
2026-08-04 23:27:56,748 | check_api_key took 1.73ms
2026-08-04 23:27:56,748 | blacklist took 1.91ms
2026-08-04 23:27:56,748 | log_requests took 2.02ms
2026-08-04 23:27:56,749 | timing took 2.11ms
2026-08-04 23:27:56,751 | authorization took 1.64ms
2026-08-04 23:27:56,751 | check_api_key took 1.74ms
2026-08-04 23:27:56,751 | blacklist took 1.92ms
2026-08-04 23:27:56,751 | log_requests took 2.03ms
2026-08-04 23:27:56,751 | timing took 2.12ms
2026-08-04 23:27:56,754 | authorization took 2.20ms
2026-08-04 23:27:56,755 | check_api_key took 2.31ms
2026-08-04 23:27:56,755 | blacklist took 2.51ms
2026-08-04 23:27:56,755 | log_requests took 2.62ms
2026-08-04 23:27:56,755 | timing took 2.71ms
2026-08-04 23:27:56,757 | authorization took 1.66ms
2026-08-04 23:27:56,757 | check_api_key took 1.77ms
2026-08-04 23:27:56,757 | blacklist took 1.96ms
2026-08-04 23:27:56,758 | log_requests took 2.09ms
2026-08-04 23:27:56,758 | timing took 2.18ms
2026-08-04 23:27:56,761 | authorization took 2.46ms
2026-08-04 23:27:56,761 | check_api_key took 2.68ms
2026-08-04 23:27:56,761 | blacklist took 2.86ms
2026-08-04 23:27:56,761 | log_requests took 2.98ms
2026-08-04 23:27:56,761 | timing took 3.07ms
2026-08-04 23:27:56,765 | authorization took 2.22ms
2026-08-04 23:27:56,765 | check_api_key took 2.46ms
2026-08-04 23:27:56,765 | blacklist took 2.66ms
2026-08-04 23:27:56,765 | log_requests took 2.77ms
2026-08-04 23:27:56,765 | timing took 2.86ms
2026-08-04 23:27:56,768 | authorization took 1.67ms
2026-08-04 23:27:56,769 | check_api_key took 1.78ms
2026-08-04 23:27:56,769 | blacklist took 1.98ms
2026-08-04 23:27:56,769 | log_requests took 2.11ms
2026-08-04 23:27:56,769 | timing took 2.21ms
2026-08-04 23:27:56,772 | authorization took 1.88ms
2026-08-04 23:27:56,772 | check_api_key took 2.00ms
2026-08-04 23:27:56,772 | blacklist took 2.17ms
2026-08-04 23:27:56,772 | log_requests took 2.29ms
2026-08-04 23:27:56,772 | timing took 2.38ms
2026-08-04 23:27:56,775 | authorization took 1.67ms
2026-08-04 23:27:56,775 | check_api_key took 1.77ms
2026-08-04 23:27:56,775 | blacklist took 1.95ms
2026-08-04 23:27:56,775 | log_requests took 2.06ms
2026-08-04 23:27:56,775 | timing took 2.15ms
2026-08-04 23:27:56,778 | authorization took 2.17ms
2026-08-04 23:27:56,778 | check_api_key took 2.41ms
2026-08-04 23:27:56,778 | blacklist took 2.61ms
2026-08-04 23:27:56,778 | log_requests took 2.72ms
2026-08-04 23:27:56,778 | timing took 2.81ms
2026-08-04 23:27:56,782 | authorization took 1.30ms
2026-08-04 23:27:56,782 | check_api_key took 1.53ms
2026-08-04 23:27:56,782 | blacklist took 1.72ms
2026-08-04 23:27:56,782 | log_requests took 1.85ms
2026-08-04 23:27:56,782 | timing took 1.94ms
2026-08-04 23:27:56,784 | authorization took 0.48ms
2026-08-04 23:27:56,784 | check_api_key took 0.58ms
2026-08-04 23:27:56,784 | blacklist took 0.76ms
2026-08-04 23:27:56,784 | log_requests took 0.87ms
2026-08-04 23:27:56,784 | timing took 0.96ms
2026-08-04 23:27:56,786 | authorization took 0.32ms
2026-08-04 23:27:56,786 | check_api_key took 0.43ms
2026-08-04 23:27:56,786 | blacklist took 0.62ms
2026-08-04 23:27:56,786 | log_requests took 0.73ms
2026-08-04 23:27:56,786 | timing took 0.83ms
2026-08-04 23:27:56,788 | authorization took 0.25ms
2026-08-04 23:27:56,788 | check_api_key took 0.34ms
2026-08-04 23:27:56,788 | blacklist took 0.55ms
2026-08-04 23:27:56,788 | log_requests took 0.67ms
2026-08-04 23:27:56,788 | timing took 0.76ms
2026-08-04 23:27:56,790 | authorization took 0.24ms
2026-08-04 23:27:56,790 | check_api_key took 0.34ms
2026-08-04 23:27:56,790 | blacklist took 0.54ms
2026-08-04 23:27:56,790 | log_requests took 0.65ms
2026-08-04 23:27:56,791 | timing took 0.74ms
2026-08-04 23:27:56,792 | authorization took 0.34ms
2026-08-04 23:27:56,793 | check_api_key took 0.44ms
2026-08-04 23:27:56,793 | blacklist took 0.69ms
2026-08-04 23:27:56,793 | log_requests took 0.80ms
2026-08-04 23:27:56,793 | timing took 0.90ms
2026-08-04 23:27:56,796 | authorization took 2.11ms
2026-08-04 23:27:56,797 | check_api_key took 2.20ms
2026-08-04 23:27:56,797 | blacklist took 2.40ms
2026-08-04 23:27:56,797 | log_requests took 2.52ms
2026-08-04 23:27:56,797 | timing took 2.61ms
2026-08-04 23:27:56,799 | authorization took 1.66ms
2026-08-04 23:27:56,799 | check_api_key took 1.76ms
2026-08-04 23:27:56,800 | blacklist took 1.97ms
2026-08-04 23:27:56,800 | log_requests took 2.09ms
2026-08-04 23:27:56,800 | timing took 2.19ms
2026-08-04 23:27:56,803 | authorization took 1.67ms
2026-08-04 23:27:56,803 | check_api_key took 1.77ms
2026-08-04 23:27:56,803 | blacklist took 1.95ms
2026-08-04 23:27:56,803 | log_requests took 2.06ms
2026-08-04 23:27:56,803 | timing took 2.15ms
2026-08-04 23:27:56,805 | authorization took 0.84ms
2026-08-04 23:27:56,805 | check_api_key took 0.94ms
2026-08-04 23:27:56,805 | blacklist took 1.12ms
2026-08-04 23:27:56,806 | log_requests took 1.23ms
2026-08-04 23:27:56,806 | timing took 1.33ms
2026-08-04 23:27:56,807 | check_api_key took 0.01ms
2026-08-04 23:27:56,807 | blacklist took 0.19ms
2026-08-04 23:27:56,807 | log_requests took 0.29ms
2026-08-04 23:27:56,807 | timing took 0.38ms
2026-08-04 23:27:56,809 | check_api_key took 0.12ms
2026-08-04 23:27:56,809 | blacklist took 0.31ms
2026-08-04 23:27:56,809 | log_requests took 0.42ms
2026-08-04 23:27:56,809 | timing took 0.51ms
2026-08-04 23:27:56,812 | authorization took 1.66ms
2026-08-04 23:27:56,812 | check_api_key took 1.89ms
2026-08-04 23:27:56,812 | blacklist took 2.07ms
2026-08-04 23:27:56,813 | log_requests took 2.18ms
2026-08-04 23:27:56,813 | timing took 2.27ms
2026-08-04 23:27:56,814 | check_api_key took 0.12ms
2026-08-04 23:27:56,814 | blacklist took 0.28ms
2026-08-04 23:27:56,814 | log_requests took 0.39ms
2026-08-04 23:27:56,814 | timing took 0.48ms
2026-08-04 23:27:56,816 | blacklist took 0.07ms
2026-08-04 23:27:56,816 | log_requests took 0.19ms
2026-08-04 23:27:56,816 | timing took 0.27ms
2026-08-04 23:27:56,819 | authorization took 1.36ms
2026-08-04 23:27:56,819 | check_api_key took 1.58ms
2026-08-04 23:27:56,820 | blacklist took 1.75ms
2026-08-04 23:27:56,820 | log_requests took 1.87ms
2026-08-04 23:27:56,820 | timing took 1.96ms
2026-08-04 23:27:56,823 | authorization took 1.42ms
2026-08-04 23:27:56,823 | check_api_key took 1.70ms
2026-08-04 23:27:56,823 | blacklist took 1.89ms
2026-08-04 23:27:56,823 | log_requests took 2.01ms
2026-08-04 23:27:56,823 | timing took 2.12ms
2026-08-04 23:27:56,824 | blacklist took 0.07ms
2026-08-04 23:27:56,824 | log_requests took 0.18ms
2026-08-04 23:27:56,824 | timing took 0.26ms
2026-08-04 23:27:56,827 | authorization took 1.28ms
2026-08-04 23:27:56,827 | check_api_key took 1.52ms
2026-08-04 23:27:56,827 | blacklist took 1.69ms
2026-08-04 23:27:56,827 | log_requests took 1.82ms
2026-08-04 23:27:56,827 | timing took 1.91ms
2026-08-04 23:27:56,828 | blacklist took 0.07ms
2026-08-04 23:27:56,829 | log_requests took 0.18ms
2026-08-04 23:27:56,829 | timing took 0.27ms
2026-08-04 23:27:56,830 | blacklist took 0.08ms
2026-08-04 23:27:56,831 | log_requests took 0.20ms
2026-08-04 23:27:56,831 | timing took 0.29ms
2026-08-04 23:27:56,832 | authorization took 0.30ms
2026-08-04 23:27:56,832 | check_api_key took 0.39ms
2026-08-04 23:27:56,832 | blacklist took 0.57ms
2026-08-04 23:27:56,833 | log_requests took 0.68ms
2026-08-04 23:27:56,833 | timing took 0.77ms
2026-08-04 23:27:56,834 | check_api_key took 0.01ms
2026-08-04 23:27:56,834 | blacklist took 0.18ms
2026-08-04 23:27:56,834 | log_requests took 0.28ms
2026-08-04 23:27:56,834 | timing took 0.37ms
2026-08-04 23:27:56,838 | authorization took 2.10ms
2026-08-04 23:27:56,838 | check_api_key took 2.22ms
2026-08-04 23:27:56,838 | blacklist took 2.40ms
2026-08-04 23:27:56,838 | log_requests took 2.51ms
2026-08-04 23:27:56,838 | timing took 2.60ms
2026-08-04 23:27:56,841 | authorization took 1.61ms
2026-08-04 23:27:56,841 | check_api_key took 1.71ms
2026-08-04 23:27:56,841 | blacklist took 1.89ms
2026-08-04 23:27:56,841 | log_requests took 2.01ms
2026-08-04 23:27:56,841 | timing took 2.10ms
2026-08-04 23:27:56,844 | authorization took 1.66ms
2026-08-04 23:27:56,844 | check_api_key took 1.76ms
2026-08-04 23:27:56,844 | blacklist took 1.95ms
2026-08-04 23:27:56,844 | log_requests took 2.06ms
2026-08-04 23:27:56,844 | timing took 2.15ms
2026-08-04 23:27:56,847 | authorization took 1.52ms
2026-08-04 23:27:56,847 | check_api_key took 1.62ms
2026-08-04 23:27:56,847 | blacklist took 1.81ms
2026-08-04 23:27:56,847 | log_requests took 1.93ms
2026-08-04 23:27:56,847 | timing took 2.03ms
2026-08-04 23:27:56,849 | authorization took 0.79ms
2026-08-04 23:27:56,849 | check_api_key took 0.89ms
2026-08-04 23:27:56,849 | blacklist took 1.08ms
2026-08-04 23:27:56,849 | log_requests took 1.19ms
2026-08-04 23:27:56,849 | timing took 1.29ms
2026-08-04 23:27:56,850 | authorization took 0.74ms
2026-08-04 23:27:56,851 | check_api_key took 0.84ms
2026-08-04 23:27:56,851 | blacklist took 1.03ms
2026-08-04 23:27:56,851 | log_requests took 1.14ms
2026-08-04 23:27:56,851 | timing took 1.24ms
2026-08-04 23:27:56,854 | authorization took 1.83ms
2026-08-04 23:27:56,854 | check_api_key took 1.93ms
2026-08-04 23:27:56,854 | blacklist took 2.12ms
2026-08-04 23:27:56,854 | log_requests took 2.23ms
2026-08-04 23:27:56,854 | timing took 2.32ms
2026-08-04 23:27:56,857 | authorization took 1.58ms
2026-08-04 23:27:56,857 | check_api_key took 1.68ms
2026-08-04 23:27:56,857 | blacklist took 1.86ms
2026-08-04 23:27:56,857 | log_requests took 1.98ms
2026-08-04 23:27:56,857 | timing took 2.08ms
2026-08-04 23:27:56,859 | authorization took 1.30ms
2026-08-04 23:27:56,859 | check_api_key took 1.53ms
2026-08-04 23:27:56,860 | blacklist took 1.70ms
2026-08-04 23:27:56,860 | log_requests took 1.81ms
2026-08-04 23:27:56,860 | timing took 1.91ms
2026-08-04 23:27:56,861 | authorization took 0.69ms
2026-08-04 23:27:56,861 | check_api_key took 0.79ms
2026-08-04 23:27:56,861 | blacklist took 0.97ms
2026-08-04 23:27:56,861 | log_requests took 1.09ms
2026-08-04 23:27:56,861 | timing took 1.18ms
2026-08-04 23:27:56,865 | authorization took 1.72ms
2026-08-04 23:27:56,865 | check_api_key took 1.82ms
2026-08-04 23:27:56,865 | blacklist took 2.00ms
2026-08-04 23:27:56,865 | log_requests took 2.11ms
2026-08-04 23:27:56,865 | timing took 2.20ms
2026-08-04 23:27:56,867 | authorization took 1.40ms
2026-08-04 23:27:56,867 | check_api_key took 1.50ms
2026-08-04 23:27:56,868 | blacklist took 1.67ms
2026-08-04 23:27:56,868 | log_requests took 1.79ms
2026-08-04 23:27:56,868 | timing took 1.89ms
2026-08-04 23:27:56,871 | authorization took 2.12ms
2026-08-04 23:27:56,871 | check_api_key took 2.35ms
2026-08-04 23:27:56,871 | blacklist took 2.54ms
2026-08-04 23:27:56,871 | log_requests took 2.65ms
2026-08-04 23:27:56,871 | timing took 2.74ms
2026-08-04 23:27:56,873 | authorization took 0.77ms
2026-08-04 23:27:56,873 | check_api_key took 0.87ms
2026-08-04 23:27:56,873 | blacklist took 1.08ms
2026-08-04 23:27:56,873 | log_requests took 1.20ms
2026-08-04 23:27:56,873 | timing took 1.30ms
2026-08-04 23:27:56,877 | authorization took 1.75ms
2026-08-04 23:27:56,877 | check_api_key took 1.85ms
2026-08-04 23:27:56,877 | blacklist took 2.05ms
2026-08-04 23:27:56,877 | log_requests took 2.19ms
2026-08-04 23:27:56,877 | timing took 2.27ms
2026-08-04 23:27:56,879 | authorization took 1.46ms
2026-08-04 23:27:56,880 | check_api_key took 1.56ms
2026-08-04 23:27:56,880 | blacklist took 1.75ms
2026-08-04 23:27:56,880 | log_requests took 1.86ms
2026-08-04 23:27:56,880 | timing took 1.97ms
2026-08-04 23:27:56,881 | authorization took 0.75ms
2026-08-04 23:27:56,881 | check_api_key took 0.84ms
2026-08-04 23:27:56,881 | blacklist took 1.02ms
2026-08-04 23:27:56,882 | log_requests took 1.14ms
2026-08-04 23:27:56,882 | timing took 1.23ms
2026-08-04 23:27:56,883 | authorization took 0.68ms
2026-08-04 23:27:56,883 | check_api_key took 0.77ms
2026-08-04 23:27:56,883 | blacklist took 0.94ms
2026-08-04 23:27:56,883 | log_requests took 1.06ms
2026-08-04 23:27:56,883 | timing took 1.15ms
2026-08-04 23:27:56,885 | authorization took 0.71ms
2026-08-04 23:27:56,885 | check_api_key took 0.81ms
2026-08-04 23:27:56,885 | blacklist took 1.00ms
2026-08-04 23:27:56,885 | log_requests took 1.12ms
2026-08-04 23:27:56,885 | timing took 1.22ms
2026-08-04 23:27:56,888 | authorization took 1.68ms
2026-08-04 23:27:56,888 | check_api_key took 1.92ms
2026-08-04 23:27:56,888 | blacklist took 2.11ms
2026-08-04 23:27:56,888 | log_requests took 2.22ms
2026-08-04 23:27:56,888 | timing took 2.31ms
2026-08-04 23:27:57,064 | authorization took 173.95ms
2026-08-04 23:27:57,064 | check_api_key took 174.09ms
2026-08-04 23:27:57,064 | blacklist took 174.29ms
2026-08-04 23:27:57,064 | log_requests took 174.42ms
2026-08-04 23:27:57,064 | timing took 174.52ms
2026-08-04 23:27:57,236 | authorization took 170.46ms
2026-08-04 23:27:57,236 | check_api_key took 170.61ms
2026-08-04 23:27:57,236 | blacklist took 170.83ms
2026-08-04 23:27:57,236 | log_requests took 170.97ms
2026-08-04 23:27:57,236 | timing took 171.09ms
2026-08-04 23:27:57,240 | authorization took 1.94ms
2026-08-04 23:27:57,240 | check_api_key took 2.29ms
2026-08-04 23:27:57,240 | blacklist took 2.49ms
2026-08-04 23:27:57,240 | log_requests took 2.61ms
2026-08-04 23:27:57,240 | timing took 2.70ms
2026-08-04 23:27:57,242 | authorization took 0.73ms
2026-08-04 23:27:57,242 | check_api_key took 0.84ms
2026-08-04 23:27:57,242 | blacklist took 1.04ms
2026-08-04 23:27:57,242 | log_requests took 1.17ms
2026-08-04 23:27:57,242 | timing took 1.27ms
2026-08-04 23:27:57,246 | authorization took 2.17ms
2026-08-04 23:27:57,246 | check_api_key took 2.27ms
2026-08-04 23:27:57,246 | blacklist took 2.47ms
2026-08-04 23:27:57,247 | log_requests took 2.59ms
2026-08-04 23:27:57,247 | timing took 2.68ms
2026-08-04 23:27:57,249 | authorization took 1.53ms
2026-08-04 23:27:57,249 | check_api_key took 1.63ms
2026-08-04 23:27:57,249 | blacklist took 1.84ms
2026-08-04 23:27:57,249 | log_requests took 1.97ms
2026-08-04 23:27:57,249 | timing took 2.07ms
2026-08-04 23:27:57,251 | authorization took 0.60ms
2026-08-04 23:27:57,251 | check_api_key took 0.85ms
2026-08-04 23:27:57,251 | blacklist took 1.03ms
2026-08-04 23:27:57,251 | log_requests took 1.14ms
2026-08-04 23:27:57,251 | timing took 1.22ms
2026-08-04 23:27:57,424 | authorization took 170.85ms
2026-08-04 23:27:57,424 | check_api_key took 170.99ms
2026-08-04 23:27:57,424 | blacklist took 171.19ms
2026-08-04 23:27:57,424 | log_requests took 171.32ms
2026-08-04 23:27:57,424 | timing took 171.42ms
2026-08-04 23:27:57,596 | authorization took 170.94ms
2026-08-04 23:27:57,596 | check_api_key took 171.08ms
2026-08-04 23:27:57,597 | blacklist took 171.30ms
2026-08-04 23:27:57,597 | log_requests took 171.44ms
2026-08-04 23:27:57,597 | timing took 171.55ms
2026-08-04 23:27:57,766 | authorization took 168.07ms
2026-08-04 23:27:57,766 | check_api_key took 168.24ms
2026-08-04 23:27:57,766 | blacklist took 168.50ms
2026-08-04 23:27:57,766 | log_requests took 168.63ms
2026-08-04 23:27:57,766 | timing took 168.73ms
2026-08-04 23:28:58,177 | authorization took 8019.53ms
2026-08-04 23:28:58,178 | check_api_key took 8021.26ms
2026-08-04 23:28:58,179 | blacklist took 8022.02ms
2026-08-04 23:28:58,180 | log_requests took 8023.24ms
2026-08-04 23:28:58,181 | timing took 8024.34ms
2026-08-04 23:29:00,106 | authorization took 1915.89ms
2026-08-04 23:29:00,107 | check_api_key took 1916.75ms
2026-08-04 23:29:00,108 | blacklist took 1918.57ms
2026-08-04 23:29:00,108 | log_requests took 1919.69ms
2026-08-04 23:29:00,109 | timing took 1920.69ms
2026-08-04 23:29:03,573 | authorization took 2566.52ms
2026-08-04 23:29:03,575 | check_api_key took 2568.37ms
2026-08-04 23:29:03,576 | blacklist took 2569.48ms
2026-08-04 23:29:03,576 | log_requests took 2570.16ms
2026-08-04 23:29:03,577 | timing took 2570.59ms
2026-08-04 23:29:06,169 | authorization took 1722.13ms
2026-08-04 23:29:06,171 | check_api_key took 2588.01ms
2026-08-04 23:29:06,179 | blacklist took 2596.15ms
2026-08-04 23:29:06,184 | log_requests took 2601.68ms
2026-08-04 23:29:06,190 | timing took 2606.50ms
2026-08-04 23:29:07,084 | authorization took 873.61ms
2026-08-04 23:29:07,084 | check_api_key took 874.17ms
2026-08-04 23:29:07,084 | blacklist took 875.04ms
2026-08-04 23:29:07,085 | log_requests took 876.03ms
2026-08-04 23:29:07,085 | timing took 876.62ms
2026-08-04 23:29:10,519 | authorization took 1717.75ms
2026-08-04 23:29:10,520 | check_api_key took 2575.70ms
2026-08-04 23:29:10,520 | blacklist took 2577.13ms
2026-08-04 23:29:10,520 | log_requests took 2577.54ms
2026-08-04 23:29:10,520 | timing took 2577.79ms
2026-08-04 23:29:12,210 | authorization took 1684.94ms
2026-08-04 23:29:12,212 | check_api_key took 1686.63ms
2026-08-04 23:29:12,212 | blacklist took 1687.39ms
2026-08-04 23:29:12,214 | log_requests took 1688.70ms
2026-08-04 23:29:12,214 | timing took 1689.04ms
2026-08-04 23:29:13,958 | authorization took 1737.47ms
2026-08-04 23:29:13,959 | check_api_key took 1738.55ms
2026-08-04 23:29:13,960 | blacklist took 1739.31ms
2026-08-04 23:29:13,960 | log_requests took 1739.99ms
2026-08-04 23:29:13,960 | timing took 1740.40ms
2026-08-04 23:29:16,567 | authorization took 1721.81ms
2026-08-04 23:29:16,569 | check_api_key took 1723.42ms
2026-08-04 23:29:16,569 | blacklist took 1725.12ms
2026-08-04 23:29:16,570 | log_requests took 1726.35ms
2026-08-04 23:29:16,571 | timing took 1727.04ms
2026-08-04 23:29:16,584 | authorization took 3.28ms
2026-08-04 23:29:16,584 | check_api_key took 3.87ms
2026-08-04 23:29:16,585 | blacklist took 5.18ms
2026-08-04 23:29:16,585 | log_requests took 5.66ms
2026-08-04 23:29:16,585 | timing took 5.97ms
2026-08-04 23:29:23,607 | authorization took 1753.11ms
2026-08-04 23:29:23,608 | check_api_key took 1754.63ms
2026-08-04 23:29:23,609 | blacklist took 1755.87ms
2026-08-04 23:29:23,609 | log_requests took 1756.80ms
2026-08-04 23:29:23,609 | timing took 1757.21ms
2026-08-04 23:29:25,344 | authorization took 1729.33ms
2026-08-04 23:29:25,345 | check_api_key took 1730.19ms
2026-08-04 23:29:25,345 | blacklist took 1731.41ms
2026-08-04 23:29:25,346 | log_requests took 1732.16ms
2026-08-04 23:29:25,346 | timing took 1732.78ms
2026-08-04 23:29:27,082 | authorization took 1727.12ms
2026-08-04 23:29:27,082 | check_api_key took 1728.10ms
2026-08-04 23:29:27,083 | blacklist took 1729.00ms
2026-08-04 23:29:27,084 | log_requests took 1729.86ms
2026-08-04 23:29:27,084 | timing took 1730.36ms
2026-08-04 23:29:28,825 | authorization took 1734.60ms
2026-08-04 23:29:28,826 | check_api_key took 1735.38ms
2026-08-04 23:29:28,826 | blacklist took 1736.79ms
2026-08-04 23:29:28,827 | log_requests took 1737.47ms
2026-08-04 23:29:28,827 | timing took 1737.90ms
2026-08-04 23:29:30,630 | authorization took 1798.90ms
2026-08-04 23:29:30,632 | check_api_key took 1800.69ms
2026-08-04 23:29:30,632 | blacklist took 1801.74ms
2026-08-04 23:29:30,634 | log_requests took 1803.05ms
2026-08-04 23:29:30,634 | timing took 1803.80ms
2026-08-04 23:29:32,454 | authorization took 1813.79ms
2026-08-04 23:29:32,455 | check_api_key took 1815.30ms
2026-08-04 23:29:32,455 | blacklist took 1816.62ms
2026-08-04 23:29:32,456 | log_requests took 1817.52ms
2026-08-04 23:29:32,456 | timing took 1817.84ms
2026-08-04 23:29:32,465 | authorization took 2.90ms
2026-08-04 23:29:32,465 | check_api_key took 3.25ms
2026-08-04 23:29:32,465 | blacklist took 4.01ms
2026-08-04 23:29:32,466 | log_requests took 4.35ms
2026-08-04 23:29:32,466 | timing took 4.65ms
2026-08-04 23:29:36,862 | authorization took 1730.54ms
2026-08-04 23:29:36,864 | check_api_key took 1731.90ms
2026-08-04 23:29:36,864 | blacklist took 1733.05ms
2026-08-04 23:29:36,865 | log_requests took 1734.81ms
2026-08-04 23:29:36,865 | timing took 1735.57ms
2026-08-04 23:29:38,625 | authorization took 1754.04ms
2026-08-04 23:29:38,626 | check_api_key took 1754.86ms
2026-08-04 23:29:38,626 | blacklist took 1756.11ms
2026-08-04 23:29:38,627 | log_requests took 1756.80ms
2026-08-04 23:29:38,627 | timing took 1757.29ms
2026-08-04 23:29:43,127 | authorization took 2701.52ms
2026-08-04 23:29:43,128 | check_api_key took 2702.78ms
2026-08-04 23:29:43,128 | blacklist took 2704.16ms
2026-08-04 23:29:43,129 | log_requests took 2705.05ms
2026-08-04 23:29:43,129 | timing took 2705.68ms
2026-08-04 23:29:45,767 | authorization took 1783.53ms
2026-08-04 23:29:45,769 | check_api_key took 2635.03ms
2026-08-04 23:29:45,775 | blacklist took 2641.58ms
2026-08-04 23:29:45,777 | log_requests took 2643.44ms
2026-08-04 23:29:45,777 | timing took 2643.84ms
2026-08-04 23:29:46,643 | authorization took 856.67ms
2026-08-04 23:29:46,644 | check_api_key took 857.39ms
2026-08-04 23:29:46,644 | blacklist took 858.39ms
2026-08-04 23:29:46,644 | log_requests took 858.87ms
2026-08-04 23:29:46,644 | timing took 859.20ms
2026-08-04 23:29:51,040 | authorization took 2606.94ms
2026-08-04 23:29:51,041 | check_api_key took 2608.28ms
2026-08-04 23:29:51,042 | blacklist took 2609.66ms
2026-08-04 23:29:51,042 | log_requests took 2610.57ms
2026-08-04 23:29:51,043 | timing took 2611.15ms
2026-08-04 23:29:53,605 | authorization took 1719.76ms
2026-08-04 23:29:53,606 | check_api_key took 1720.93ms
2026-08-04 23:29:53,606 | blacklist took 1721.77ms
2026-08-04 23:29:53,606 | log_requests took 1722.38ms
2026-08-04 23:29:53,607 | timing took 1722.68ms
2026-08-04 23:29:55,351 | authorization took 867.57ms
2026-08-04 23:29:55,352 | check_api_key took 869.28ms
2026-08-04 23:29:55,353 | blacklist took 870.43ms
2026-08-04 23:29:55,353 | log_requests took 871.16ms
2026-08-04 23:29:55,354 | timing took 871.68ms
2026-08-04 23:29:58,840 | authorization took 2615.57ms
2026-08-04 23:29:58,841 | check_api_key took 2617.34ms
2026-08-04 23:29:58,842 | blacklist took 2619.80ms
2026-08-04 23:29:58,843 | log_requests took 2621.33ms
2026-08-04 23:29:58,843 | timing took 2621.89ms
2026-08-04 23:30:01,478 | authorization took 1765.66ms
2026-08-04 23:30:01,479 | check_api_key took 2627.38ms
2026-08-04 23:30:01,480 | blacklist took 2628.46ms
2026-08-04 23:30:01,480 | log_requests took 2629.32ms
2026-08-04 23:30:01,481 | timing took 2629.82ms
2026-08-04 23:30:03,198 | authorization took 870.82ms
2026-08-04 23:30:03,198 | check_api_key took 871.40ms
2026-08-04 23:30:03,199 | blacklist took 872.61ms
2026-08-04 23:30:03,199 | log_requests took 873.22ms
2026-08-04 23:30:03,199 | timing took 873.69ms
2026-08-04 23:30:07,497 | authorization took 2574.65ms
2026-08-04 23:30:07,498 | check_api_key took 2575.54ms
2026-08-04 23:30:07,498 | blacklist took 2576.99ms
2026-08-04 23:30:07,499 | log_requests took 2577.95ms
2026-08-04 23:30:07,499 | timing took 2578.39ms
2026-08-04 23:30:09,267 | authorization took 906.87ms
2026-08-04 23:30:09,267 | check_api_key took 1763.37ms
2026-08-04 23:30:09,268 | blacklist took 1764.15ms
2026-08-04 23:30:09,268 | log_requests took 1764.84ms
2026-08-04 23:30:09,268 | timing took 1765.29ms
2026-08-04 23:30:11,975 | authorization took 1834.93ms
2026-08-04 23:30:11,976 | check_api_key took 1835.59ms
2026-08-04 23:30:11,976 | blacklist took 1836.59ms
2026-08-04 23:30:11,977 | log_requests took 1837.20ms
2026-08-04 23:30:11,977 | timing took 1837.65ms
2026-08-04 23:30:15,466 | authorization took 2626.82ms
2026-08-04 23:30:15,472 | check_api_key took 2633.23ms
2026-08-04 23:30:15,472 | blacklist took 2634.54ms
2026-08-04 23:30:15,473 | log_requests took 2635.89ms
2026-08-04 23:30:15,474 | timing took 2636.54ms
2026-08-04 23:30:15,482 | check_api_key took 0.31ms
2026-08-04 23:30:15,483 | blacklist took 1.64ms
2026-08-04 23:30:15,483 | log_requests took 2.00ms
2026-08-04 23:30:15,483 | timing took 2.31ms
2026-08-04 23:30:19,190 | authorization took 1945.89ms
2026-08-04 23:30:19,191 | check_api_key took 1947.02ms
2026-08-04 23:30:19,191 | blacklist took 1948.45ms
2026-08-04 23:30:19,192 | log_requests took 1949.36ms
2026-08-04 23:30:19,192 | timing took 1949.86ms
2026-08-04 23:30:21,782 | authorization took 1719.61ms
2026-08-04 23:30:21,785 | check_api_key took 2585.93ms
2026-08-04 23:30:21,785 | blacklist took 2587.42ms
2026-08-04 23:30:21,786 | log_requests took 2588.74ms
2026-08-04 23:30:21,787 | timing took 2589.38ms
2026-08-04 23:30:24,430 | authorization took 1781.03ms
2026-08-04 23:30:24,431 | check_api_key took 1781.81ms
2026-08-04 23:30:24,432 | blacklist took 1782.89ms
2026-08-04 23:30:24,432 | log_requests took 1783.56ms
2026-08-04 23:30:24,432 | timing took 1784.02ms
2026-08-04 23:30:27,141 | authorization took 1832.00ms
2026-08-04 23:30:27,143 | check_api_key took 1833.69ms
2026-08-04 23:30:27,143 | blacklist took 1834.80ms
2026-08-04 23:30:27,144 | log_requests took 1835.57ms
2026-08-04 23:30:27,144 | timing took 1836.01ms
2026-08-04 23:30:28,903 | authorization took 1747.36ms
2026-08-04 23:30:28,903 | check_api_key took 1748.16ms
2026-08-04 23:30:28,904 | blacklist took 1748.94ms
2026-08-04 23:30:28,904 | log_requests took 1749.65ms
2026-08-04 23:30:28,905 | timing took 1750.12ms
2026-08-04 23:30:30,924 | authorization took 859.88ms
2026-08-04 23:30:30,924 | check_api_key took 860.83ms
2026-08-04 23:30:30,925 | blacklist took 862.22ms
2026-08-04 23:30:30,925 | log_requests took 863.02ms
2026-08-04 23:30:30,926 | timing took 863.51ms
2026-08-04 23:30:32,704 | authorization took 1771.92ms
2026-08-04 23:30:32,704 | check_api_key took 1772.57ms
2026-08-04 23:30:32,705 | blacklist took 1773.29ms
2026-08-04 23:30:32,705 | log_requests took 1773.81ms
2026-08-04 23:30:32,705 | timing took 1774.12ms
2026-08-04 23:30:34,744 | authorization took 855.86ms
2026-08-04 23:30:34,745 | check_api_key took 857.74ms
2026-08-04 23:30:34,746 | blacklist took 859.06ms
2026-08-04 23:30:34,746 | log_requests took 859.88ms
2026-08-04 23:30:34,746 | timing took 860.26ms
2026-08-04 23:30:35,623 | authorization took 4.69ms
2026-08-04 23:30:35,624 | check_api_key took 5.21ms
2026-08-04 23:30:35,624 | blacklist took 6.18ms
2026-08-04 23:30:35,624 | log_requests took 6.54ms
2026-08-04 23:30:35,624 | timing took 6.82ms
2026-08-04 23:30:37,341 | authorization took 1710.99ms
2026-08-04 23:30:37,341 | check_api_key took 1711.50ms
2026-08-04 23:30:37,342 | blacklist took 1712.31ms
2026-08-04 23:30:37,342 | log_requests took 1712.82ms
2026-08-04 23:30:37,342 | timing took 1713.16ms
2026-08-04 23:30:39,990 | authorization took 1765.18ms
2026-08-04 23:30:39,991 | check_api_key took 1766.09ms
2026-08-04 23:30:39,992 | blacklist took 1767.55ms
2026-08-04 23:30:39,992 | log_requests took 1768.40ms
2026-08-04 23:30:39,993 | timing took 1768.99ms
2026-08-04 23:30:42,645 | authorization took 2643.78ms
2026-08-04 23:30:42,647 | check_api_key took 2645.61ms
2026-08-04 23:30:42,647 | blacklist took 2646.54ms
2026-08-04 23:30:42,648 | log_requests took 2647.50ms
2026-08-04 23:30:42,648 | timing took 2647.90ms
2026-08-04 23:30:44,531 | authorization took 1878.45ms
2026-08-04 23:30:44,531 | check_api_key took 1879.25ms
2026-08-04 23:30:44,532 | blacklist took 1880.22ms
2026-08-04 23:30:44,532 | log_requests took 1880.97ms
2026-08-04 23:30:44,533 | timing took 1881.47ms
2026-08-04 23:30:47,142 | authorization took 2601.19ms
2026-08-04 23:30:47,143 | check_api_key took 2602.00ms
2026-08-04 23:30:47,144 | blacklist took 2603.02ms
2026-08-04 23:30:47,144 | log_requests took 2603.79ms
2026-08-04 23:30:47,144 | timing took 2604.23ms
2026-08-04 23:30:48,032 | authorization took 882.44ms
2026-08-04 23:30:48,033 | check_api_key took 883.44ms
2026-08-04 23:30:48,033 | blacklist took 884.45ms
2026-08-04 23:30:48,034 | log_requests took 885.32ms
2026-08-04 23:30:48,034 | timing took 885.81ms
2026-08-04 23:30:52,383 | authorization took 3479.58ms
2026-08-04 23:30:52,384 | check_api_key took 3481.43ms
2026-08-04 23:30:52,385 | blacklist took 3482.73ms
2026-08-04 23:30:52,386 | log_requests took 3483.84ms
2026-08-04 23:30:52,386 | timing took 3484.60ms
2026-08-04 23:30:55,074 | authorization took 1716.85ms
2026-08-04 23:30:55,075 | check_api_key took 2677.01ms
2026-08-04 23:30:55,075 | blacklist took 2678.20ms
2026-08-04 23:30:55,075 | log_requests took 2678.90ms
2026-08-04 23:30:55,076 | timing took 2679.73ms
2026-08-04 23:30:55,943 | authorization took 861.77ms
2026-08-04 23:30:55,944 | check_api_key took 862.54ms
2026-08-04 23:30:55,944 | blacklist took 863.74ms
2026-08-04 23:30:55,945 | log_requests took 864.43ms
2026-08-04 23:30:55,945 | timing took 864.94ms
2026-08-04 23:30:57,799 | authorization took 1842.98ms
2026-08-04 23:30:57,800 | check_api_key took 1843.83ms
2026-08-04 23:30:57,800 | blacklist took 1844.68ms
2026-08-04 23:30:57,801 | log_requests took 1845.26ms
2026-08-04 23:30:57,801 | timing took 1845.68ms
2026-08-04 23:31:05,022 | authorization took 5440.00ms
2026-08-04 23:31:05,024 | check_api_key took 6313.91ms
2026-08-04 23:31:05,024 | blacklist took 6316.21ms
2026-08-04 23:31:05,025 | log_requests took 6317.56ms
2026-08-04 23:31:05,025 | timing took 6318.19ms
2026-08-04 23:31:06,761 | authorization took 1730.50ms
2026-08-04 23:31:06,761 | check_api_key took 1731.24ms
2026-08-04 23:31:06,762 | blacklist took 1732.51ms
2026-08-04 23:31:06,762 | log_requests took 1733.14ms
2026-08-04 23:31:06,762 | timing took 1733.52ms
2026-08-04 23:31:08,521 | authorization took 1754.81ms
2026-08-04 23:31:08,523 | check_api_key took 1756.32ms
2026-08-04 23:31:08,524 | blacklist took 1757.97ms
2026-08-04 23:31:08,525 | log_requests took 1759.22ms
2026-08-04 23:31:08,525 | timing took 1759.55ms
2026-08-04 23:31:10,331 | authorization took 1800.47ms
2026-08-04 23:31:10,332 | check_api_key took 1801.36ms
2026-08-04 23:31:10,332 | blacklist took 1802.63ms
2026-08-04 23:31:10,333 | log_requests took 1803.42ms
2026-08-04 23:31:10,333 | timing took 1804.08ms
2026-08-04 23:31:13,831 | authorization took 2625.62ms
2026-08-04 23:31:13,833 | check_api_key took 2628.66ms
2026-08-04 23:31:13,833 | blacklist took 2630.48ms
2026-08-04 23:31:13,834 | log_requests took 2631.49ms
2026-08-04 23:31:13,834 | timing took 2632.09ms
2026-08-04 23:31:19,202 | authorization took 4459.67ms
2026-08-04 23:31:19,204 | check_api_key took 5360.93ms
2026-08-04 23:31:19,204 | blacklist took 5362.32ms
2026-08-04 23:31:19,206 | log_requests took 5363.79ms
2026-08-04 23:31:19,206 | timing took 5364.35ms
2026-08-04 23:31:21,114 | authorization took 9.70ms
2026-08-04 23:31:21,114 | check_api_key took 904.00ms
2026-08-04 23:31:21,115 | blacklist took 905.18ms
2026-08-04 23:31:21,115 | log_requests took 905.67ms
2026-08-04 23:31:21,115 | timing took 906.02ms
2026-08-04 23:31:22,859 | authorization took 2.06ms
2026-08-04 23:31:22,860 | check_api_key took 878.14ms
2026-08-04 23:31:22,860 | blacklist took 879.14ms
2026-08-04 23:31:22,860 | log_requests took 879.67ms
2026-08-04 23:31:22,860 | timing took 880.02ms
2026-08-04 23:31:24,599 | authorization took 24.61ms
2026-08-04 23:31:24,600 | check_api_key took 890.99ms
2026-08-04 23:31:24,600 | blacklist took 892.00ms
2026-08-04 23:31:24,601 | log_requests took 892.85ms
2026-08-04 23:31:24,601 | timing took 893.24ms
2026-08-04 23:31:28,123 | authorization took 1777.88ms
2026-08-04 23:31:28,124 | check_api_key took 2649.28ms
2026-08-04 23:31:28,124 | blacklist took 2650.71ms
2026-08-04 23:31:28,125 | log_requests took 2651.70ms
2026-08-04 23:31:28,125 | timing took 2652.23ms
2026-08-04 23:31:30,855 | authorization took 0.18ms
2026-08-04 23:31:30,855 | check_api_key took 970.58ms
2026-08-04 23:31:30,856 | blacklist took 971.90ms
2026-08-04 23:31:30,856 | log_requests took 972.68ms
2026-08-04 23:31:30,857 | timing took 973.29ms
2026-08-04 23:31:30,864 | check_api_key took 0.06ms
2026-08-04 23:31:30,864 | blacklist took 0.76ms
2026-08-04 23:31:30,865 | log_requests took 1.10ms
2026-08-04 23:31:30,865 | timing took 1.38ms
2026-08-04 23:31:33,824 | authorization took 0.14ms
2026-08-04 23:31:33,825 | check_api_key took 862.97ms
2026-08-04 23:31:33,825 | blacklist took 864.07ms
2026-08-04 23:31:33,826 | log_requests took 865.00ms
2026-08-04 23:31:33,827 | timing took 865.66ms
2026-08-04 23:31:37,728 | authorization took 1768.65ms
2026-08-04 23:31:37,728 | check_api_key took 2747.05ms
2026-08-04 23:31:37,729 | blacklist took 2748.42ms
2026-08-04 23:31:37,730 | log_requests took 2749.24ms
2026-08-04 23:31:37,730 | timing took 2749.68ms
2026-08-04 23:31:41,240 | authorization took 2617.30ms
2026-08-04 23:31:41,242 | check_api_key took 2619.38ms
2026-08-04 23:31:41,242 | blacklist took 2621.09ms
2026-08-04 23:31:41,243 | log_requests took 2622.13ms
2026-08-04 23:31:41,244 | timing took 2622.74ms
2026-08-04 23:31:44,001 | authorization took 1802.25ms
2026-08-04 23:31:44,002 | check_api_key took 2753.30ms
2026-08-04 23:31:44,002 | blacklist took 2754.45ms
2026-08-04 23:31:44,002 | log_requests took 2754.96ms
2026-08-04 23:31:44,003 | timing took 2755.31ms
2026-08-04 23:31:46,112 | authorization took 2105.07ms
2026-08-04 23:31:46,117 | check_api_key took 2109.49ms
2026-08-04 23:31:46,117 | blacklist took 2110.56ms
2026-08-04 23:31:46,118 | log_requests took 2111.35ms
2026-08-04 23:31:46,118 | timing took 2111.91ms
2026-08-04 23:31:49,541 | authorization took 2559.98ms
2026-08-04 23:31:49,542 | check_api_key took 2561.83ms
2026-08-04 23:31:49,543 | blacklist took 2563.27ms
2026-08-04 23:31:49,544 | log_requests took 2564.34ms
2026-08-04 23:31:49,544 | timing took 2564.86ms
2026-08-04 23:31:52,238 | authorization took 1837.14ms
2026-08-04 23:31:52,239 | check_api_key took 2690.17ms
2026-08-04 23:31:52,239 | blacklist took 2691.13ms
2026-08-04 23:31:52,239 | log_requests took 2691.77ms
2026-08-04 23:31:52,240 | timing took 2692.18ms
2026-08-04 23:31:56,569 | authorization took 2585.29ms
2026-08-04 23:31:56,570 | check_api_key took 2586.60ms
2026-08-04 23:31:56,570 | blacklist took 2587.83ms
2026-08-04 23:31:56,571 | log_requests took 2588.56ms
2026-08-04 23:31:56,571 | timing took 2588.96ms
2026-08-04 23:31:59,309 | authorization took 1870.11ms
2026-08-04 23:31:59,310 | check_api_key took 2733.32ms
2026-08-04 23:31:59,310 | blacklist took 2734.52ms
2026-08-04 23:31:59,310 | log_requests took 2735.23ms
2026-08-04 23:31:59,311 | timing took 2735.69ms
2026-08-04 23:32:00,179 | authorization took 863.20ms
2026-08-04 23:32:00,180 | check_api_key took 863.97ms
2026-08-04 23:32:00,180 | blacklist took 865.12ms
2026-08-04 23:32:00,181 | log_requests took 865.80ms
2026-08-04 23:32:00,181 | timing took 866.28ms
2026-08-04 23:32:03,883 | authorization took 2734.76ms
2026-08-04 23:32:03,884 | check_api_key took 2735.87ms
2026-08-04 23:32:03,884 | blacklist took 2737.41ms
2026-08-04 23:32:03,885 | log_requests took 2738.14ms
2026-08-04 23:32:03,885 | timing took 2738.60ms
2026-08-04 23:32:05,902 | authorization took 865.45ms
2026-08-04 23:32:05,903 | check_api_key took 866.49ms
2026-08-04 23:32:05,903 | blacklist took 867.83ms
2026-08-04 23:32:05,903 | log_requests took 868.49ms
2026-08-04 23:32:05,904 | timing took 869.08ms
2026-08-04 23:32:08,540 | authorization took 1757.96ms
2026-08-04 23:32:08,541 | check_api_key took 2633.24ms
2026-08-04 23:32:08,541 | blacklist took 2634.35ms
2026-08-04 23:32:08,542 | log_requests took 2635.08ms
2026-08-04 23:32:08,542 | timing took 2635.50ms
2026-08-04 23:32:10,351 | authorization took 1801.78ms
2026-08-04 23:32:10,352 | check_api_key took 1802.61ms
2026-08-04 23:32:10,352 | blacklist took 1804.05ms
2026-08-04 23:32:10,353 | log_requests took 1804.77ms
2026-08-04 23:32:10,353 | timing took 1805.27ms
2026-08-04 23:32:13,939 | authorization took 2655.72ms
2026-08-04 23:32:13,941 | check_api_key took 2658.12ms
2026-08-04 23:32:13,942 | blacklist took 2659.58ms
2026-08-04 23:32:13,943 | log_requests took 2660.84ms
2026-08-04 23:32:13,943 | timing took 2661.43ms
2026-08-04 23:32:17,942 | authorization took 1921.67ms
2026-08-04 23:32:17,943 | check_api_key took 2834.84ms
2026-08-04 23:32:17,944 | blacklist took 2836.21ms
2026-08-04 23:32:17,945 | log_requests took 2837.36ms
2026-08-04 23:32:17,945 | timing took 2837.89ms
2026-08-04 23:32:19,676 | authorization took 1724.19ms
2026-08-04 23:32:19,677 | check_api_key took 1725.53ms
2026-08-04 23:32:19,677 | blacklist took 1726.76ms
2026-08-04 23:32:19,678 | log_requests took 1727.75ms
2026-08-04 23:32:19,678 | timing took 1728.34ms
2026-08-04 23:32:24,044 | authorization took 2597.21ms
2026-08-04 23:32:24,045 | check_api_key took 2598.44ms
2026-08-04 23:32:24,045 | blacklist took 2599.54ms
2026-08-04 23:32:24,046 | log_requests took 2600.06ms
2026-08-04 23:32:24,046 | timing took 2600.40ms
2026-08-04 23:32:25,798 | authorization took 879.06ms
2026-08-04 23:32:25,799 | check_api_key took 1749.18ms
2026-08-04 23:32:25,799 | blacklist took 1750.28ms
2026-08-04 23:32:25,800 | log_requests took 1751.06ms
2026-08-04 23:32:25,800 | timing took 1751.56ms
2026-08-04 23:32:29,259 | authorization took 2585.84ms
2026-08-04 23:32:29,260 | check_api_key took 2586.74ms
2026-08-04 23:32:29,260 | blacklist took 2588.12ms
2026-08-04 23:32:29,261 | log_requests took 2588.94ms
2026-08-04 23:32:29,261 | timing took 2589.48ms
2026-08-04 23:32:29,267 | check_api_key took 0.16ms
2026-08-04 23:32:29,268 | blacklist took 1.50ms
2026-08-04 23:32:29,268 | log_requests took 2.07ms
2026-08-04 23:32:29,268 | timing took 2.58ms
2026-08-04 23:32:32,999 | authorization took 1814.74ms
2026-08-04 23:32:33,000 | check_api_key took 2749.98ms
2026-08-04 23:32:33,000 | blacklist took 2751.32ms
2026-08-04 23:32:33,001 | log_requests took 2752.15ms
2026-08-04 23:32:33,001 | timing took 2752.68ms
2026-08-04 23:32:36,621 | authorization took 2759.91ms
2026-08-04 23:32:36,621 | check_api_key took 2760.79ms
2026-08-04 23:32:36,622 | blacklist took 2762.07ms
2026-08-04 23:32:36,622 | log_requests took 2762.82ms
2026-08-04 23:32:36,623 | timing took 2763.35ms
2026-08-04 23:32:39,323 | authorization took 1824.57ms
2026-08-04 23:32:39,324 | check_api_key took 2696.08ms
2026-08-04 23:32:39,325 | blacklist took 2697.44ms
2026-08-04 23:32:39,326 | log_requests took 2698.58ms
2026-08-04 23:32:39,326 | timing took 2699.20ms
2026-08-04 23:32:42,025 | authorization took 1824.29ms
2026-08-04 23:32:42,025 | check_api_key took 2694.67ms
2026-08-04 23:32:42,026 | blacklist took 2695.88ms
2026-08-04 23:32:42,026 | log_requests took 2696.64ms
2026-08-04 23:32:42,027 | timing took 2697.13ms
2026-08-04 23:32:45,706 | authorization took 2789.99ms
2026-08-04 23:32:45,706 | check_api_key took 2790.97ms
2026-08-04 23:32:45,707 | blacklist took 2792.36ms
2026-08-04 23:32:45,707 | log_requests took 2793.01ms
2026-08-04 23:32:45,707 | timing took 2793.41ms
2026-08-04 23:32:46,643 | authorization took 4.96ms
2026-08-04 23:32:46,643 | check_api_key took 931.43ms
2026-08-04 23:32:46,644 | blacklist took 932.44ms
2026-08-04 23:32:46,644 | log_requests took 933.01ms
2026-08-04 23:32:46,644 | timing took 933.41ms
2026-08-04 23:32:48,441 | authorization took 1789.62ms
2026-08-04 23:32:48,442 | check_api_key took 1790.64ms
2026-08-04 23:32:48,443 | blacklist took 1791.66ms
2026-08-04 23:32:48,443 | log_requests took 1792.35ms
2026-08-04 23:32:48,444 | timing took 1792.79ms
2026-08-04 23:32:50,282 | authorization took 1832.52ms
2026-08-04 23:32:50,283 | check_api_key took 1833.35ms
2026-08-04 23:32:50,283 | blacklist took 1834.61ms
2026-08-04 23:32:50,284 | log_requests took 1835.29ms
2026-08-04 23:32:50,284 | timing took 1835.79ms
2026-08-04 23:32:50,300 | authorization took 2.59ms
2026-08-04 23:32:50,300 | check_api_key took 3.11ms
2026-08-04 23:32:50,300 | blacklist took 3.85ms
2026-08-04 23:32:50,301 | log_requests took 4.27ms
2026-08-04 23:32:50,301 | timing took 4.55ms
2026-08-04 23:32:53,861 | authorization took 2679.03ms
2026-08-04 23:32:53,863 | check_api_key took 2681.17ms
2026-08-04 23:32:53,863 | blacklist took 2682.58ms
2026-08-04 23:32:53,864 | log_requests took 2683.66ms
2026-08-04 23:32:53,865 | timing took 2684.25ms
2026-08-04 23:32:54,785 | authorization took 4.83ms
2026-08-04 23:32:54,786 | check_api_key took 916.14ms
2026-08-04 23:32:54,786 | blacklist took 917.13ms
2026-08-04 23:32:54,787 | log_requests took 917.84ms
2026-08-04 23:32:54,787 | timing took 918.25ms
2026-08-04 23:32:58,319 | authorization took 2644.73ms
2026-08-04 23:32:58,319 | check_api_key took 2651.58ms
2026-08-04 23:32:58,319 | blacklist took 2653.23ms
2026-08-04 23:32:58,320 | log_requests took 2653.91ms
2026-08-04 23:32:58,320 | timing took 2654.45ms
2026-08-04 23:33:01,120 | authorization took 1923.97ms
2026-08-04 23:33:01,121 | check_api_key took 2795.54ms
2026-08-04 23:33:01,121 | blacklist took 2796.71ms
2026-08-04 23:33:01,122 | log_requests took 2797.53ms
2026-08-04 23:33:01,122 | timing took 2797.91ms
2026-08-04 23:33:02,094 | authorization took 964.13ms
2026-08-04 23:33:02,094 | check_api_key took 964.97ms
2026-08-04 23:33:02,094 | blacklist took 966.17ms
2026-08-04 23:33:02,095 | log_requests took 966.81ms
2026-08-04 23:33:02,095 | timing took 967.27ms
2026-08-04 23:33:06,008 | authorization took 3028.11ms
2026-08-04 23:33:06,010 | check_api_key took 3029.51ms
2026-08-04 23:33:06,010 | blacklist took 3030.85ms
2026-08-04 23:33:06,011 | log_requests took 3031.68ms
2026-08-04 23:33:06,011 | timing took 3032.24ms
2026-08-04 23:33:07,938 | authorization took 1917.39ms
2026-08-04 23:33:07,939 | check_api_key took 1918.68ms
2026-08-04 23:33:07,939 | blacklist took 1920.14ms
2026-08-04 23:33:07,940 | log_requests took 1920.96ms
2026-08-04 23:33:07,940 | timing took 1921.42ms
2026-08-04 23:33:11,723 | authorization took 2843.68ms
2026-08-04 23:33:11,723 | check_api_key took 2844.42ms
2026-08-04 23:33:11,724 | blacklist took 2845.45ms
2026-08-04 23:33:11,724 | log_requests took 2846.12ms
2026-08-04 23:33:11,725 | timing took 2846.70ms
2026-08-04 23:33:12,848 | authorization took 1117.92ms
2026-08-04 23:33:12,848 | check_api_key took 1118.38ms
2026-08-04 23:33:12,848 | blacklist took 1119.34ms
2026-08-04 23:33:12,849 | log_requests took 1119.64ms
2026-08-04 23:33:12,849 | timing took 1119.88ms
2026-08-04 23:33:17,420 | authorization took 2832.61ms
2026-08-04 23:33:17,422 | check_api_key took 2835.06ms
2026-08-04 23:33:17,422 | blacklist took 2836.35ms
2026-08-04 23:33:17,424 | log_requests took 2837.69ms
2026-08-04 23:33:17,424 | timing took 2838.41ms
2026-08-04 23:33:20,217 | authorization took 1920.46ms
2026-08-04 23:33:20,218 | check_api_key took 2788.02ms
2026-08-04 23:33:20,218 | blacklist took 2789.27ms
2026-08-04 23:33:20,219 | log_requests took 2790.03ms
2026-08-04 23:33:20,219 | timing took 2790.47ms
2026-08-04 23:33:21,118 | authorization took 894.33ms
2026-08-04 23:33:21,119 | check_api_key took 895.10ms
2026-08-04 23:33:21,119 | blacklist took 896.29ms
2026-08-04 23:33:21,120 | log_requests took 897.01ms
2026-08-04 23:33:21,120 | timing took 897.47ms
2026-08-04 23:33:24,940 | authorization took 2956.78ms
2026-08-04 23:33:24,941 | check_api_key took 2958.02ms
2026-08-04 23:33:24,942 | blacklist took 2959.38ms
2026-08-04 23:33:24,943 | log_requests took 2960.62ms
2026-08-04 23:33:24,943 | timing took 2961.28ms
2026-08-04 23:33:26,977 | authorization took 871.35ms
2026-08-04 23:33:26,977 | check_api_key took 872.48ms
2026-08-04 23:33:26,978 | blacklist took 873.98ms
2026-08-04 23:33:26,978 | log_requests took 874.77ms
2026-08-04 23:33:26,979 | timing took 875.33ms
2026-08-04 23:33:30,558 | authorization took 2673.01ms
2026-08-04 23:33:30,559 | check_api_key took 2674.02ms
2026-08-04 23:33:30,559 | blacklist took 2675.31ms
2026-08-04 23:33:30,560 | log_requests took 2675.92ms
2026-08-04 23:33:30,560 | timing took 2676.31ms
2026-08-04 23:33:32,338 | authorization took 1771.67ms
2026-08-04 23:33:32,340 | check_api_key took 1773.99ms
2026-08-04 23:33:32,341 | blacklist took 1777.11ms
2026-08-04 23:33:32,343 | log_requests took 1778.28ms
2026-08-04 23:33:32,343 | timing took 1778.73ms
2026-08-04 23:33:35,520 | authorization took 2248.81ms
2026-08-04 23:33:35,520 | check_api_key took 3169.02ms
2026-08-04 23:33:35,521 | blacklist took 3170.29ms
2026-08-04 23:33:35,521 | log_requests took 3171.02ms
2026-08-04 23:33:35,522 | timing took 3171.52ms
2026-08-04 23:33:35,530 | authorization took 2.63ms
2026-08-04 23:33:35,530 | check_api_key took 3.12ms
2026-08-04 23:33:35,531 | blacklist took 4.24ms
2026-08-04 23:33:35,531 | log_requests took 4.74ms
2026-08-04 23:33:35,531 | timing took 5.11ms
2026-08-04 23:33:39,219 | authorization took 2816.69ms
2026-08-04 23:33:39,220 | check_api_key took 2817.83ms
2026-08-04 23:33:39,220 | blacklist took 2819.15ms
2026-08-04 23:33:39,221 | log_requests took 2819.97ms
2026-08-04 23:33:39,221 | timing took 2820.50ms
2026-08-04 23:33:40,121 | authorization took 894.86ms
2026-08-04 23:33:40,122 | check_api_key took 895.53ms
2026-08-04 23:33:40,122 | blacklist took 896.59ms
2026-08-04 23:33:40,123 | log_requests took 897.25ms
2026-08-04 23:33:40,123 | timing took 897.58ms
2026-08-04 23:33:42,839 | authorization took 1847.83ms
2026-08-04 23:33:42,840 | check_api_key took 2713.20ms
2026-08-04 23:33:42,841 | blacklist took 2714.33ms
2026-08-04 23:33:42,841 | log_requests took 2715.10ms
2026-08-04 23:33:42,842 | timing took 2715.54ms
2026-08-04 23:33:44,560 | authorization took 1711.94ms
2026-08-04 23:33:44,561 | check_api_key took 1712.78ms
2026-08-04 23:33:44,561 | blacklist took 1714.09ms
2026-08-04 23:33:44,562 | log_requests took 1714.82ms
2026-08-04 23:33:44,562 | timing took 1715.44ms
2026-08-04 23:33:44,573 | authorization took 2.67ms
2026-08-04 23:33:44,574 | check_api_key took 3.12ms
2026-08-04 23:33:44,574 | blacklist took 3.89ms
2026-08-04 23:33:44,574 | log_requests took 4.29ms
2026-08-04 23:33:44,574 | timing took 4.60ms
2026-08-04 23:33:44,581 | authorization took 1.90ms
2026-08-04 23:33:44,581 | check_api_key took 2.23ms
2026-08-04 23:33:44,581 | blacklist took 2.74ms
2026-08-04 23:33:44,581 | log_requests took 3.04ms
2026-08-04 23:33:44,581 | timing took 3.28ms
2026-08-04 23:33:44,588 | authorization took 3.26ms
2026-08-04 23:33:44,588 | check_api_key took 3.57ms
2026-08-04 23:33:44,588 | blacklist took 3.97ms
2026-08-04 23:33:44,588 | log_requests took 4.26ms
2026-08-04 23:33:44,588 | timing took 4.47ms
2026-08-04 23:33:44,593 | authorization took 1.03ms
2026-08-04 23:33:44,593 | check_api_key took 1.32ms
2026-08-04 23:33:44,594 | blacklist took 1.82ms
2026-08-04 23:33:44,594 | log_requests took 2.09ms
2026-08-04 23:33:44,594 | timing took 2.29ms
2026-08-04 23:33:46,336 | authorization took 1735.25ms
2026-08-04 23:33:46,337 | check_api_key took 1736.12ms
2026-08-04 23:33:46,338 | blacklist took 1738.50ms
2026-08-04 23:33:46,338 | log_requests took 1739.13ms
2026-08-04 23:33:46,338 | timing took 1739.41ms
2026-08-04 23:33:48,124 | authorization took 1777.92ms
2026-08-04 23:33:48,124 | check_api_key took 1778.69ms
2026-08-04 23:33:48,125 | blacklist took 1779.61ms
2026-08-04 23:33:48,125 | log_requests took 1780.25ms
2026-08-04 23:33:48,125 | timing took 1780.70ms
2026-08-04 23:33:50,098 | authorization took 1963.40ms
2026-08-04 23:33:50,098 | check_api_key took 1964.72ms
2026-08-04 23:33:50,099 | blacklist took 1965.75ms
2026-08-04 23:33:50,099 | log_requests took 1966.47ms
2026-08-04 23:33:50,100 | timing took 1966.92ms
2026-08-04 23:33:51,938 | authorization took 1832.97ms
2026-08-04 23:33:51,939 | check_api_key took 1833.76ms
2026-08-04 23:33:51,939 | blacklist took 1834.94ms
2026-08-04 23:33:51,940 | log_requests took 1835.49ms
2026-08-04 23:33:51,940 | timing took 1835.85ms
2026-08-04 23:33:51,959 | check_api_key took 0.14ms
2026-08-04 23:33:51,960 | blacklist took 1.52ms
2026-08-04 23:33:51,960 | log_requests took 2.01ms
2026-08-04 23:33:51,960 | timing took 2.40ms
2026-08-04 23:33:56,361 | authorization took 2670.88ms
2026-08-04 23:33:56,362 | check_api_key took 2672.22ms
2026-08-04 23:33:56,362 | blacklist took 2673.09ms
2026-08-04 23:33:56,362 | log_requests took 2673.57ms
2026-08-04 23:33:56,362 | timing took 2673.82ms
2026-08-04 23:33:59,063 | authorization took 2696.42ms
2026-08-04 23:33:59,065 | check_api_key took 2698.37ms
2026-08-04 23:33:59,065 | blacklist took 2699.25ms
2026-08-04 23:33:59,066 | log_requests took 2700.37ms
2026-08-04 23:33:59,067 | timing took 2700.78ms
2026-08-04 23:34:01,781 | authorization took 1825.25ms
2026-08-04 23:34:01,782 | check_api_key took 2707.19ms
2026-08-04 23:34:01,782 | blacklist took 2708.59ms
2026-08-04 23:34:01,782 | log_requests took 2709.05ms
2026-08-04 23:34:01,782 | timing took 2709.60ms
2026-08-04 23:34:05,784 | authorization took 3122.94ms
2026-08-04 23:34:05,785 | check_api_key took 3123.82ms
2026-08-04 23:34:05,785 | blacklist took 3125.18ms
2026-08-04 23:34:05,786 | log_requests took 3125.97ms
2026-08-04 23:34:05,786 | timing took 3126.52ms
2026-08-04 23:34:08,450 | authorization took 1782.57ms
2026-08-04 23:34:08,451 | check_api_key took 2659.41ms
2026-08-04 23:34:08,451 | blacklist took 2660.61ms
2026-08-04 23:34:08,452 | log_requests took 2661.24ms
2026-08-04 23:34:08,452 | timing took 2661.72ms
2026-08-04 23:34:11,999 | authorization took 2651.65ms
2026-08-04 23:34:12,000 | check_api_key took 2652.87ms
2026-08-04 23:34:12,001 | blacklist took 2654.34ms
2026-08-04 23:34:12,001 | log_requests took 2655.34ms
2026-08-04 23:34:12,002 | timing took 2655.94ms
2026-08-04 23:34:14,677 | authorization took 2669.65ms
2026-08-04 23:34:14,678 | check_api_key took 2670.64ms
2026-08-04 23:34:14,678 | blacklist took 2671.80ms
2026-08-04 23:34:14,679 | log_requests took 2672.53ms
2026-08-04 23:34:14,679 | timing took 2673.00ms
2026-08-04 23:34:17,402 | authorization took 2715.51ms
2026-08-04 23:34:17,403 | check_api_key took 2716.58ms
2026-08-04 23:34:17,403 | blacklist took 2718.04ms
2026-08-04 23:34:17,404 | log_requests took 2718.94ms
2026-08-04 23:34:17,404 | timing took 2719.43ms
2026-08-04 23:34:20,296 | authorization took 2885.78ms
2026-08-04 23:34:20,297 | check_api_key took 2886.82ms
2026-08-04 23:34:20,297 | blacklist took 2888.11ms
2026-08-04 23:34:20,298 | log_requests took 2888.94ms
2026-08-04 23:34:20,298 | timing took 2889.36ms
2026-08-04 23:34:22,884 | authorization took 2580.29ms
2026-08-04 23:34:22,885 | check_api_key took 2581.21ms
2026-08-04 23:34:22,885 | blacklist took 2582.46ms
2026-08-04 23:34:22,886 | log_requests took 2583.18ms
2026-08-04 23:34:22,886 | timing took 2583.68ms
2026-08-04 23:34:25,479 | authorization took 1701.30ms
2026-08-04 23:34:25,479 | check_api_key took 2587.45ms
2026-08-04 23:34:25,480 | blacklist took 2589.01ms
2026-08-04 23:34:25,480 | log_requests took 2589.80ms
2026-08-04 23:34:25,481 | timing took 2590.21ms
2026-08-04 23:34:29,096 | authorization took 2710.49ms
2026-08-04 23:34:29,097 | check_api_key took 2711.93ms
2026-08-04 23:34:29,098 | blacklist took 2713.12ms
2026-08-04 23:34:29,098 | log_requests took 2713.93ms
2026-08-04 23:34:29,099 | timing took 2714.46ms
2026-08-04 23:34:31,899 | authorization took 2794.46ms
2026-08-04 23:34:31,900 | check_api_key took 2795.29ms
2026-08-04 23:34:31,900 | blacklist took 2796.53ms
2026-08-04 23:34:31,901 | log_requests took 2797.27ms
2026-08-04 23:34:31,901 | timing took 2797.76ms
2026-08-04 23:34:34,713 | authorization took 2806.29ms
2026-08-04 23:34:34,713 | check_api_key took 2807.06ms
2026-08-04 23:34:34,714 | blacklist took 2808.27ms
2026-08-04 23:34:34,714 | log_requests took 2808.98ms
2026-08-04 23:34:34,715 | timing took 2809.43ms
2026-08-04 23:34:37,428 | authorization took 2707.60ms
2026-08-04 23:34:37,428 | check_api_key took 2708.59ms
2026-08-04 23:34:37,429 | blacklist took 2709.81ms
2026-08-04 23:34:37,430 | log_requests took 2710.74ms
2026-08-04 23:34:37,430 | timing took 2711.24ms
2026-08-04 23:34:40,158 | authorization took 2723.77ms
2026-08-04 23:34:40,159 | check_api_key took 2724.60ms
2026-08-04 23:34:40,159 | blacklist took 2725.54ms
2026-08-04 23:34:40,160 | log_requests took 2726.00ms
2026-08-04 23:34:40,160 | timing took 2726.28ms
2026-08-04 23:34:43,142 | authorization took 2126.50ms
2026-08-04 23:34:43,143 | check_api_key took 2977.73ms
2026-08-04 23:34:43,143 | blacklist took 2978.94ms
2026-08-04 23:34:43,144 | log_requests took 2979.50ms
2026-08-04 23:34:43,144 | timing took 2979.87ms
2026-08-04 23:34:45,826 | authorization took 1788.07ms
2026-08-04 23:34:45,827 | check_api_key took 2679.68ms
2026-08-04 23:34:45,828 | blacklist took 2680.86ms
2026-08-04 23:34:45,829 | log_requests took 2681.79ms
2026-08-04 23:34:45,829 | timing took 2682.27ms
2026-08-04 23:34:49,512 | authorization took 2759.70ms
2026-08-04 23:34:49,513 | check_api_key took 2760.51ms
2026-08-04 23:34:49,513 | blacklist took 2761.73ms
2026-08-04 23:34:49,514 | log_requests took 2762.38ms
2026-08-04 23:34:49,514 | timing took 2762.85ms
2026-08-04 23:34:52,459 | authorization took 2938.98ms
2026-08-04 23:34:52,460 | check_api_key took 2940.42ms
2026-08-04 23:34:52,461 | blacklist took 2941.78ms
2026-08-04 23:34:52,461 | log_requests took 2942.64ms
2026-08-04 23:34:52,462 | timing took 2943.13ms
2026-08-04 23:34:55,121 | authorization took 2653.84ms
2026-08-04 23:34:55,121 | check_api_key took 2654.52ms
2026-08-04 23:34:55,122 | blacklist took 2655.72ms
2026-08-04 23:34:55,122 | log_requests took 2656.37ms
2026-08-04 23:34:55,123 | timing took 2656.76ms
2026-08-04 23:34:57,776 | authorization took 1779.50ms
2026-08-04 23:34:57,777 | check_api_key took 2649.39ms
2026-08-04 23:34:57,777 | blacklist took 2650.32ms
2026-08-04 23:34:57,778 | log_requests took 2651.08ms
2026-08-04 23:34:57,778 | timing took 2651.56ms
2026-08-04 23:35:01,493 | authorization took 1843.28ms
2026-08-04 23:35:01,494 | check_api_key took 2844.47ms
2026-08-04 23:35:01,495 | blacklist took 2845.64ms
2026-08-04 23:35:01,495 | log_requests took 2846.48ms
2026-08-04 23:35:01,496 | timing took 2846.99ms
2026-08-04 23:35:02,360 | authorization took 855.47ms
2026-08-04 23:35:02,360 | check_api_key took 855.90ms
2026-08-04 23:35:02,360 | blacklist took 856.66ms
2026-08-04 23:35:02,360 | log_requests took 857.15ms
2026-08-04 23:35:02,361 | timing took 857.55ms
2026-08-04 23:35:03,240 | authorization took 871.75ms
2026-08-04 23:35:03,240 | check_api_key took 872.49ms
2026-08-04 23:35:03,241 | blacklist took 873.36ms
2026-08-04 23:35:03,241 | log_requests took 873.85ms
2026-08-04 23:35:03,241 | timing took 874.15ms
2026-08-04 23:35:03,251 | authorization took 1.09ms
2026-08-04 23:35:03,251 | check_api_key took 1.53ms
2026-08-04 23:35:03,251 | blacklist took 2.21ms
2026-08-04 23:35:03,252 | log_requests took 2.64ms
2026-08-04 23:35:03,252 | timing took 2.93ms
2026-08-04 23:35:03,257 | authorization took 0.65ms
2026-08-04 23:35:03,257 | check_api_key took 0.90ms
2026-08-04 23:35:03,257 | blacklist took 1.33ms
2026-08-04 23:35:03,257 | log_requests took 1.58ms
2026-08-04 23:35:03,257 | timing took 1.79ms
2026-08-04 23:35:04,118 | authorization took 857.15ms
2026-08-04 23:35:04,119 | check_api_key took 857.94ms
2026-08-04 23:35:04,120 | blacklist took 858.71ms
2026-08-04 23:35:04,120 | log_requests took 859.29ms
2026-08-04 23:35:04,120 | timing took 859.64ms
2026-08-04 23:35:05,900 | authorization took 1770.87ms
2026-08-04 23:35:05,901 | check_api_key took 1771.69ms
2026-08-04 23:35:05,901 | blacklist took 1772.54ms
2026-08-04 23:35:05,902 | log_requests took 1773.19ms
2026-08-04 23:35:05,902 | timing took 1773.59ms
2026-08-04 23:35:07,637 | authorization took 1730.02ms
2026-08-04 23:35:07,638 | check_api_key took 1730.99ms
2026-08-04 23:35:07,638 | blacklist took 1732.09ms
2026-08-04 23:35:07,639 | log_requests took 1732.94ms
2026-08-04 23:35:07,640 | timing took 1733.43ms
2026-08-04 23:35:09,443 | authorization took 1795.35ms
2026-08-04 23:35:09,444 | check_api_key took 1796.16ms
2026-08-04 23:35:09,444 | blacklist took 1797.12ms
2026-08-04 23:35:09,445 | log_requests took 1797.89ms
2026-08-04 23:35:09,445 | timing took 1798.31ms
2026-08-04 23:35:10,317 | authorization took 863.14ms
2026-08-04 23:35:10,317 | check_api_key took 863.81ms
2026-08-04 23:35:10,318 | blacklist took 864.74ms
2026-08-04 23:35:10,318 | log_requests took 865.40ms
2026-08-04 23:35:10,319 | timing took 865.92ms
2026-08-04 23:35:10,326 | check_api_key took 0.10ms
2026-08-04 23:35:10,327 | blacklist took 1.25ms
2026-08-04 23:35:10,327 | log_requests took 1.65ms
2026-08-04 23:35:10,327 | timing took 1.99ms
2026-08-04 23:35:11,195 | check_api_key took 860.41ms
2026-08-04 23:35:11,195 | blacklist took 863.05ms
2026-08-04 23:35:11,196 | log_requests took 863.53ms
2026-08-04 23:35:11,196 | timing took 863.90ms
2026-08-04 23:35:14,765 | authorization took 1747.37ms
2026-08-04 23:35:14,767 | check_api_key took 2635.39ms
2026-08-04 23:35:14,767 | blacklist took 2636.68ms
2026-08-04 23:35:14,769 | log_requests took 2637.98ms
2026-08-04 23:35:14,769 | timing took 2638.50ms
2026-08-04 23:35:15,657 | check_api_key took 875.03ms
2026-08-04 23:35:15,658 | blacklist took 876.60ms
2026-08-04 23:35:15,658 | log_requests took 877.29ms
2026-08-04 23:35:15,659 | timing took 877.83ms
2026-08-04 23:35:16,645 | blacklist took 0.42ms
2026-08-04 23:35:16,646 | log_requests took 1.35ms
2026-08-04 23:35:16,646 | timing took 1.85ms
2026-08-04 23:35:20,202 | authorization took 1821.21ms
2026-08-04 23:35:20,204 | check_api_key took 2682.38ms
2026-08-04 23:35:20,204 | blacklist took 2683.47ms
2026-08-04 23:35:20,205 | log_requests took 2684.29ms
2026-08-04 23:35:20,205 | timing took 2684.70ms
2026-08-04 23:35:23,960 | authorization took 1776.11ms
2026-08-04 23:35:23,964 | check_api_key took 2697.93ms
2026-08-04 23:35:23,965 | blacklist took 2699.68ms
2026-08-04 23:35:23,967 | log_requests took 2702.27ms
2026-08-04 23:35:23,968 | timing took 2702.88ms
2026-08-04 23:35:23,981 | blacklist took 0.32ms
2026-08-04 23:35:23,982 | log_requests took 0.79ms
2026-08-04 23:35:23,982 | timing took 1.08ms
2026-08-04 23:35:26,556 | authorization took 1719.61ms
2026-08-04 23:35:26,556 | check_api_key took 2572.00ms
2026-08-04 23:35:26,557 | blacklist took 2572.64ms
2026-08-04 23:35:26,557 | log_requests took 2573.24ms
2026-08-04 23:35:26,558 | timing took 2573.72ms
2026-08-04 23:35:26,571 | blacklist took 0.26ms
2026-08-04 23:35:26,571 | log_requests took 0.91ms
2026-08-04 23:35:26,571 | timing took 1.19ms
2026-08-04 23:35:27,491 | blacklist took 0.41ms
2026-08-04 23:35:27,491 | log_requests took 1.11ms
2026-08-04 23:35:27,492 | timing took 1.68ms
2026-08-04 23:35:28,357 | authorization took 859.57ms
2026-08-04 23:35:28,357 | check_api_key took 859.99ms
2026-08-04 23:35:28,357 | blacklist took 860.61ms
2026-08-04 23:35:28,358 | log_requests took 861.02ms
2026-08-04 23:35:28,358 | timing took 861.24ms
2026-08-04 23:35:28,363 | check_api_key took 0.06ms
2026-08-04 23:35:28,363 | blacklist took 0.66ms
2026-08-04 23:35:28,363 | log_requests took 0.97ms
2026-08-04 23:35:28,363 | timing took 1.22ms
2026-08-04 23:35:30,102 | authorization took 1733.34ms
2026-08-04 23:35:30,104 | check_api_key took 1736.14ms
2026-08-04 23:35:30,105 | blacklist took 1737.51ms
2026-08-04 23:35:30,110 | log_requests took 1741.72ms
2026-08-04 23:35:30,110 | timing took 1742.48ms
2026-08-04 23:35:31,878 | authorization took 1756.15ms
2026-08-04 23:35:31,879 | check_api_key took 1760.62ms
2026-08-04 23:35:31,879 | blacklist took 1761.66ms
2026-08-04 23:35:31,880 | log_requests took 1762.33ms
2026-08-04 23:35:31,880 | timing took 1762.69ms
2026-08-04 23:35:33,664 | authorization took 1772.86ms
2026-08-04 23:35:33,665 | check_api_key took 1773.73ms
2026-08-04 23:35:33,665 | blacklist took 1774.59ms
2026-08-04 23:35:33,665 | log_requests took 1775.05ms
2026-08-04 23:35:33,666 | timing took 1775.34ms
2026-08-04 23:35:35,436 | authorization took 1766.11ms
2026-08-04 23:35:35,438 | check_api_key took 1768.96ms
2026-08-04 23:35:35,439 | blacklist took 1770.17ms
2026-08-04 23:35:35,441 | log_requests took 1772.05ms
2026-08-04 23:35:35,441 | timing took 1772.79ms
2026-08-04 23:35:35,454 | authorization took 6.55ms
2026-08-04 23:35:35,454 | check_api_key took 7.12ms
2026-08-04 23:35:35,454 | blacklist took 8.24ms
2026-08-04 23:35:35,454 | log_requests took 8.66ms
2026-08-04 23:35:35,455 | timing took 8.96ms
2026-08-04 23:35:35,460 | authorization took 2.14ms
2026-08-04 23:35:35,460 | check_api_key took 2.45ms
2026-08-04 23:35:35,460 | blacklist took 3.09ms
2026-08-04 23:35:35,460 | log_requests took 3.43ms
2026-08-04 23:35:35,460 | timing took 3.67ms
2026-08-04 23:35:40,108 | authorization took 2593.77ms
2026-08-04 23:35:40,110 | check_api_key took 2596.10ms
2026-08-04 23:35:40,110 | blacklist took 2597.35ms
2026-08-04 23:35:40,111 | log_requests took 2598.18ms
2026-08-04 23:35:40,111 | timing took 2598.65ms
2026-08-04 23:35:41,876 | authorization took 1752.24ms
2026-08-04 23:35:41,877 | check_api_key took 1753.73ms
2026-08-04 23:35:41,877 | blacklist took 1755.05ms
2026-08-04 23:35:41,878 | log_requests took 1755.98ms
2026-08-04 23:35:41,878 | timing took 1756.55ms
2026-08-04 23:35:44,600 | authorization took 1757.19ms
2026-08-04 23:35:44,601 | check_api_key took 2716.97ms
2026-08-04 23:35:44,601 | blacklist took 2718.07ms
2026-08-04 23:35:44,601 | log_requests took 2718.61ms
2026-08-04 23:35:44,602 | timing took 2719.02ms
2026-08-04 23:35:45,477 | authorization took 871.58ms
2026-08-04 23:35:45,478 | check_api_key took 872.08ms
2026-08-04 23:35:45,478 | blacklist took 872.79ms
2026-08-04 23:35:45,479 | log_requests took 873.31ms
2026-08-04 23:35:45,479 | timing took 873.66ms
2026-08-04 23:35:50,284 | authorization took 2684.99ms
2026-08-04 23:35:50,286 | check_api_key took 2686.84ms
2026-08-04 23:35:50,288 | blacklist took 2690.16ms
2026-08-04 23:35:50,292 | log_requests took 2693.70ms
2026-08-04 23:35:50,292 | timing took 2694.72ms
2026-08-04 23:35:52,059 | authorization took 1754.82ms
2026-08-04 23:35:52,059 | check_api_key took 1755.86ms
2026-08-04 23:35:52,059 | blacklist took 1756.98ms
2026-08-04 23:35:52,060 | log_requests took 1757.49ms
2026-08-04 23:35:52,060 | timing took 1757.83ms
2026-08-04 23:35:54,720 | authorization took 1777.63ms
2026-08-04 23:35:54,720 | check_api_key took 2655.64ms
2026-08-04 23:35:54,721 | blacklist took 2656.89ms
2026-08-04 23:35:54,722 | log_requests took 2657.69ms
2026-08-04 23:35:54,722 | timing took 2658.22ms
2026-08-04 23:35:54,731 | authorization took 3.07ms
2026-08-04 23:35:54,732 | check_api_key took 3.65ms
2026-08-04 23:35:54,732 | blacklist took 4.66ms
2026-08-04 23:35:54,732 | log_requests took 5.15ms
2026-08-04 23:35:54,732 | timing took 5.54ms
2026-08-04 23:35:59,408 | authorization took 2609.57ms
2026-08-04 23:35:59,408 | check_api_key took 2610.69ms
2026-08-04 23:35:59,409 | blacklist took 2611.97ms
2026-08-04 23:35:59,409 | log_requests took 2612.80ms
2026-08-04 23:35:59,410 | timing took 2613.14ms
2026-08-04 23:36:01,235 | authorization took 1821.16ms
2026-08-04 23:36:01,235 | check_api_key took 1821.70ms
2026-08-04 23:36:01,236 | blacklist took 1822.67ms
2026-08-04 23:36:01,236 | log_requests took 1823.16ms
2026-08-04 23:36:01,236 | timing took 1823.49ms
2026-08-04 23:36:01,244 | authorization took 2.40ms
2026-08-04 23:36:01,244 | check_api_key took 2.93ms
2026-08-04 23:36:01,244 | blacklist took 3.90ms
2026-08-04 23:36:01,244 | log_requests took 4.38ms
2026-08-04 23:36:01,245 | timing took 4.75ms
2026-08-04 23:36:01,250 | authorization took 2.00ms
2026-08-04 23:36:01,250 | check_api_key took 2.43ms
2026-08-04 23:36:01,251 | blacklist took 3.25ms
2026-08-04 23:36:01,251 | log_requests took 3.65ms
2026-08-04 23:36:01,251 | timing took 4.03ms
2026-08-04 23:36:01,256 | authorization took 1.72ms
2026-08-04 23:36:01,256 | check_api_key took 2.03ms
2026-08-04 23:36:01,256 | blacklist took 2.69ms
2026-08-04 23:36:01,256 | log_requests took 3.00ms
2026-08-04 23:36:01,256 | timing took 3.22ms
2026-08-04 23:36:03,959 | authorization took 1757.59ms
2026-08-04 23:36:03,960 | check_api_key took 2700.76ms
2026-08-04 23:36:03,961 | blacklist took 2701.93ms
2026-08-04 23:36:03,961 | log_requests took 2702.74ms
2026-08-04 23:36:03,962 | timing took 2703.14ms
2026-08-04 23:36:08,796 | authorization took 2795.81ms
2026-08-04 23:36:08,797 | check_api_key took 2797.39ms
2026-08-04 23:36:08,797 | blacklist took 2798.87ms
2026-08-04 23:36:08,798 | log_requests took 2799.71ms
2026-08-04 23:36:08,798 | timing took 2800.26ms
2026-08-04 23:36:10,698 | authorization took 1894.73ms
2026-08-04 23:36:10,699 | check_api_key took 1895.71ms
2026-08-04 23:36:10,700 | blacklist took 1897.06ms
2026-08-04 23:36:10,700 | log_requests took 1897.86ms
2026-08-04 23:36:10,701 | timing took 1898.38ms
2026-08-04 23:36:13,341 | authorization took 1744.41ms
2026-08-04 23:36:13,342 | check_api_key took 2634.83ms
2026-08-04 23:36:13,342 | blacklist took 2635.86ms
2026-08-04 23:36:13,342 | log_requests took 2636.47ms
2026-08-04 23:36:13,343 | timing took 2636.95ms
2026-08-04 23:36:13,352 | authorization took 2.86ms
2026-08-04 23:36:13,352 | check_api_key took 3.35ms
2026-08-04 23:36:13,352 | blacklist took 4.42ms
2026-08-04 23:36:13,353 | log_requests took 4.96ms
2026-08-04 23:36:13,353 | timing took 5.38ms
2026-08-04 23:36:20,547 | authorization took 2784.02ms
2026-08-04 23:36:20,549 | check_api_key took 2785.86ms
2026-08-04 23:36:20,549 | blacklist took 2787.50ms
2026-08-04 23:36:20,550 | log_requests took 2789.02ms
2026-08-04 23:36:20,550 | timing took 2789.72ms
2026-08-04 23:36:22,272 | authorization took 1715.11ms
2026-08-04 23:36:22,272 | check_api_key took 1716.03ms
2026-08-04 23:36:22,273 | blacklist took 1717.51ms
2026-08-04 23:36:22,274 | log_requests took 1718.37ms
2026-08-04 23:36:22,274 | timing took 1718.94ms
2026-08-04 23:36:24,022 | authorization took 879.86ms
2026-08-04 23:36:24,022 | check_api_key took 1742.57ms
2026-08-04 23:36:24,023 | blacklist took 1743.58ms
2026-08-04 23:36:24,023 | log_requests took 1744.01ms
2026-08-04 23:36:24,023 | timing took 1744.45ms
2026-08-04 23:36:28,873 | authorization took 2827.97ms
2026-08-04 23:36:28,874 | check_api_key took 2829.95ms
2026-08-04 23:36:28,874 | blacklist took 2830.95ms
2026-08-04 23:36:28,875 | log_requests took 2831.74ms
2026-08-04 23:36:28,875 | timing took 2832.11ms
2026-08-04 23:36:30,842 | authorization took 1962.12ms
2026-08-04 23:36:30,842 | check_api_key took 1962.63ms
2026-08-04 23:36:30,843 | blacklist took 1963.61ms
2026-08-04 23:36:30,843 | log_requests took 1964.11ms
2026-08-04 23:36:30,843 | timing took 1964.45ms
2026-08-04 23:36:31,053 | authorization took 203.76ms
2026-08-04 23:36:31,053 | check_api_key took 204.14ms
2026-08-04 23:36:31,053 | blacklist took 204.98ms
2026-08-04 23:36:31,053 | log_requests took 205.26ms
2026-08-04 23:36:31,053 | timing took 205.54ms
